endpoint,category,task,representation,split,model,method,n_explained,faith_mean,faith_lo,faith_hi,null_faith_mean,faith_vs_null,beats_null_p,beats_null,stab_mean,stab_lo,stab_hi,stab_worst,sanity_sim,sanity_passed,primary_perf,perf_metric
DILI,toxicity,classification,descriptors,scaffold,rf,shap,60,0.1769794820096543,0.1542658847694308,0.2039113982737908,0.0209624493964005,0.1560170326132537,0.0,True,0.4532326381403104,0.2713660414601438,0.7536379383865972,1.9887045940331267,0.6340399105470048,False,0.920104211897525,AUROC
DILI,toxicity,classification,descriptors,scaffold,rf,lime,60,0.1059853935321664,0.0860653749286799,0.1257929377677543,0.0209624493964005,0.0850229441357658,0.0,True,0.2383583660121017,0.063844820033707,0.5631535225263627,2.0022887650678936,0.0608765664366433,True,0.920104211897525,AUROC
DILI,toxicity,classification,descriptors,scaffold,rf,random,60,0.0209624493964005,0.0139557777665743,0.0289374950565231,0.0209624493964005,6.938893903907228e-18,,False,1.493516226063704,1.4676354934759084,1.5252453582793266,1.583464838414076,1.0,False,0.920104211897525,AUROC
DILI,toxicity,classification,descriptors,scaffold,hgb,shap,60,0.420414212148494,0.2980118340818663,0.5286210919929071,0.0253540425991241,0.3950601695493698,0.0,True,0.4034076240056697,0.3101255342650488,0.5484311755933162,1.0517177084945477,0.733571672015922,False,0.8992618323925315,AUROC
DILI,toxicity,classification,descriptors,scaffold,hgb,lime,60,0.1740980091803134,0.101644224367694,0.2571540048856391,0.0253540425991241,0.1487439665811892,0.0,True,0.5161886324821049,0.0182872766482198,1.0123606472808588,2.010180675281543,0.050846048030866,True,0.8992618323925315,AUROC
DILI,toxicity,classification,descriptors,scaffold,hgb,random,60,0.0253540425991241,-0.0025180413883901,0.0507432121569895,0.0253540425991241,0.0,,False,1.4681829569504672,1.4379698097561535,1.4940924569749667,1.5375240514138957,1.0,False,0.8992618323925315,AUROC
DILI,toxicity,classification,descriptors,scaffold,mlp,ig,60,0.3018547642562124,0.2297473699226975,0.3758103738476831,0.016114220685429,0.2857405435707834,0.0,True,0.2511233374329333,0.0643862307278237,0.5945015689215094,2.1492674647909538,0.551446677158203,False,0.8202344767694312,AUROC
DILI,toxicity,classification,descriptors,scaffold,mlp,lime,60,0.1589497129122416,0.0950688156319989,0.2405302442527479,0.016114220685429,0.1428354922268125,0.0,True,0.1769094197585075,0.0092680698752582,0.5105949406913339,2.0056580700865214,0.0499710317851779,True,0.8202344767694312,AUROC
DILI,toxicity,classification,descriptors,scaffold,mlp,random,60,0.016114220685429,-0.0078479955552352,0.0405774760949942,0.016114220685429,0.0,,False,1.4781307768527772,1.45199979046151,1.5039154675293218,1.5882082955592134,1.0,False,0.8202344767694312,AUROC
DILI,toxicity,classification,descriptors,random,rf,shap,60,0.2146093434863379,0.1869771847314675,0.2406553538855636,0.0268200145458018,0.187789328940536,0.0,True,0.2798282427477691,0.2017632346779445,0.376485868962653,0.6665565541810872,0.6684535157443736,False,0.9090505767524402,AUROC
DILI,toxicity,classification,descriptors,random,rf,lime,60,0.1467790959575438,0.1270265413660084,0.1678287217193246,0.0268200145458018,0.119959081411742,0.0,True,0.9999999999823844,0.9999999999755718,0.999999999986359,0.9999999999892116,0.0676421125814437,True,0.9090505767524402,AUROC
DILI,toxicity,classification,descriptors,random,rf,random,60,0.0268200145458018,0.0193213748744439,0.0335994283509688,0.0268200145458018,0.0,,False,1.504783846625428,1.4754202211221503,1.5326349627285438,1.636398477246985,1.0,False,0.9090505767524402,AUROC
DILI,toxicity,classification,descriptors,random,hgb,shap,60,0.4131947718369306,0.3021287265630638,0.5253783810557574,0.0182133322276269,0.3949814396093037,0.0,True,0.3828824181074046,0.2837058649317175,0.4879587483926148,0.782105512390678,0.8031006493043015,False,0.8850931677018634,AUROC
DILI,toxicity,classification,descriptors,random,hgb,lime,60,0.1815410596696273,0.104691417849956,0.2618036857434468,0.0182133322276269,0.1633277274420004,0.0,True,0.9999999999976248,0.9999999999969028,0.9999999999980136,0.9999999999981148,0.0509137905926896,True,0.8850931677018634,AUROC
DILI,toxicity,classification,descriptors,random,hgb,random,60,0.0182133322276269,-0.0017540356771291,0.0431609998686672,0.0182133322276269,0.0,,False,1.4988776088792657,1.472686020664267,1.5221228734424677,1.598376930856021,1.0,False,0.8850931677018634,AUROC
DILI,toxicity,classification,descriptors,random,mlp,ig,60,0.3039901150597466,0.2308401186433103,0.3834712627447314,0.0167746358447604,0.2872154792149861,0.0,True,0.2598780143157871,0.0747514713593757,0.6060343684182337,2.109416926219055,0.5624158680161239,False,0.8212067435669921,AUROC
DILI,toxicity,classification,descriptors,random,mlp,lime,60,0.1067189872264862,0.0526793011070953,0.1718559398543503,0.0167746358447604,0.0899443513817257,0.0,True,0.999999999997479,0.9999999999966204,0.999999999997943,0.999999999998038,0.0512220476300085,True,0.8212067435669921,AUROC
DILI,toxicity,classification,descriptors,random,mlp,random,60,0.0167746358447604,-0.0091427866866191,0.0435951633213294,0.0167746358447604,0.0,,False,1.4803292459852762,1.4433121301567635,1.5139460804901277,1.613465978504499,1.0,False,0.8212067435669921,AUROC
hERG,toxicity,classification,descriptors,scaffold,rf,shap,60,0.0441650448134522,-0.0246517835565183,0.1207161257494089,0.0052536580026159,0.0389113868108362,0.16,False,0.6830172383788216,0.337040520311091,1.0706804535203231,2.0994674998131835,0.6444882170070261,False,0.8513409961685823,AUROC
hERG,toxicity,classification,descriptors,scaffold,rf,lime,60,0.0396650631585354,0.0095961494281383,0.0719816634277103,0.0052536580026159,0.0344114051559194,0.01,True,0.9166666666539202,0.7499999999884865,0.9999999999868436,0.9999999999882472,0.0683180114964666,True,0.8513409961685823,AUROC
hERG,toxicity,classification,descriptors,scaffold,rf,random,60,0.0052536580026159,-0.0027375306059577,0.0146461689829668,0.0052536580026159,3.9898639947466563e-17,,False,1.4691713549033478,1.4398935616804591,1.4964177899523496,1.5393120196658845,1.0,False,0.8513409961685823,AUROC
hERG,toxicity,classification,descriptors,scaffold,hgb,shap,60,0.3090096977620221,0.2104876963263666,0.4080723371678268,0.0188180615178448,0.2901916362441772,0.0,True,0.5530743683400643,0.4424560183670739,0.6640247231605589,0.9201741590620997,0.7090404112496138,False,0.8301404853128992,AUROC
hERG,toxicity,classification,descriptors,scaffold,hgb,lime,60,0.1194744499007472,0.0615668718233267,0.1793170590772062,0.0188180615178448,0.1006563883829024,0.0,True,0.9999999999979968,0.9999999999979404,0.9999999999980644,0.9999999999983028,0.0525526869193634,True,0.8301404853128992,AUROC
hERG,toxicity,classification,descriptors,scaffold,hgb,random,60,0.0188180615178448,-0.0004658682845992,0.0402258666271979,0.0188180615178448,0.0,,False,1.4782767816712876,1.44865870546678,1.5044581065489546,1.5562937967453625,1.0,False,0.8301404853128992,AUROC
hERG,toxicity,classification,descriptors,scaffold,mlp,ig,60,0.1307817445860968,0.0794128716819816,0.1956017469614744,0.0140996841920746,0.1166820603940221,0.0,True,0.2640950304395716,0.09361417086909,0.5952589521735333,2.0581341465723755,0.6091913184461077,False,0.8710089399744573,AUROC
hERG,toxicity,classification,descriptors,scaffold,mlp,lime,60,0.0982942601044972,0.0413447808722655,0.151949955013891,0.0140996841920746,0.0841945759124226,0.0,True,0.9999999999979554,0.9999999999979216,0.9999999999979904,0.9999999999980368,0.0579277587527069,True,0.8710089399744573,AUROC
hERG,toxicity,classification,descriptors,scaffold,mlp,random,60,0.0140996841920746,-0.0061679287834299,0.0328677427685923,0.0140996841920746,0.0,,False,1.4894397248491078,1.4621053709329743,1.5185282093176389,1.6106577424658155,1.0,False,0.8710089399744573,AUROC
hERG,toxicity,classification,descriptors,random,rf,shap,60,0.0953383571420555,0.0361788012709568,0.16346546295056,0.0141817455946006,0.0811566115474548,0.0025,True,0.3926909691747196,0.2902714836985446,0.5000232276185653,0.7903854844386086,0.6455178272420116,False,0.848062015503876,AUROC
hERG,toxicity,classification,descriptors,random,rf,lime,60,0.0459657521116828,0.0237104406030498,0.0705014136856785,0.0141817455946006,0.0317840065170821,0.0025,True,0.0709093600524545,0.0485532288978113,0.1024590170616058,0.2250045830549083,0.0785917454680402,True,0.848062015503876,AUROC
hERG,toxicity,classification,descriptors,random,rf,random,60,0.0141817455946006,0.0040542262617344,0.024889325725675,0.0141817455946006,-3.2959746043559335e-17,,False,1.472306342546936,1.4370791717894869,1.5086122375846398,1.597035455495096,1.0,False,0.848062015503876,AUROC
hERG,toxicity,classification,descriptors,random,hgb,shap,60,0.2392398620312235,0.1480374334973622,0.3352645758255453,0.0177461632531069,0.2214936987781165,0.0,True,0.3490379104799149,0.2593836476712709,0.438101865954412,0.6534491186554167,0.7549036007715486,False,0.8266149870801034,AUROC
hERG,toxicity,classification,descriptors,random,hgb,lime,60,0.0477195259145135,0.0187160140021826,0.0890837458204921,0.0177461632531069,0.0299733626614066,0.05,False,0.0205807924859962,0.0119856061194342,0.0311751056422382,0.0671478469096184,0.0454721114383736,True,0.8266149870801034,AUROC
hERG,toxicity,classification,descriptors,random,hgb,random,60,0.0177461632531069,-0.0002112784695183,0.0395216742539061,0.0177461632531069,0.0,,False,1.4671517293296938,1.4375494157890123,1.4952538819863357,1.5771356094314315,1.0,False,0.8266149870801034,AUROC
hERG,toxicity,classification,descriptors,random,mlp,ig,60,0.204265762037701,0.146081197882692,0.2680135072726342,0.0090684748358196,0.1951972872018814,0.0,True,0.1024036593527346,0.0794284818547502,0.1200894760093132,0.1506127311814352,0.5750478428811594,False,0.8498708010335917,AUROC
hERG,toxicity,classification,descriptors,random,mlp,lime,60,0.0530537285738521,0.0236896157264709,0.0934883704988492,0.0090684748358196,0.0439852537380324,0.005,True,0.0138362418545977,0.0113507758076465,0.0164195288682996,0.0210592560295443,0.0580007860564238,True,0.8498708010335917,AUROC
hERG,toxicity,classification,descriptors,random,mlp,random,60,0.0090684748358196,-0.0027850972778267,0.0225501391208834,0.0090684748358196,0.0,,False,1.45839016910552,1.4278493569818065,1.4851429222867056,1.5224500552962303,1.0,False,0.8498708010335917,AUROC
AMES,toxicity,classification,descriptors,scaffold,rf,shap,60,0.2065671514812342,0.172485318444466,0.2472602920905846,0.0470349659325365,0.1595321855486977,0.0,True,0.667132846894959,0.5086333663693505,0.8665751690069724,1.6664988268770384,0.6746325552665063,False,0.8596064411114988,AUROC
AMES,toxicity,classification,descriptors,scaffold,rf,lime,60,0.1130652445593997,0.0844007260568672,0.1417484338795608,0.0470349659325365,0.0660302786268632,0.0,True,0.4266479060620223,0.2374810016518,0.7528865765193896,1.991470357785162,0.0553722728774519,True,0.8596064411114988,AUROC
AMES,toxicity,classification,descriptors,scaffold,rf,random,60,0.0470349659325365,0.0333939030629235,0.0597917559212617,0.0470349659325365,0.0,,False,1.50141139764631,1.4629267165586357,1.541866458568317,1.6679553971557284,1.0,False,0.8596064411114988,AUROC
AMES,toxicity,classification,descriptors,scaffold,hgb,shap,60,0.3866565094529547,0.322635623336278,0.4500783471369072,0.0647576655757655,0.3218988438771891,0.0,True,0.4644661650219284,0.3914837327771918,0.5410989271935995,0.7288130056970133,0.6852959102126814,False,0.8607535945432702,AUROC
AMES,toxicity,classification,descriptors,scaffold,hgb,lime,60,0.1142532550028274,0.0794520626277283,0.1455383703137337,0.0647576655757655,0.0494955894270619,0.0075,True,0.7263959283989013,0.2503756270919733,1.202367260979689,2.008068002030038,0.0570091923191952,True,0.8607535945432702,AUROC
AMES,toxicity,classification,descriptors,scaffold,hgb,random,60,0.0647576655757655,0.039897268221537,0.092241241180639,0.0647576655757655,0.0,,False,1.4532643884779084,1.4238015016249526,1.4875700316974785,1.5853784013323065,1.0,False,0.8607535945432702,AUROC
AMES,toxicity,classification,descriptors,scaffold,mlp,ig,60,0.3166454954279794,0.2509689355724387,0.3851325304309526,0.0756542142894533,0.2409912811385261,0.0,True,0.1543668122445347,0.1287845575890292,0.1853469910104112,0.2795331309253139,0.5654513710487967,False,0.8372456691082433,AUROC
AMES,toxicity,classification,descriptors,scaffold,mlp,lime,60,0.1389232176873419,0.0849155087562071,0.1950362393508354,0.0756542142894533,0.0632690033978885,0.06,False,0.0940135584937972,0.0750973538444033,0.1143138414251473,0.1712502133668889,0.0562357801296836,True,0.8372456691082433,AUROC
AMES,toxicity,classification,descriptors,scaffold,mlp,random,60,0.0756542142894533,0.0347083890106942,0.1244224184420373,0.0756542142894533,0.0,,False,1.5037358412791948,1.4736149138660717,1.5316323809220738,1.576743124986268,1.0,False,0.8372456691082433,AUROC
AMES,toxicity,classification,descriptors,random,rf,shap,60,0.2445602511127247,0.2043459165241087,0.2793978566085268,0.0514009117298303,0.1931593393828944,0.0,True,0.6839877585258084,0.4179159056855427,1.0444203171543762,1.9780393134402368,0.6755352698404468,False,0.9076960863324812,AUROC
AMES,toxicity,classification,descriptors,random,rf,lime,60,0.137641970505281,0.111341035597958,0.1638455392843034,0.0514009117298303,0.0862410587754507,0.0,True,0.5309406340863538,0.2259985461752089,0.9526559604378104,1.987665854984606,0.0702077373318865,True,0.9076960863324812,AUROC
AMES,toxicity,classification,descriptors,random,rf,random,60,0.0514009117298302,0.039013783780284,0.0628439162218113,0.0514009117298303,-1.3877787807814457e-17,,False,1.4695738579335755,1.4508011745639906,1.4896794053177167,1.5467521623946232,1.0,False,0.9076960863324812,AUROC
AMES,toxicity,classification,descriptors,random,hgb,shap,60,0.3666104739415772,0.3170262662157537,0.4151094175354025,0.0460434004723485,0.3205670734692286,0.0,True,0.6617048963251269,0.5467167855750822,0.7892943419678794,1.2193425533637348,0.6742421540745009,False,0.9139419128539302,AUROC
AMES,toxicity,classification,descriptors,random,hgb,lime,60,0.1287370046798242,0.0879785566063443,0.173393357503124,0.0460434004723485,0.0826936042074757,0.0,True,0.4334972236796692,0.1178628119518524,0.8955552254654846,1.996143833006483,0.0480955160335154,True,0.9139419128539302,AUROC
AMES,toxicity,classification,descriptors,random,hgb,random,60,0.0460434004723485,0.0254980635480039,0.0661157626190975,0.0460434004723485,0.0,,False,1.4750032773833228,1.4365019501605902,1.5131634255620148,1.6223319888561587,1.0,False,0.9139419128539302,AUROC
AMES,toxicity,classification,descriptors,random,mlp,ig,60,0.3051651706298192,0.2334423348266217,0.3753776668467454,0.0660797350936465,0.2390854355361726,0.0,True,0.3015120062218392,0.1085994797737478,0.6447400988058873,2.133845381054728,0.5445457223414553,False,0.8937499520289821,AUROC
AMES,toxicity,classification,descriptors,random,mlp,lime,60,0.1541386504968007,0.0959325630135006,0.2177274512872099,0.0660797350936465,0.0880589154031541,0.01,True,0.2488891395723588,0.0795800556809136,0.5843688712217602,1.9880410986547028,0.0535716438757279,True,0.8937499520289821,AUROC
AMES,toxicity,classification,descriptors,random,mlp,random,60,0.0660797350936465,0.0373848984597457,0.0994553505298164,0.0660797350936465,0.0,,False,1.4702488831020524,1.4393014019259265,1.502348272972814,1.546492143708964,1.0,False,0.8937499520289821,AUROC
LD50,toxicity,regression,descriptors,scaffold,rf,shap,60,0.6896684675634234,0.517393082538987,0.8888841564330913,0.1725215575684936,0.5171469099949297,0.0,True,0.2598452326021234,0.1804685242721243,0.3588762801379286,0.6632562797515125,0.6783224633093652,False,0.5282264338596466,Spearman
LD50,toxicity,regression,descriptors,scaffold,rf,lime,60,0.5663377142004038,0.3952119440773268,0.7526288598598299,0.1725215575684936,0.3938161566319101,0.0,True,0.0642425353115424,0.0475446857808386,0.0831943052339578,0.1609112689624208,0.0553850932698224,True,0.5282264338596466,Spearman
LD50,toxicity,regression,descriptors,scaffold,rf,random,60,0.1725215575684936,0.1210031544638413,0.2344428892423034,0.1725215575684936,5.551115123125783e-17,,False,1.485047020044652,1.4484621487763014,1.5352810742008034,1.642172378091815,1.0,False,0.5282264338596466,Spearman
LD50,toxicity,regression,descriptors,scaffold,hgb,shap,60,0.8846517118361559,0.6877933131944841,1.072420416640495,0.3115792805843875,0.5730724312517683,0.0,True,0.5114810914482896,0.3907108015922655,0.6597698703189316,0.9946094410474232,0.7272211953535807,False,0.5288543590857216,Spearman
LD50,toxicity,regression,descriptors,scaffold,hgb,lime,60,0.4146138136404438,0.3289016761163053,0.5222616434547891,0.3115792805843875,0.1030345330560563,0.0275,True,0.0753055505402654,0.0577190239596414,0.0963338926645951,0.1426539408358387,0.0497244692161827,True,0.5288543590857216,Spearman
LD50,toxicity,regression,descriptors,scaffold,hgb,random,60,0.3115792805843875,0.2502651286647309,0.3747580769114916,0.3115792805843875,0.0,,False,1.4765098718793912,1.429253809638422,1.5193241084000677,1.63987458796135,1.0,False,0.5288543590857216,Spearman
LD50,toxicity,regression,descriptors,scaffold,mlp,ig,60,1.4957676919798055,1.297729320889339,1.6923090916654715,0.3603942895463357,1.1353734024334698,0.0,True,0.0858872753719457,0.0703700105821647,0.101919039910224,0.1322686458509545,0.5450953392608912,False,0.4615033521608673,Spearman
LD50,toxicity,regression,descriptors,scaffold,mlp,lime,60,0.5312476700934996,0.4199883021706289,0.6509097970108269,0.3603942895463357,0.1708533805471639,0.0,True,0.0340180394869621,0.0237752978353315,0.0453424926036468,0.0851421024344791,0.0525729450966207,True,0.4615033521608673,Spearman
LD50,toxicity,regression,descriptors,scaffold,mlp,random,60,0.3603942895463357,0.3077921085399834,0.4204165333748743,0.3603942895463357,0.0,,False,1.4870233987504289,1.453211017348121,1.5234758533947257,1.6203643010139737,1.0,False,0.4615033521608673,Spearman
LD50,toxicity,regression,descriptors,random,rf,shap,60,0.7439835322830558,0.547082674613594,0.926465712693196,0.2376907726259266,0.5062927596571292,0.0,True,0.3232522533276714,0.1644335891320063,0.5543840565331117,1.605040758461126,0.6745241684169794,False,0.7366228056583861,Spearman
LD50,toxicity,regression,descriptors,random,rf,lime,60,0.5953793443366564,0.4346300516808088,0.7630446473160034,0.2376907726259266,0.3576885717107297,0.0,True,0.0719510412749271,0.0524379270350712,0.0942342208514754,0.1493272265237669,0.0461764500940292,True,0.7366228056583861,Spearman
LD50,toxicity,regression,descriptors,random,rf,random,60,0.2376907726259263,0.1706327091406542,0.3150026727399012,0.2376907726259266,-2.7755575615628914e-16,,False,1.4842677407320608,1.458062136077542,1.514270773671318,1.6153570764250875,1.0,False,0.7366228056583861,Spearman
LD50,toxicity,regression,descriptors,random,hgb,shap,60,0.7993723381810476,0.6221756753605849,0.9835381910607184,0.1896438752216569,0.6097284629593906,0.0,True,0.5438242881746799,0.41976194365628,0.7021334433067103,1.1536743548840271,0.6879183416380664,False,0.7655161526557768,Spearman
LD50,toxicity,regression,descriptors,random,hgb,lime,60,0.3934251017624784,0.2973834166852677,0.5159932856152449,0.1896438752216569,0.2037812265408215,0.0,True,0.0878096581663645,0.0679540368614019,0.1136668313176727,0.1801897536637929,0.0548966852532996,True,0.7655161526557768,Spearman
LD50,toxicity,regression,descriptors,random,hgb,random,60,0.1896438752216569,0.1489949743719319,0.2401060503701366,0.1896438752216569,0.0,,False,1.4633160528437898,1.417915089317032,1.5071377151124834,1.5841236821029558,1.0,False,0.7655161526557768,Spearman
LD50,toxicity,regression,descriptors,random,mlp,ig,60,1.3186514689897495,1.1521470604655852,1.558322560916551,0.301142521114121,1.0175089478756287,0.0,True,0.1103688310957977,0.0842945869585031,0.1344318313859336,0.2034009845865382,0.520724276172055,False,0.646859135807384,Spearman
LD50,toxicity,regression,descriptors,random,mlp,lime,60,0.4357847889548994,0.3079690773588501,0.6940615002454593,0.301142521114121,0.1346422678407784,0.0175,True,0.0577104986612838,0.0356759072838786,0.0842449961056135,0.1844446470948423,0.0479352904885606,True,0.646859135807384,Spearman
LD50,toxicity,regression,descriptors,random,mlp,random,60,0.301142521114121,0.260892846105465,0.3497807288534507,0.301142521114121,0.0,,False,1.4927967761493812,1.460156851835802,1.528595600907547,1.6532978600856,1.0,False,0.646859135807384,Spearman
Caco2,absorption,regression,descriptors,scaffold,rf,shap,60,0.7957885259280033,0.6448305107355367,0.973863385410823,0.2121333802672529,0.5836551456607504,0.0,True,0.2117818408717047,0.116935575531731,0.3354483664884954,0.6257991603892079,0.6427797503904565,False,0.6948305687487116,Spearman
Caco2,absorption,regression,descriptors,scaffold,rf,lime,60,0.7062939577345438,0.5626299339781665,0.8742504479970945,0.2121333802672529,0.4941605774672909,0.0,True,0.0760865652674777,0.0558454887640271,0.0935869711816228,0.1116750954924316,0.0533463964323686,True,0.6948305687487116,Spearman
Caco2,absorption,regression,descriptors,scaffold,rf,random,60,0.2121333802672531,0.1284709791201635,0.3080008544424976,0.2121333802672529,2.498001805406602e-16,,False,1.4650540207399432,1.442242248355876,1.4869080838004634,1.5277255564622467,1.0,False,0.6948305687487116,Spearman
Caco2,absorption,regression,descriptors,scaffold,hgb,shap,60,0.7607024870929442,0.5852958560568846,0.9401786735422698,0.2060894711681194,0.5546130159248247,0.0,True,0.3883505529934132,0.2885482490580605,0.5425089791169856,0.9460072561268514,0.7358077979315818,False,0.7377920483370112,Spearman
Caco2,absorption,regression,descriptors,scaffold,hgb,lime,60,0.6112521676941072,0.4594864647787122,0.7664207842702938,0.2060894711681194,0.4051626965259877,0.0,True,0.084223951358634,0.057275553728099,0.1123658630825527,0.1589218649972857,0.0483564061249767,True,0.7377920483370112,Spearman
Caco2,absorption,regression,descriptors,scaffold,hgb,random,60,0.2060894711681194,0.1545326766772679,0.2668566503669657,0.2060894711681194,0.0,,False,1.4717151205379126,1.459957551596898,1.4823704515104883,1.5045669740952834,1.0,False,0.7377920483370112,Spearman
Caco2,absorption,regression,descriptors,scaffold,mlp,ig,60,2.788423457969394,2.5444793630282705,3.0332098010446256,0.6245071912669423,2.163916266702452,0.0,True,0.0979398677334252,0.0780337176542668,0.1145893886695262,0.1448568859500986,0.5586847657880644,False,0.5673196551861079,Spearman
Caco2,absorption,regression,descriptors,scaffold,mlp,lime,60,0.8193234990480253,0.7012380632502674,0.964100786192252,0.6245071912669423,0.1948163077810829,0.0,True,0.0834439576113065,0.0674154961105892,0.0969600988430421,0.116185505868719,0.0543378335846521,True,0.5673196551861079,Spearman
Caco2,absorption,regression,descriptors,scaffold,mlp,random,60,0.6245071912669423,0.5552842826089505,0.7067837468974013,0.6245071912669423,0.0,,False,1.4909066986430066,1.457670528953267,1.5281877747451755,1.6036942302290689,1.0,False,0.5673196551861079,Spearman
Caco2,absorption,regression,descriptors,random,rf,shap,60,0.7835244920779278,0.6180961478085844,0.9450853017404364,0.2072604406022938,0.5762640514756341,0.0,True,0.190412971970123,0.1388809271277718,0.2439272107489557,0.3355544663300854,0.6474080148805667,False,0.8418040494925264,Spearman
Caco2,absorption,regression,descriptors,random,rf,lime,60,0.64996533971679,0.49878337226628,0.813923594411059,0.2072604406022938,0.4427048991144962,0.0,True,0.0302527830279032,0.020347296371711,0.0448256687170002,0.0984819364158814,0.0481300430138843,True,0.8418040494925264,Spearman
Caco2,absorption,regression,descriptors,random,rf,random,60,0.207260440602294,0.123820171569713,0.3036289341064738,0.2072604406022938,1.9428902930940242e-16,,False,1.4923431784474406,1.4746804117781862,1.5153661643284178,1.5616567400133858,1.0,False,0.8418040494925264,Spearman
Caco2,absorption,regression,descriptors,random,hgb,shap,60,0.8078537916061279,0.657185192074543,0.9607994029246696,0.1824113842511686,0.6254424073549593,0.0,True,0.3125602317406162,0.2782841641368463,0.3466653323194944,0.4048819593318531,0.7109071563803671,False,0.8500591966449195,Spearman
Caco2,absorption,regression,descriptors,random,hgb,lime,60,0.5487054818704206,0.4336995437795616,0.7053824939541675,0.1824113842511686,0.3662940976192519,0.0,True,0.0388285008747962,0.0299496118389163,0.0479165589468983,0.0769996932972722,0.0520922488886383,True,0.8500591966449195,Spearman
Caco2,absorption,regression,descriptors,random,hgb,random,60,0.1824113842511686,0.1445095389207545,0.2254370249654918,0.1824113842511686,0.0,,False,1.4843795621640552,1.457204291257889,1.50959794821507,1.5544827299574882,1.0,False,0.8500591966449195,Spearman
Caco2,absorption,regression,descriptors,random,mlp,ig,60,2.9776083643030797,2.741203202656988,3.2122608142366835,0.6600493294251565,2.317559034877923,0.0,True,0.0789534415888972,0.0649121076650762,0.0947726860917313,0.1430209507596561,0.5494461604108924,False,0.6410071002740412,Spearman
Caco2,absorption,regression,descriptors,random,mlp,lime,60,0.7392774903103145,0.6332650901460842,0.842379351680348,0.6600493294251565,0.079228160885158,0.065,False,0.0117868696373692,0.0093591885724382,0.014398690944443,0.0202937581021278,0.0478363288033308,True,0.6410071002740412,Spearman
Caco2,absorption,regression,descriptors,random,mlp,random,60,0.6600493294251565,0.5878728587488878,0.7484049575248112,0.6600493294251565,0.0,,False,1.4760284659542984,1.4472929954389266,1.5081977337432229,1.597194092738605,1.0,False,0.6410071002740412,Spearman
HIA,absorption,classification,descriptors,scaffold,rf,shap,60,0.0822198771494347,0.0256920495980521,0.1519069123350235,0.0103224130819223,0.0718974640675123,0.005,True,0.3077910572190538,0.1721822007312737,0.4853934259942527,1.1570825626547088,0.6174536769698925,False,0.9834229390681004,AUROC
HIA,absorption,classification,descriptors,scaffold,rf,lime,60,0.0361611881619477,0.0061175596452644,0.0693574499971441,0.0103224130819223,0.0258387750800254,0.005,True,0.0345307619609715,0.0256083204489275,0.0455178806460866,0.0680227919258931,0.060361030078402,True,0.9834229390681004,AUROC
HIA,absorption,classification,descriptors,scaffold,rf,random,60,0.0103224130819223,-0.0006171952670796,0.0221010836711485,0.0103224130819223,3.469446951953614e-18,,False,1.4757003561234203,1.4484057871523464,1.508687086875325,1.5944600506467856,1.0,False,0.9834229390681004,AUROC
HIA,absorption,classification,descriptors,scaffold,hgb,shap,60,0.1682178561164249,0.0664174539117703,0.2727356623382033,0.0334740137133431,0.1347438424030818,0.0,True,0.3388006556386586,0.2518629057769903,0.4439461830144247,0.6144012079196863,0.7814139722981461,False,0.9816308243727598,AUROC
HIA,absorption,classification,descriptors,scaffold,hgb,lime,60,0.1125014911891321,0.0438667901583045,0.1899098643925481,0.0334740137133431,0.079027477475789,0.0,True,0.1792135451425928,0.0102030694805421,0.5143954285362189,2.0216532071943383,0.0583269329237071,True,0.9816308243727598,AUROC
HIA,absorption,classification,descriptors,scaffold,hgb,random,60,0.0334740137133431,0.0012871908907542,0.0772500867575146,0.0334740137133431,0.0,,False,1.461207451493837,1.4263150885550733,1.498091199041239,1.563923582057823,1.0,False,0.9816308243727598,AUROC
HIA,absorption,classification,descriptors,scaffold,mlp,ig,60,0.1226531644662221,0.0522709888302617,0.1915290382587247,0.0150411140587594,0.1076120504074626,0.0,True,0.2135020974618625,0.0500013296530725,0.5227502056003799,1.8864032029177893,0.5928711407982185,False,0.9690860215053764,AUROC
HIA,absorption,classification,descriptors,scaffold,mlp,lime,60,0.0756311330530378,0.0212860326965649,0.1392251016530725,0.0150411140587594,0.0605900189942783,0.0075,True,0.1804611811259335,0.0118417996017545,0.513854293725145,2.009993617557288,0.0600725810366236,True,0.9690860215053764,AUROC
HIA,absorption,classification,descriptors,scaffold,mlp,random,60,0.0150411140587594,-0.000762948517998,0.0384507819968793,0.0150411140587594,0.0,,False,1.4879242904913037,1.464456484706992,1.5117540757154235,1.593057481222815,1.0,False,0.9690860215053764,AUROC
HIA,absorption,classification,descriptors,random,rf,shap,60,0.0381178202597619,-0.0117929481418173,0.1003344770436641,0.0053489188741314,0.0327689013856304,0.07,False,0.4987556999342956,0.3040687651459411,0.7408411055751665,1.770573613866145,0.581889666562591,False,0.9982683982683982,AUROC
HIA,absorption,classification,descriptors,random,rf,lime,60,0.0232134586285164,-0.0004897119565258,0.0504347908778919,0.0053489188741314,0.0178645397543849,0.04,True,0.9999999999911114,0.999999999990588,0.9999999999916462,0.9999999999926952,0.0654785979697196,True,0.9982683982683982,AUROC
HIA,absorption,classification,descriptors,random,rf,random,60,0.0053489188741314,-0.0002958229693663,0.0120305859337985,0.0053489188741314,5.204170427930421e-18,,False,1.5074431455791544,1.473966600207968,1.5404815741519622,1.594230691516501,1.0,False,0.9982683982683982,AUROC
HIA,absorption,classification,descriptors,random,hgb,shap,60,0.0830381302552588,0.032828066671744,0.1662435605951917,0.0135078014664112,0.0695303287888476,0.0025,True,0.3082986048711955,0.2513185859540435,0.3566144582782875,0.46789418098091,0.7346899368487709,False,0.9991341991341992,AUROC
HIA,absorption,classification,descriptors,random,hgb,lime,60,0.039536891531284,0.0060893758536979,0.0800156848002796,0.0135078014664112,0.0260290900648728,0.085,False,0.999999999993889,0.999999999993264,0.9999999999944182,0.9999999999952898,0.0535777506885823,True,0.9991341991341992,AUROC
HIA,absorption,classification,descriptors,random,hgb,random,60,0.0135078014664112,0.0004661477774338,0.0332778329639808,0.0135078014664112,0.0,,False,1.4839146206679612,1.4526391510232548,1.5205603729964203,1.6161764502267102,1.0,False,0.9991341991341992,AUROC
HIA,absorption,classification,descriptors,random,mlp,ig,60,0.0983577926953633,0.0581804321789079,0.1486533363577392,0.0021586461199654,0.0961991465753979,0.0,True,0.089884137031054,0.0754995358540857,0.1057582351453401,0.1453278915278324,0.5861155195135648,False,0.9965367965367966,AUROC
HIA,absorption,classification,descriptors,random,mlp,lime,60,0.0440281367964214,0.0097591036309798,0.0820263699607716,0.0021586461199654,0.041869490676456,0.0,True,0.0166611650233626,0.0147032636928951,0.0189062463912637,0.0236599798167649,0.0584009388833301,True,0.9965367965367966,AUROC
HIA,absorption,classification,descriptors,random,mlp,random,60,0.0021586461199654,0.0006495719982518,0.0042489660117361,0.0021586461199654,0.0,,False,1.4638474063737317,1.439896836734884,1.487384448766676,1.5239336104352337,1.0,False,0.9965367965367966,AUROC
BBB,distribution,classification,descriptors,scaffold,rf,shap,60,0.0961549929510547,0.045926874036766,0.1518711289437402,0.0150813154246356,0.081073677526419,0.0,True,0.4072949640194473,0.2722525435708116,0.5603986092597774,0.944021807859326,0.5626368312641153,False,0.91797632234838,AUROC
BBB,distribution,classification,descriptors,scaffold,rf,lime,60,0.0744443960452268,0.0475456434444503,0.0998671626662148,0.0150813154246356,0.0593630806205911,0.0,True,0.2526632872269846,0.2066135483880541,0.3007183243345313,0.3574414913595318,0.0673798327985957,True,0.91797632234838,AUROC
BBB,distribution,classification,descriptors,scaffold,rf,random,60,0.0150813154246355,0.0089395056937392,0.0213295425187031,0.0150813154246356,-5.377642775528102e-17,,False,1.4728366098599566,1.4422935310938862,1.502541792219979,1.5802605168687436,1.0,False,0.91797632234838,AUROC
BBB,distribution,classification,descriptors,scaffold,hgb,shap,60,0.1965677937235404,0.1054135943170459,0.2845240172353064,0.0109969269309808,0.1855708667925595,0.0,True,0.5136074677544862,0.3988008420988216,0.6424265057236078,0.9077990917235718,0.7145685445728321,False,0.9080240930490168,AUROC
BBB,distribution,classification,descriptors,scaffold,hgb,lime,60,0.0453081967428459,0.0172565259506775,0.0850433728930252,0.0109969269309808,0.034311269811865,0.025,True,0.1110178275195553,0.0920758807079516,0.1305192823992315,0.1704285541026187,0.0544469537181878,True,0.9080240930490168,AUROC
BBB,distribution,classification,descriptors,scaffold,hgb,random,60,0.0109969269309808,-0.0097026468215406,0.0334884631756618,0.0109969269309808,0.0,,False,1.486613742151351,1.4576773473155369,1.511028686815291,1.5476763768460844,1.0,False,0.9080240930490168,AUROC
BBB,distribution,classification,descriptors,scaffold,mlp,ig,60,0.1643765283955467,0.0986357110573185,0.2366285904662476,0.0355237424373626,0.1288527859581841,0.0,True,0.2535396645957136,0.0854372706750527,0.570130234566452,1.971741599781529,0.559275607498459,False,0.8464068125173083,AUROC
BBB,distribution,classification,descriptors,scaffold,mlp,lime,60,0.084813100265132,0.0354885663133528,0.1341335360830028,0.0355237424373626,0.0492893578277693,0.0125,True,0.2451298119218395,0.0733198751517264,0.566847115551152,1.998296162991531,0.0683145079083226,True,0.8464068125173083,AUROC
BBB,distribution,classification,descriptors,scaffold,mlp,random,60,0.0355237424373626,0.005219020769,0.0688218086130088,0.0355237424373626,0.0,,False,1.5007056157200562,1.4758217951977193,1.5224036455654584,1.5649793363170297,1.0,False,0.8464068125173083,AUROC
BBB,distribution,classification,descriptors,random,rf,shap,60,0.1025865521939348,0.0420398957490893,0.1576236007252114,0.0237357771059563,0.0788507750879785,0.0,True,0.3154735196985329,0.2380982618887112,0.3979195021726019,0.6149340614253956,0.5789558263100055,False,0.8957310420076378,AUROC
BBB,distribution,classification,descriptors,random,rf,lime,60,0.0734814385826014,0.0465480939473331,0.1021644564704272,0.0237357771059563,0.049745661476645,0.0,True,0.0696238777726356,0.0561428913145062,0.0837442350697359,0.112638178678231,0.061433539085951,True,0.8957310420076378,AUROC
BBB,distribution,classification,descriptors,random,rf,random,60,0.0237357771059563,0.0157335471375093,0.0324931729297208,0.0237357771059563,1.3877787807814457e-17,,False,1.452822449619707,1.4295288135861943,1.4788684102672889,1.517330881530132,1.0,False,0.8957310420076378,AUROC
BBB,distribution,classification,descriptors,random,hgb,shap,60,0.2019568795709855,0.1194619257362658,0.3022941520829399,0.0204850356881697,0.1814718438828158,0.0,True,0.5192204318192827,0.4353220390865064,0.6084106980256598,0.7878984254878756,0.667170021989815,False,0.9008115111838516,AUROC
BBB,distribution,classification,descriptors,random,hgb,lime,60,0.0813409896552415,0.0307450043206313,0.136831526460127,0.0204850356881697,0.0608559539670718,0.0,True,0.1823292704602528,0.0176706826804671,0.5078422562042324,1.952493586824185,0.0498982197857604,True,0.9008115111838516,AUROC
BBB,distribution,classification,descriptors,random,hgb,random,60,0.0204850356881697,0.0026955718229744,0.0474916325395329,0.0204850356881697,0.0,,False,1.4712125661050546,1.436199305732826,1.503106659408591,1.5626855129179162,1.0,False,0.9008115111838516,AUROC
BBB,distribution,classification,descriptors,random,mlp,ig,60,0.1351305234763357,0.0788019348805149,0.1876298161927196,0.0340255752205848,0.1011049482557508,0.0,True,0.105184378082488,0.0875145796593943,0.1307857394681595,0.2033704473557476,0.5466172748453055,False,0.8897810965630114,AUROC
BBB,distribution,classification,descriptors,random,mlp,lime,60,0.0416607482565773,0.0203869998206694,0.0684999054918686,0.0340255752205848,0.0076351730359925,0.3675,False,0.0163215391998628,0.0120371105765001,0.0205343593092841,0.029817634916165,0.053564499687613,True,0.8897810965630114,AUROC
BBB,distribution,classification,descriptors,random,mlp,random,60,0.0340255752205848,0.0071802275793419,0.0719261044181055,0.0340255752205848,0.0,,False,1.4892148438458264,1.4484894182326584,1.538437307233702,1.6202647576685476,1.0,False,0.8897810965630114,AUROC
VDss,distribution,regression,descriptors,scaffold,rf,shap,60,0.3946413311924586,0.189371611784114,0.6567517954118853,0.3519090986476363,0.0427322325448222,0.3975,False,0.1881929109595036,0.1119647917710403,0.2652711373079124,0.4901492476059372,0.5328719685773209,False,0.5545353636942172,Spearman
VDss,distribution,regression,descriptors,scaffold,rf,lime,60,0.1789066352383265,0.0494807372405475,0.4157538997322362,0.3519090986476363,-0.1730024634093098,0.82,False,0.0156808403565101,0.0137000328269852,0.0181222772603159,0.0244938080024753,0.0567666226662971,True,0.5545353636942172,Spearman
VDss,distribution,regression,descriptors,scaffold,rf,random,60,0.3519090986476363,0.070828468368413,0.7334538260598715,0.3519090986476363,0.0,,False,1.4924884108897354,1.4711736973030871,1.5096837152326097,1.5373552173512113,1.0,False,0.5545353636942172,Spearman
VDss,distribution,regression,descriptors,scaffold,hgb,shap,60,0.6092400447167666,0.4091935911448005,0.8789264682686667,0.1808126637027064,0.4284273810140602,0.0,True,0.5362293621670248,0.3345669872701166,0.7418225753935962,1.2896129124662712,0.7465426680631423,False,0.4184502020413662,Spearman
VDss,distribution,regression,descriptors,scaffold,hgb,lime,60,0.2918893819676112,0.1800963932131916,0.4605214282957636,0.1808126637027064,0.1110767182649048,0.045,True,0.0335259938859749,0.0209821853299032,0.0493469010223834,0.1000486412475226,0.0682901393762595,True,0.4184502020413662,Spearman
VDss,distribution,regression,descriptors,scaffold,hgb,random,60,0.1808126637027064,0.1157910772715039,0.265702637363029,0.1808126637027064,0.0,,False,1.4696640455264265,1.4437534388942102,1.509441204262972,1.6192601421990735,1.0,False,0.4184502020413662,Spearman
VDss,distribution,regression,descriptors,scaffold,mlp,ig,60,0.4259709559015895,0.2716642002125283,0.5921746515884473,0.1724163438975665,0.2535546120040229,0.0,True,0.2387118722601477,0.1513610652895902,0.3235121748845645,0.5231747629341392,0.5672981455688453,False,0.3848496480149274,Spearman
VDss,distribution,regression,descriptors,scaffold,mlp,lime,60,0.3960827845011307,0.2383856366574683,0.6042714855477486,0.1724163438975665,0.2236664406035642,0.0,True,0.0138546541465801,0.0115408817015381,0.0163227372552546,0.0236257751175727,0.0663992978731067,True,0.3848496480149274,Spearman
VDss,distribution,regression,descriptors,scaffold,mlp,random,60,0.1724163438975665,0.113599019332303,0.2398306253101104,0.1724163438975665,0.0,,False,1.4879887837483805,1.4560939348063626,1.5188232381779687,1.5651468434094158,1.0,False,0.3848496480149274,Spearman
VDss,distribution,regression,descriptors,random,rf,shap,60,0.5496702602521534,0.3504185060528182,0.8014963685527589,0.8324851345790315,-0.2828148743268781,0.7175,False,1.3361413222980862,0.1059301796735811,3.698610914293901,12.276127503302543,0.5513140546586917,False,0.5845922100459616,Spearman
VDss,distribution,regression,descriptors,random,rf,lime,60,0.1484833638637674,0.0969866049991947,0.2128823768036642,0.8324851345790315,-0.6840017707152641,0.97,False,0.0282233591824141,0.0166799696914582,0.0487147676728732,0.1368854961984166,0.0509889122200456,True,0.5845922100459616,Spearman
VDss,distribution,regression,descriptors,random,rf,random,60,0.8324851345790311,0.0949981863543163,1.9125713273543208,0.8324851345790315,-4.440892098500626e-16,,False,1.5204682374294878,1.4831617648635649,1.5608667392633302,1.6944405970390537,1.0,False,0.5845922100459616,Spearman
VDss,distribution,regression,descriptors,random,hgb,shap,60,0.6602464053333568,0.4624526194050827,0.8748454473084173,0.3173872221497461,0.3428591831836106,0.0,True,0.4373165936456197,0.3451722269409725,0.527165129531095,0.7239833968955,0.717468445310072,False,0.3559807225445212,Spearman
VDss,distribution,regression,descriptors,random,hgb,lime,60,0.4268124524543408,0.295161091465522,0.5888830734866474,0.3173872221497461,0.1094252303045947,0.0625,False,0.0228368855618696,0.0179501748671748,0.0272361559948132,0.0404061707940922,0.0539329244900419,True,0.3559807225445212,Spearman
VDss,distribution,regression,descriptors,random,hgb,random,60,0.3173872221497461,0.2223055890530681,0.4253643044225086,0.3173872221497461,0.0,,False,1.4693522149300753,1.4404964954186692,1.4997883707965476,1.5828738974435708,1.0,False,0.3559807225445212,Spearman
VDss,distribution,regression,descriptors,random,mlp,ig,60,0.4843564488402788,0.2791646699011108,0.743479176412188,0.186036120010552,0.2983203288297267,0.0,True,0.4111751491367752,0.0992093683123098,0.8528163846964056,2.753614973348743,0.5569286869740332,False,0.4721550557797273,Spearman
VDss,distribution,regression,descriptors,random,mlp,lime,60,0.4125173316283811,0.2762132002946641,0.5749754585652247,0.186036120010552,0.226481211617829,0.0,True,0.0149281788858968,0.0116822139255657,0.0178237271251292,0.0253925244533317,0.0556953859114261,True,0.4721550557797273,Spearman
VDss,distribution,regression,descriptors,random,mlp,random,60,0.186036120010552,0.1075340698439908,0.2805340833812765,0.186036120010552,0.0,,False,1.4535053546790104,1.41260692309124,1.4881017781777115,1.582698725789613,1.0,False,0.4721550557797273,Spearman
CYP2C9-Sub,metabolism,classification,descriptors,scaffold,rf,shap,60,0.0019937490584833,-0.0297773166886335,0.0407375889133743,0.0041733029284334,-0.00217955386995,0.555,False,0.3961556545859446,0.3477298768401987,0.4385601781712719,0.5303985637115001,0.6480305979058364,False,0.5882352941176471,AUROC
CYP2C9-Sub,metabolism,classification,descriptors,scaffold,rf,lime,60,0.0235704242909335,0.0086969729438586,0.0405808423020569,0.0041733029284334,0.0193971213625001,0.0,True,1.0000000031162306,0.9999999999803748,1.0000000093863388,1.0000000376000713,0.0665392065214498,True,0.5882352941176471,AUROC
CYP2C9-Sub,metabolism,classification,descriptors,scaffold,rf,random,60,0.0041733029284334,-0.0042522535161319,0.0141056728653438,0.0041733029284334,2.168404344971009e-17,,False,1.4964155289778296,1.469471082841545,1.5220384603204282,1.5624477446253455,1.0,False,0.5882352941176471,AUROC
CYP2C9-Sub,metabolism,classification,descriptors,scaffold,hgb,shap,60,0.0993993884205841,0.0433038890934667,0.1685986258519485,0.0376697803457716,0.0617296080748124,0.005,True,0.514174788804153,0.4013604585341732,0.642446236748617,0.8964127456955107,0.7784732075098953,False,0.60518444666002,AUROC
CYP2C9-Sub,metabolism,classification,descriptors,scaffold,hgb,lime,60,0.0517269714046862,0.0176279583215051,0.1002233277770198,0.0376697803457716,0.0140571910589145,0.26,False,1.0430893295230297,0.9999999999912008,1.1292679885854848,1.5170719543629083,0.0594856615165878,True,0.60518444666002,AUROC
CYP2C9-Sub,metabolism,classification,descriptors,scaffold,hgb,random,60,0.0376697803457716,0.0062637434922747,0.0701345469679549,0.0376697803457716,0.0,,False,1.4640063974283724,1.4355883191870722,1.4885598862284006,1.5155308802414265,1.0,False,0.60518444666002,AUROC
CYP2C9-Sub,metabolism,classification,descriptors,scaffold,mlp,ig,60,0.1807945865723821,0.10769951686677,0.2752244279781976,0.0424899556570582,0.1383046309153238,0.0,True,0.2909217329081764,0.0953400510119166,0.6653336102592827,2.30972675790436,0.5408231411080028,False,0.6729810568295115,AUROC
CYP2C9-Sub,metabolism,classification,descriptors,scaffold,mlp,lime,60,0.0953115683462884,0.044852307666507,0.1524474157517155,0.0424899556570582,0.0528216126892301,0.0625,False,1.0000013749429704,0.9999999999974548,1.000004124384794,1.0000164939537295,0.0593298203500926,True,0.6729810568295115,AUROC
CYP2C9-Sub,metabolism,classification,descriptors,scaffold,mlp,random,60,0.0424899556570582,0.0071057312811414,0.0866508131018943,0.0424899556570582,0.0,,False,1.4642197373642567,1.4362526692888,1.4929856375945276,1.5587336265866032,1.0,False,0.6729810568295115,AUROC
CYP2C9-Sub,metabolism,classification,descriptors,random,rf,shap,60,-0.0437448889763964,-0.0709219515867756,-0.0085700319639711,-0.0024039173264368,-0.0413409716499595,1.0,False,0.4998378830667585,0.4182411894535304,0.580039736022749,0.7659364477488507,0.6405361541570146,False,0.6638176638176638,AUROC
CYP2C9-Sub,metabolism,classification,descriptors,random,rf,lime,60,0.003033649419388,-0.0091056350625119,0.0142790148707203,-0.0024039173264368,0.0054375667458248,0.1,False,0.8856137398118622,0.7633913304824073,0.9754513574450772,1.0006332839826706,0.0713747649268513,True,0.6638176638176638,AUROC
CYP2C9-Sub,metabolism,classification,descriptors,random,rf,random,60,-0.0024039173264368,-0.0094560057251866,0.0053856955226162,-0.0024039173264368,-1.734723475976807e-18,,False,1.4706661460550203,1.4368450843042595,1.5053743972778664,1.5775286078900477,1.0,False,0.6638176638176638,AUROC
CYP2C9-Sub,metabolism,classification,descriptors,random,hgb,shap,60,0.0487731271865757,-0.0037130349266022,0.1157380836438904,-0.0048569713025149,0.0536300984890906,0.0225,True,0.6682205149880254,0.4584851863567227,0.9465632526485822,1.6791940613492733,0.7890728574309914,False,0.6663105413105413,AUROC
CYP2C9-Sub,metabolism,classification,descriptors,random,hgb,lime,60,0.0343488759710615,0.0042375047954565,0.0736103720824937,-0.0048569713025149,0.0392058472735764,0.0075,True,1.2059441513489952,0.8328925528515222,1.7242273899118614,3.5366407761738565,0.0646966127544701,True,0.6663105413105413,AUROC
CYP2C9-Sub,metabolism,classification,descriptors,random,hgb,random,60,-0.0048569713025149,-0.0175305501574189,0.0076455991560772,-0.0048569713025149,0.0,,False,1.4883471503915813,1.4523801322110172,1.5291506823811596,1.6469472253471331,1.0,False,0.6663105413105413,AUROC
CYP2C9-Sub,metabolism,classification,descriptors,random,mlp,ig,60,0.2085696501864326,0.131487280867166,0.2844145812922053,0.00129799892505,0.2072716512613825,0.0,True,0.1025581242033505,0.078818818990585,0.1209484762751982,0.1571272782107324,0.556468478618238,False,0.6378205128205129,AUROC
CYP2C9-Sub,metabolism,classification,descriptors,random,mlp,lime,60,0.0542668484979205,0.0090275584947731,0.1108236511796712,0.00129799892505,0.0529688495728704,0.0375,True,0.8648213672612064,0.7118130629855794,0.9684782701971532,0.9980953073118958,0.051890880649389,True,0.6378205128205129,AUROC
CYP2C9-Sub,metabolism,classification,descriptors,random,mlp,random,60,0.00129799892505,-0.0225697149750259,0.0294872993810309,0.00129799892505,0.0,,False,1.494133015093418,1.455972190001157,1.5302489455129156,1.6045339846313302,1.0,False,0.6378205128205129,AUROC
CYP3A4-Sub,metabolism,classification,descriptors,scaffold,rf,shap,60,0.1017569927503148,0.0752330893199714,0.1293793431435914,0.0188951949389219,0.0828617978113928,0.0,True,0.4720348445497594,0.2939916474680872,0.7837259026507993,2.038544846894739,0.7078552373077378,False,0.6502548656163114,AUROC
CYP3A4-Sub,metabolism,classification,descriptors,scaffold,rf,lime,60,0.0363071087879717,0.0242382691901333,0.0505444553377849,0.0188951949389219,0.0174119138490498,0.005,True,1.0000002619857655,0.9999999999775352,1.000000684684429,1.0000025361655145,0.0511572606090214,True,0.6502548656163114,AUROC
CYP3A4-Sub,metabolism,classification,descriptors,scaffold,rf,random,60,0.0188951949389219,0.0121327765449426,0.0250695314841989,0.0188951949389219,0.0,,False,1.4789698354392569,1.4421941401570493,1.5116896339769574,1.6305339137009078,1.0,False,0.6502548656163114,AUROC
CYP3A4-Sub,metabolism,classification,descriptors,scaffold,hgb,shap,60,0.3552528585048159,0.2841092978134835,0.4235899659537863,0.0612844628925502,0.2939683956122657,0.0,True,0.5314425016620784,0.3856181758377269,0.6990054099436226,1.0218750156497234,0.780808862650678,False,0.6574374420759963,AUROC
CYP3A4-Sub,metabolism,classification,descriptors,scaffold,hgb,lime,60,0.0970396148632097,0.0546344722745526,0.1487060401669263,0.0612844628925502,0.0357551519706595,0.0875,False,0.916666666664426,0.6666666666652148,0.99999999999772,0.9999999999978983,0.0529713363428959,True,0.6574374420759963,AUROC
CYP3A4-Sub,metabolism,classification,descriptors,scaffold,hgb,random,60,0.0612844628925502,0.0214132172973616,0.1036818489003747,0.0612844628925502,0.0,,False,1.4750974981587144,1.4505163394385912,1.5032083206912488,1.56188141949576,1.0,False,0.6574374420759963,AUROC
CYP3A4-Sub,metabolism,classification,descriptors,scaffold,mlp,ig,60,0.2366291713383462,0.1644155093282461,0.3062231654549637,0.0728313446044921,0.163797826733854,0.0,True,0.2812302348431568,0.084456748339865,0.6406948023426111,2.1910001050290666,0.5695324318102808,False,0.6338044485634846,AUROC
CYP3A4-Sub,metabolism,classification,descriptors,scaffold,mlp,lime,60,0.1136833732326825,0.05745132772045,0.1783884273635015,0.0728313446044921,0.0408520286281903,0.115,False,0.9166671686550204,0.749999999974972,1.000001506015607,1.0000060241625943,0.0599610534095588,True,0.6338044485634846,AUROC
CYP3A4-Sub,metabolism,classification,descriptors,scaffold,mlp,random,60,0.0728313446044921,0.0199383721914556,0.1260179583728313,0.0728313446044921,0.0,,False,1.4485192682900412,1.418352740207727,1.477083955986973,1.5264258648682691,1.0,False,0.6338044485634846,AUROC
CYP3A4-Sub,metabolism,classification,descriptors,random,rf,shap,60,0.120692492685289,0.0864668460843087,0.1515318893193181,0.0224019013790474,0.0982905913062415,0.0,True,0.602200832439847,0.3157308118641266,1.0010961083070036,1.95142736815984,0.7004092689700473,False,0.6909909909909909,AUROC
CYP3A4-Sub,metabolism,classification,descriptors,random,rf,lime,60,0.0519958184332939,0.0375068636432302,0.0658057778803512,0.0224019013790474,0.0295939170542464,0.0,True,1.057779742225316,0.8658633494474988,1.2882949649664743,1.889170996476183,0.0620447096993412,True,0.6909909909909909,AUROC
CYP3A4-Sub,metabolism,classification,descriptors,random,rf,random,60,0.0224019013790474,0.0151314883829964,0.0312226051175914,0.0224019013790474,-1.7347234759768068e-17,,False,1.4689408654823042,1.4429945830439224,1.4947059820249884,1.5349015602401943,1.0,False,0.6909909909909909,AUROC
CYP3A4-Sub,metabolism,classification,descriptors,random,hgb,shap,60,0.3517683055680401,0.2614173041551961,0.4330080944926888,0.0465802410592729,0.3051880645087672,0.0,True,0.4017224831206485,0.2512845214201387,0.5942438266616512,1.0283179247111174,0.7742446962572684,False,0.6727477477477477,AUROC
CYP3A4-Sub,metabolism,classification,descriptors,random,hgb,lime,60,0.1360964590751149,0.0755999660336832,0.2056484613763078,0.0465802410592729,0.0895162180158419,0.0,True,0.9856444194589692,0.7894602865012406,1.1975010611660155,1.8631325296593888,0.0564520826580607,True,0.6727477477477477,AUROC
CYP3A4-Sub,metabolism,classification,descriptors,random,hgb,random,60,0.0465802410592729,0.0183552280813621,0.0835933164759836,0.0465802410592729,0.0,,False,1.4649627637590596,1.4270641175268943,1.5030322405927643,1.558360504849313,1.0,False,0.6727477477477477,AUROC
CYP3A4-Sub,metabolism,classification,descriptors,random,mlp,ig,60,0.3797392745812734,0.2928336890455749,0.4694913656223151,0.0509357778562439,0.3288034967250294,0.0,True,0.4261642477175849,0.0771913647269137,0.927225237822171,2.139613067722209,0.5699704787801549,False,0.647072072072072,AUROC
CYP3A4-Sub,metabolism,classification,descriptors,random,mlp,lime,60,0.1508507084515359,0.0917320337643226,0.2172701656238899,0.0509357778562439,0.0999149305952919,0.0025,True,0.900363318282606,0.7752246289064744,0.9775105569858912,1.0037933100773682,0.0571795371662196,True,0.647072072072072,AUROC
CYP3A4-Sub,metabolism,classification,descriptors,random,mlp,random,60,0.0509357778562439,0.016537985474699,0.0930001521358886,0.0509357778562439,0.0,,False,1.4982662394029067,1.4796440691984734,1.5169909737689968,1.560299931888553,1.0,False,0.647072072072072,AUROC
HalfLife,excretion,regression,descriptors,scaffold,rf,shap,60,0.2570569870837394,0.0806403682472534,0.546217719911443,0.0340516672330155,0.2230053198507238,0.0,True,0.1718877697858462,0.1149055095665309,0.240425393475441,0.3672791525424144,0.5419997998488487,False,0.4249076829803285,Spearman
HalfLife,excretion,regression,descriptors,scaffold,rf,lime,60,0.1611803379543736,0.0319372184082384,0.3750683422859791,0.0340516672330155,0.127128670721358,0.0225,True,0.0165726184486182,0.011316593024276,0.0235774283951695,0.0457921594344851,0.0644275215265153,True,0.4249076829803285,Spearman
HalfLife,excretion,regression,descriptors,scaffold,rf,random,60,0.0340516672330156,0.0203029611621734,0.0516819969739391,0.0340516672330155,6.938893903907228e-18,,False,1.4851139879252817,1.4644662934264432,1.50806404816498,1.5571642957106748,1.0,False,0.4249076829803285,Spearman
HalfLife,excretion,regression,descriptors,scaffold,hgb,shap,60,0.6012164723569773,0.4179818886572999,0.8439980727072081,0.1755518206035769,0.4256646517534004,0.0,True,0.4127257552734611,0.2933689262486697,0.5896683742461777,1.3192255317458474,0.7105859110637522,False,0.2413142551530948,Spearman
HalfLife,excretion,regression,descriptors,scaffold,hgb,lime,60,0.3156120262722017,0.188187018340207,0.5018712308979054,0.1755518206035769,0.1400602056686248,0.01,True,0.0514840589134541,0.0253340778118271,0.0864069650357788,0.1780319694866448,0.0491746994743443,True,0.2413142551530948,Spearman
HalfLife,excretion,regression,descriptors,scaffold,hgb,random,60,0.1755518206035769,0.1242738336481022,0.2489351338765282,0.1755518206035769,0.0,,False,1.4624487728885054,1.4424148637596887,1.4828823844317098,1.537814283780162,1.0,False,0.2413142551530948,Spearman
HalfLife,excretion,regression,descriptors,scaffold,mlp,ig,60,0.7579725059324927,0.5392798196931673,1.016087675064078,0.2163491510430402,0.5416233548894523,0.0,True,0.1120088585547153,0.0721446210763345,0.1689533318093877,0.4005525380168421,0.5546896763934204,False,0.5126578777393634,Spearman
HalfLife,excretion,regression,descriptors,scaffold,mlp,lime,60,0.3885074705638141,0.2780982195975573,0.5158719586497075,0.2163491510430402,0.1721583195207738,0.0,True,0.0133474434988043,0.0086795875442861,0.0197439682571292,0.0458607768721582,0.0502064376768431,True,0.5126578777393634,Spearman
HalfLife,excretion,regression,descriptors,scaffold,mlp,random,60,0.2163491510430402,0.1525548271259241,0.2809152016155228,0.2163491510430402,0.0,,False,1.5092736656716743,1.4819217481822056,1.5421924579865895,1.620426164306326,1.0,False,0.5126578777393634,Spearman
HalfLife,excretion,regression,descriptors,random,rf,shap,60,0.5011344969345245,0.2857910802774497,0.7546739224756103,0.0952208530262023,0.4059136439083222,0.0,True,1.656309285566891,0.2226888130769058,4.386060312294306,16.607727953341925,0.4741643445312732,True,0.373251949798465,Spearman
HalfLife,excretion,regression,descriptors,random,rf,lime,60,0.2411736825733787,0.0921059651015724,0.415118831482315,0.0952208530262023,0.1459528295471764,0.0,True,0.1457185019905786,0.0285470033940225,0.3563131706774047,1.2783338672957374,0.0506419982744339,True,0.373251949798465,Spearman
HalfLife,excretion,regression,descriptors,random,rf,random,60,0.0952208530262023,0.0424494584169222,0.1749128160697997,0.0952208530262023,1.3877787807814457e-17,,False,1.471857409773854,1.4479440731816866,1.4945000146363454,1.5569036806361245,1.0,False,0.373251949798465,Spearman
HalfLife,excretion,regression,descriptors,random,hgb,shap,60,0.661279619549079,0.4471793879741496,0.9376571355994217,0.226875877019002,0.4344037425300769,0.0,True,0.2928931649216851,0.1517569894463899,0.4856847356996197,1.243674930422554,0.6970451079593677,False,0.2559333352941522,Spearman
HalfLife,excretion,regression,descriptors,random,hgb,lime,60,0.2792825790260448,0.174919005840196,0.4092282650283263,0.226875877019002,0.0524067020070428,0.1825,False,0.0313921293573858,0.0234184901507686,0.0418434558317136,0.071550286354681,0.0439584830676869,True,0.2559333352941522,Spearman
HalfLife,excretion,regression,descriptors,random,hgb,random,60,0.226875877019002,0.1461657973199538,0.3298135985072572,0.226875877019002,0.0,,False,1.4949044356975587,1.467333754322369,1.5219796700322636,1.5949881409250726,1.0,False,0.2559333352941522,Spearman
HalfLife,excretion,regression,descriptors,random,mlp,ig,60,0.7435313769836082,0.5818514590379911,0.9421945262235464,0.1904493449041991,0.553082032079409,0.0,True,0.1614299499538171,0.1086969477392376,0.2161882728930128,0.3791694790518095,0.5576530675999768,False,0.3843680632482583,Spearman
HalfLife,excretion,regression,descriptors,random,mlp,lime,60,0.4271018572839138,0.2974334881912099,0.5829102188355392,0.1904493449041991,0.2366525123797146,0.0,True,0.0226503510020182,0.0117435845060531,0.0400773811222823,0.1090666253250378,0.0530877963957277,True,0.3843680632482583,Spearman
HalfLife,excretion,regression,descriptors,random,mlp,random,60,0.1904493449041991,0.140026237674472,0.2490662551318079,0.1904493449041991,0.0,,False,1.4830116937774205,1.4441700256411436,1.5176355061915086,1.5615770104391342,1.0,False,0.3843680632482583,Spearman
CL-Hepa,excretion,regression,descriptors,scaffold,rf,shap,60,0.9447097743527626,0.7573277489101711,1.179885189692405,0.1518027369444098,0.7929070374083528,0.0,True,0.3538594015281089,0.2681944452338403,0.4225102823912329,0.601653273030983,0.6869923101368011,False,0.4084953885927966,Spearman
CL-Hepa,excretion,regression,descriptors,scaffold,rf,lime,60,0.3968925488548376,0.2876450532308729,0.5300412826985065,0.1518027369444098,0.2450898119104278,0.0,True,0.9999999999999482,0.999999999999947,0.9999999999999496,0.999999999999952,0.0715130685795083,True,0.4084953885927966,Spearman
CL-Hepa,excretion,regression,descriptors,scaffold,rf,random,60,0.1518027369444097,0.1137988229019138,0.1997293905559229,0.1518027369444098,-8.326672684688674e-17,,False,1.486261280491114,1.459918264913596,1.5141013837813675,1.607300534980235,1.0,False,0.4084953885927966,Spearman
CL-Hepa,excretion,regression,descriptors,scaffold,hgb,shap,60,0.957934526264598,0.7479302850731466,1.15959283289128,0.2115785934361701,0.7463559328284279,0.0,True,0.4864272095830012,0.4176646912984775,0.5507955960025606,0.6837940842947604,0.7580231308325924,False,0.3859819806237052,Spearman
CL-Hepa,excretion,regression,descriptors,scaffold,hgb,lime,60,0.4643903537250423,0.3682418954461132,0.587587947571915,0.2115785934361701,0.2528117602888722,0.0,True,0.9999999999999584,0.9999999999999566,0.99999999999996,0.999999999999962,0.0599315175743113,True,0.3859819806237052,Spearman
CL-Hepa,excretion,regression,descriptors,scaffold,hgb,random,60,0.2115785934361701,0.1668287388380957,0.2669455556699159,0.2115785934361701,0.0,,False,1.468112054713979,1.443966984548341,1.4969967547729903,1.556291348692056,1.0,False,0.3859819806237052,Spearman
CL-Hepa,excretion,regression,descriptors,scaffold,mlp,ig,60,0.7427950791569956,0.6190922015123255,0.9051805219820418,0.2356800408147844,0.5071150383422112,0.0,True,0.0914722457691416,0.0787482279528663,0.1053136076995727,0.1474532665832066,0.5642629263055517,False,0.4160093738952767,Spearman
CL-Hepa,excretion,regression,descriptors,scaffold,mlp,lime,60,0.3496777647019675,0.2622143469516757,0.4461973069973626,0.2356800408147844,0.113997723887183,0.0,True,0.9999999999999454,0.999999999999944,0.9999999999999464,0.9999999999999488,0.0598450435384439,True,0.4160093738952767,Spearman
CL-Hepa,excretion,regression,descriptors,scaffold,mlp,random,60,0.2356800408147844,0.1935063598809291,0.2833363981373097,0.2356800408147844,0.0,,False,1.4831816744908926,1.4525862160879908,1.5134097009439245,1.5869896484987986,1.0,False,0.4160093738952767,Spearman
CL-Hepa,excretion,regression,descriptors,random,rf,shap,60,0.7675464019461113,0.5903629951153949,1.0076041436104088,0.1666690523358777,0.6008773496102336,0.0,True,0.4687829963163799,0.3477124531705867,0.6179162832386013,0.9006550336863955,0.6516095752222681,False,0.42049974956294,Spearman
CL-Hepa,excretion,regression,descriptors,random,rf,lime,60,0.424652014978549,0.2691556899337698,0.5985462770840531,0.1666690523358777,0.2579829626426713,0.0,True,0.9999999999999368,0.9999999999999336,0.99999999999994,0.9999999999999446,0.0680643438855927,True,0.42049974956294,Spearman
CL-Hepa,excretion,regression,descriptors,random,rf,random,60,0.1666690523358777,0.1204554389837511,0.2250309388957624,0.1666690523358777,2.775557561562892e-17,,False,1.5030362496482257,1.4641498167277147,1.5388035576797832,1.6636590490558485,1.0,False,0.42049974956294,Spearman
CL-Hepa,excretion,regression,descriptors,random,hgb,shap,60,0.8463125152351307,0.6332514185366308,1.0735610487518263,0.2113068999945655,0.6350056152405652,0.0,True,0.6944337003595725,0.5949106920872028,0.7806125073513689,0.8971686324324174,0.7455089200816158,False,0.3883000082551239,Spearman
CL-Hepa,excretion,regression,descriptors,random,hgb,lime,60,0.4762025866228821,0.3329734888123273,0.6765772206387819,0.2113068999945655,0.2648956866283165,0.0,True,0.9999999999999596,0.9999999999999586,0.9999999999999608,0.999999999999964,0.0472626994305005,True,0.3883000082551239,Spearman
CL-Hepa,excretion,regression,descriptors,random,hgb,random,60,0.2113068999945655,0.163883031711685,0.2630940046972558,0.2113068999945655,0.0,,False,1.480091106244802,1.4405644284993595,1.5177254467364694,1.6000875636097662,1.0,False,0.3883000082551239,Spearman
CL-Hepa,excretion,regression,descriptors,random,mlp,ig,60,0.7923185442833024,0.6397341233181456,0.9349161970377384,0.2429582905683168,0.5493602537149855,0.0,True,0.0758501230742324,0.064450906492071,0.0870325202478642,0.119504709210621,0.5630117712927671,False,0.4131726612893251,Spearman
CL-Hepa,excretion,regression,descriptors,random,mlp,lime,60,0.4068214436153843,0.3267637520827419,0.4896917607557771,0.2429582905683168,0.1638631530470674,0.0,True,0.9999999999999376,0.9999999999999344,0.9999999999999408,0.9999999999999466,0.0540823848200291,True,0.4131726612893251,Spearman
CL-Hepa,excretion,regression,descriptors,random,mlp,random,60,0.2429582905683168,0.1943344995888704,0.3077781024689687,0.2429582905683168,0.0,,False,1.4812542713353165,1.45645260164085,1.5112071380412306,1.600379441427454,1.0,False,0.4131726612893251,Spearman
DILI,toxicity,classification,ecfp,scaffold,rf,shap,60,0.1137144342718929,0.0782147911366137,0.1450342182773563,0.0104986775304498,0.1032157567414431,0.0,True,0.0,0.0,0.0,0.0,0.5679937972369195,False,0.8766825879287885,AUROC
DILI,toxicity,classification,ecfp,scaffold,rf,lime,60,0.062321513125803,0.0452648582932717,0.0806303713428527,0.0104986775304498,0.0518228355953532,0.0,True,0.0032267408982599,0.0023733991752874,0.0041340766099374,0.0067774828154455,0.0198604203381274,True,0.8766825879287885,AUROC
DILI,toxicity,classification,ecfp,scaffold,rf,random,60,0.0104986775304498,0.005243345869834,0.0161276192126716,0.0104986775304498,-2.255140518769849e-17,,False,1.43865121602753,1.429552408243378,1.448486155240667,1.4765268542546846,1.0,False,0.8766825879287885,AUROC
DILI,toxicity,classification,ecfp,scaffold,hgb,shap,60,0.3431034425417261,0.2585737023314831,0.445814617265733,0.0154235001739912,0.3276799423677348,0.0,True,0.0,0.0,0.0,0.0,0.934600653810032,False,0.8115501519756838,AUROC
DILI,toxicity,classification,ecfp,scaffold,hgb,lime,60,0.2401632392653202,0.1703318510701391,0.3212838163666983,0.0154235001739912,0.2247397390913289,0.0,True,0.0044644630419697,0.0036209290661921,0.0055398639059557,0.0088957952435334,0.0198323854264716,True,0.8115501519756838,AUROC
DILI,toxicity,classification,ecfp,scaffold,hgb,random,60,0.0154235001739912,-0.0094743915935625,0.0415142277343152,0.0154235001739912,0.0,,False,1.4312611373664323,1.4207508565482578,1.4420347068569077,1.4668477798548154,1.0,False,0.8115501519756838,AUROC
DILI,toxicity,classification,ecfp,scaffold,mlp,ig,60,0.4993578344583511,0.3977652196503348,0.6129390833609633,0.0266809081037839,0.4726769263545672,0.0,True,0.0752214547008471,0.0657007715029801,0.0861759647941171,0.1005782272478272,0.482575920456624,True,0.836734693877551,AUROC
DILI,toxicity,classification,ecfp,scaffold,mlp,lime,60,0.1387059405446052,0.0834412430516547,0.1984719632317622,0.0266809081037839,0.1120250324408213,0.0,True,0.0065146944655605,0.0038989535079555,0.0095724539025117,0.0217573404384015,0.0188848502324164,True,0.836734693877551,AUROC
DILI,toxicity,classification,ecfp,scaffold,mlp,random,60,0.0266809081037839,0.0017736970881621,0.0653639874193403,0.0266809081037839,0.0,,False,1.4218060194044704,1.4133934409933215,1.431187425222491,1.4524895028610587,1.0,False,0.836734693877551,AUROC
DILI,toxicity,classification,ecfp,random,rf,shap,60,0.1492717323763503,0.1228847290453487,0.1812826783543439,0.01609483037098,0.1331769020053703,0.0,True,0.0,0.0,0.0,0.0,0.5593236227516235,False,0.8389529724933452,AUROC
DILI,toxicity,classification,ecfp,random,rf,lime,60,0.1036995484395742,0.0827115360692226,0.126053341144414,0.01609483037098,0.0876047180685942,0.0,True,0.0077310205712223,0.0044476264747808,0.0115850627320899,0.0220616209703811,0.0246650181377722,True,0.8389529724933452,AUROC
DILI,toxicity,classification,ecfp,random,rf,random,60,0.01609483037098,0.0100772622952873,0.0228975384963099,0.01609483037098,1.3877787807814457e-17,,False,1.438961327204819,1.4315956262521212,1.4470805456536031,1.463233001930987,1.0,False,0.8389529724933452,AUROC
DILI,toxicity,classification,ecfp,random,hgb,shap,60,0.3924835369107426,0.2841953518952401,0.4970577408271291,0.0520322252601183,0.3404513116506242,0.0,True,0.0,0.0,0.0,0.0,0.9319278518517492,False,0.7551020408163265,AUROC
DILI,toxicity,classification,ecfp,random,hgb,lime,60,0.2444117016792709,0.1608785166693475,0.3409176341906846,0.0520322252601183,0.1923794764191526,0.0,True,0.0042427692771468,0.0029884804389716,0.0057550395833617,0.0114067122416946,0.0185743723111593,True,0.7551020408163265,AUROC
DILI,toxicity,classification,ecfp,random,hgb,random,60,0.0520322252601183,0.0178918985409238,0.0904138375139013,0.0520322252601183,0.0,,False,1.4271694555988808,1.4213472636343163,1.4329043199615548,1.449340023730587,1.0,False,0.7551020408163265,AUROC
DILI,toxicity,classification,ecfp,random,mlp,ig,60,0.4910494031177627,0.4024645023917159,0.5815466700328721,0.0234018092354138,0.4676475938823488,0.0,True,0.0977960746841217,0.0768487466001467,0.1162747577204703,0.1478152621777631,0.4838126335213509,True,0.8127772848269744,AUROC
DILI,toxicity,classification,ecfp,random,mlp,lime,60,0.12472442769342,0.0756298032320208,0.1867401871540479,0.0234018092354138,0.1013226184580061,0.0,True,0.0114692147778908,0.0075769484431119,0.0154596774468817,0.0257294759453465,0.019882949851486,True,0.8127772848269744,AUROC
DILI,toxicity,classification,ecfp,random,mlp,random,60,0.0234018092354138,0.0005884426790806,0.0470872755472858,0.0234018092354138,0.0,,False,1.4430313209324144,1.434626570917468,1.4507863903277347,1.4696066184028809,1.0,False,0.8127772848269744,AUROC
hERG,toxicity,classification,ecfp,scaffold,rf,shap,60,0.1136212387824164,0.0850545979232918,0.1396503080626691,0.0060350256046649,0.1075862131777515,0.0,True,0.0,0.0,0.0,0.0,0.4256368068481162,True,0.8421455938697319,AUROC
hERG,toxicity,classification,ecfp,scaffold,rf,lime,60,0.0533083885079305,0.0352676468376189,0.0729735164505105,0.0060350256046649,0.0472733629032655,0.0,True,0.0035279993368377,0.0029981319526624,0.0041966881474018,0.0059506095857226,0.0155046278556666,True,0.8421455938697319,AUROC
hERG,toxicity,classification,ecfp,scaffold,rf,random,60,0.0060350256046649,0.0007127612267311,0.0120598746165156,0.0060350256046649,3.4694469519536136e-17,,False,1.4285916092394575,1.4174212080560915,1.439538404325886,1.4608137754843,1.0,False,0.8421455938697319,AUROC
hERG,toxicity,classification,ecfp,scaffold,hgb,shap,60,0.4324755092410269,0.3981870816638709,0.4675960556050662,0.0545060099543322,0.3779694992866947,0.0,True,0.0,0.0,0.0,0.0,0.9045868915246652,False,0.7828863346104725,AUROC
hERG,toxicity,classification,ecfp,scaffold,hgb,lime,60,0.1710265814062417,0.109823008770657,0.234386243589824,0.0545060099543322,0.1165205714519095,0.0025,True,0.0041637414621568,0.0030015447800603,0.0054387669645282,0.0070042334246788,0.019539328899298,True,0.7828863346104725,AUROC
hERG,toxicity,classification,ecfp,scaffold,hgb,random,60,0.0545060099543322,0.0162093340822072,0.0909925282019157,0.0545060099543322,0.0,,False,1.434474716002543,1.4259488332062211,1.4432313179773275,1.4649206925323353,1.0,False,0.7828863346104725,AUROC
hERG,toxicity,classification,ecfp,scaffold,mlp,ig,60,0.6361155587765904,0.5746773665605317,0.6960241489898825,0.014763343003061,0.6213522157735294,0.0,True,0.080002429550686,0.0697697706535748,0.0915020983433722,0.1187016858724164,0.4799446396625502,True,0.761558109833972,AUROC
hERG,toxicity,classification,ecfp,scaffold,mlp,lime,60,0.0861200930343733,0.0425102263399296,0.136707839725746,0.014763343003061,0.0713567500313123,0.0,True,0.0045343249558583,0.0031225003896074,0.0060655455227566,0.0114926914011621,0.0229819424062755,True,0.761558109833972,AUROC
hERG,toxicity,classification,ecfp,scaffold,mlp,random,60,0.014763343003061,-0.0088040483742952,0.0380320746948321,0.014763343003061,0.0,,False,1.4350263757735962,1.4279808568683137,1.4441031147436163,1.4601857190989205,1.0,False,0.761558109833972,AUROC
hERG,toxicity,classification,ecfp,random,rf,shap,60,0.1324932538140081,0.098973426311685,0.1711997524699622,0.0153703298351855,0.1171229239788226,0.0,True,0.0,0.0,0.0,0.0,0.4574629493673504,True,0.8589147286821704,AUROC
hERG,toxicity,classification,ecfp,random,rf,lime,60,0.0847428471306673,0.0557364698422189,0.1169343948656723,0.0153703298351855,0.0693725172954818,0.0,True,0.0088129045935281,0.0055820360979919,0.0120977897437391,0.0186173669449802,0.0189405880158678,True,0.8589147286821704,AUROC
hERG,toxicity,classification,ecfp,random,rf,random,60,0.0153703298351855,0.0081824048214639,0.0228086461240893,0.0153703298351855,3.9898639947466563e-17,,False,1.4310674179010383,1.4234096782341703,1.441229435718898,1.475282578978866,1.0,False,0.8589147286821704,AUROC
hERG,toxicity,classification,ecfp,random,hgb,shap,60,0.373552952899838,0.3268339692611145,0.4185805634362657,0.0394547348585447,0.3340982180412932,0.0,True,0.0,0.0,0.0,0.0,0.9057204305844624,False,0.8555555555555555,AUROC
hERG,toxicity,classification,ecfp,random,hgb,lime,60,0.1156920357904729,0.0527033572703552,0.1814176331311131,0.0394547348585447,0.0762373009319282,0.005,True,0.0084904695948902,0.0035722896012314,0.0190439541527177,0.0505114250354859,0.0171274963390445,True,0.8555555555555555,AUROC
hERG,toxicity,classification,ecfp,random,hgb,random,60,0.0394547348585447,0.014024428012128,0.0702238900043843,0.0394547348585447,0.0,,False,1.4373137224028965,1.4302209197634894,1.4439053966560933,1.4575717881972448,1.0,False,0.8555555555555555,AUROC
hERG,toxicity,classification,ecfp,random,mlp,ig,60,0.6926719701952405,0.6330706451916034,0.7530169467917748,0.0357064639528592,0.6569655062423813,0.0,True,0.0752804966046448,0.0584234621445209,0.0965712698996545,0.1364266872235727,0.491647224668357,True,0.8031007751937984,AUROC
hERG,toxicity,classification,ecfp,random,mlp,lime,60,0.1230445244246059,0.0720739330434136,0.1770898904568619,0.0357064639528592,0.0873380604717466,0.0,True,0.0044421218832023,0.0032466563889794,0.0057903816599318,0.0095933326390376,0.0173761700962665,True,0.8031007751937984,AUROC
hERG,toxicity,classification,ecfp,random,mlp,random,60,0.0357064639528592,0.0123386823385953,0.0667642315021819,0.0357064639528592,0.0,,False,1.435779516580886,1.4249441486266352,1.4479951520543453,1.4723577679712074,1.0,False,0.8031007751937984,AUROC
AMES,toxicity,classification,ecfp,scaffold,rf,shap,60,0.1389307723477312,0.1060663428663361,0.1779313013503561,0.0177519577157143,0.1211788146320168,0.0,True,0.0,0.0,0.0,0.0,0.3168557741472658,True,0.8224615354803705,AUROC
AMES,toxicity,classification,ecfp,scaffold,rf,lime,60,0.0915133433849295,0.0552464953546598,0.121260451150438,0.0177519577157143,0.0737613856692151,0.0,True,0.0096639313384539,0.0039434105817672,0.0176524616127994,0.0523398797155347,0.0194272589156201,True,0.8224615354803705,AUROC
AMES,toxicity,classification,ecfp,scaffold,rf,random,60,0.0177519577157143,0.0113544853882738,0.0247932268210852,0.0177519577157143,-2.0816681711721685e-17,,False,1.4310491851717675,1.4217689256964152,1.439346655958777,1.4582048531974396,1.0,False,0.8224615354803705,AUROC
AMES,toxicity,classification,ecfp,scaffold,hgb,shap,60,0.4386930414663203,0.3705963259842457,0.5076546908498583,0.0305067257338932,0.4081863157324271,0.0,True,0.0,0.0,0.0,0.0,0.6050961211492012,False,0.8390274386699221,AUROC
AMES,toxicity,classification,ecfp,scaffold,hgb,lime,60,0.1133883252492667,0.0783998047271944,0.1529658576103715,0.0305067257338932,0.0828815995153735,0.0,True,0.0062033332926291,0.0038598764591448,0.0093136911157609,0.0184793979622073,0.0194069873478158,True,0.8390274386699221,AUROC
AMES,toxicity,classification,ecfp,scaffold,hgb,random,60,0.0305067257338932,0.01384876341267,0.0481125461160788,0.0305067257338932,0.0,,False,1.438727218287002,1.4308989979955895,1.4463417334830582,1.4689994431785134,1.0,False,0.8390274386699221,AUROC
AMES,toxicity,classification,ecfp,scaffold,mlp,ig,60,0.6872691848211817,0.6274701421211163,0.7412156656715604,0.0674630436632368,0.6198061411579449,0.0,True,0.0966458291894452,0.0740600577626873,0.1164544495744234,0.15917492862766,0.2886196342862116,True,0.7812928729217533,AUROC
AMES,toxicity,classification,ecfp,scaffold,mlp,lime,60,0.1853770151734352,0.1102510643419292,0.2603916814716325,0.0674630436632368,0.1179139715101983,0.0,True,0.0092605457924062,0.0048442403156332,0.0148602129931376,0.030114569310392,0.0163405763527262,True,0.7812928729217533,AUROC
AMES,toxicity,classification,ecfp,scaffold,mlp,random,60,0.0674630436632368,0.02717050537467,0.1186741604821549,0.0674630436632368,0.0,,False,1.43187811260497,1.4263319504601748,1.440708982843649,1.4627130723445667,1.0,False,0.7812928729217533,AUROC
AMES,toxicity,classification,ecfp,random,rf,shap,60,0.157841956446941,0.1139528402236117,0.1917224557113893,0.0214104475067605,0.1364315089401805,0.0,True,0.0,0.0,0.0,0.0,0.3088355606960188,True,0.8618242802428485,AUROC
AMES,toxicity,classification,ecfp,random,rf,lime,60,0.128473629278109,0.0947151597273787,0.1623157344653185,0.0214104475067605,0.1070631817713485,0.0,True,0.014797911860468,0.0077576802730839,0.0226070474867751,0.0443320985244588,0.0182360893519957,True,0.8618242802428485,AUROC
AMES,toxicity,classification,ecfp,random,rf,random,60,0.0214104475067605,0.0148307494847225,0.0292348213000062,0.0214104475067605,2.4286128663675302e-17,,False,1.4371427535208,1.4275353875200716,1.4467761045780088,1.468318149719563,1.0,False,0.8618242802428485,AUROC
AMES,toxicity,classification,ecfp,random,hgb,shap,60,0.3854606766095906,0.3030436668542028,0.479203078635231,0.0458595095986435,0.3396011670109471,0.0,True,0.0,0.0,0.0,0.0,0.537873778823487,False,0.8958664333356359,AUROC
AMES,toxicity,classification,ecfp,random,hgb,lime,60,0.1896079954075633,0.1214403730432305,0.2565139261941485,0.0458595095986435,0.1437484858089198,0.0,True,0.0159844620363252,0.0068208221026417,0.0288545578822559,0.077891832795973,0.013940837903744,True,0.8958664333356359,AUROC
AMES,toxicity,classification,ecfp,random,hgb,random,60,0.0458595095986435,0.0270652867702122,0.0650375749641608,0.0458595095986435,0.0,,False,1.434580562959579,1.4243565079245115,1.4430501849324182,1.4695648180598626,1.0,False,0.8958664333356359,AUROC
AMES,toxicity,classification,ecfp,random,mlp,ig,60,0.5823388558295037,0.5154697424711453,0.6400865829984346,0.0630741220381524,0.5192647337913513,0.0,True,0.2544602782642333,0.0698992385234265,0.5918300989313602,2.1042841025303574,0.2732193579324832,True,0.8506259258406441,AUROC
AMES,toxicity,classification,ecfp,random,mlp,lime,60,0.2319713595840666,0.1451933738175365,0.3112906869583658,0.0630741220381524,0.1688972375459141,0.0,True,0.1714956879607728,0.0036360633837749,0.5041306582069754,1.9981807035373047,0.0157581200442078,True,0.8506259258406441,AUROC
AMES,toxicity,classification,ecfp,random,mlp,random,60,0.0630741220381524,0.0221503347489568,0.113169259958797,0.0630741220381524,0.0,,False,1.44608888618104,1.4360215810520875,1.4556090324139046,1.4670672586759133,1.0,False,0.8506259258406441,AUROC
LD50,toxicity,regression,ecfp,scaffold,rf,shap,60,0.7640933897503341,0.5307579923441348,1.0472683218485663,0.1881474802893074,0.5759459094610266,0.0,True,0.0,0.0,0.0,0.0,0.2296782618425193,True,0.4754238151705982,Spearman
LD50,toxicity,regression,ecfp,scaffold,rf,lime,60,0.4955190244577587,0.2789489851688537,0.740726466373566,0.1881474802893074,0.3073715441684512,0.0,True,0.0045444103049948,0.0019461738425373,0.0087621171844817,0.025651937603859,0.0182971864324805,True,0.4754238151705982,Spearman
LD50,toxicity,regression,ecfp,scaffold,rf,random,60,0.188147480289308,0.0887458466365933,0.3146551994375293,0.1881474802893074,5.551115123125784e-16,,False,1.4280429342886665,1.4208398869146412,1.4348467785622006,1.459778922825065,1.0,False,0.4754238151705982,Spearman
LD50,toxicity,regression,ecfp,scaffold,hgb,shap,60,1.3045686031366386,1.0692158831135845,1.5421213698126732,0.2363093190449972,1.0682592840916414,0.0,True,0.0,0.0,0.0,0.0,0.6092429982181305,False,0.4839090864747012,Spearman
LD50,toxicity,regression,ecfp,scaffold,hgb,lime,60,0.6251448795749239,0.4850436842074005,0.7796559136581864,0.2363093190449972,0.3888355605299267,0.0,True,0.0049838167816278,0.0037934340385006,0.0063820354451999,0.0090667971162198,0.0176274444792659,True,0.4839090864747012,Spearman
LD50,toxicity,regression,ecfp,scaffold,hgb,random,60,0.2363093190449972,0.1671865464022678,0.3141691728957569,0.2363093190449972,0.0,,False,1.430593298162104,1.4200760628841436,1.441043262036523,1.4571144525658473,1.0,False,0.4839090864747012,Spearman
LD50,toxicity,regression,ecfp,scaffold,mlp,ig,60,1.5464569042553191,1.3148626295438346,1.7723202603398946,0.3345068015827565,1.2119501026725628,0.0,True,0.1247410826905953,0.0850990642998775,0.1805030271697494,0.3877243060704538,0.2468904773111216,True,0.2902005913488413,Spearman
LD50,toxicity,regression,ecfp,scaffold,mlp,lime,60,0.4215255038864497,0.3587599626554746,0.4989238271241386,0.3345068015827565,0.0870187023036932,0.03,True,0.0035879690324459,0.0028964121557855,0.0042134557995328,0.0056865629613499,0.0224600177023229,True,0.2902005913488413,Spearman
LD50,toxicity,regression,ecfp,scaffold,mlp,random,60,0.3345068015827565,0.2704185252594632,0.4041349114546351,0.3345068015827565,0.0,,False,1.4501024818342665,1.4402203635168949,1.459885103772946,1.472158961328014,1.0,False,0.2902005913488413,Spearman
LD50,toxicity,regression,ecfp,random,rf,shap,60,0.7544357880424478,0.5373341928766358,0.9684527881452688,0.2103474197851396,0.5440883682573082,0.0,True,0.0,0.0,0.0,0.0,0.2138045995384366,True,0.6280434520435918,Spearman
LD50,toxicity,regression,ecfp,random,rf,lime,60,0.6414213522689719,0.42281372806191,0.8473338047633007,0.2103474197851396,0.4310739324838323,0.0,True,0.0109731998725752,0.0040064979119463,0.022345380399721,0.0740756543608398,0.0208168571387561,True,0.6280434520435918,Spearman
LD50,toxicity,regression,ecfp,random,rf,random,60,0.2103474197851395,0.1019661617316336,0.3373659227181331,0.2103474197851396,-5.551115123125783e-17,,False,1.43705585458856,1.426336426413861,1.4482911036905646,1.4750136112136305,1.0,False,0.6280434520435918,Spearman
LD50,toxicity,regression,ecfp,random,hgb,shap,60,1.0945441333265142,0.8751053749654398,1.337596257799738,0.1962802078747051,0.8982639254518091,0.0,True,0.0,0.0,0.0,0.0,0.5164940781630432,False,0.7012501884767937,Spearman
LD50,toxicity,regression,ecfp,random,hgb,lime,60,0.8334830247134744,0.6238100646172366,1.085740231939336,0.1962802078747051,0.6372028168387692,0.0,True,0.0122737184053868,0.0084542097410909,0.0165780132835523,0.0259252079485567,0.0209028795139278,True,0.7012501884767937,Spearman
LD50,toxicity,regression,ecfp,random,hgb,random,60,0.1962802078747051,0.1380877079264791,0.2642156555779998,0.1962802078747051,0.0,,False,1.427567296613527,1.4209905226798087,1.4347268228712302,1.4444802246421642,1.0,False,0.7012501884767937,Spearman
LD50,toxicity,regression,ecfp,random,mlp,ig,60,1.499275160001384,1.2679186284945656,1.734648804060287,0.2981242005389907,1.2011509594623933,0.0,True,0.1152614502093182,0.0915590144778309,0.1405426529200179,0.2017917720417769,0.2465020372543914,True,0.6276355170170015,Spearman
LD50,toxicity,regression,ecfp,random,mlp,lime,60,0.415992668731552,0.3267051877623372,0.5270524413310663,0.2981242005389907,0.1178684681925613,0.0075,True,0.010855493652191,0.0062959589680567,0.0160721087940443,0.0375765215511666,0.0228379765725899,True,0.6276355170170015,Spearman
LD50,toxicity,regression,ecfp,random,mlp,random,60,0.2981242005389907,0.2515869318113093,0.3521649322904219,0.2981242005389907,0.0,,False,1.449281194796242,1.4394383708952645,1.4590444941906389,1.4783083648637114,1.0,False,0.6276355170170015,Spearman
Caco2,absorption,regression,ecfp,scaffold,rf,shap,60,1.055099886532901,0.8388277288843056,1.3005447083700747,0.1595942201567002,0.8955056663762009,0.0,True,0.0,0.0,0.0,0.0,0.4991281353356209,True,0.5777052195839217,Spearman
Caco2,absorption,regression,ecfp,scaffold,rf,lime,60,0.6312907743980459,0.4366708040210819,0.8542414916090914,0.1595942201567002,0.4716965542413457,0.0,True,0.0053666676391063,0.0031490055626384,0.0086475441818963,0.0194210083031677,0.0183914949029895,True,0.5777052195839217,Spearman
Caco2,absorption,regression,ecfp,scaffold,rf,random,60,0.1595942201566993,0.102342548783764,0.2375334691684044,0.1595942201567002,-8.604228440844963e-16,,False,1.433182559861122,1.4212424314659644,1.442662002516529,1.4608385985051704,1.0,False,0.5777052195839217,Spearman
Caco2,absorption,regression,ecfp,scaffold,hgb,shap,60,1.6749200570866327,1.461357536756557,1.924468500523261,0.2260721813399132,1.4488478757467196,0.0,True,0.0,0.0,0.0,0.0,0.8903079678908938,False,0.6042631186015541,Spearman
Caco2,absorption,regression,ecfp,scaffold,hgb,lime,60,0.6746190463173765,0.5379930614362619,0.8145529706008882,0.2260721813399132,0.4485468649774632,0.0,True,0.0062997552067692,0.0032627690536705,0.0117713673508886,0.029138191060368,0.0204377734168153,True,0.6042631186015541,Spearman
Caco2,absorption,regression,ecfp,scaffold,hgb,random,60,0.2260721813399132,0.1699277744543957,0.282921152062647,0.2260721813399132,0.0,,False,1.4242814692247645,1.416018561065008,1.4332941243164337,1.452498085227247,1.0,False,0.6042631186015541,Spearman
Caco2,absorption,regression,ecfp,scaffold,mlp,ig,60,1.00728807511429,0.8338860238630635,1.1744141498415,0.3106151808493046,0.6966728942649852,0.0,True,0.0788456986408742,0.064994758617051,0.0946492030157021,0.1341924432817253,0.4299744682316221,True,0.3552152585374314,Spearman
Caco2,absorption,regression,ecfp,scaffold,mlp,lime,60,0.6297822526190431,0.4832333345614218,0.8109574243202545,0.3106151808493046,0.3191670717697384,0.0,True,0.0126545823617004,0.0079964437229642,0.0199460868051981,0.0444990658061054,0.0184448821208345,True,0.3552152585374314,Spearman
Caco2,absorption,regression,ecfp,scaffold,mlp,random,60,0.3106151808493046,0.2690006932749464,0.3607358169856403,0.3106151808493046,0.0,,False,1.4253191681246309,1.4200250264635972,1.4306186885993633,1.4399983398344804,1.0,False,0.3552152585374314,Spearman
Caco2,absorption,regression,ecfp,random,rf,shap,60,0.9223586661043608,0.6969468576861299,1.183308730012375,0.0860929978388953,0.8362656682654654,0.0,True,0.0,0.0,0.0,0.0,0.4787001944755356,True,0.7546012698060671,Spearman
Caco2,absorption,regression,ecfp,random,rf,lime,60,0.6658611004919819,0.4544740487764236,0.9019144520203732,0.0860929978388953,0.5797681026530865,0.0,True,0.0082743495963497,0.0045321779877887,0.012571241476646,0.0231232922504436,0.0198386701324019,True,0.7546012698060671,Spearman
Caco2,absorption,regression,ecfp,random,rf,random,60,0.0860929978388955,0.0577553784705976,0.1208129860431809,0.0860929978388953,1.6653345369377348e-16,,False,1.4316270703497995,1.4244871294894788,1.4399006294372725,1.4673533575762572,1.0,False,0.7546012698060671,Spearman
Caco2,absorption,regression,ecfp,random,hgb,shap,60,1.5541940818223423,1.3181430364691369,1.7920988634773731,0.242367460316692,1.3118266215056504,0.0,True,0.0,0.0,0.0,0.0,0.9062339024878104,False,0.7544350502897909,Spearman
Caco2,absorption,regression,ecfp,random,hgb,lime,60,0.6337850929011613,0.4823420080857742,0.7970473015648956,0.242367460316692,0.3914176325844692,0.0,True,0.0053050728538496,0.0036022183619485,0.0077455042517582,0.0133256750870913,0.0179079752736181,True,0.7544350502897909,Spearman
Caco2,absorption,regression,ecfp,random,hgb,random,60,0.242367460316692,0.191594910089237,0.2944043069946558,0.242367460316692,0.0,,False,1.4345774237985458,1.426800252235102,1.4428177757709562,1.4682903294455234,1.0,False,0.7544350502897909,Spearman
Caco2,absorption,regression,ecfp,random,mlp,ig,60,1.4268735922562577,1.2204768832074475,1.6280112410396232,0.3731391153453539,1.0537344769109036,0.0,True,0.0789985353149116,0.058410474863911,0.1049273477765104,0.1676853403943839,0.3963466624766535,True,0.5274461131043102,Spearman
Caco2,absorption,regression,ecfp,random,mlp,lime,60,1.0516357910690002,0.8577043211908959,1.2123442334402998,0.3731391153453539,0.6784966757236462,0.0,True,0.0182334126116963,0.0076424653206878,0.032537885579209,0.065909046231647,0.0195889084271719,True,0.5274461131043102,Spearman
Caco2,absorption,regression,ecfp,random,mlp,random,60,0.3731391153453539,0.3258560501377927,0.4239752785805871,0.3731391153453539,0.0,,False,1.4361914169309111,1.4243477101792248,1.4487711982142055,1.4843873766516091,1.0,False,0.5274461131043102,Spearman
HIA,absorption,classification,ecfp,scaffold,rf,shap,60,-0.0641290214569331,-0.0895100751544732,-0.0324363286852859,-0.0084472261273964,-0.0556817953295366,1.0,False,0.0,0.0,0.0,0.0,0.2138591861931681,True,0.9059139784946236,AUROC
HIA,absorption,classification,ecfp,scaffold,rf,lime,60,-0.0453955338727818,-0.0776977306789721,-0.0181243675566296,-0.0084472261273964,-0.0369483077453853,0.9975,False,0.0130165141587776,0.006500375776163,0.0202891598709493,0.0388895636285792,0.0198146681278525,True,0.9059139784946236,AUROC
HIA,absorption,classification,ecfp,scaffold,rf,random,60,-0.0084472261273961,-0.016291563734042,-0.0008858653895955,-0.0084472261273964,3.0184188481996443e-16,,False,1.437435212645802,1.4319104742016766,1.4435220593387992,1.4602678627947776,1.0,False,0.9059139784946236,AUROC
HIA,absorption,classification,ecfp,scaffold,hgb,shap,60,0.1733844329857451,0.0858084361110208,0.2713420297153948,0.0615821357043846,0.1118022972813604,0.0025,True,0.0,0.0,0.0,0.0,0.8789004751227947,False,0.9301075268817204,AUROC
HIA,absorption,classification,ecfp,scaffold,hgb,lime,60,0.1124947851238956,0.0556383365454477,0.1852523349478453,0.0615821357043846,0.050912649419511,0.0825,False,0.0053136538151677,0.0019037599795473,0.0103232375898513,0.0234368488254498,0.0183530300142017,True,0.9301075268817204,AUROC
HIA,absorption,classification,ecfp,scaffold,hgb,random,60,0.0615821357043846,0.0227295903785003,0.1105733610673952,0.0615821357043846,0.0,,False,1.4290906357653288,1.4209098349018188,1.4396918704591073,1.4614877531160535,1.0,False,0.9301075268817204,AUROC
HIA,absorption,classification,ecfp,scaffold,mlp,ig,60,0.1603878984848658,0.0922140965114037,0.2381057642565832,0.0094654464059405,0.1509224520789252,0.0,True,0.0888700974829245,0.0672660527991126,0.1132740561374315,0.159205346881869,0.422208006894722,True,0.8678315412186379,AUROC
HIA,absorption,classification,ecfp,scaffold,mlp,lime,60,0.1184895399543974,0.0497649668322669,0.191019116251005,0.0094654464059405,0.1090240935484568,0.0,True,0.0056969142675877,0.0024203655440875,0.0117365081389258,0.0372430262156844,0.0195282701628628,True,0.8678315412186379,AUROC
HIA,absorption,classification,ecfp,scaffold,mlp,random,60,0.0094654464059405,-0.0023177408840921,0.0231503226194116,0.0094654464059405,0.0,,False,1.4359602262608968,1.4226343897632787,1.4468711868688329,1.4663246582247678,1.0,False,0.8678315412186379,AUROC
HIA,absorption,classification,ecfp,random,rf,shap,60,-0.0153040874156381,-0.0617765573914924,0.0360413802721191,0.0004744747981984,-0.0157785622138365,0.78,False,0.0,0.0,0.0,0.0,0.2293222044707777,True,1.0,AUROC
HIA,absorption,classification,ecfp,random,rf,lime,60,0.0077624919785972,-0.0351703420312619,0.0565448889344998,0.0004744747981984,0.0072880171803988,0.3575,False,0.0102165880507561,0.0039529822730061,0.0204544119376983,0.0629566857227439,0.0169644440458134,True,1.0,AUROC
HIA,absorption,classification,ecfp,random,rf,random,60,0.0004744747981984,-0.0075526093817671,0.0113838570787959,0.0004744747981984,6.906367838732663e-17,,False,1.4383130409704032,1.4325966144356057,1.4441929745737618,1.4576675133158652,1.0,False,1.0,AUROC
HIA,absorption,classification,ecfp,random,hgb,shap,60,0.7700623994869965,0.720156580165218,0.807955106142004,0.0489056015967857,0.7211567978902108,0.0,True,0.0,0.0,0.0,0.0,0.8962239657118201,False,0.9731601731601732,AUROC
HIA,absorption,classification,ecfp,random,hgb,lime,60,0.1262025637943436,0.0712152260187043,0.1938923297161549,0.0489056015967857,0.0772969621975579,0.01,True,0.0024338461252852,0.0019717142230319,0.0029602987580441,0.0048604289031799,0.0216449770528023,True,0.9731601731601732,AUROC
HIA,absorption,classification,ecfp,random,hgb,random,60,0.0489056015967857,0.0163264023090791,0.0893002992247685,0.0489056015967857,0.0,,False,1.4335221545184866,1.4213536148413746,1.445131850570253,1.469471218256501,1.0,False,0.9731601731601732,AUROC
HIA,absorption,classification,ecfp,random,mlp,ig,60,0.1428916775517993,0.070002934684356,0.2263012892421748,0.0002018549376063,0.1426898226141929,0.0,True,0.0856850076087856,0.0726868060129189,0.0963160399680634,0.1230221660656588,0.422183839253031,True,0.9593073593073592,AUROC
HIA,absorption,classification,ecfp,random,mlp,lime,60,0.0575501314467854,0.0168245138103763,0.1058433355225456,0.0002018549376063,0.057348276509179,0.0,True,0.004438333531277,0.0032972000891397,0.0057621053020115,0.0106123205071892,0.0194091232668008,True,0.9593073593073592,AUROC
HIA,absorption,classification,ecfp,random,mlp,random,60,0.0002018549376063,-0.0209410585463046,0.0213988816531168,0.0002018549376063,0.0,,False,1.4256352384421298,1.4172090198173577,1.4363065288993366,1.4652923436274383,1.0,False,0.9593073593073592,AUROC
BBB,distribution,classification,ecfp,scaffold,rf,shap,60,-0.0067317648027104,-0.0500327325140973,0.0495307268233933,-0.0002713710418896,-0.0064603937608208,0.65,False,0.0,0.0,0.0,0.0,0.2818483035579354,True,0.8776135419551372,AUROC
BBB,distribution,classification,ecfp,scaffold,rf,lime,60,0.0250512586424341,-0.0145950653924442,0.072914058853141,-0.0002713710418896,0.0253226296843237,0.06,False,0.007197222136848,0.0031568175998268,0.0122481955202095,0.0310312104981979,0.0194308834376802,True,0.8776135419551372,AUROC
BBB,distribution,classification,ecfp,scaffold,rf,random,60,-0.0002713710418893,-0.0064037396487971,0.0083257560493397,-0.0002713710418896,2.270861450270889e-16,,False,1.4406276895820938,1.433179895396713,1.448562835480762,1.4660552852229585,1.0,False,0.8776135419551372,AUROC
BBB,distribution,classification,ecfp,scaffold,hgb,shap,60,0.1645404237608717,0.0718485720518425,0.2496260977077995,0.0202974682601043,0.1442429555007673,0.0,True,0.0,0.0,0.0,0.0,0.8240761363085347,False,0.8625553863195791,AUROC
BBB,distribution,classification,ecfp,scaffold,hgb,lime,60,0.0482435045332653,0.0123565772899145,0.0883283947791964,0.0202974682601043,0.027946036273161,0.1,False,0.0038506080780719,0.0027952566392643,0.0051097943686224,0.0083312214714631,0.0184268973695912,True,0.8625553863195791,AUROC
BBB,distribution,classification,ecfp,scaffold,hgb,random,60,0.0202974682601043,0.004093154129688,0.0394823606573487,0.0202974682601043,0.0,,False,1.43983642698809,1.429884907142086,1.4500882714286012,1.4609351839863038,1.0,False,0.8625553863195791,AUROC
BBB,distribution,classification,ecfp,scaffold,mlp,ig,60,0.2965108354886372,0.1979419473144743,0.4204288583083285,0.0188229163487752,0.277687919139862,0.0,True,0.0832809039232386,0.0641932617360346,0.1032636807448388,0.1434638047239961,0.3409189061563917,True,0.8576052340072002,AUROC
BBB,distribution,classification,ecfp,scaffold,mlp,lime,60,0.0765801656577322,0.0312588161850969,0.120112738572061,0.0188229163487752,0.0577572493089569,0.005,True,0.003729169461117,0.002959836227831,0.0045880041607758,0.006645942165908,0.0148503189922139,True,0.8576052340072002,AUROC
BBB,distribution,classification,ecfp,scaffold,mlp,random,60,0.0188229163487752,-0.0033897552308109,0.0440715793768564,0.0188229163487752,0.0,,False,1.4336063387984197,1.424244201594765,1.4440502630466086,1.4643203506785565,1.0,False,0.8576052340072002,AUROC
BBB,distribution,classification,ecfp,random,rf,shap,60,0.0422167219478278,-0.0108356767709713,0.0990682208536775,0.006378904653299,0.0358378172945287,0.0925,False,0.0,0.0,0.0,0.0,0.2625393006582807,True,0.8862349972722312,AUROC
BBB,distribution,classification,ecfp,random,rf,lime,60,0.0660113949440301,0.0172232682690087,0.1172508882324468,0.006378904653299,0.0596324902907311,0.0025,True,0.0086980797691395,0.0053481420070985,0.0126703031262956,0.0282894124051715,0.024854815227755,True,0.8862349972722312,AUROC
BBB,distribution,classification,ecfp,random,rf,random,60,0.006378904653299,-0.0002723445746244,0.0160573553019508,0.006378904653299,-5.724587470723462e-17,,False,1.4376941348093384,1.429200081979347,1.4447668269206797,1.464197494118077,1.0,False,0.8862349972722312,AUROC
BBB,distribution,classification,ecfp,random,hgb,shap,60,0.1895013872760294,0.1034044613395018,0.2811971655573202,0.0118782809888554,0.1776231062871739,0.0,True,0.0,0.0,0.0,0.0,0.8014083561776069,False,0.9000443262411347,AUROC
BBB,distribution,classification,ecfp,random,hgb,lime,60,0.0981779635042539,0.0425456466359794,0.1522577899293924,0.0118782809888554,0.0862996825153984,0.0,True,0.0055369443531084,0.0024527166783048,0.0088764374244295,0.0186782466632217,0.0186257823772731,True,0.9000443262411347,AUROC
BBB,distribution,classification,ecfp,random,hgb,random,60,0.0118782809888554,-0.0045523239552167,0.0289442164334112,0.0118782809888554,0.0,,False,1.4356194299685665,1.4229901482475436,1.4488383475507636,1.4737561719215715,1.0,False,0.9000443262411347,AUROC
BBB,distribution,classification,ecfp,random,mlp,ig,60,0.2861862136258019,0.179840949492322,0.3896854088703791,0.0073352909750408,0.278850922650761,0.0,True,0.0726036598028924,0.0603225250958629,0.0869030292586088,0.1109718556064057,0.3296791215180307,True,0.8803532460447354,AUROC
BBB,distribution,classification,ecfp,random,mlp,lime,60,0.0901001724931928,0.0406875212449166,0.1457459105634027,0.0073352909750408,0.082764881518152,0.0025,True,0.0053940949619258,0.0035083299086184,0.0077418842499382,0.0140127578587348,0.0217283093719251,True,0.8803532460447354,AUROC
BBB,distribution,classification,ecfp,random,mlp,random,60,0.0073352909750408,-0.008680151907934,0.0229504386087258,0.0073352909750408,0.0,,False,1.4339202372797342,1.4236587970446826,1.4455320661246356,1.4739139774241443,1.0,False,0.8803532460447354,AUROC
VDss,distribution,regression,ecfp,scaffold,rf,shap,60,0.548523719260683,0.3446446113102436,0.8221819578229204,0.1409730646995743,0.4075506545611086,0.0,True,0.0,0.0,0.0,0.0,0.2090194332248196,True,0.409803985913089,Spearman
VDss,distribution,regression,ecfp,scaffold,rf,lime,60,0.471268048365647,0.2726094542201314,0.746414843414455,0.1409730646995743,0.3302949836660727,0.0,True,0.0060989414212868,0.0029663647639982,0.0101629111652128,0.0229385730770042,0.0180577734231855,True,0.409803985913089,Spearman
VDss,distribution,regression,ecfp,scaffold,rf,random,60,0.1409730646995744,0.0408134132370589,0.3143016758256737,0.1409730646995743,2.775557561562892e-17,,False,1.4425327771139445,1.431911391703034,1.4532131466991496,1.477837802265847,1.0,False,0.409803985913089,Spearman
VDss,distribution,regression,ecfp,scaffold,hgb,shap,60,0.6246622948709057,0.4101516896329478,0.8962176599203914,0.1993101335054896,0.4253521613654161,0.0,True,0.0,0.0,0.0,0.0,0.775252033134052,False,0.4386495372896836,Spearman
VDss,distribution,regression,ecfp,scaffold,hgb,lime,60,0.365748806105946,0.247957827645576,0.5472699039367632,0.1993101335054896,0.1664386726004564,0.0,True,0.0036180477444138,0.0025308535018839,0.0050144619391757,0.0094601124167571,0.0136181575350913,True,0.4386495372896836,Spearman
VDss,distribution,regression,ecfp,scaffold,hgb,random,60,0.1993101335054896,0.1350408138287041,0.3036273913386615,0.1993101335054896,0.0,,False,1.429428835834445,1.4215234542475617,1.437424810304244,1.4596274705070076,1.0,False,0.4386495372896836,Spearman
VDss,distribution,regression,ecfp,scaffold,mlp,ig,60,0.7208891958778572,0.5243979090276727,0.9682853976486244,0.1563450599758451,0.564544135902012,0.0,True,0.2086263078956092,0.1383721142378387,0.2833071257536941,0.5568389842605722,0.2898638551971496,True,0.3340739165587668,Spearman
VDss,distribution,regression,ecfp,scaffold,mlp,lime,60,0.427762994635936,0.2724290462520216,0.6322449252581485,0.1563450599758451,0.2714179346600909,0.0,True,0.0060747901483107,0.0048287645107681,0.0075884077423563,0.0139964530657999,0.0203185468228049,True,0.3340739165587668,Spearman
VDss,distribution,regression,ecfp,scaffold,mlp,random,60,0.1563450599758451,0.1154935650350757,0.2024048908962089,0.1563450599758451,0.0,,False,1.4362552927403085,1.4294602870175177,1.442705240411452,1.4535757929662698,1.0,False,0.3340739165587668,Spearman
VDss,distribution,regression,ecfp,random,rf,shap,60,0.4091247414520957,0.2386162628248194,0.6526660177962871,0.0769046890090739,0.3322200524430218,0.0,True,0.0,0.0,0.0,0.0,0.2157916759961891,True,0.4733514000374416,Spearman
VDss,distribution,regression,ecfp,random,rf,lime,60,0.3961694348808641,0.2153169730248643,0.6772071943265586,0.0769046890090739,0.3192647458717902,0.0,True,0.0049507129905597,0.0029605566404677,0.0069321546170366,0.011732938358613,0.0174736278115294,True,0.4733514000374416,Spearman
VDss,distribution,regression,ecfp,random,rf,random,60,0.0769046890090738,0.0281217639270823,0.1535507082489795,0.0769046890090739,-5.551115123125783e-17,,False,1.4338608913873965,1.4260727013129857,1.4412409154919017,1.4580967321877152,1.0,False,0.4733514000374416,Spearman
VDss,distribution,regression,ecfp,random,hgb,shap,60,0.760927236659308,0.5670860149565126,1.0074800865806204,0.2620956984982169,0.498831538161091,0.0,True,0.0,0.0,0.0,0.0,0.7659657940211843,False,0.364745340351847,Spearman
VDss,distribution,regression,ecfp,random,hgb,lime,60,0.5515282463053546,0.3329278691895957,0.8135171307803772,0.2620956984982169,0.2894325478071377,0.0,True,0.0037537066350713,0.0027150022933537,0.0048936654196042,0.0076669263436744,0.0185221394912039,True,0.364745340351847,Spearman
VDss,distribution,regression,ecfp,random,hgb,random,60,0.2620956984982169,0.1769319255294766,0.3553090976477747,0.2620956984982169,0.0,,False,1.4350374620820343,1.4266163517375847,1.444271595035673,1.4643347501207,1.0,False,0.364745340351847,Spearman
VDss,distribution,regression,ecfp,random,mlp,ig,60,0.5719428010954288,0.3773147946634385,0.8137362316812826,0.22112537547182,0.3508174256236088,0.0,True,0.1427360250502493,0.0847840997597808,0.2119343929169097,0.4265368373651725,0.2877046132145014,True,0.2619274321061796,Spearman
VDss,distribution,regression,ecfp,random,mlp,lime,60,0.3957892094341029,0.2149318097079837,0.6180018592447353,0.22112537547182,0.1746638339622828,0.005,True,0.008419191103901,0.0051185319787046,0.0119672743517701,0.0201270390623244,0.0202599858041446,True,0.2619274321061796,Spearman
VDss,distribution,regression,ecfp,random,mlp,random,60,0.22112537547182,0.1503750963993308,0.3007919832464792,0.22112537547182,0.0,,False,1.4423121515229929,1.435916542004703,1.449170882963456,1.470546950961862,1.0,False,0.2619274321061796,Spearman
CYP2C9-Sub,metabolism,classification,ecfp,scaffold,hgb,shap,60,0.5100324693533306,0.4488679388769239,0.5728623832368651,0.0382775572823274,0.4717549120710032,0.0,True,0.0,0.0,0.0,0.0,0.9113450992757596,False,0.6859421734795612,AUROC
CYP2C9-Sub,metabolism,classification,ecfp,scaffold,hgb,lime,60,0.1451595613170931,0.0975522383552651,0.2032471568148784,0.0382775572823274,0.1068820040347656,0.0,True,0.0034424387943077,0.0026745348438362,0.0042229186194017,0.0060673941787207,0.0171047551360142,True,0.6859421734795612,AUROC
CYP2C9-Sub,metabolism,classification,ecfp,scaffold,hgb,random,60,0.0382775572823274,0.013285571730107,0.0663417752381409,0.0382775572823274,0.0,,False,1.4348345988679043,1.4278869187436576,1.4418808633986129,1.4609338449890086,1.0,False,0.6859421734795612,AUROC
CYP2C9-Sub,metabolism,classification,ecfp,scaffold,mlp,ig,60,0.3829606735044056,0.3162659017493328,0.4358279567708571,0.0245094946689075,0.358451178835498,0.0,True,0.0902559747805486,0.0803847556424453,0.0995442857093139,0.1304330024253941,0.3982029905766683,True,0.6909272183449652,AUROC
CYP2C9-Sub,metabolism,classification,ecfp,scaffold,mlp,lime,60,0.0753363617592387,0.0224916261020633,0.131079432066116,0.0245094946689075,0.0508268670903311,0.02,True,0.005053331562589,0.0025361887479026,0.0079507810467417,0.016733104150704,0.0219160400894528,True,0.6909272183449652,AUROC
CYP2C9-Sub,metabolism,classification,ecfp,scaffold,mlp,random,60,0.0245094946689075,-0.0093059050291776,0.0634003531104988,0.0245094946689075,0.0,,False,1.4331029028651256,1.4267024181716466,1.439564077128813,1.455480792347677,1.0,False,0.6909272183449652,AUROC
CYP2C9-Sub,metabolism,classification,ecfp,random,rf,shap,60,-0.0490031426013655,-0.062738920312698,-0.0362241757258485,-0.0038892321837855,-0.04511391041758,1.0,False,0.0,0.0,0.0,0.0,0.3423476495677702,True,0.6467236467236468,AUROC
CYP2C9-Sub,metabolism,classification,ecfp,random,rf,lime,60,-0.0362195285739576,-0.0507975108881533,-0.0217086561718148,-0.0038892321837855,-0.0323302963901721,1.0,False,0.0151593866544642,0.0077141315324962,0.0229966968339499,0.0483448482966075,0.0286114508514585,True,0.6467236467236468,AUROC
CYP2C9-Sub,metabolism,classification,ecfp,random,rf,random,60,-0.0038892321837858,-0.0069534238439373,-0.001236595891207,-0.0038892321837855,-3.3133218391157016e-16,,False,1.4351311097282655,1.4280630766557905,1.4436531638597538,1.4612371703242455,1.0,False,0.6467236467236468,AUROC
CYP2C9-Sub,metabolism,classification,ecfp,random,hgb,shap,60,0.4626335445684371,0.425130656019785,0.4982716207743347,0.0526844686392321,0.4099490759292049,0.0,True,0.0,0.0,0.0,0.0,0.9060228859102006,False,0.67752849002849,AUROC
CYP2C9-Sub,metabolism,classification,ecfp,random,hgb,lime,60,0.0730661290260712,0.0174720084716869,0.1254294832763227,0.0526844686392321,0.0203816603868391,0.2625,False,0.0053885598215804,0.0029649012126165,0.0086373837003618,0.0188532350501646,0.0174262005939216,True,0.67752849002849,AUROC
CYP2C9-Sub,metabolism,classification,ecfp,random,hgb,random,60,0.0526844686392321,0.0149504698957833,0.1057388914117689,0.0526844686392321,0.0,,False,1.4426430770673042,1.4368044153563062,1.450165118787906,1.4625037613352538,1.0,False,0.67752849002849,AUROC
CYP2C9-Sub,metabolism,classification,ecfp,random,mlp,ig,60,0.4000887508193652,0.331732242806918,0.4798566536108652,0.0263708965645896,0.3737178542547756,0.0,True,0.0956207605465387,0.0756676426290563,0.1218857463759528,0.1727190083976701,0.4074567549034855,True,0.6570512820512822,AUROC
CYP2C9-Sub,metabolism,classification,ecfp,random,mlp,lime,60,0.1397357611192597,0.0715980169797937,0.2171395187452435,0.0263708965645896,0.11336486455467,0.0,True,0.0055952145717662,0.0025258159004186,0.0089525993634335,0.0193943099404478,0.0177180107317965,True,0.6570512820512822,AUROC
CYP2C9-Sub,metabolism,classification,ecfp,random,mlp,random,60,0.0263708965645896,0.0053751211778985,0.0503104185478554,0.0263708965645896,0.0,,False,1.4398538778940928,1.4239199604021469,1.4539299485401451,1.4828409774594784,1.0,False,0.6570512820512822,AUROC
CYP3A4-Sub,metabolism,classification,ecfp,scaffold,rf,shap,60,0.1014917928555018,0.0765691290666676,0.1283099605789072,0.0087793182491155,0.0927124746063862,0.0,True,0.0,0.0,0.0,0.0,0.5455688282319564,False,0.6857043558850788,AUROC
CYP3A4-Sub,metabolism,classification,ecfp,scaffold,rf,lime,60,0.0433567663581953,0.0308581749800383,0.0553318197341593,0.0087793182491155,0.0345774481090797,0.0,True,0.0062198933640675,0.0042975548044941,0.0081625530399965,0.012952938210065,0.0193171826146531,True,0.6857043558850788,AUROC
CYP3A4-Sub,metabolism,classification,ecfp,scaffold,rf,random,60,0.0087793182491156,0.0045145166106925,0.0131665245125824,0.0087793182491155,5.2041704279304207e-17,,False,1.4221535780104553,1.414549777625986,1.4302592975183903,1.446956924082618,1.0,False,0.6857043558850788,AUROC
CYP3A4-Sub,metabolism,classification,ecfp,scaffold,hgb,shap,60,0.471597088050017,0.3691154119835745,0.5710529465902745,0.0788375063796597,0.3927595816703573,0.0,True,0.0,0.0,0.0,0.0,0.9260651428380382,False,0.6629981464318815,AUROC
CYP3A4-Sub,metabolism,classification,ecfp,scaffold,hgb,lime,60,0.1818791666967164,0.133011556206202,0.2381611774466709,0.0788375063796597,0.1030416603170567,0.0,True,0.0039950075992968,0.003274654395266,0.0048587587705185,0.007123849608885,0.0164281422091689,True,0.6629981464318815,AUROC
CYP3A4-Sub,metabolism,classification,ecfp,scaffold,hgb,random,60,0.0788375063796597,0.0457542226042201,0.1153911424177347,0.0788375063796597,0.0,,False,1.430701439394018,1.4189129635992943,1.4407730890342485,1.4595796209022929,1.0,False,0.6629981464318815,AUROC
CYP3A4-Sub,metabolism,classification,ecfp,scaffold,mlp,ig,60,0.6024111845427088,0.5438057694004641,0.6629973193340831,0.0324570804834365,0.5699541040592723,0.0,True,0.0675403066828065,0.0561730419621335,0.0780451455864936,0.1158337429501828,0.4105657275692983,True,0.6731927710843374,AUROC
CYP3A4-Sub,metabolism,classification,ecfp,scaffold,mlp,lime,60,0.14419051590893,0.0928922192917929,0.2055641732489068,0.0324570804834365,0.1117334354254934,0.0,True,0.0041109261384998,0.0030531568015985,0.0050730890147693,0.0071333274521098,0.0196487187920808,True,0.6731927710843374,AUROC
CYP3A4-Sub,metabolism,classification,ecfp,scaffold,mlp,random,60,0.0324570804834365,-0.0026776566232244,0.0658950876941283,0.0324570804834365,0.0,,False,1.421197088229868,1.4129767646683111,1.4284133802631829,1.4396002360813704,1.0,False,0.6731927710843374,AUROC
CYP3A4-Sub,metabolism,classification,ecfp,random,rf,shap,60,0.1169194724024038,0.0927185245293169,0.1436919806089311,0.0114607580434197,0.105458714358984,0.0,True,0.0,0.0,0.0,0.0,0.5330387235953165,False,0.6430180180180181,AUROC
CYP3A4-Sub,metabolism,classification,ecfp,random,rf,lime,60,0.0661585718903792,0.0480394514439577,0.0842933915885418,0.0114607580434197,0.0546978138469594,0.0,True,0.0060298435801743,0.0042564439433685,0.0078333967074828,0.0154161469988112,0.0185055121429368,True,0.6430180180180181,AUROC
CYP3A4-Sub,metabolism,classification,ecfp,random,rf,random,60,0.0114607580434197,0.007163361434531,0.0163355912652588,0.0114607580434197,-2.949029909160572e-17,,False,1.4341415728534976,1.4231651943188373,1.4446805856919036,1.4604468613009929,1.0,False,0.6430180180180181,AUROC
CYP3A4-Sub,metabolism,classification,ecfp,random,hgb,shap,60,0.4736511586140912,0.3693191776224272,0.5948800970467656,0.0320162468182634,0.4416349117958278,0.0,True,0.0,0.0,0.0,0.0,0.9212467918191518,False,0.6297297297297296,AUROC
CYP3A4-Sub,metabolism,classification,ecfp,random,hgb,lime,60,0.2346149964642258,0.1693029328005573,0.3044732696874799,0.0320162468182634,0.2025987496459624,0.0,True,0.0044573388291568,0.0035183003971011,0.0054649311733976,0.0071553717041705,0.0186250412538746,True,0.6297297297297296,AUROC
CYP3A4-Sub,metabolism,classification,ecfp,random,hgb,random,60,0.0320162468182634,0.0110641585119485,0.054327159962939,0.0320162468182634,0.0,,False,1.4404258095866105,1.4333714538122186,1.4483099425994717,1.465185938899768,1.0,False,0.6297297297297296,AUROC
CYP3A4-Sub,metabolism,classification,ecfp,random,mlp,ig,60,0.6013288923435741,0.5384411477297545,0.6674948689921035,0.0520893820457988,0.5492395102977753,0.0,True,0.0814402592078139,0.0664812759617691,0.0976318679045688,0.1352105912185612,0.4115888137987017,True,0.6509009009009009,AUROC
CYP3A4-Sub,metabolism,classification,ecfp,random,mlp,lime,60,0.1605622283286518,0.1066074561037951,0.220128287958602,0.0520893820457988,0.108472846282853,0.0,True,0.0070649260233841,0.0047158592863985,0.0099954803201252,0.0194473924573481,0.017074244139722,True,0.6509009009009009,AUROC
CYP3A4-Sub,metabolism,classification,ecfp,random,mlp,random,60,0.0520893820457988,0.0054441706960399,0.1053609630838036,0.0520893820457988,0.0,,False,1.4411149925051137,1.4344612109869204,1.44772362404154,1.4650352875330843,1.0,False,0.6509009009009009,AUROC
HalfLife,excretion,regression,ecfp,scaffold,rf,shap,60,0.4900827537916889,0.2822563692274711,0.7358899339761815,0.0271240686001195,0.4629586851915694,0.0,True,0.0,0.0,0.0,0.0,0.2485856324906178,True,0.1701782556535717,Spearman
HalfLife,excretion,regression,ecfp,scaffold,rf,lime,60,0.4596575955965971,0.230542932335076,0.752461048658686,0.0271240686001195,0.4325335269964776,0.0,True,0.0167912142433817,0.0078914279085072,0.0274107672429313,0.057575028317426,0.0209528485209953,True,0.1701782556535717,Spearman
HalfLife,excretion,regression,ecfp,scaffold,rf,random,60,0.0271240686001195,0.0110495533999723,0.0461507875401572,0.0271240686001195,-3.469446951953614e-18,,False,1.4331059815439484,1.4255844529599015,1.439959591905847,1.447738372497155,1.0,False,0.1701782556535717,Spearman
HalfLife,excretion,regression,ecfp,scaffold,mlp,ig,60,1.7446109933778644,1.5641637530415835,1.91202633078624,0.2300217920016014,1.514589201376263,0.0,True,0.1586739972795701,0.1052799335379352,0.2266534500791503,0.4256302276007373,0.3946571040275695,True,0.1625670929856597,Spearman
HalfLife,excretion,regression,ecfp,scaffold,mlp,lime,60,0.3726927783045135,0.2643532341876694,0.4994275977297223,0.2300217920016014,0.142670986302912,0.0,True,0.0063156703073111,0.0043051277037283,0.0084228658698108,0.0127566922557858,0.0192276625635862,True,0.1625670929856597,Spearman
HalfLife,excretion,regression,ecfp,scaffold,mlp,random,60,0.2300217920016014,0.1686883372689895,0.2960314469937041,0.2300217920016014,0.0,,False,1.435679995313088,1.4256367830335892,1.446992548581383,1.4646534167027407,1.0,False,0.1625670929856597,Spearman
HalfLife,excretion,regression,ecfp,random,rf,shap,60,0.4558226298259408,0.2387172116849418,0.7324652952573206,0.0222936545893632,0.4335289752365776,0.0,True,0.0,0.0,0.0,0.0,0.2351226115811091,True,0.2757990038441382,Spearman
HalfLife,excretion,regression,ecfp,random,rf,lime,60,0.4261073430802062,0.2054351781620857,0.6927681255093927,0.0222936545893632,0.403813688490843,0.0,True,0.0168428710848411,0.0057945861012086,0.0301345956379762,0.0676287880898754,0.0291166996619432,True,0.2757990038441382,Spearman
HalfLife,excretion,regression,ecfp,random,rf,random,60,0.0222936545893632,0.0082923973509559,0.0399204591939453,0.0222936545893632,3.469446951953614e-18,,False,1.434474446403729,1.4281436122078146,1.4420277234051349,1.4681930888125752,1.0,False,0.2757990038441382,Spearman
HalfLife,excretion,regression,ecfp,random,hgb,shap,60,0.6021197439311908,0.4195200794100711,0.8448279506041474,0.2330294826717684,0.3690902612594224,0.0,True,0.0,0.0,0.0,0.0,0.8253512940665015,False,0.112321863237459,Spearman
HalfLife,excretion,regression,ecfp,random,hgb,lime,60,0.4278015604743114,0.2485579779525642,0.6950875640690964,0.2330294826717684,0.194772077802543,0.0,True,0.0045451942423603,0.0032065494754684,0.0060742981304072,0.0096930614725969,0.0167958014409292,True,0.112321863237459,Spearman
HalfLife,excretion,regression,ecfp,random,hgb,random,60,0.2330294826717684,0.161083821895613,0.3239645022503487,0.2330294826717684,0.0,,False,1.4296515486564545,1.419063786575122,1.4390147984822088,1.4517552688931672,1.0,False,0.112321863237459,Spearman
HalfLife,excretion,regression,ecfp,random,mlp,ig,60,1.7281275581465,1.5487154647040493,1.8834230947784247,0.2815229948477483,1.446604563298752,0.0,True,0.1017216248106432,0.0754122187207137,0.137190074297676,0.2695430983827922,0.3801325543918234,True,0.1402267868064225,Spearman
HalfLife,excretion,regression,ecfp,random,mlp,lime,60,0.395719784294412,0.2869521350080413,0.51586084632974,0.2815229948477483,0.1141967894466637,0.0225,True,0.0096667586916028,0.0061564594070722,0.0136587792647705,0.0254438975875571,0.0186412685990005,True,0.1402267868064225,Spearman
HalfLife,excretion,regression,ecfp,random,mlp,random,60,0.2815229948477483,0.2179510950336084,0.3487211910558956,0.2815229948477483,0.0,,False,1.441568885588967,1.433127577705579,1.4514787677625547,1.4731325270708622,1.0,False,0.1402267868064225,Spearman
CL-Hepa,excretion,regression,ecfp,scaffold,rf,shap,60,0.7280635102573765,0.5253361991963507,0.978578506531698,0.1318271119267245,0.596236398330652,0.0,True,0.0,0.0,0.0,0.0,0.3341887490328853,True,0.4176157546029362,Spearman
CL-Hepa,excretion,regression,ecfp,scaffold,rf,lime,60,0.5372474253035318,0.339548794749024,0.7186857769208991,0.1318271119267245,0.4054203133768073,0.0,True,0.0105005328942554,0.0064974513339358,0.0147753320589845,0.0258063838609058,0.0181365216318048,True,0.4176157546029362,Spearman
CL-Hepa,excretion,regression,ecfp,scaffold,rf,random,60,0.1318271119267244,0.0687092873089755,0.2151418833221092,0.1318271119267245,-2.775557561562892e-17,,False,1.425336855975886,1.4191168103857184,1.4317045854396278,1.4431930300263096,1.0,False,0.4176157546029362,Spearman
CL-Hepa,excretion,regression,ecfp,scaffold,hgb,shap,60,0.8423996263494923,0.7036024292150989,0.9810693349693272,0.2986739714900608,0.5437256548594315,0.0,True,0.0,0.0,0.0,0.0,0.890019801007717,False,0.3733256903266577,Spearman
CL-Hepa,excretion,regression,ecfp,scaffold,hgb,lime,60,0.5662527372764463,0.4672152678833337,0.6668384402823038,0.2986739714900608,0.2675787657863855,0.0,True,0.0045803354542881,0.0034179803931703,0.0060321796467062,0.0106921509068533,0.0218980042085881,True,0.3733256903266577,Spearman
CL-Hepa,excretion,regression,ecfp,scaffold,hgb,random,60,0.2986739714900608,0.2364234422249925,0.373243156116754,0.2986739714900608,0.0,,False,1.437720254572408,1.4279038727145177,1.446305355577301,1.471650766191808,1.0,False,0.3733256903266577,Spearman
CL-Hepa,excretion,regression,ecfp,scaffold,mlp,ig,60,0.8756154313631771,0.7415041227259724,1.023699601523371,0.1850761214232383,0.6905393099399388,0.0,True,0.1152079955874871,0.0943653977088831,0.1403852950005613,0.2039217703947036,0.3880318601884484,True,0.3190854017462561,Spearman
CL-Hepa,excretion,regression,ecfp,scaffold,mlp,lime,60,0.3567644014332068,0.2589224088536098,0.5007927620508861,0.1850761214232383,0.1716882800099685,0.0,True,0.0077822859640279,0.0046051215723131,0.0123056831330756,0.0316279003378391,0.0209625645227884,True,0.3190854017462561,Spearman
CL-Hepa,excretion,regression,ecfp,scaffold,mlp,random,60,0.1850761214232383,0.1359196491947255,0.2499064107981716,0.1850761214232383,0.0,,False,1.425124764200586,1.4171286093927056,1.4329759355583496,1.440656697053527,1.0,False,0.3190854017462561,Spearman
CL-Hepa,excretion,regression,ecfp,random,rf,shap,60,0.6722240634046123,0.469665233489412,0.9118514952186568,0.1296215234261482,0.542602539978464,0.0,True,0.0,0.0,0.0,0.0,0.3442928004492033,True,0.3468490836144419,Spearman
CL-Hepa,excretion,regression,ecfp,random,rf,lime,60,0.6236950616737807,0.424218165840074,0.8480549431245104,0.1296215234261482,0.4940735382476324,0.0,True,0.0088632622986112,0.003658937883104,0.0158775508160363,0.0410232083384894,0.021552580960524,True,0.3468490836144419,Spearman
CL-Hepa,excretion,regression,ecfp,random,rf,random,60,0.1296215234261481,0.0758655620189175,0.2038140564519906,0.1296215234261482,-1.1102230246251563e-16,,False,1.4328266049031697,1.4229472505100569,1.4415530633436695,1.4581073322171114,1.0,False,0.3468490836144419,Spearman
CL-Hepa,excretion,regression,ecfp,random,hgb,shap,60,1.0675120138387963,0.9071062221010926,1.2282419854251092,0.2212644568894794,0.8462475569493169,0.0,True,0.0,0.0,0.0,0.0,0.8946504748674668,False,0.3521307979908289,Spearman
CL-Hepa,excretion,regression,ecfp,random,hgb,lime,60,0.6563754070805593,0.510715942103117,0.8200331370807538,0.2212644568894794,0.4351109501910798,0.0,True,0.0059735889035601,0.0042556788956118,0.0076084964517215,0.0101982717087005,0.0175939693386258,True,0.3521307979908289,Spearman
CL-Hepa,excretion,regression,ecfp,random,hgb,random,60,0.2212644568894794,0.1852062832489318,0.2636283378334655,0.2212644568894794,0.0,,False,1.438812804730239,1.4298250176153278,1.4475598206913944,1.460137098667055,1.0,False,0.3521307979908289,Spearman
CL-Hepa,excretion,regression,ecfp,random,mlp,ig,60,0.9005362125993189,0.7608227919851843,1.0279851104378597,0.1799113613575981,0.7206248512417208,0.0,True,0.1050878651228773,0.0796673764852708,0.1356594800264973,0.233125046749849,0.3779991773946859,True,0.2591523139084316,Spearman
CL-Hepa,excretion,regression,ecfp,random,mlp,lime,60,0.3716585688331785,0.2660339093072495,0.5108765676984978,0.1799113613575981,0.1917472074755803,0.0,True,0.0083783330165028,0.0051883673506447,0.0113387414519529,0.0209383827795403,0.0168372096124344,True,0.2591523139084316,Spearman
CL-Hepa,excretion,regression,ecfp,random,mlp,random,60,0.1799113613575981,0.139154772350149,0.2204048567573732,0.1799113613575981,0.0,,False,1.4357621571550856,1.4277175601702767,1.443202663548017,1.4566072288005851,1.0,False,0.2591523139084316,Spearman
