mol_idx,bit,n_atoms,n_gt,frac_gt,ig_auc,occ_auc,rand_auc,ig_faith,occ_faith,rand_faith
0,80,10,3,0.3,0.8571428571428572,0.8095238095238095,0.4285714285714286,0.6001420360989869,0.6470629018731415,-0.012070536613464355
0,114,10,1,0.1,1.0,1.0,0.11111111111111116,0.08302073171944357,0.018674986965682667,0.06870816510733373
0,342,10,1,0.1,0.33333333333333337,0.5555555555555556,0.11111111111111116,0.34800669155083597,0.3435015639600654,0.19319364801049232
0,728,10,2,0.2,0.6875,1.0,0.875,0.6369258310490599,0.84855876940613,0.49207406242688495
0,251,10,1,0.1,0.11111111111111116,0.6666666666666667,0.4444444444444444,0.161176455905661,0.003040588771303495,-0.07269768913586934
0,674,10,2,0.2,0.625,0.9375,0.4375,-0.008751040790230036,-0.5923663179079691,0.009881921663084844
0,360,10,2,0.2,0.375,0.6875,0.5625,-0.008065575578560432,-0.5916935397932926,-0.2859948718299468
0,790,10,2,0.2,0.5625,0.6875,0.5625,-0.012947678488368789,-0.6271646022796631,-0.3131664954125881
1,80,10,4,0.4,0.875,0.375,0.375,0.024499436219533283,0.050903499126434326,-0.00020662943522135416
1,33,10,2,0.2,0.25,1.0,0.625,-0.02090279261271159,0.013082623481750488,0.0172768235206604
1,807,10,2,0.2,0.1875,0.875,0.6875,0.33562594652175903,0.6663724655906359,0.22211565574010214
1,650,10,1,0.1,0.11111111111111116,0.8888888888888888,0.7777777777777778,0.5457234941422939,0.5094790458679199,0.22361688812573752
1,893,10,1,0.1,0.0,0.8888888888888888,0.4444444444444444,0.5216440210739771,0.6488021014180655,0.14285976688067117
1,1,10,1,0.1,1.0,1.0,0.2222222222222222,0.7068616372222701,0.7072309997553626,0.02143917481104533
1,294,10,2,0.2,0.375,0.9375,0.25,-0.08588645855585735,0.06627583503723145,-0.001562654972076416
1,887,10,1,0.1,1.0,0.33333333333333337,0.33333333333333337,0.1794742544492086,0.44401735067367554,0.024900436401367188
1,794,10,1,0.1,0.8888888888888888,0.6666666666666667,0.2222222222222222,0.1328249971071879,0.5471742699543635,-0.04283843437830607
1,389,10,1,0.1,0.11111111111111116,0.4444444444444444,0.2222222222222222,0.21802138102551302,0.27750617555739154,0.10633467137813568
1,591,10,1,0.1,0.8888888888888888,0.7777777777777778,0.0,0.3597445289293925,0.5332654664913813,0.39859282473723096
1,820,10,1,0.1,0.2222222222222222,0.8888888888888888,0.33333333333333337,0.06562468944078621,0.01802557232228234,-0.07664208610852559
1,739,10,1,0.1,0.6666666666666667,0.7777777777777778,0.7777777777777778,0.44030792855968076,0.44784388310896855,0.21195569386084875
1,392,10,1,0.1,0.6666666666666667,0.7777777777777778,0.7777777777777778,0.04343551203540604,0.003589930156219149,0.010531941428780556
1,520,10,1,0.1,0.5555555555555556,0.7777777777777778,1.0,0.28279425331857055,0.2853025041307167,0.14620372653007507
2,80,24,16,0.6666666666666666,0.9296875,0.3203125,0.3984375,1.5099843343098958e-06,4.335244496663412e-05,-1.73648198445638e-05
2,33,24,4,0.16666666666666666,0.1625,1.0,0.4375,0.0010832548141479492,-0.0001366734504699707,7.824103037516276e-05
2,807,24,1,0.041666666666666664,0.26086956521739135,0.8695652173913043,0.782608695652174,0.15136120716730753,0.9365154085680842,0.13302830855051676
2,650,24,1,0.041666666666666664,0.13043478260869568,1.0,0.34782608695652173,0.2862325708071391,0.818931583315134,0.01896194616953532
2,893,24,1,0.041666666666666664,0.0,0.9565217391304348,0.5652173913043479,0.6881246523310741,0.8581944934315592,0.5005891223748525
2,294,24,4,0.16666666666666666,0.15000000000000002,0.9625,0.475,-0.0077656904856363935,-0.010964035987854004,0.0047301451365153
2,695,24,1,0.041666666666666664,0.04347826086956519,0.8260869565217391,0.34782608695652173,0.221509525552392,0.23612055058280626,0.09808322538932164
2,147,24,1,0.041666666666666664,0.4782608695652174,0.9130434782608696,0.8695652173913043,-0.04381731152534485,0.14029395580291748,0.10943923145532608
2,887,24,10,0.4166666666666667,0.9285714285714285,0.2642857142857143,0.39285714285714285,-0.0010273257891337078,0.0013396938641866047,0.0032399495442708335
2,794,24,1,0.041666666666666664,0.5652173913043479,0.4347826086956522,0.6086956521739131,-0.001694341500600179,0.01804588238398234,7.625420888264974e-05
2,591,24,1,0.041666666666666664,0.5652173913043479,0.9130434782608696,0.13043478260869568,-0.002027889092763265,0.07785063982009888,0.06158411502838135
2,13,24,1,0.041666666666666664,0.30434782608695654,0.04347826086956519,0.4347826086956522,-0.024168343904117744,-0.06364619297285874,0.011588340004285177
2,116,24,3,0.125,0.7619047619047619,0.19047619047619047,0.15873015873015872,0.006511072213778372,0.006514854307056339,0.0019364000763744116
2,119,24,8,0.3333333333333333,0.8671875,0.84375,0.4765625,0.48243094856540364,0.6842691540562859,0.15251674254735312
2,420,24,1,0.041666666666666664,0.7391304347826088,0.9130434782608696,0.8260869565217391,0.36140988891323406,0.7060644013302712,0.5263076821962992
2,362,24,1,0.041666666666666664,0.26086956521739135,1.0,0.8260869565217391,0.4029300866241101,0.42749480139658164,0.2546932560702165
2,710,24,1,0.041666666666666664,0.6521739130434783,0.34782608695652173,0.3913043478260869,0.01923617177332441,0.038960113478727486,0.02044598696132501
2,767,24,1,0.041666666666666664,0.4347826086956522,0.9130434782608696,0.8695652173913043,0.00013028002611766473,0.0001520711122056373,0.0001315631055073633
3,80,13,2,0.15384615384615385,0.7272727272727273,0.9090909090909091,0.5454545454545454,0.14958053827285767,0.5310101459423701,0.005965391794840495
3,807,13,7,0.5384615384615384,0.5,0.5952380952380952,0.40476190476190477,0.05030049880345663,0.015276610851287842,0.012730340162913004
3,650,13,3,0.23076923076923078,0.1,0.7999999999999999,0.3333333333333333,0.00047218799591064453,0.016800602277119953,3.321965535481771e-05
3,893,13,3,0.23076923076923078,0.0,0.8,0.9333333333333333,0.33384918173154193,0.09617692232131958,0.04466527700424194
3,389,13,3,0.23076923076923078,0.43333333333333335,0.3333333333333333,0.3333333333333333,0.43073007340232533,0.7439524165044228,0.5878897358973821
3,114,13,1,0.07692307692307693,0.8333333333333334,1.0,0.41666666666666663,0.14983084226222823,0.17831778436208742,0.17279995186254382
3,540,13,1,0.07692307692307693,0.75,0.5833333333333333,0.5833333333333333,0.6459029229101058,0.7113465824707722,0.604274275402228
3,713,13,2,0.15384615384615385,0.7272727272727273,1.0,0.4545454545454546,0.6464188230068734,0.7168863403300444,0.35674428567290306
3,953,13,1,0.07692307692307693,0.75,0.75,0.8333333333333334,0.04416326404715557,0.013000312474711487,0.01600410571942727
4,80,10,6,0.6,1.0,0.25,0.4583333333333333,0.0003064076105753581,0.042124927043914795,0.010120769341786703
4,33,10,3,0.3,0.0,1.0,0.09523809523809523,-0.01013412078221639,0.04759939511617025,0.01598415772120158
4,294,10,3,0.3,0.1428571428571429,1.0,0.33333333333333337,-0.008552074432373047,0.3499469260374705,0.15111432472864786
4,794,10,3,0.3,0.5714285714285714,0.5714285714285714,0.47619047619047616,0.01656663417816162,0.5021755596001943,-0.03422170877456665
4,881,10,1,0.1,0.33333333333333337,1.0,0.4444444444444444,0.085472305615743,0.16874409218629202,0.1354645142952601
4,927,10,3,0.3,1.0,0.8571428571428571,0.7619047619047619,0.1492480238278707,0.16055311262607574,0.1341754049062729
4,251,10,1,0.1,0.6666666666666667,1.0,0.2222222222222222,0.0710930669059356,0.10309261735528708,-0.007804324229558309
4,674,10,3,0.3,1.0,0.8571428571428571,0.14285714285714285,0.008056440720489869,0.006198664506276448,-0.0009903799121578534
5,33,8,2,0.25,0.6666666666666667,1.0,0.5,0.07944939533869426,0.17795983950297037,0.17795983950297037
5,807,8,2,0.25,0.33333333333333337,0.75,0.5,0.4480138023694356,0.24376773834228516,0.18761181831359863
5,650,8,1,0.125,0.1428571428571429,1.0,0.8571428571428572,0.5186521112918854,0.43352043628692627,0.09322216113408406
5,893,8,1,0.125,0.0,0.8571428571428571,0.2857142857142857,0.6613004760195812,0.5266414086023966,0.739399716258049
5,1,8,2,0.25,0.9166666666666666,0.9166666666666667,0.0,0.6831382817278305,0.6831382817278305,0.6831382817278305
5,147,8,1,0.125,0.5714285714285714,0.4285714285714286,0.0,0.4321811944246292,0.49773019055525464,0.0063844720522562666
5,389,8,1,0.125,0.1428571428571429,0.4285714285714286,0.1428571428571429,0.6404780807206407,0.6404780807206407,0.050704360008239746
5,283,8,2,0.25,0.33333333333333337,0.33333333333333337,0.7500000000000001,0.5266490170421699,0.5266490170421699,0.03924248615900675
5,820,8,1,0.125,0.7142857142857143,0.8571428571428571,0.1428571428571429,0.5490618416297366,0.5490332588718351,0.5490332588718351
5,786,8,1,0.125,0.2857142857142857,0.5714285714285714,0.2857142857142857,0.5559303652068289,0.5558585701898361,-0.057064215342203774
5,1022,8,1,0.125,0.8571428571428572,0.7142857142857143,0.7142857142857143,0.12234673896697738,0.12320480146202802,0.1105236414199074
6,80,11,5,0.45454545454545453,0.9,0.43333333333333335,0.5666666666666667,0.004062195618947347,0.0974338452021281,-0.0024152000745137534
6,33,11,1,0.09090909090909091,0.30000000000000004,1.0,0.19999999999999996,0.06004933516184489,0.07622573773066203,0.08078479766845703
6,807,11,1,0.09090909090909091,0.19999999999999996,1.0,0.19999999999999996,0.019415040810902912,0.5827178855737051,0.09118421872456868
6,650,11,1,0.09090909090909091,0.19999999999999996,0.9,0.19999999999999996,0.40666987498601276,0.6533801456292471,0.11044092973073323
6,893,11,1,0.09090909090909091,0.0,0.8,0.30000000000000004,0.2195195953051249,0.774339169729501,0.6597554851323366
6,294,11,1,0.09090909090909091,0.6,1.0,0.7,0.0482719341913859,0.44137853384017944,0.15012133121490479
6,695,11,1,0.09090909090909091,0.30000000000000004,0.9,0.9,0.1969118987520536,0.2395461437602838,0.15838283548752466
6,147,11,1,0.09090909090909091,0.5,0.8,0.4,0.3575894112388293,0.4046647349993388,0.2824740757544835
6,887,11,2,0.18181818181818182,0.9444444444444444,0.5,0.6111111111111112,0.33027462661266327,0.5350255543986956,0.48286620279153186
6,694,11,1,0.09090909090909091,0.8,1.0,0.30000000000000004,-0.12191300590833028,-0.07577615976333618,-0.1903097927570343
6,794,11,1,0.09090909090909091,0.9,0.6,0.6,0.3299623305598895,0.619130564853549,0.2523797353108724
6,591,11,1,0.09090909090909091,0.9,0.8,0.09999999999999998,0.25787457420180243,0.3300310783088207,0.19544261756042638
6,342,11,1,0.09090909090909091,0.19999999999999996,0.30000000000000004,0.0,0.14233786147087812,0.19961215291793147,0.041250765323638916
6,540,11,1,0.09090909090909091,0.8,0.8,0.0,0.21695890401800474,0.31960532045923173,0.27556734159588814
6,420,11,1,0.09090909090909091,1.0,0.7,1.0,0.052059614254782595,0.05354075056190292,0.054388793898397125
6,621,11,1,0.09090909090909091,0.30000000000000004,0.8,0.6,0.034561242908239365,0.1213194044927756,0.05696110179026922
6,362,11,1,0.09090909090909091,0.6,1.0,0.30000000000000004,0.08346260401109855,-0.008033582397426168,-0.04118135819832484
6,243,11,1,0.09090909090909091,0.9,0.4,0.6,0.09619386835644643,0.11888641584664583,0.082430104414622
6,940,11,1,0.09090909090909091,0.5,0.7,0.0,0.04820634720575375,0.04842437556362711,0.02091742989917596
6,375,11,1,0.09090909090909091,0.8,0.8,0.4,0.034793726867064834,0.0034488354479738823,0.03310889865679201
6,677,11,1,0.09090909090909091,0.8,1.0,0.19999999999999996,0.0437419326287151,0.006339026382192969,0.01744324496636788
7,33,12,4,0.3333333333333333,0.1875,0.65625,0.59375,0.24919740358988443,-0.0046401868263880415,-0.21134422222773233
7,807,12,1,0.08333333333333333,1.0,0.9090909090909091,0.36363636363636365,0.20196173588434854,0.5085177260140578,0.01346824566523234
7,650,12,1,0.08333333333333333,0.4545454545454546,0.8181818181818182,0.0,0.020423094431559246,0.5854940845941504,0.02709348996480306
7,893,12,1,0.08333333333333333,0.6363636363636364,0.36363636363636365,1.0,0.7747955421606699,0.9482214763738739,0.33538105090459186
7,695,12,1,0.08333333333333333,0.8181818181818181,0.4545454545454546,0.09090909090909094,0.386307946095864,0.42589957038095844,0.3998477930823962
7,694,12,1,0.08333333333333333,0.5454545454545454,0.5454545454545454,0.6363636363636364,0.07933235230545203,-0.22120421628157297,-0.07692412535349528
7,128,12,1,0.08333333333333333,0.8181818181818181,0.8181818181818181,0.5454545454545454,0.4302945516537875,0.46401055343449116,0.0579679807027181
7,725,12,1,0.08333333333333333,0.7272727272727273,0.5454545454545454,0.9090909090909091,0.3648771874140948,0.45561288537768024,-0.11689205964406331
7,114,12,1,0.08333333333333333,1.0,1.0,0.4545454545454546,0.03705266042768093,0.009665523855616698,-0.029324796982109547
7,116,12,1,0.08333333333333333,0.09090909090909094,0.8181818181818181,0.36363636363636365,0.060880102993299566,-0.038677246153990076,-0.02951848755280177
7,392,12,2,0.16666666666666666,0.6,0.19999999999999996,0.8,0.05738030710525285,0.01763929317816822,-0.0583442784845829
7,140,12,1,0.08333333333333333,0.36363636363636365,0.7272727272727273,0.2727272727272727,0.0252245371848403,0.007921592354250606,0.009560259291902184
7,345,12,1,0.08333333333333333,0.9090909090909091,0.6363636363636364,0.4545454545454546,0.018762170065504808,0.021215594188409643,-0.006398843290905158
7,406,12,1,0.08333333333333333,0.5454545454545454,0.36363636363636365,0.2727272727272727,0.09553409939023065,0.09781246041469178,0.03103856067173183
7,232,12,1,0.08333333333333333,0.2727272727272727,0.5454545454545454,1.0,-0.0016197080258280039,-0.010333574920271834,-0.009499155217781663
8,80,11,1,0.09090909090909091,0.7,1.0,0.30000000000000004,0.32838446895281476,0.534187821050485,0.13706010580062866
8,807,11,6,0.5454545454545454,0.8,0.7666666666666666,0.5666666666666667,0.017222265402475994,0.05673414468765259,0.0002586642901102702
8,650,11,2,0.18181818181818182,0.1111111111111111,0.5555555555555556,0.6666666666666667,0.0003407994906107585,0.0006786783536275228,0.0001564621925354004
8,893,11,2,0.18181818181818182,0.3333333333333333,0.16666666666666669,0.7222222222222222,0.4279439418266217,0.40949665506680805,0.007031997044881185
8,659,11,2,0.18181818181818182,0.2777777777777778,1.0,0.38888888888888895,-0.08408562342325847,0.41646342476209003,0.02223185698191325
8,389,11,2,0.18181818181818182,0.3888888888888889,0.2777777777777778,0.8333333333333334,0.3682542492945989,0.3134017090002696,0.2582614521185557
8,85,11,1,0.09090909090909091,0.0,0.6,0.0,0.08929055680831273,0.1610818256934484,-0.060014039278030396
8,667,11,1,0.09090909090909091,0.7,0.9,0.5,0.13465041899083494,-0.022465169429779053,0.006186105310916901
8,268,11,1,0.09090909090909091,0.6,1.0,0.8,0.43249687453499064,0.4682246431087454,0.16005354126294455
8,844,11,1,0.09090909090909091,0.7,0.8,0.8,0.08083321247249842,0.14344371682576215,0.08618436008691788
9,80,5,1,0.2,0.5,0.5,0.75,-0.10008257627487183,-0.10008257627487183,0.17971797784169516
9,33,5,1,0.2,0.5,0.5,1.0,0.530105904986461,0.530105904986461,0.530105904986461
9,1,5,1,0.2,1.0,1.0,0.25,0.2454464261730512,0.24140609055757523,0.01084117591381073
9,659,5,2,0.4,0.0,1.0,0.5,0.0013483365376790364,0.374585285782814,0.36968163152535755
9,283,5,1,0.2,0.5,0.5,0.0,0.1358981491260541,-0.23670388758182526,0.1358981491260541
9,85,5,1,0.2,0.0,0.75,0.5,0.28264299035072327,0.5267328470945358,0.5097086677948633
9,914,5,1,0.2,0.25,0.75,1.0,0.17906228949626288,0.17906228949626288,-0.07372775673866272
9,798,5,1,0.2,1.0,1.0,0.25,0.03588489706938466,-0.10959420974055926,-0.054868306343754135
10,33,10,2,0.2,0.375,0.75,0.1875,0.1963332345088323,0.1930105189482371,0.004738350709279378
10,807,10,3,0.3,0.6666666666666666,0.9047619047619047,0.19047619047619047,0.03485095500946045,0.05748631556828817,0.0022844672203063965
10,650,10,2,0.2,0.0,1.0,0.125,0.31502793977657956,0.05649187167485555,0.0013381242752075195
10,893,10,2,0.2,0.125,1.0,0.875,0.5079596671081769,0.11701051394144694,0.023647785186767578
10,881,10,1,0.1,0.33333333333333337,0.7777777777777778,0.8888888888888888,-0.07715894778569539,0.668379273939839,0.4261856327454249
10,128,10,2,0.2,0.625,0.625,0.1875,0.5587091785855591,0.5587091785855591,0.013724048932393393
10,345,10,2,0.2,0.625,0.625,0.5625,0.06627697947260458,0.06838410178412839,-0.02093424399693807
10,406,10,2,0.2,0.375,0.0,0.375,0.2117405681880579,0.22125027303991374,0.21846560342237353
11,80,4,1,0.25,1.0,1.0,1.0,0.1717183068394661,-0.244849294424057,0.1717183068394661
11,728,4,1,0.25,0.33333333333333337,1.0,0.33333333333333337,0.5681775072589517,0.5723595479503274,0.5681775072589517
11,251,4,1,0.25,0.0,0.6666666666666667,0.6666666666666667,0.08582389692310244,-0.27185940742492676,-0.27185940742492676
11,674,4,1,0.25,0.6666666666666667,1.0,0.6666666666666667,-0.7652606815099716,-0.7652606815099716,-0.7652606815099716
11,360,4,1,0.25,0.33333333333333337,0.6666666666666667,0.0,-0.7250379621982574,-0.7250379621982574,0.1630719229578972
11,790,4,1,0.25,0.33333333333333337,0.6666666666666667,0.6666666666666667,-0.7373635172843933,-0.7373635172843933,-0.7373635172843933
12,80,8,2,0.25,0.6666666666666667,1.0,0.3333333333333333,-0.044778525829315186,0.26125091314315796,0.03972345590591431
12,33,8,2,0.25,0.33333333333333337,1.0,0.8333333333333334,0.08342387278874715,0.15374879042307535,0.07989718516667683
12,807,8,2,0.25,1.0,0.6666666666666667,0.5833333333333333,0.520313541094462,0.3107280333836873,0.18072015047073364
12,650,8,2,0.25,0.33333333333333337,1.0,0.6666666666666667,0.6562990422050158,0.4409279227256775,0.08892323573430379
12,893,8,2,0.25,0.0,1.0,0.33333333333333337,0.05246549844741821,0.5394042730331421,0.08135926723480225
12,294,8,2,0.25,0.33333333333333337,0.6666666666666667,0.4166666666666667,0.1790126065413157,-0.20476325352986655,0.07623977462450664
12,540,8,2,0.25,1.0,0.6666666666666667,0.5833333333333333,0.3969479550917943,0.46189054986461997,0.44382575899362564
12,715,8,2,0.25,0.6666666666666667,1.0,0.8333333333333334,-0.007188272972901662,0.05209761018947271,-0.002619041750828425
13,80,7,4,0.5714285714285714,1.0,0.6666666666666667,0.5,-0.0073099931081136065,-0.03324814637502035,0.05265869696935018
13,659,7,2,0.2857142857142857,0.0,1.0,0.3,0.20604509115219116,0.3520466387271881,0.20604509115219116
13,85,7,2,0.2857142857142857,0.0,0.8,0.8,0.31145693858464557,0.46686997016270954,0.02875727415084839
13,116,7,1,0.14285714285714285,0.33333333333333337,0.33333333333333337,0.33333333333333337,0.15438033392031988,0.1543803537885348,0.16012594600518545
13,432,7,2,0.2857142857142857,0.6,0.6,0.4,0.15867774685223898,0.15867774685223898,0.15867772698402405
13,953,7,1,0.14285714285714285,0.33333333333333337,0.33333333333333337,0.33333333333333337,0.03186534562458595,0.03186534562458595,0.029027325722078483
14,33,10,1,0.1,0.33333333333333337,0.6666666666666667,0.8888888888888888,0.1881581631799539,-0.06166441241900126,-0.0017990370591481526
14,807,10,6,0.6,0.8333333333333334,0.45833333333333337,0.3333333333333333,0.05655582745869955,0.01304940382639567,0.021149317423502605
14,650,10,2,0.2,0.125,0.6875,0.25,0.0005694230397542318,0.007132053375244141,0.0005731980005900065
14,893,10,2,0.2,0.3125,0.125,0.5625,0.3940092980240782,0.3218412746985753,0.04671637217203776
14,659,10,1,0.1,0.4444444444444444,1.0,1.0,0.28315399090449017,0.42988651245832443,0.3512417251865069
14,389,10,2,0.2,0.25,0.4375,0.625,0.5020279006954903,0.39841028054555255,0.326466162999471
14,1017,10,1,0.1,0.4444444444444444,0.6666666666666667,0.2222222222222222,0.3595747685127814,0.38133897621689056,-0.024996439615885418
14,268,10,1,0.1,0.4444444444444444,0.8888888888888888,0.7777777777777778,0.404685835611114,0.5001579225451375,0.17199458181858063
14,844,10,1,0.1,0.5555555555555556,0.7777777777777778,0.7777777777777778,0.10557667103906472,0.19506890093907714,-0.007491399844487508
15,80,29,27,0.9310344827586207,1.0,0.0,0.35185185185185186,7.947285970052083e-08,2.6226043701171875e-06,-3.9736429850260414e-08
15,33,29,1,0.034482758620689655,0.0357142857142857,0.9464285714285715,0.8928571428571429,4.784266153971354e-05,2.2252400716145832e-05,2.8212865193684897e-06
15,807,29,1,0.034482758620689655,0.0,0.0357142857142857,0.1428571428571429,0.6091463814179102,0.6207502521574497,0.6665321215987206
15,294,29,1,0.034482758620689655,0.0357142857142857,1.0,0.5714285714285714,-0.00011603037516276042,0.0002975861231486003,-0.00012858708699544272
15,887,29,25,0.8620689655172413,1.0,0.28,0.24,0.0003409385681152344,0.00046000878016153973,5.253156026204427e-05
15,794,29,1,0.034482758620689655,0.1071428571428571,0.8571428571428571,0.6428571428571428,0.00013275941212972006,0.0019698540369669595,-1.0728836059570312e-06
15,591,29,1,0.034482758620689655,0.1071428571428571,0.8928571428571428,0.7857142857142857,0.005904972553253174,0.0017861127853393555,2.9802322387695312e-06
15,222,29,1,0.034482758620689655,0.0,0.8928571428571429,1.0,0.08845807674030463,0.09682846007247765,0.09047350706532598
15,473,29,1,0.034482758620689655,0.8928571428571429,0.1785714285714286,0.0,0.02758080915858348,0.03536567588647207,0.040684595393637814
15,119,29,23,0.7931034482758621,0.717391304347826,0.5652173913043478,0.572463768115942,0.35301866630713147,0.36158421883980435,0.35532474145293236
15,420,29,1,0.034482758620689655,0.7499999999999999,0.8928571428571429,0.8571428571428572,0.2777658651272456,0.2036458949247996,0.03661084175109863
15,106,29,1,0.034482758620689655,0.0714285714285714,0.0357142857142857,0.5,0.09664215863449499,0.07184330148932834,0.09084165069119383
16,33,5,1,0.2,0.75,0.5,1.0,0.18373719851175943,0.1861779789129893,0.018341898918151855
16,807,5,1,0.2,1.0,1.0,0.0,0.18360249946514764,0.18360249946514764,-0.08328469594319661
16,342,5,1,0.2,0.25,0.5,0.0,0.28490754465262097,0.24614664912223816,0.24614664912223816
16,1017,5,1,0.2,0.75,0.75,0.0,0.02198450153809972,-0.17855766167243323,-0.14122706154982248
16,674,5,1,0.2,0.75,1.0,0.25,0.4405761907498042,0.610520583887895,0.4784158493081729
16,1022,5,1,0.2,0.5,0.25,0.25,0.042051796335726976,0.15414802497252822,0.1553417709073983
16,360,5,1,0.2,0.0,0.75,0.0,0.4445359483361244,0.5668785000840822,0.4848750854531924
16,790,5,1,0.2,0.0,0.75,0.75,0.2984742969274521,0.5013794700304667,0.0900119145711263
16,803,5,1,0.2,0.25,0.75,0.25,0.20472930107886592,-0.23986338948210081,0.17233748796085516
16,913,5,1,0.2,1.0,1.0,0.5,0.007932312393677421,-0.04657499771565199,-0.003904335666447878
17,80,6,2,0.3333333333333333,0.5,1.0,0.375,-0.03618276119232178,0.43526968856652576,0.07050732771555583
17,694,6,2,0.3333333333333333,1.0,1.0,0.375,0.01437847005824248,-0.381474116196235,-0.0451775627831618
17,728,6,2,0.3333333333333333,0.0,1.0,0.75,0.08831944068272908,0.4512960451344649,0.002032597859700521
17,251,6,2,0.3333333333333333,0.0,0.5,0.375,0.4766554882129033,0.4766554882129033,0.11828800042470296
17,332,6,2,0.3333333333333333,0.5,1.0,0.5,0.0003467593390572195,-0.10741626110393554,0.0003681867625952388
18,80,7,1,0.14285714285714285,1.0,0.6666666666666667,0.8333333333333334,-0.007498701413472493,-0.13854302962621054,-0.0271683931350708
18,33,7,2,0.2857142857142857,0.39999999999999997,1.0,0.5,0.16279998421669006,0.0780890981356303,0.13668453693389893
18,650,7,1,0.14285714285714285,0.0,0.5,0.16666666666666663,0.5355832378069559,0.6187208319703738,0.1007477839787801
18,1,7,1,0.14285714285714285,1.0,1.0,1.0,0.38545688924690086,0.3837444034094612,0.3831423344090581
18,294,7,1,0.14285714285714285,0.6666666666666667,1.0,0.5,-0.006341795126597087,-0.5450993975003561,0.00556643803914388
18,695,7,1,0.14285714285714285,0.6666666666666667,0.6666666666666667,0.33333333333333337,0.2852069415772955,0.28337895932296914,0.021680037180582683
18,283,7,1,0.14285714285714285,0.5,0.6666666666666667,0.8333333333333334,0.14697357505792752,-0.05965000903233886,0.04191259240421156
18,725,7,1,0.14285714285714285,1.0,1.0,0.16666666666666663,0.1266306589047114,0.138692374030749,0.07553217808405559
18,979,7,1,0.14285714285714285,0.0,0.6666666666666667,0.5,0.2620130019883315,0.26439473653833073,-0.03231156865755717
18,520,7,1,0.14285714285714285,0.8333333333333334,0.8333333333333334,0.8333333333333334,0.06624809515778907,0.06624809515778907,0.06624809515778907
19,80,12,3,0.25,0.8518518518518519,1.0,0.4814814814814815,0.14546050628026327,0.14995465675989786,0.07341061035792033
19,33,12,1,0.08333333333333333,0.36363636363636365,0.9090909090909091,0.9090909090909091,0.14769547681013742,-0.06827839215596516,-0.06939150889714558
19,807,12,1,0.08333333333333333,0.9090909090909091,0.6363636363636364,0.6363636363636364,0.17893195152282715,0.33449604113896686,0.020673076311747234
19,650,12,2,0.16666666666666666,0.8,0.4,0.6,0.023230830828348797,0.11788678169250488,0.022044817606608074
19,294,12,1,0.08333333333333333,0.6363636363636364,0.7272727272727273,0.2727272727272727,0.06516677637894948,-0.18615508079528809,0.24104935054977736
19,695,12,1,0.08333333333333333,0.4545454545454546,0.6363636363636364,0.6363636363636364,0.1778285406374683,0.269492329719166,0.21871876219908395
19,881,12,1,0.08333333333333333,0.7272727272727273,0.8181818181818181,0.8181818181818181,0.35370345537861186,0.6905757098769149,0.24486141403516135
19,13,12,2,0.16666666666666666,0.75,0.8,0.25,0.03436678044333045,-0.013601969306667646,-0.02500699708859126
19,927,12,1,0.08333333333333333,1.0,0.6363636363636364,0.8181818181818181,0.40956094302237034,0.6697365607445439,0.5791155342012644
19,715,12,2,0.16666666666666666,0.04999999999999999,0.7,0.4,0.1495362917582194,0.5030410956969718,0.34254727823038894
19,939,12,2,0.16666666666666666,0.6,1.0,0.9,0.01677157978216807,0.3358947853945817,0.29760915188429254
19,838,12,2,0.16666666666666666,0.04999999999999999,0.7,1.0,-0.20226713021596274,0.41207805278827436,0.33331634135295946
19,692,12,1,0.08333333333333333,0.36363636363636365,0.5454545454545454,0.09090909090909094,0.006829573067079764,0.001585624639422652,0.008960184248280711
19,753,12,2,0.16666666666666666,0.19999999999999996,0.7,0.75,-0.17988349994023642,0.380639107960936,-0.0017462472120920818
19,932,12,1,0.08333333333333333,1.0,0.6363636363636364,0.4545454545454546,0.09868056976119988,0.1371454471573088,0.10134361203139026
20,80,12,1,0.08333333333333333,1.0,0.6363636363636364,0.4545454545454546,0.029137829939524334,0.05334442853927612,0.03634291887283325
20,807,12,5,0.4166666666666667,0.11428571428571432,0.7142857142857142,0.5142857142857143,0.08182934919993083,0.10002835591634114,0.05955439805984497
20,650,12,1,0.08333333333333333,0.0,1.0,0.4545454545454546,0.4048544963200887,0.4587392807006836,0.09890808661778767
20,1,12,4,0.3333333333333333,0.9375,1.0,0.65625,0.6591397029502938,0.6601806504380269,0.1554072896639506
20,694,12,1,0.08333333333333333,0.5454545454545454,0.6363636363636364,0.0,0.02847822631398837,-0.004105281705657641,-0.0009052188446124395
20,222,12,1,0.08333333333333333,0.0,0.6363636363636364,0.0,0.3023255380491416,0.28782327473163605,0.1300212343533834
20,1004,12,1,0.08333333333333333,0.0,0.0,0.2727272727272727,0.029273588384967297,-0.002068284278114637,-0.031435189147790275
20,227,12,4,0.3333333333333333,0.1875,0.375,0.5625,0.819069449472097,0.8141017282929693,0.34533744243284065
20,482,12,1,0.08333333333333333,0.5454545454545454,0.09090909090909094,0.5454545454545454,0.3856321135014984,0.3841877361252652,0.3007545553858411
21,80,14,8,0.5714285714285714,1.0,0.8333333333333334,0.4166666666666667,0.0037633776664733887,0.0171889066696167,0.005093197027842204
21,807,14,4,0.2857142857142857,0.19999999999999996,0.8,0.825,0.0021181503931681314,0.31176422039667767,0.06572079658508301
21,650,14,2,0.14285714285714285,0.0,0.8333333333333334,0.9166666666666667,6.206830342610677e-05,0.6510676983743906,0.0015725096066792805
21,893,14,2,0.14285714285714285,0.0,0.8333333333333334,0.25,0.039099554220835366,0.7255602943090101,0.583599661787351
21,887,14,6,0.42857142857142855,1.0,0.5,0.3958333333333333,0.3390036274989446,0.5380016574636102,0.026588459809621174
21,389,14,2,0.14285714285714285,0.16666666666666663,0.16666666666666663,0.75,0.5228383342425028,0.8068363015736395,0.5698454459197819
21,540,14,2,0.14285714285714285,1.0,0.8333333333333334,0.5,0.5036580627784133,0.6302152341619754,0.394887230048577
21,713,14,2,0.14285714285714285,0.33333333333333337,1.0,0.375,0.4023996988932292,0.7478573662616933,0.5228448957204819
21,119,14,4,0.2857142857142857,0.7,0.8,0.42500000000000004,0.19834595421950021,0.2989000250236131,0.24319991935044527
21,243,14,2,0.14285714285714285,0.6666666666666666,0.6666666666666666,0.75,0.3289504876981179,0.4111432797265782,0.15657382163529596
21,263,14,2,0.14285714285714285,0.33333333333333337,1.0,0.5416666666666667,0.32017066205541295,0.50321491366473,0.27321992814540863
21,86,14,2,0.14285714285714285,0.8333333333333334,0.8333333333333334,0.7500000000000001,0.22204456912974516,0.32047914713742404,0.16051320359110832
22,80,11,2,0.18181818181818182,0.7222222222222222,0.8333333333333334,0.7777777777777779,0.09049183130264282,0.09049183130264282,0.15385092298189798
22,33,11,1,0.09090909090909091,0.09999999999999998,0.9,0.19999999999999996,0.121621107061704,0.12121030688285828,-0.02572121222813924
22,807,11,2,0.18181818181818182,0.8888888888888888,0.8333333333333334,0.8888888888888888,0.1689788500467936,0.26069410641988117,0.05455521742502848
22,650,11,2,0.18181818181818182,0.6111111111111112,0.2777777777777778,0.6666666666666666,0.17536336183547974,0.06204237540562948,0.0033772985140482583
22,695,11,1,0.09090909090909091,0.4,0.6,1.0,0.2066299511740605,0.3270742592867464,0.23076236682633558
22,881,11,1,0.09090909090909091,0.8,1.0,0.5,0.31435023496548337,0.7415923091272513,0.4571156104405721
22,13,11,1,0.09090909090909091,0.6,0.7,0.0,0.03755057444262396,-0.018582686161001522,0.046137442967544
22,979,11,1,0.09090909090909091,1.0,0.09999999999999998,0.09999999999999998,0.35908735791842145,0.7451249609390894,0.21866140762964884
22,927,11,1,0.09090909090909091,1.0,0.4,0.6,0.49965110917886096,0.7175402210947747,0.7132157451706007
22,139,11,1,0.09090909090909091,0.5,0.5,0.9,0.038077419255084045,-0.0702089009185632,0.0547373205730158
22,715,11,2,0.18181818181818182,0.05555555555555558,0.6666666666666667,0.2777777777777778,-0.19286495447158813,0.599263722319544,0.5639069884394606
22,939,11,2,0.18181818181818182,0.6111111111111112,1.0,0.11111111111111116,-0.07304832339286804,0.46710013651075616,0.11815127730369568
22,838,11,2,0.18181818181818182,0.05555555555555558,0.6111111111111112,0.6111111111111112,-0.28436964750289917,0.5341304548783228,0.5008508985241255
22,692,11,1,0.09090909090909091,0.4,0.6,0.6,0.007310864356137851,0.0023157878022175282,0.01071117625383522
22,753,11,2,0.18181818181818182,0.2222222222222222,0.6111111111111112,0.5,-0.312640905380249,0.4999930662903959,-0.21302382151285806
23,80,11,4,0.36363636363636365,1.0,1.0,0.25,0.08126272757848103,-0.0972949465115865,-0.010710477828979492
23,807,11,1,0.09090909090909091,0.30000000000000004,0.4,0.09999999999999998,-0.0003024985392888387,-0.06700135270754497,-0.00799893339474996
23,650,11,1,0.09090909090909091,0.19999999999999996,0.8,0.9,0.27979358037312824,0.8552989812063364,0.0748870571454366
23,147,11,1,0.09090909090909091,0.4,0.19999999999999996,0.5,0.1346048523361484,0.12719939090311527,-0.006381119290987651
23,659,11,2,0.18181818181818182,0.33333333333333337,0.8888888888888888,0.8333333333333334,0.3885233998298645,0.5466604121029377,0.18896370132764181
23,881,11,1,0.09090909090909091,0.9,0.9,0.5,0.423027840929232,0.423027840929232,0.2810877710580826
23,85,11,2,0.18181818181818182,0.33333333333333337,0.8888888888888888,0.6666666666666667,0.4452015707890193,0.5822222599138817,0.005940735340118408
23,927,11,2,0.18181818181818182,0.888888888888889,0.5555555555555556,0.7222222222222222,0.39875249033017707,0.3989678614355701,0.22521923296153545
23,432,11,2,0.18181818181818182,0.5555555555555556,0.6666666666666667,0.7222222222222222,0.36246027137773734,0.36017222702503204,0.09960749745368958
23,192,11,1,0.09090909090909091,1.0,1.0,1.0,0.9190659611522278,0.9190851612147526,0.650844571175791
23,486,11,1,0.09090909090909091,0.0,0.8,0.0,0.7909025727616003,0.7929514261389462,0.7929514261389462
23,1022,11,1,0.09090909090909091,0.7000000000000001,0.8999999999999999,0.0,0.0032741316271653886,-0.00469279199266263,-0.000456830447850128
23,440,11,1,0.09090909090909091,0.7000000000000001,0.9,0.0,0.12443781852310949,0.12443784395887088,0.12352909473702312
23,814,11,1,0.09090909090909091,0.30000000000000004,0.30000000000000004,0.09999999999999998,0.12202582453695261,0.1220420307319993,0.10137758027606954
24,33,5,2,0.4,0.6666666666666667,0.0,0.0,0.604584276676178,0.569388230641683,0.2251092791557312
24,650,5,2,0.4,0.0,0.6666666666666667,0.5,0.5512152003745238,0.6071770712733269,-0.009306291739145914
24,692,5,2,0.4,0.6666666666666667,0.0,0.8333333333333334,0.5794566299777747,0.5794553571111388,0.0916788379351298
24,452,5,2,0.4,0.0,0.6666666666666667,0.5,0.42802345184451457,0.4280253473103149,0.2149339218934377
24,350,5,1,0.2,1.0,1.0,0.0,0.3827259034793542,0.38273209053860074,0.3827259034793542
25,659,3,1,0.3333333333333333,0.5,1.0,0.5,-0.09741412103176117,-0.1349928230047226,-0.1349928230047226
25,674,3,1,0.3333333333333333,1.0,1.0,0.0,0.22519773244857788,0.22519773244857788,0.22519773244857788
25,360,3,1,0.3333333333333333,0.5,0.5,0.5,0.2561992406845093,0.2561992406845093,0.017599642276763916
25,790,3,1,0.3333333333333333,0.0,0.5,0.0,0.22947508096694946,0.22947508096694946,0.0028484463691711426
25,814,3,1,0.3333333333333333,1.0,1.0,1.0,0.1962549388408661,0.1962549388408661,0.1962549388408661
26,80,15,3,0.2,0.4722222222222222,0.7222222222222221,0.11111111111111112,-0.008076369762420654,0.1522881587346395,0.0233157475789388
26,33,15,4,0.26666666666666666,0.18181818181818177,0.8181818181818181,0.8863636363636364,0.4634300967057546,0.6822770833969116,0.04544192552566528
26,1,15,2,0.13333333333333333,1.0,1.0,0.7307692307692307,0.505711606082817,0.5142365971890589,0.4091575890779495
26,695,15,2,0.13333333333333333,0.46153846153846156,0.6923076923076923,0.1923076923076923,0.791460448061116,0.7966089412366273,0.19608781735102335
26,659,15,1,0.06666666666666667,0.2142857142857143,0.8571428571428571,0.7142857142857143,-0.21177556117375693,-0.6457065145174662,-0.3166357676188151
26,283,15,4,0.26666666666666666,0.4545454545454546,0.09090909090909094,0.6590909090909091,0.29067838554662256,0.2906778097079344,0.2540683730621822
26,85,15,1,0.06666666666666667,0.0714285714285714,0.5714285714285714,0.3571428571428571,-0.022531456003586452,0.009110145270824432,0.00727176945656538
26,116,15,1,0.06666666666666667,0.2857142857142857,0.5714285714285714,0.0714285714285714,0.1750751445069909,0.1828042295674095,0.04384475387632847
26,192,15,1,0.06666666666666667,1.0,1.0,0.1428571428571429,0.8115595389195581,0.8115334674069649,0.2562808046738307
26,118,15,2,0.13333333333333333,0.7692307692307692,0.3846153846153846,0.15384615384615385,0.23442958449599396,0.23764727876128214,0.23703735107907656
26,692,15,2,0.13333333333333333,0.15384615384615385,0.5384615384615384,0.7307692307692307,0.2188987019850567,0.2188987019850567,0.158577311784029
26,823,15,2,0.13333333333333333,0.9230769230769231,0.9230769230769231,0.46153846153846156,0.005224029687898164,0.0052215544538982694,0.004944059536986363
26,97,15,1,0.06666666666666667,0.0714285714285714,0.9285714285714286,0.3571428571428571,0.04238593871226234,0.0423517748034404,-0.08808200061321259
27,33,11,6,0.5454545454545454,0.0,0.8,0.4333333333333333,-0.14440621932347616,-0.14440621932347616,0.014716525872548422
27,650,11,1,0.09090909090909091,0.0,0.6,0.5,0.6693166792392731,0.9098409963965727,-0.02060830593109131
27,881,11,3,0.2727272727272727,0.875,0.875,0.625,0.83220586469785,0.83220586469785,0.8092270471776525
27,815,11,3,0.2727272727272727,0.125,0.875,0.20833333333333331,0.37148760445415974,0.3877829167759046,0.37701227189972997
27,139,11,6,0.5454545454545454,0.19999999999999996,0.0,0.7,0.6421358741881704,0.6421358741881704,0.5949657060112562
27,192,11,1,0.09090909090909091,1.0,1.0,0.6,0.7756834433469825,0.7756834433391001,0.18293887376785278
27,486,11,1,0.09090909090909091,0.0,0.6,0.19999999999999996,0.7681614959601575,0.7681614959601575,0.3223043791173647
28,33,7,3,0.42857142857142855,0.08333333333333333,0.6666666666666666,0.08333333333333333,0.28619081775347394,0.2589470048745473,0.09328869978586833
28,807,7,1,0.14285714285714285,1.0,0.8333333333333334,0.16666666666666663,0.5992740358536442,0.6102076734726628,-0.02695012092590332
28,881,7,1,0.14285714285714285,0.8333333333333334,0.8333333333333334,0.0,0.5438016896326493,0.5438016896326493,0.48089434454838437
28,128,7,1,0.14285714285714285,0.6666666666666667,0.5,0.16666666666666663,0.4060114968257646,0.4060114968257646,0.27371150255203247
28,139,7,2,0.2857142857142857,0.4,0.19999999999999996,0.19999999999999996,0.26024506049391977,0.26024506049391977,-0.0263880987962087
28,97,7,1,0.14285714285714285,0.0,0.6666666666666667,1.0,0.2638343234042016,0.2638343234042016,0.17296036084493002
28,345,7,1,0.14285714285714285,0.6666666666666667,0.5,1.0,0.07530174923401016,0.07530174923401016,0.0004981507857640585
28,406,7,1,0.14285714285714285,0.16666666666666663,0.33333333333333337,0.33333333333333337,0.14927318133413792,0.1580968006992407,0.14805127928654352
28,110,7,1,0.14285714285714285,0.0,0.6666666666666666,1.0,0.5086474253621418,0.5086474253621418,0.28778644526998204
29,80,7,1,0.14285714285714285,1.0,1.0,1.0,0.2355979879697164,0.3384588460127513,0.18585420648256937
29,33,7,1,0.14285714285714285,0.16666666666666663,0.6666666666666667,0.8333333333333334,0.1889287531375885,0.23328769207000732,0.1232525904973348
29,807,7,1,0.14285714285714285,0.33333333333333337,1.0,0.8333333333333334,0.026708086331685383,0.4577041566371918,0.38629616300264996
29,650,7,1,0.14285714285714285,0.0,0.6666666666666667,0.8333333333333334,0.013750970363616943,0.7416297507782778,0.0312956968943278
29,893,7,1,0.14285714285714285,0.0,0.6666666666666667,0.8333333333333334,0.21762276689211527,0.9091399642638862,0.2633523643016815
29,695,7,1,0.14285714285714285,0.5,0.6666666666666667,0.8333333333333334,0.3041919795796275,0.35257939777026576,0.13881021738052368
29,147,7,1,0.14285714285714285,0.5,0.6666666666666667,1.0,0.29094114899635315,0.533933329085509,0.06346492966016133
29,694,7,1,0.14285714285714285,0.5,1.0,0.8333333333333334,-0.22091796000798544,-0.3020458022753398,0.10602913796901703
29,342,7,1,0.14285714285714285,0.16666666666666663,0.5,0.6666666666666667,0.13848343243201575,-0.1390801121791204,0.13848343243201575
29,1017,7,1,0.14285714285714285,0.6666666666666667,0.5,0.16666666666666663,0.34948084006706875,0.559853768752267,0.1999806265036265
29,621,7,1,0.14285714285714285,0.16666666666666663,0.6666666666666667,0.6666666666666667,0.0636103165646394,-0.08763946096102397,0.051410326113303505
29,11,7,1,0.14285714285714285,0.6666666666666667,1.0,0.6666666666666667,0.08335712179541588,-0.09109940566122532,0.04533973832925161
29,940,7,1,0.14285714285714285,0.33333333333333337,0.5,0.8333333333333334,0.022762080499281485,-0.17477529806395373,-0.032722139110167824
30,80,13,6,0.46153846153846156,1.0,1.0,0.7380952380952381,0.17410637935002646,0.06775126854578654,0.024991512298583984
30,695,13,3,0.23076923076923078,0.30000000000000004,0.30000000000000004,0.6333333333333333,0.5801575916508833,0.7136474161719283,0.5318296998739243
30,659,13,3,0.23076923076923078,0.0,1.0,0.4333333333333333,-0.03214855988820394,0.6436529853187191,0.07899047931035359
30,13,13,3,0.23076923076923078,0.9,1.0,0.33333333333333326,0.1656106880606482,0.17011695551870312,0.11530694613854091
30,815,13,3,0.23076923076923078,0.30000000000000004,0.30000000000000004,0.1333333333333333,0.0024129648351542223,-0.019662727368995547,0.002386865349156627
30,85,13,3,0.23076923076923078,0.0,0.9,0.5333333333333333,0.31285154819488525,0.7129156164204081,0.3495100140571594
30,432,13,3,0.23076923076923078,0.30000000000000004,0.6,0.5,0.1470891663908939,0.1470891663908939,0.04906232158342997
31,80,13,3,0.23076923076923078,0.9,0.4666666666666666,0.7,0.019327680269877117,-0.09763034184773763,-0.08001403013865153
31,33,13,3,0.23076923076923078,0.3333333333333333,0.5333333333333332,0.5333333333333333,0.6994415186345577,0.44909674922625226,0.02211227019627889
31,650,13,2,0.15384615384615385,0.0,0.4090909090909091,0.22727272727272724,0.36777228116989136,0.7382410873736566,0.3432290156682332
31,294,13,1,0.07692307692307693,0.16666666666666663,0.08333333333333337,0.75,0.42518217481362325,0.03847075750430425,0.2951520554876576
31,695,13,2,0.15384615384615385,0.5454545454545454,0.7272727272727273,0.5909090909090908,0.8563245174785455,0.8452799652392665,0.4373936156431834
31,881,13,1,0.07692307692307693,0.8333333333333333,0.9166666666666666,0.16666666666666663,0.14561664102863384,0.03181216336088255,0.12739845067456676
31,342,13,1,0.07692307692307693,0.75,0.9166666666666666,0.25,0.06322424133880607,0.06321733496891586,0.06293655298244023
31,116,13,1,0.07692307692307693,0.16666666666666663,0.41666666666666663,0.08333333333333337,0.41287318162843195,0.4132343177528431,0.045518030722936
31,841,13,2,0.15384615384615385,0.36363636363636365,0.36363636363636365,0.5454545454545454,0.6309090440627187,0.6332679530460155,0.41482710155347985
31,192,13,1,0.07692307692307693,1.0,1.0,0.16666666666666663,0.9885014690634316,0.9885194340982556,0.20424006382624307
31,486,13,1,0.07692307692307693,0.08333333333333337,0.08333333333333337,1.0,0.9190259155633006,0.9192547218423593,0.44402658217586577
31,601,13,2,0.15384615384615385,0.2727272727272727,0.8181818181818181,0.7272727272727273,0.7538227406511643,0.7538458709960768,0.07169113556543986
32,80,14,1,0.07142857142857142,0.5384615384615384,1.0,1.0,0.039529999097188316,0.21643364429473877,0.15568006038665771
32,33,14,3,0.21428571428571427,0.4848484848484848,0.7272727272727273,0.7575757575757576,0.8232749414940675,0.8779842397198081,0.032384634017944336
32,807,14,1,0.07142857142857142,0.6923076923076923,0.7692307692307693,0.46153846153846156,0.11148512363433838,0.46657226731379825,0.06809663772583008
32,650,14,2,0.14285714285714285,0.16666666666666669,0.9166666666666666,0.5416666666666667,0.6001987506945928,0.25024529298146564,0.08650606870651245
32,893,14,1,0.07142857142857142,0.07692307692307687,0.9230769230769231,0.3846153846153846,0.5802518421163162,0.6925978865474463,0.022194405396779377
32,695,14,2,0.14285714285714285,0.41666666666666663,0.8333333333333334,0.5,0.9419071984787782,0.9468792503369817,0.1970208684603373
32,694,14,1,0.07142857142857142,0.9230769230769231,0.6923076923076923,0.7692307692307692,0.020782678698499996,-0.20247484495242438,-0.12681616097688675
32,881,14,1,0.07142857142857142,0.6153846153846154,0.9230769230769231,0.6923076923076923,0.18477271945448592,0.01150961418170482,0.0272622952858607
32,1004,14,1,0.07142857142857142,0.0,0.6923076923076923,0.6923076923076923,0.0006912474054843187,-0.02108240278903395,-0.003275468829087913
32,116,14,1,0.07142857142857142,0.23076923076923073,0.23076923076923073,0.07692307692307687,0.6404536267121633,0.651056583275628,0.494696222798666
32,713,14,1,0.07142857142857142,1.0,1.0,0.9230769230769231,0.21969397082769623,0.22030127997967006,0.1108848699174511
32,139,14,1,0.07142857142857142,0.5384615384615384,0.3076923076923077,0.5384615384615384,0.031142328243933075,0.0024753385320461043,-0.019106675560275715
32,841,14,2,0.14285714285714285,0.25,0.25,0.20833333333333331,0.6017317849521836,0.6091721371910049,0.5326023828238249
32,192,14,1,0.07142857142857142,1.0,1.0,0.6923076923076923,0.9586693070136082,0.9586693070136082,0.6083364747464657
32,214,14,1,0.07142857142857142,0.7692307692307693,0.8461538461538461,0.7692307692307692,0.7305416970092059,0.7305490058556643,0.5081278019521657
32,97,14,1,0.07142857142857142,0.07692307692307687,0.7692307692307692,0.46153846153846156,0.40102153952989283,0.4010198895460538,0.0962812105814616
32,601,14,2,0.14285714285714285,0.25,0.8333333333333334,0.41666666666666663,0.8205534503232835,0.8986683946863915,0.44216205676396686
33,33,5,1,0.2,0.5,0.5,0.5,0.1896928002436956,0.20868715147177377,-0.04874207576115926
33,650,5,1,0.2,0.25,0.25,0.75,0.7067706237236658,0.7067706237236658,0.02048937479654948
33,887,5,1,0.2,0.75,0.75,0.0,0.09414193748186032,0.09414193748186032,0.04085347801446915
33,715,5,1,0.2,0.0,0.75,1.0,-0.2778166929880778,-0.11694088950753212,0.28461460132772726
33,939,5,1,0.2,1.0,1.0,1.0,0.25655054363111657,0.25655054363111657,-0.06570250168442726
33,838,5,1,0.2,0.0,0.75,1.0,-0.3352614839871724,-0.13031466056903204,0.26215305846805376
33,753,5,1,0.2,0.25,0.75,0.0,-0.3453188290198644,-0.14839592948555946,0.06406516333421071
33,959,5,1,0.2,0.75,0.75,0.25,0.05150883561388279,-0.27125388632218045,-0.0530730684598287
34,80,9,2,0.2222222222222222,0.8571428571428572,1.0,1.0,0.17608132461706796,-0.15362032254536948,0.0152663787206014
34,807,9,2,0.2222222222222222,0.2857142857142857,0.1428571428571429,0.2142857142857143,0.41592422127723694,0.5021181404590607,0.017275532086690266
34,650,9,1,0.1111111111111111,0.0,0.75,0.625,0.604709267616272,0.8616630925486485,0.014983038107554117
34,114,9,1,0.1111111111111111,1.0,1.0,0.625,0.19852484516438076,0.02114860515636489,0.07376224175095558
34,222,9,2,0.2222222222222222,0.0,0.4285714285714286,0.5714285714285714,0.012124088010750711,-0.08896266048153241,-0.002897008011738459
34,728,9,1,0.1111111111111111,0.875,0.5,0.625,0.06772485236463884,-0.2780308375755946,-0.09228202203909557
34,715,9,1,0.1111111111111111,0.0,0.625,1.0,0.0033847584169658753,-0.04277976256647283,0.0025044955341400055
34,939,9,1,0.1111111111111111,0.625,0.875,0.0,0.001381223396341132,-0.11356295532702158,-0.07018170641579975
34,838,9,1,0.1111111111111111,0.0,0.625,0.625,0.0035768167324855917,-0.16767506107377508,-0.006852661181862156
34,753,9,1,0.1111111111111111,0.375,0.75,0.125,0.0010793628951025387,-0.1060372991875435,0.0006330990062641933
35,80,5,1,0.2,1.0,1.0,0.5,0.21061036984125772,-0.21229271094004312,-0.3212234179178874
35,807,5,1,0.2,0.75,1.0,0.5,0.002427359422047933,0.4447670578956604,-0.13390723864237467
35,659,5,2,0.4,0.16666666666666669,1.0,0.6666666666666667,0.01616532603899638,0.40191541612148285,0.3453340133031209
35,342,5,1,0.2,0.5,0.75,0.25,-0.0054928405831257505,-0.29877401143312454,-0.17834419757127762
35,85,5,1,0.2,0.0,0.5,0.5,0.17588932067155838,0.3722604314486186,-0.027693569660186768
35,667,5,1,0.2,1.0,0.75,1.0,0.09460614565371846,0.13294279233862957,0.060073363284269966
35,1022,5,1,0.2,0.5,0.75,0.0,-0.006993493142848213,-0.22122213865319887,-0.08195613908659045
35,268,5,1,0.2,0.0,0.5,0.25,-0.09406179646612145,-0.2176634967327118,0.21011233640213808
35,86,5,1,0.2,0.75,1.0,0.0,0.017906110297190025,-0.10312722623348236,0.027664526516067173
36,80,10,2,0.2,0.8125,0.5625,0.0625,0.05891162157058716,-0.05553537607192993,-0.018572131792704265
36,33,10,5,0.5,0.0,1.0,0.43999999999999995,-0.042415718237559,-0.09302574396133423,-0.08005120356877644
36,1,10,1,0.1,1.0,1.0,0.2222222222222222,0.5830404063065847,0.654643354859824,0.15038533012072244
36,294,10,1,0.1,1.0,0.2222222222222222,0.33333333333333337,-0.41609692573547363,-0.7668631474177042,-0.7461776733398438
36,881,10,2,0.2,0.5625,1.0,0.75,0.29938072214523953,0.43250504198173684,0.3126677523056666
36,283,10,1,0.1,0.0,0.4444444444444444,0.4444444444444444,0.3226182231058677,0.48148696415591985,0.10417141517003377
36,927,10,1,0.1,0.888888888888889,0.6666666666666667,0.2222222222222222,0.2949182738860448,0.3247656226158142,0.245510533452034
36,739,10,1,0.1,0.7777777777777778,0.5555555555555556,1.0,0.42337312766661245,0.4260961915521572,0.08036252856254578
36,139,10,4,0.4,0.41666666666666663,0.6666666666666667,0.625,0.053412919553617634,0.10299583730132629,0.09989932730483513
37,80,10,8,0.8,1.0,0.0,0.5,-0.0006126562754313151,0.009260316689809164,0.005271255970001221
37,33,10,2,0.2,0.0,1.0,0.3125,0.0024061997731526694,0.0069042642911275225,0.004325568675994873
37,294,10,2,0.2,0.0,1.0,0.625,-0.001230021317799886,0.029632548491160076,0.00014841556549072266
37,887,10,6,0.6,1.0,0.0,0.37499999999999994,0.0007015466690063477,0.033154070377349854,0.0009325941403706869
37,794,10,2,0.2,0.25,0.75,0.625,-9.210904439290364e-05,0.01908344030380249,2.491474151611328e-05
37,591,10,2,0.2,0.25,0.75,0.375,0.0013140638669331868,0.04141936699549357,0.0014962951342264812
37,119,10,4,0.4,1.0,0.8333333333333334,0.20833333333333334,0.3993086169163386,0.38340796530246735,0.37712228298187256
37,420,10,2,0.2,0.5,0.75,0.6875,0.1372410456339518,0.11215090751647949,0.06842666864395142
38,80,16,10,0.625,0.8666666666666667,0.6666666666666667,0.3666666666666667,-0.0012268821398417156,0.0030035177866617837,0.0003043810526529948
38,147,16,2,0.125,0.0,0.7142857142857143,0.3571428571428571,0.032587056358655296,-0.05439724028110504,-0.04325801134109497
38,887,16,2,0.125,0.8571428571428572,0.8571428571428571,0.25,0.0527567487830917,-0.7246293177207311,-0.10866649448871613
38,128,16,4,0.25,0.08333333333333331,0.75,0.5416666666666667,0.056033762792746224,0.0358995757997036,0.009550561507542929
38,1004,16,4,0.25,0.25,0.16666666666666663,0.5833333333333333,0.1275950912386179,-0.07306522627671559,-0.04717481633027395
38,667,16,8,0.5,0.4375,0.1875,0.5625,0.16624065612753233,0.17308534868061543,0.1401116227110227
38,981,16,2,0.125,0.7142857142857143,0.8571428571428572,0.2857142857142857,0.029550376115366817,-0.1561472142736117,-0.043930781384309135
38,736,16,2,0.125,0.8571428571428572,0.7142857142857143,0.5,0.010868435124090562,0.012696456843211005,0.010166688317743441
38,816,16,2,0.125,1.0,0.9999999999999999,0.4285714285714286,0.009327677738231918,-0.04715422913432121,-0.05748077233632406
39,80,10,3,0.3,0.9523809523809524,0.9047619047619049,0.09523809523809526,0.1316916545232137,0.2518494526545207,0.10130204757054646
39,807,10,3,0.3,0.3333333333333333,0.5714285714285714,0.3333333333333333,0.03472308317820231,0.03316211700439453,0.015978177388509113
39,650,10,2,0.2,0.125,0.75,0.8125,0.008384605248769125,0.079647163550059,0.0027214884757995605
39,893,10,1,0.1,0.0,0.8888888888888888,0.7777777777777778,0.19661571582158408,0.5067568377902111,0.16065909465154013
39,389,10,1,0.1,0.2222222222222222,0.4444444444444444,1.0,0.18379695216814676,0.4102162894511518,0.1458949695030848
39,881,10,1,0.1,0.6666666666666667,1.0,0.11111111111111116,0.16768428683280945,0.4966949888815482,0.2707253297170003
39,725,10,1,0.1,0.7777777777777778,0.7777777777777778,0.7777777777777778,-0.1092453400293986,0.3256372461716334,-0.07456300656000774
39,222,10,1,0.1,0.11111111111111116,0.4444444444444444,0.7777777777777778,0.06186555325984955,-0.11066822956005733,0.03736072281996409
39,979,10,1,0.1,0.0,0.6666666666666667,0.33333333333333337,0.03245404859383901,0.5354828451915333,0.18179707725842795
39,473,10,1,0.1,0.5555555555555556,0.4444444444444444,0.4444444444444444,0.10840217272440593,0.21357018997271857,-0.026322166124979656
39,815,10,1,0.1,0.2222222222222222,0.7777777777777778,0.8888888888888888,0.09924689928690593,0.4326713791427513,0.31247352063655853
39,713,10,1,0.1,0.4444444444444444,1.0,0.2222222222222222,0.21157287061214447,0.29596172546735033,0.23354611669977507
39,927,10,1,0.1,0.8888888888888888,0.5555555555555556,0.33333333333333337,0.04105192112425963,0.32677329347158474,0.007370322942733765
39,59,10,1,0.1,0.33333333333333337,0.4444444444444444,0.33333333333333337,0.0916605677921325,0.1235511156943782,-0.005547369519869487
39,696,10,1,0.1,0.6666666666666667,0.8888888888888888,0.6666666666666667,0.13302298014362654,0.21998571883887053,-0.0012886375188827515
40,80,8,1,0.125,0.5714285714285714,1.0,0.2857142857142857,0.06383013725280762,0.1553350885709127,0.07039892673492432
40,33,8,2,0.25,0.16666666666666663,0.6666666666666667,0.41666666666666663,0.3446836570898692,0.3672249714533488,-0.002960046132405599
40,807,8,1,0.125,0.8571428571428571,1.0,0.1428571428571429,0.23452953497568765,0.5569809377193451,0.14357282718022665
40,650,8,1,0.125,0.1428571428571429,0.7142857142857143,0.4285714285714286,0.7449981247385343,0.7449981247385343,0.12397243579228719
40,893,8,1,0.125,0.1428571428571429,0.7142857142857143,1.0,0.7938713592787584,0.821986980891476,0.4929182728131612
40,1,8,1,0.125,0.8571428571428572,1.0,0.2857142857142857,0.47308375375966233,0.5174609202270707,0.4242444783449173
40,695,8,1,0.125,0.5714285714285714,0.5714285714285714,0.4285714285714286,0.3876867952446143,0.4194461793328325,0.19463381667931876
40,659,8,1,0.125,0.1428571428571429,1.0,0.2857142857142857,0.1543192540605863,-0.2919662992159526,0.1543192540605863
40,283,8,2,0.25,0.33333333333333337,0.33333333333333337,0.5833333333333334,0.2811305589663486,0.28141713708949584,0.1457315025230249
40,85,8,1,0.125,0.0,0.8571428571428572,0.1428571428571429,0.07126438369353612,-0.22282923261324564,-0.1607046922047933
40,362,8,1,0.125,0.7142857142857143,0.8571428571428571,0.0,0.0892955527912515,0.017493987766404945,-0.09392039229472478
40,667,8,1,0.125,0.8571428571428571,0.7142857142857143,0.1428571428571429,0.21968859434127808,0.2231825815203289,-0.07775544623533885
40,69,8,1,0.125,0.2857142857142857,0.5714285714285714,0.8571428571428572,0.08205225234269165,-0.2814143126209577,-0.04095944513877233
40,585,8,1,0.125,0.8571428571428571,0.8571428571428571,1.0,0.007809823014516344,-0.1015054698412617,-0.024716296854118507
41,80,9,2,0.2222222222222222,0.7142857142857143,0.9285714285714286,0.28571428571428575,0.12920324007670084,0.14766176541646323,0.026134252548217773
41,33,9,2,0.2222222222222222,0.4285714285714286,0.9285714285714286,1.0,0.06236595908800761,0.017766763766606648,0.12218828002611797
41,807,9,1,0.1111111111111111,0.125,0.375,1.0,0.48199494928121567,0.3530621329943339,0.018417259057362873
41,650,9,1,0.1111111111111111,0.0,0.875,1.0,0.4819846947987874,0.6030266135931015,0.45609283447265625
41,1,9,2,0.2222222222222222,0.9285714285714286,1.0,0.2142857142857143,0.7536499844864011,0.7666155993162344,0.5108682500819365
41,294,9,1,0.1111111111111111,0.5,0.875,1.0,-0.046765570839246116,-0.30542024970054626,-0.08584644397099812
41,283,9,1,0.1111111111111111,0.375,0.375,0.0,0.35891339733401156,0.363266573510676,-0.10255781809488933
41,227,9,1,0.1111111111111111,0.0,0.75,0.125,0.38325944874486595,0.3849456939933589,0.36470875330269337
41,914,9,1,0.1111111111111111,0.75,0.25,0.375,0.012438209281147769,-0.0020106174051761627,0.005256814882159233
41,715,9,1,0.1111111111111111,0.0,0.375,0.5,0.0522625191467038,-0.011865678864220778,0.006009787321090698
41,939,9,1,0.1111111111111111,0.625,1.0,0.5,0.03935601096600294,-0.01253116379181544,0.025739266847570736
41,838,9,1,0.1111111111111111,0.0,0.625,0.125,0.02543828664541555,-0.0023083786169687905,0.037173174476871886
41,753,9,1,0.1111111111111111,0.125,0.625,1.0,0.058987211533046015,-0.005953025072813034,-0.027361615871389706
41,520,9,1,0.1111111111111111,0.75,0.625,0.875,0.2363971256415122,0.2368935026501049,-0.07875710229078929
42,80,9,4,0.4444444444444444,0.8,1.0,0.55,-0.13226628303527832,-0.11369204521179199,0.03017584482828776
42,807,9,2,0.2222222222222222,0.2857142857142857,0.8571428571428571,0.4285714285714286,0.47638995697100955,0.47638995697100955,-0.06786344448725383
42,114,9,1,0.1111111111111111,1.0,1.0,0.625,0.28315586125972914,0.2831513250457647,-0.17794297138849893
42,222,9,2,0.2222222222222222,0.0,0.2857142857142857,0.7142857142857143,0.0498224242667978,-0.2728292817870776,0.015277323623498281
42,728,9,2,0.2222222222222222,0.8571428571428572,1.0,0.7142857142857143,0.5744022347938275,0.8175232344901815,0.8128149661545953
42,251,9,2,0.2222222222222222,0.2857142857142857,0.2857142857142857,0.8571428571428572,0.041754027207692467,0.09578231970469157,0.08473106225331624
42,739,9,2,0.2222222222222222,0.8571428571428571,0.8571428571428571,0.5714285714285714,0.350077166998138,0.3485274476309617,0.261394779663533
43,80,6,2,0.3333333333333333,0.75,0.25,0.5,-0.13640979925791422,-0.17140799760818481,0.05201242367426554
43,807,6,1,0.16666666666666666,0.4,0.4,0.6,0.279461274544398,0.2502910792827606,0.2794612894455592
43,1,6,1,0.16666666666666666,1.0,1.0,0.0,0.26379525288939476,0.25814346224069595,0.26379525288939476
43,659,6,2,0.3333333333333333,0.0,1.0,0.5,-0.31738372643788654,-0.18278531233469644,-0.3136889537175496
43,85,6,2,0.3333333333333333,0.0,1.0,0.5,0.0004611015319824219,0.5230580729742845,0.5230580729742845
43,227,6,1,0.16666666666666666,0.4,0.4,0.19999999999999996,0.054363708438662194,-0.17689796288808188,-0.062009900187452636
43,1014,6,1,0.16666666666666666,1.0,1.0,1.0,0.0187702185157832,-0.08247669041156769,0.0162864893694253
44,80,6,2,0.3333333333333333,1.0,0.75,0.875,0.08983097473780315,0.1296634872754415,-0.01031200091044108
44,33,6,1,0.16666666666666666,0.4,0.4,0.19999999999999996,0.2794405668973923,0.38991352419058484,0.39482057591279346
44,807,6,1,0.16666666666666666,0.4,1.0,1.0,0.12237455447514851,0.5157591849565506,0.27055787295103073
44,650,6,1,0.16666666666666666,0.0,0.8,0.0,0.08056670427322388,0.7345477032164732,0.3153722882270813
44,893,6,1,0.16666666666666666,0.0,0.4,1.0,0.32632098098595935,0.49024408240802586,0.2715429713328679
44,294,6,1,0.16666666666666666,0.6,1.0,0.6,0.06989223261674245,0.25654635826746625,-0.19617935021718344
44,659,6,1,0.16666666666666666,0.6,1.0,0.19999999999999996,0.0495584507783254,0.24718903998533884,-0.01763458053270976
44,794,6,1,0.16666666666666666,1.0,0.6,0.19999999999999996,0.24004303415616354,0.3362806510801117,-0.024451489249865215
44,540,6,1,0.16666666666666666,1.0,0.6,0.0,0.08556915416071813,-0.17454877247413,0.13594668506023785
44,268,6,1,0.16666666666666666,0.19999999999999996,0.8,0.4,0.09981721267104149,0.21790482002931336,0.09981721267104149
45,807,7,2,0.2857142857142857,0.6,0.6,0.8,0.23287280276417732,-0.3576001524925232,0.03853284319241842
45,1,7,1,0.14285714285714285,1.0,0.8333333333333334,0.33333333333333337,0.4601518530398607,0.5907875218739113,-0.03606728712717692
45,659,7,3,0.42857142857142855,0.5,1.0,0.08333333333333333,-0.20793867111206055,0.30157652497291565,0.1373797059059143
45,114,7,1,0.14285714285714285,0.8333333333333334,1.0,0.0,0.5720187054442553,0.7459963046130724,0.15150398015975952
45,227,7,2,0.2857142857142857,0.6,0.6,0.19999999999999996,0.012314720928931896,-0.1932495686536034,0.011768073542043567
45,803,7,3,0.42857142857142855,0.0,0.5,0.0,0.586604641440014,0.7700497702074548,0.5545414040486017
46,80,11,2,0.18181818181818182,1.0,1.0,0.2777777777777778,0.19754920403162637,0.2877437472343445,0.014600833257039389
46,33,11,2,0.18181818181818182,0.4444444444444444,1.0,0.7222222222222222,-0.00017182032267252603,-0.06076862414677938,0.0948107937971751
46,807,11,2,0.18181818181818182,0.33333333333333337,0.7777777777777778,0.5,0.014572044213612875,0.09748293956120808,0.08656535545984904
46,650,11,3,0.2727272727272727,0.0,0.7083333333333333,0.5833333333333333,-0.0002472201983133952,0.19970285892486572,0.0007300575574239095
46,893,11,2,0.18181818181818182,0.0,0.7777777777777778,0.7222222222222222,-0.0009537537892659506,0.6015992164611816,0.006674508253733317
46,881,11,1,0.09090909090909091,0.4,0.8,1.0,0.30428868904709816,0.5095982045168057,0.42002830654382706
46,725,11,1,0.09090909090909091,0.8,0.7,0.7,-0.014136026302973429,0.36675235256552696,-0.19663073619206747
46,1017,11,2,0.18181818181818182,0.7777777777777778,0.11111111111111116,0.5555555555555556,0.3296823700269063,0.6312469029799104,0.1879224975903829
46,979,11,1,0.09090909090909091,0.0,0.6,0.19999999999999996,0.19791211063663164,0.4327227639538857,0.33761851489543915
46,815,11,1,0.09090909090909091,0.09999999999999998,0.7,0.0,0.19762830870846906,0.395714358795279,0.2949529215693474
46,59,11,1,0.09090909090909091,0.09999999999999998,0.5,0.0,0.13848544075153768,0.1790084646700052,0.0942355568210284
46,696,11,1,0.09090909090909091,0.4,0.8,0.19999999999999996,0.13302822023009261,0.1850871510177967,-0.04510627190272013
46,526,11,2,0.18181818181818182,0.6666666666666667,1.0,0.2777777777777778,0.17490026936775394,0.0565814174588013,0.1849437064859861
47,80,6,2,0.3333333333333333,1.0,0.5,0.75,-0.025176048278808594,-0.4236045877138774,0.057631482680638633
47,807,6,2,0.3333333333333333,0.0,0.5,0.5,0.47341827551523846,0.47341827551523846,0.17974581321080527
47,695,6,2,0.3333333333333333,0.5,0.5,0.0,0.14611232404907545,0.14611232404907545,-0.047473336259524025
47,222,6,2,0.3333333333333333,0.0,0.5,0.5,-0.02002720907330513,-0.1782581110795339,-0.021672171850999195
47,674,6,2,0.3333333333333333,0.5,1.0,0.75,-0.5872911245872577,-0.5872911245872577,-0.04735039547085762
48,80,6,1,0.16666666666666666,1.0,1.0,0.4,0.016948819160461426,-0.2001758019129435,-0.10132815440495808
48,33,6,2,0.3333333333333333,0.25,0.75,0.375,0.15615333120028177,0.13679792483647665,0.10438452164332072
48,650,6,1,0.16666666666666666,0.0,0.6,0.4,-0.0060969193776448565,0.8456646129488945,-0.01514883836110433
48,294,6,1,0.16666666666666666,0.6,1.0,0.4,0.055899341901143394,-0.2645801206429799,-0.011701951424280802
48,881,6,1,0.16666666666666666,0.8,1.0,0.19999999999999996,0.22411539622892937,0.3910701697071393,0.22411539622892937
48,725,6,1,0.16666666666666666,0.6,1.0,0.19999999999999996,-0.10269960761070251,-0.09636172652244568,0.07666653394699097
48,979,6,1,0.16666666666666666,0.0,0.6,0.8,0.06267015760143597,-0.11595940589904785,0.15905947238206863
48,815,6,1,0.16666666666666666,0.19999999999999996,0.8,1.0,0.08029387689506014,0.1634784353276094,0.11514659722646077
48,139,6,1,0.16666666666666666,0.6,0.4,0.0,0.15725739168313643,0.21425922238267958,-0.001713871955871582
48,932,6,1,0.16666666666666666,1.0,0.8,0.0,0.09477886755970151,0.12578011731481334,0.058505172530810036
49,80,18,6,0.3333333333333333,0.5,0.4444444444444444,0.43055555555555547,0.004155953725179036,0.006741384665171306,0.00616377592086792
49,33,18,4,0.2222222222222222,0.5714285714285714,1.0,0.48214285714285715,0.11006073156992595,0.15139377117156982,0.004650274912516276
49,807,18,2,0.1111111111111111,0.375,0.875,0.25,-0.003579219182332357,0.4092734654744466,-0.004137118657430013
49,650,18,2,0.1111111111111111,0.0,1.0,0.28125,0.19394095738728842,0.5691997061173121,-0.0020495851834615073
49,893,18,2,0.1111111111111111,0.0,0.875,0.84375,0.7783045644561449,0.9029921599333951,0.16224505503972372
49,1,18,2,0.1111111111111111,0.625,0.875,0.5,0.6795684434473515,0.8722206365552362,0.5330242123454809
49,695,18,2,0.1111111111111111,0.125,0.75,0.75,0.5316551920647422,0.5280463673795263,0.40009680731842917
49,147,18,2,0.1111111111111111,0.375,0.75,0.1875,0.18632901708285013,0.5533400326967239,0.5312535588939985
49,887,18,2,0.1111111111111111,0.5,0.625,0.375,0.24788823227087656,0.5159534265597662,0.21865379810333252
49,283,18,4,0.2222222222222222,0.1428571428571429,0.0,0.07142857142857142,0.545707059209235,0.6656681169315561,0.38289544483025867
49,540,18,2,0.1111111111111111,0.625,0.75,0.78125,0.7642908386187628,0.7671107602236589,0.4490901082754135
49,401,18,2,0.1111111111111111,0.875,0.375,0.6875,0.10623104327047865,0.013502765175265571,0.0988578690836827
49,362,18,2,0.1111111111111111,0.5,1.0,0.625,0.5488746304132898,0.5553232561286071,0.28626880173881847
49,118,18,2,0.1111111111111111,0.875,0.625,0.5625,0.16253629316634033,0.16431116087528608,0.16102600023926547
49,243,18,2,0.1111111111111111,0.5,0.5,0.65625,0.45618585988510557,0.45630238727614864,0.4560142290247313
49,823,18,2,0.1111111111111111,1.0,1.0,0.75,0.05419913394890349,0.05419991006549137,0.054415443195694024
49,375,18,2,0.1111111111111111,0.75,0.625,0.53125,0.3239311390607327,0.3247508301163293,0.29934110632166266
49,677,18,2,0.1111111111111111,0.625,1.0,0.84375,0.2517398376415561,0.25272528450780857,0.25087904709895764
50,80,7,2,0.2857142857142857,0.8,1.0,0.8,-0.07699829339981079,0.3269735276699066,0.017939428488413494
50,33,7,2,0.2857142857142857,0.19999999999999996,0.5,0.7,0.10781611998875935,0.2328572471936544,0.13802289962768555
50,294,7,2,0.2857142857142857,0.19999999999999996,0.6,0.5,-0.10971337556838989,-0.39272886514663696,-0.39272886514663696
50,725,7,1,0.14285714285714285,0.16666666666666663,0.6666666666666667,0.16666666666666663,-0.084221417705218,0.15784720331430435,0.1768245833615462
50,715,7,1,0.14285714285714285,0.0,0.8333333333333334,0.8333333333333334,0.0053276267523566885,-0.01503087223197023,0.0053276267523566885
50,939,7,1,0.14285714285714285,0.33333333333333337,1.0,0.33333333333333337,-0.012301075582702955,-0.013890452915802598,-0.04040965375800928
50,838,7,1,0.14285714285714285,0.0,0.8333333333333334,0.33333333333333337,0.007336010225117207,-0.06493332609534264,-0.02246030668417613
51,80,18,10,0.5555555555555556,0.9,0.46249999999999997,0.6875,4.963080088297526e-05,0.00867311159769694,0.0010694265365600586
51,807,18,1,0.05555555555555555,0.23529411764705888,0.8823529411764706,0.17647058823529416,0.004894574483235677,0.5023787617683411,0.10504104693730672
51,650,18,1,0.05555555555555555,0.0,0.8235294117647058,0.23529411764705888,0.3901531994342804,0.7067325860261917,0.23014364639918009
51,147,18,2,0.1111111111111111,0.0625,0.125,0.34375,0.16449029433230558,0.12151607995231946,0.1134335808455944
51,887,18,4,0.2222222222222222,0.8392857142857143,0.6964285714285714,0.5892857142857143,0.19551211843887964,-0.6771094153324763,-0.1882296254237493
51,881,18,2,0.1111111111111111,0.875,0.8125,1.0,0.20569703790048757,0.1602201002339522,0.19838638324290514
51,128,18,1,0.05555555555555555,0.11764705882352944,0.6470588235294117,0.8235294117647058,0.046951460341612496,0.022641385595003765,0.04115097659329573
51,725,18,1,0.05555555555555555,1.0,0.8235294117647058,0.11764705882352944,0.050653078903754555,0.03272265133758386,0.02954775281250477
51,979,18,1,0.05555555555555555,0.0,0.5882352941176471,0.8235294117647058,0.013693758752197027,-0.01820519908020894,0.011705594137310982
51,1004,18,1,0.05555555555555555,0.7058823529411764,0.7058823529411764,0.05882352941176472,0.016916731372475624,-0.07028895057737827,-0.12354247954984506
51,815,18,1,0.05555555555555555,0.11764705882352944,0.8823529411764706,0.5294117647058824,0.031742243794724345,0.03269642222827921,0.0132598252967
51,927,18,2,0.1111111111111111,0.5625,0.9375,0.59375,0.09957282039492081,0.07407639424006145,0.016930776337782543
51,667,18,2,0.1111111111111111,0.59375,0.34375,0.65625,0.03848402722117802,-0.05421693126360575,0.015479158920546373
51,69,18,1,0.05555555555555555,0.11764705882352944,0.23529411764705888,0.5882352941176471,0.00031292506870765163,-0.003268102066916375,0.0003292540465054117
51,981,18,2,0.1111111111111111,0.125,0.84375,0.75,-0.0007031254353933036,-0.06452381911609943,-0.0027845886652357876
51,345,18,1,0.05555555555555555,0.6470588235294117,1.0,0.05882352941176472,1.0377463089146962e-05,-0.0004851364089214864,-2.9580718546640128e-05
51,816,18,2,0.1111111111111111,0.59375,1.0,0.28125,-1.8089898541499377e-05,-0.011737175846027034,-2.3041930546696676e-05
52,33,5,2,0.4,0.33333333333333337,0.33333333333333337,0.6666666666666667,0.3945264021555583,0.3945264021555583,-0.12705856561660767
52,807,5,1,0.2,0.5,1.0,0.25,-0.13259432713190714,0.6289547557632128,-0.02959100405375163
52,694,5,1,0.2,0.75,0.25,1.0,0.07823456327120464,-0.23146053155263266,-0.10211613774299622
52,659,5,1,0.2,0.0,1.0,0.25,0.16171220441659293,0.19043134587506452,-0.1424259344736735
52,1017,5,2,0.4,1.0,0.33333333333333337,1.0,-0.14464643597602844,-0.124338883596162,0.2170251973827059
53,80,7,3,0.42857142857142855,1.0,0.5,0.6666666666666666,0.017555534839630127,0.11235213279724121,-0.00021300713221232095
53,33,7,2,0.2857142857142857,0.4,0.4,0.6,0.18352856238683066,0.18352856238683066,0.1339831550916036
53,294,7,2,0.2857142857142857,0.4,0.6,0.2,0.2833779752254486,-0.449465533097585,-0.4175587296485901
53,695,7,2,0.2857142857142857,0.0,1.0,0.6,0.27119622627894086,0.4900435097515583,0.2197935382525126
53,214,7,2,0.2857142857142857,0.8,1.0,0.2,0.31755947942535084,0.31478902449210483,0.19610339403152466
53,968,7,2,0.2857142857142857,0.0,0.4,0.3,0.44909243161479634,0.44909243161479634,-0.01375269889831543
53,932,7,1,0.14285714285714285,1.0,1.0,0.5,0.007764273769377421,-0.013397757274409136,0.0006519900634884834
54,80,35,26,0.7428571428571429,0.9487179487179487,0.17094017094017097,0.4102564102564103,-3.9736429850260414e-08,1.0808308919270834e-05,4.172325134277344e-06
54,33,35,2,0.05714285714285714,0.3939393939393939,1.0,0.36363636363636365,0.0005127986272176107,-4.172325134277344e-06,6.731351216634114e-05
54,807,35,2,0.05714285714285714,0.21212121212121215,0.9393939393939393,0.5,0.061690886815389,0.6859960630536079,0.48484159012635547
54,650,35,2,0.05714285714285714,0.030303030303030276,0.9393939393939394,0.3181818181818182,0.7018353169163069,0.9539832891120265,0.6472102732708057
54,893,35,2,0.05714285714285714,0.0,0.9393939393939394,0.8484848484848484,0.7331363325938582,0.9803912542720354,0.8527598146853658
54,294,35,2,0.05714285714285714,0.33333333333333337,1.0,0.3787878787878788,-0.00041236480077107746,0.028734147548675537,-0.00034413735071818036
54,695,35,2,0.05714285714285714,0.1515151515151515,0.8181818181818182,0.6363636363636364,0.5758582114552458,0.5929724431286255,0.35894030580917996
54,147,35,2,0.05714285714285714,0.6363636363636364,0.8787878787878788,0.10606060606060608,0.4857887570542516,0.46288784717520076,0.329731822013855
54,887,35,18,0.5142857142857142,0.9869281045751633,0.40522875816993464,0.6666666666666667,0.02232372760772705,0.0059984127680460615,0.00021982192993164062
54,794,35,2,0.05714285714285714,0.5151515151515151,0.5151515151515151,0.4696969696969697,0.014355301856994629,0.06508378187815349,0.0002917846043904622
54,591,35,2,0.05714285714285714,0.5151515151515151,0.8787878787878788,0.1515151515151515,0.24960637092590332,0.23360079526901245,0.06889824072519939
54,13,35,2,0.05714285714285714,0.696969696969697,0.12121212121212122,0.5757575757575757,0.09872692570327975,0.0867427559569478,0.09140428629082938
54,540,35,2,0.05714285714285714,0.3939393939393939,0.9393939393939393,0.8484848484848485,0.5367282748532792,0.6040644574865534,0.5635488736831272
54,116,35,1,0.02857142857142857,0.0,0.8823529411764706,0.08823529411764708,0.0015848123527995028,0.0015850644471330593,0.00149556828406124
54,119,35,14,0.4,0.9047619047619047,0.7687074829931972,0.2585034013605442,0.912342628192467,0.985800135357683,0.969264826995944
54,420,35,2,0.05714285714285714,0.6363636363636364,0.8181818181818181,0.9696969696969697,0.9174717886271537,0.9503003809918672,0.6187306307256222
54,362,35,2,0.05714285714285714,0.21212121212121215,1.0,0.22727272727272724,0.23871312398114242,0.26559978572428616,0.24539726229462153
54,403,35,2,0.05714285714285714,0.21212121212121215,0.8787878787878788,0.24242424242424238,4.377683628931095e-06,4.425622945355053e-06,4.274255707888604e-06
54,953,35,1,0.02857142857142857,0.0,0.9411764705882353,0.7647058823529411,4.5057660596472746e-07,4.45159551912729e-07,3.7230003258059696e-07
54,710,35,2,0.05714285714285714,0.6363636363636362,0.5757575757575757,0.8333333333333333,0.006740182341066732,0.007114229401734266,0.006408333528573469
54,677,35,2,0.05714285714285714,0.6969696969696969,1.0,0.5757575757575757,0.02733753329891897,0.02738412571963522,0.026126990188901782
55,80,11,4,0.36363636363636365,1.0,0.4285714285714286,0.2857142857142857,0.02874469757080078,-0.020492454369862873,-0.006186624368031819
55,33,11,3,0.2727272727272727,0.5,1.0,0.29166666666666663,-0.08558676640192668,-0.08586184183756511,0.08977019786834717
55,807,11,2,0.18181818181818182,0.0,0.888888888888889,0.4444444444444444,0.00455931822458903,0.5405318411067128,0.3589206874991457
55,881,11,1,0.09090909090909091,0.6,1.0,0.5,0.26268693432211876,0.3753028924111277,0.2626869094868501
55,114,11,1,0.09090909090909091,0.6,1.0,0.7,0.1497426809122165,0.2027603991694491,-0.07055641214052837
55,222,11,2,0.18181818181818182,0.0,0.888888888888889,0.33333333333333337,0.2904788951079051,0.2776309947172801,0.024989982446034748
55,473,11,2,0.18181818181818182,0.2222222222222222,0.33333333333333337,0.4444444444444445,0.1493386427561442,0.19816721975803375,0.09522423148155212
55,927,11,2,0.18181818181818182,1.0,0.7777777777777778,0.2222222222222222,0.32370794502397376,0.40772144434352714,0.2285080999135971
55,392,11,3,0.2727272727272727,0.25,0.25,0.75,0.24683682868878046,0.3774022953664596,0.2678333773704556
56,80,7,1,0.14285714285714285,0.33333333333333337,0.33333333333333337,0.6666666666666667,-0.11915961901346843,-0.11986035108566284,-0.0947747031847636
56,33,7,4,0.5714285714285714,0.0,0.6666666666666667,0.25,0.2541247109572093,0.07093751430511475,0.20406023661295572
56,294,7,1,0.14285714285714285,0.8333333333333333,1.0,1.0,0.05637990434964498,-0.7360954533020655,0.06538939972718556
56,695,7,1,0.14285714285714285,0.6666666666666667,0.8333333333333334,0.6666666666666667,0.3203349777807792,0.32066105694199604,-0.051910082499186196
56,114,7,1,0.14285714285714285,1.0,1.0,0.0,0.23457491849698422,0.23457581477278686,0.1823020375746959
56,392,7,3,0.42857142857142855,0.5,0.25,0.41666666666666663,0.35291702816914494,0.3529169633420679,0.29180852075417835
56,214,7,1,0.14285714285714285,1.0,0.6666666666666667,0.0,-0.004455015063285828,-0.07234795143206914,-0.004455015063285828
57,80,6,1,0.16666666666666666,1.0,0.19999999999999996,0.6,0.029771069685618084,-0.09445701042811076,-0.09445701042811076
57,33,6,4,0.6666666666666666,0.0,1.0,0.375,-0.027402818202972412,0.06225055456161499,0.018673797448476154
57,294,6,1,0.16666666666666666,0.0,1.0,0.0,-0.005900959173838298,-0.3188445369402568,0.16241633892059326
57,114,6,1,0.16666666666666666,0.8,1.0,0.19999999999999996,0.11600551414994698,0.22300692195797941,0.02988104025522868
57,392,6,3,0.5,0.33333333333333337,0.0,0.11111111111111112,0.0830281070577712,0.14168492255006035,-0.12855123480161032
58,80,12,3,0.25,0.7407407407407408,0.9629629629629629,0.37037037037037035,0.01928057273228963,-0.04084904988606771,0.10699572165807088
58,33,12,1,0.08333333333333333,0.36363636363636365,0.9090909090909091,0.09090909090909094,0.020334412654240925,-0.0963972012201945,-0.1525549292564392
58,807,12,3,0.25,0.22222222222222224,0.4074074074074074,0.7407407407407407,0.03656174739201864,0.1404577692349752,0.009322285652160645
58,650,12,1,0.08333333333333333,0.0,0.7272727272727273,0.7272727272727273,0.29798243443171185,0.5967300187330693,0.35623855392138165
58,1,12,2,0.16666666666666666,0.8500000000000001,1.0,0.30000000000000004,0.5239519043825567,0.7916426208103076,0.21542754769325256
58,881,12,1,0.08333333333333333,0.5454545454545454,0.8181818181818181,0.18181818181818177,0.3787149904916684,0.4141829575722416,0.14268130312363306
58,283,12,1,0.08333333333333333,0.36363636363636365,0.09090909090909094,0.9090909090909091,0.33387281183361966,0.42924857783752185,0.2243130306402842
58,725,12,1,0.08333333333333333,0.7272727272727273,0.8181818181818181,0.0,0.1300880884130796,0.21091818064451218,0.17272755006949106
58,222,12,1,0.08333333333333333,0.0,0.9090909090909091,0.9090909090909091,0.10691530505816142,0.034440244237581887,-0.04811327656110128
58,979,12,1,0.08333333333333333,0.0,0.6363636363636364,0.4545454545454546,0.10094720870256424,0.23914215015247464,0.018430237968762715
58,815,12,1,0.08333333333333333,0.09090909090909094,0.7272727272727273,0.0,0.25176889076828957,0.26350058513344266,0.18749931454658508
58,227,12,2,0.16666666666666666,0.19999999999999996,0.4,0.35,0.4416146748405178,0.613394038247255,0.09538545459508896
58,139,12,1,0.08333333333333333,0.6363636363636364,1.0,0.4545454545454546,0.1314593524536273,0.13384575978852808,0.06836518707374732
58,953,12,1,0.08333333333333333,0.6363636363636364,0.36363636363636365,0.7272727272727273,0.014278344884890734,0.05337093665093562,-0.015662168463071186
58,59,12,1,0.08333333333333333,0.2727272727272727,0.4545454545454546,1.0,0.11637640902214723,0.11733349071558526,0.08705484013383587
58,696,12,1,0.08333333333333333,0.5454545454545454,0.8181818181818181,0.36363636363636365,0.15751246976045272,0.1641080091552188,0.12500033310304084
58,913,12,1,0.08333333333333333,0.9090909090909091,1.0,0.9090909090909091,0.09420941765029056,0.11729719479255134,0.07429940327225874
58,482,12,1,0.08333333333333333,0.5454545454545454,0.5454545454545454,0.5454545454545454,0.11086642435731164,0.04591447844480475,0.04943106696009636
58,1014,12,1,0.08333333333333333,0.9090909090909091,1.0,0.36363636363636365,0.13750587111781906,0.165097207241935,0.010486401617527008
58,836,12,2,0.16666666666666666,0.9,0.7,0.9,0.12458918530789258,0.15032691386204533,0.10834360246857007
59,80,9,1,0.1111111111111111,1.0,0.625,0.5,-0.031089921792348225,0.16129599014918009,-0.02932131290435791
59,33,9,3,0.3333333333333333,0.5,0.8333333333333334,0.16666666666666666,0.3313446640968323,0.3412688970565796,0.15414685010910034
59,650,9,2,0.2222222222222222,0.0,0.4285714285714286,0.7857142857142857,0.5368772645791372,0.7184923229118189,0.30560940504074097
59,1,9,1,0.1111111111111111,1.0,0.875,0.125,0.35440420809512335,0.38491605784899247,0.02565804123878479
59,695,9,1,0.1111111111111111,0.5,0.625,0.125,0.6588802536328634,0.6588802536328634,0.4390888015429179
59,283,9,2,0.2222222222222222,0.4285714285714286,0.2857142857142857,0.2142857142857143,0.29399421737192216,0.29399421737192216,0.04645792146523794
59,118,9,1,0.1111111111111111,0.75,0.75,0.5,0.21800654611691547,0.21800654611691547,0.21786610406221976
59,692,9,1,0.1111111111111111,0.625,0.875,0.75,0.4834814918060128,0.48336077168823977,0.32071177909771603
59,823,9,1,0.1111111111111111,0.875,0.875,0.625,0.10600658825735643,0.10600658825735643,0.01789378623167674
59,976,9,1,0.1111111111111111,0.875,0.75,0.0,0.06694471302868503,0.06885303010343098,0.047008988505695015
59,345,9,1,0.1111111111111111,0.25,0.75,0.125,0.06302107874459277,0.06460803894151468,0.06444610601465683
59,452,9,2,0.2222222222222222,0.0,0.5714285714285714,0.5714285714285714,0.36262285194092314,0.3674566697713065,0.04237760024746725
59,350,9,1,0.1111111111111111,0.875,1.0,0.875,0.4241184071139017,0.4326392064032838,0.19537207980950674
60,80,19,1,0.05263157894736842,0.33333333333333337,0.888888888888889,0.0,0.19266902407010397,0.5723409305016199,0.4635661045710246
60,33,19,1,0.05263157894736842,0.16666666666666663,0.7222222222222222,0.5555555555555556,0.4196486940830558,0.4185682900473087,0.3845562096685171
60,807,19,7,0.3684210526315789,0.7142857142857142,0.8095238095238095,0.7142857142857143,0.14480688174565634,0.04199830691019694,0.0022983153661092124
60,650,19,2,0.10526315789473684,0.4117647058823529,0.9411764705882353,0.6470588235294117,0.00637364387512207,0.11982254187266032,0.0018988847732543945
60,893,19,2,0.10526315789473684,0.23529411764705882,0.8823529411764706,0.5,0.32440969223777455,0.6962586032847563,0.07292580604553223
60,1,19,1,0.05263157894736842,0.9444444444444444,1.0,0.6666666666666667,0.7369976666911194,0.8068874905196329,0.16866624355316162
60,659,19,5,0.2631578947368421,0.02857142857142856,0.7571428571428571,0.5571428571428572,0.009582062562306723,0.5703132326404253,-0.005315065383911133
60,389,19,1,0.05263157894736842,0.33333333333333337,0.5555555555555556,0.8888888888888888,0.5271826625491182,0.7526796035763255,0.1484242926041285
60,128,19,1,0.05263157894736842,0.5,0.6111111111111112,0.33333333333333337,0.43278960364743096,0.4537565145666728,0.1983092874288559
60,1017,19,1,0.05263157894736842,0.8333333333333334,0.5,1.0,0.4367069970054824,0.45856331480505713,0.29330702498555183
60,116,19,1,0.05263157894736842,0.2777777777777778,0.5,0.4444444444444444,0.650403856855822,0.8072255879606018,0.49578343828519184
60,820,19,1,0.05263157894736842,0.7222222222222222,0.8888888888888888,0.2777777777777778,0.7177496649868166,0.8934378360664598,0.6141034248284996
60,674,19,1,0.05263157894736842,0.2222222222222222,0.8333333333333334,0.11111111111111116,-0.0044669977214653045,-0.011761192523408681,-0.0025822308962233365
60,69,19,1,0.05263157894736842,0.6666666666666667,0.6111111111111112,0.4444444444444444,0.6912740779974532,0.7784791150206676,0.3849478454018633
60,268,19,5,0.2631578947368421,0.01428571428571428,0.5285714285714286,0.37142857142857144,0.184687077999115,0.8031907868183529,0.2294279709458351
60,144,19,1,0.05263157894736842,0.6111111111111112,0.4444444444444444,0.33333333333333337,0.582323324556152,0.866821368324886,0.4185196136434873
60,117,19,1,0.05263157894736842,0.8333333333333334,0.7222222222222222,0.11111111111111116,0.2538561331618894,0.26058650924569676,0.259394387966798
60,798,19,1,0.05263157894736842,0.6666666666666667,0.5555555555555556,0.8888888888888888,0.007460006080994693,-0.018249175200859707,0.008008096506576598
60,736,19,1,0.05263157894736842,0.888888888888889,1.0,0.8888888888888888,0.40989693377923686,0.44265859302842614,0.43856747069973306
60,1005,19,1,0.05263157894736842,0.7222222222222222,1.0,0.33333333333333337,0.2392368327952378,0.3273564500825546,0.2602870874106884
61,33,6,2,0.3333333333333333,0.5,0.5,0.375,0.17813995480537415,0.28587990005811054,0.028751691182454426
61,650,6,1,0.16666666666666666,0.19999999999999996,0.4,0.4,0.5192221030592918,0.5702244465549787,0.38230083386103314
61,881,6,1,0.16666666666666666,1.0,1.0,1.0,0.5221920910213763,0.5221920910213763,0.4948188392057394
61,139,6,2,0.3333333333333333,1.0,0.5,0.375,-0.010786637663841248,0.18515309685123307,0.16425633803009987
61,715,6,1,0.16666666666666666,0.0,0.6,0.6,-0.4181812306245168,-0.4181812306245168,-0.1974878932038943
61,939,6,1,0.16666666666666666,0.4,1.0,0.6,-0.3342641592025757,-0.3342641592025757,-0.3342641592025757
61,838,6,1,0.16666666666666666,0.0,0.6,0.19999999999999996,-0.4290769696235657,-0.4290769696235657,-0.2740848958492279
61,753,6,1,0.16666666666666666,0.19999999999999996,0.4,0.8,-0.44490913550059,-0.44490913550059,-0.44490913550059
62,33,6,2,0.3333333333333333,0.5,0.75,0.75,0.18701422214508057,0.24674617250760397,0.30001797278722125
62,807,6,1,0.16666666666666666,0.8,1.0,0.6,0.43209831913312274,0.5455878674983978,0.04631000757217407
62,1017,6,2,0.3333333333333333,0.5,0.5,0.75,0.4445523006676619,0.4880027275988444,0.4765064710130294
62,1004,6,1,0.16666666666666666,1.0,0.8,0.4,0.13074005395174026,0.13525491704543433,-0.008052160342534384
62,715,6,2,0.3333333333333333,0.0,0.5,0.625,-0.3540363510449727,-0.3540363510449727,-0.3540363510449727
62,939,6,1,0.16666666666666666,0.6,0.8,1.0,-0.2974159816900889,-0.2974159816900889,0.02041691541671753
62,838,6,2,0.3333333333333333,0.0,0.5,0.5,-0.34737472732861835,-0.34737472732861835,-0.1590531220038732
62,767,6,1,0.16666666666666666,0.8,0.8,1.0,0.07351073583049583,0.07351073583049583,-0.05720779548088709
63,80,13,1,0.07692307692307693,0.5,0.9999999999999999,0.08333333333333337,0.011425971984863281,0.06527878840764363,0.007466554641723633
63,33,13,4,0.3076923076923077,0.2222222222222222,1.0,0.6666666666666667,0.36260125537713367,0.2717756927013397,0.26546530922253925
63,807,13,2,0.15384615384615385,0.9090909090909091,0.36363636363636365,0.2727272727272727,0.05881031354268392,0.31579115986824036,0.020610610644022625
63,650,13,2,0.15384615384615385,0.0,1.0,0.5909090909090908,0.27460940182209015,0.503101555009683,0.031770408153533936
63,893,13,2,0.15384615384615385,0.0,1.0,0.8636363636363636,0.09563312927881877,0.6626081404586633,0.04476010799407959
63,1,13,2,0.15384615384615385,0.7272727272727273,1.0,0.5454545454545454,0.7010243880019212,0.7051629268389661,0.6225063117841879
63,695,13,2,0.15384615384615385,0.18181818181818177,0.5454545454545454,0.8636363636363635,0.6127249360627806,0.5993908702706298,0.3402119477589925
63,128,13,1,0.07692307692307693,1.0,1.0,0.25,0.5154167589110633,0.5154167586006224,0.19150001804033914
63,283,13,4,0.3076923076923077,0.2222222222222222,0.0,0.3888888888888889,0.5506458734579004,0.5589713161296762,0.3394148559309542
63,362,13,2,0.15384615384615385,0.7272727272727273,0.7272727272727273,0.5909090909090909,0.17425796424140097,0.17958722468877397,0.12853112444281578
63,69,13,2,0.15384615384615385,0.18181818181818177,0.5454545454545454,0.13636363636363635,0.11519412158925728,-0.5642621094981829,-0.05868246282140414
63,585,13,2,0.15384615384615385,1.0,1.0,0.18181818181818177,0.08832418637197399,0.08832418880377764,0.0009496913213903705
63,440,13,1,0.07692307692307693,1.0,0.6666666666666666,0.6666666666666667,0.14933747669657807,0.15207529225464703,0.07167559877658884
64,80,6,2,0.3333333333333333,1.0,0.625,0.25,0.05305864413579305,0.06468268235524495,0.016191919644673664
64,33,6,2,0.3333333333333333,0.25,0.625,0.5,0.13131962219874063,0.11709433794021606,0.10167805353800456
64,807,6,1,0.16666666666666666,0.6,1.0,0.6,0.058289567629496254,0.5711586028337479,0.2916005353132884
64,650,6,1,0.16666666666666666,0.0,0.8,0.0,0.03566507498423258,0.6862759416302046,0.3665142357349396
64,893,6,1,0.16666666666666666,0.0,0.8,0.6,0.16684276858965555,0.508780967288961,-0.1430757443110148
64,294,6,1,0.16666666666666666,0.6,1.0,0.8,0.10899083813031514,0.2514655987421672,0.10899083813031514
64,794,6,1,0.16666666666666666,1.0,0.8,0.0,0.21038257082303366,0.3307637969652812,0.0376002291838328
64,1017,6,1,0.16666666666666666,0.6,0.19999999999999996,0.0,0.17841232319672903,0.28769829333759844,-0.2162212630112966
64,540,6,1,0.16666666666666666,1.0,0.8,0.4,0.20680381481846175,0.33297667279839516,0.11350817202279966
64,526,6,1,0.16666666666666666,0.8,1.0,0.4,0.21414558480864798,0.2603528957315575,0.08181443313757579
65,80,6,3,0.5,1.0,0.33333333333333337,0.22222222222222224,0.008434295654296875,0.08148461580276489,0.013145804405212402
65,33,6,1,0.16666666666666666,0.4,0.4,0.8,0.20034356911977133,0.20034356911977133,0.09760814905166626
65,695,6,1,0.16666666666666666,0.0,1.0,0.4,0.15068662414948145,0.26706382135550183,-0.012098769346872965
65,147,6,1,0.16666666666666666,0.0,0.19999999999999996,0.8,0.10577402512232463,0.10577402512232463,-0.0607677698135376
65,887,6,1,0.16666666666666666,0.8,1.0,0.6,0.13479738930861154,-0.626347487171491,-0.042154366771380104
65,13,6,1,0.16666666666666666,0.8,1.0,1.0,0.17672483436763287,0.18561358066896597,0.18155785650014877
65,841,6,1,0.16666666666666666,0.19999999999999996,0.19999999999999996,0.4,-0.006139005223910014,0.027712454398473103,-0.023850565155347187
65,486,6,1,0.16666666666666666,0.0,1.0,0.0,0.014376909006386995,0.007934889445702234,0.01577541387329499
65,981,6,1,0.16666666666666666,0.0,0.19999999999999996,0.4,0.2787063531577587,0.2787063531577587,0.19209729631741843
65,1005,6,1,0.16666666666666666,0.0,1.0,0.0,0.04239786167939504,0.06702240804831187,0.056691562136014305
65,816,6,1,0.16666666666666666,0.6,0.6,0.19999999999999996,0.28148598192880553,0.28148598192880553,0.011290679375330607
66,807,7,1,0.14285714285714285,1.0,1.0,0.16666666666666663,0.40034687519073486,0.40034687519073486,-0.004332522551218669
66,650,7,1,0.14285714285714285,0.33333333333333337,0.6666666666666667,0.5,0.21778819958368936,0.3692130570610364,0.07602651913960774
66,893,7,1,0.14285714285714285,0.33333333333333337,0.33333333333333337,0.33333333333333337,0.7959855111936728,0.803872357433041,0.1580576697985331
66,695,7,1,0.14285714285714285,0.6666666666666667,0.5,1.0,0.35307026964922744,0.35307026964922744,0.07380853593349457
66,694,7,2,0.2857142857142857,0.6,0.6,0.9,-0.001599133014678955,0.21534296870231628,0.1729829708735148
66,342,7,2,0.2857142857142857,0.19999999999999996,0.4,0.9,0.46408029397328693,0.5013956924279531,-0.17413379748662314
66,621,7,2,0.2857142857142857,0.19999999999999996,0.4,0.4,0.3784494747718175,0.46113912388682365,0.3716226977606614
66,959,7,1,0.14285714285714285,0.5,0.6666666666666667,0.0,0.50659823572884,0.5090448001477247,0.19868247707684836
66,49,7,1,0.14285714285714285,1.0,1.0,0.0,0.2872682384913787,0.287592211253165,0.2256097520585172
66,500,7,1,0.14285714285714285,0.6666666666666667,0.8333333333333334,0.33333333333333337,0.27015789163609344,0.27063753599456203,0.17925045639276505
67,80,4,2,0.5,1.0,0.75,0.0,0.03995358943939209,0.06971991062164307,0.06549781560897827
67,33,4,1,0.25,0.33333333333333337,0.33333333333333337,0.6666666666666667,0.14179132878780365,-0.534984678030014,0.12944947183132172
67,294,4,1,0.25,0.33333333333333337,0.6666666666666667,1.0,0.29822102189064026,-0.37927085161209106,0.3043328523635864
67,794,4,1,0.25,1.0,0.6666666666666667,0.33333333333333337,0.23913253843784332,-0.6862868070602417,0.24627432599663734
67,728,4,1,0.25,1.0,1.0,1.0,0.8915065191686153,0.8915065191686153,0.04571288824081421
67,251,4,1,0.25,1.0,1.0,0.6666666666666667,0.5207935124635696,0.5207935124635696,0.19060581922531128
68,80,4,2,0.5,1.0,0.5,0.5,0.034713685512542725,0.056606292724609375,0.034713685512542725
68,807,4,1,0.25,0.0,0.33333333333333337,0.6666666666666667,0.14384636282920837,0.14384636282920837,0.14384636282920837
68,147,4,1,0.25,0.33333333333333337,0.33333333333333337,0.0,0.10366681218147278,0.10366681218147278,0.09662558138370514
68,222,4,1,0.25,0.0,0.33333333333333337,0.0,0.23746296763420105,0.23746296763420105,0.16646140813827515
68,473,4,1,0.25,0.6666666666666667,0.6666666666666667,0.6666666666666667,0.17759081721305847,0.17759081721305847,0.11475855112075806
68,981,4,1,0.25,0.33333333333333337,0.33333333333333337,0.6666666666666667,0.26662110537290573,0.26662110537290573,-0.1602270007133484
68,816,4,1,0.25,1.0,1.0,0.6666666666666667,0.2862961906939745,0.2862961906939745,-0.03309178352355957
69,80,17,15,0.8823529411764706,1.0,0.0,0.5333333333333333,-2.396106719970703e-05,0.0006496906280517578,-3.349781036376953e-05
69,33,17,1,0.058823529411764705,0.0,0.875,0.5625,0.0011714498202006023,0.0013138651847839355,0.0003808339436848958
69,294,17,1,0.058823529411764705,0.0,1.0,0.9375,0.00257416566212972,0.004736940066019694,-0.0009742379188537598
69,147,17,1,0.058823529411764705,0.1875,0.0625,0.6875,0.0793256089091301,0.032834199567635856,0.040447590251763664
69,887,17,13,0.7647058823529411,0.7884615384615384,0.3076923076923077,0.3653846153846154,0.014182786146799723,0.018898308277130127,0.0009938677151997883
69,794,17,1,0.058823529411764705,0.125,0.75,0.3125,0.013560215632120768,0.010530134042104086,0.0011324683825174968
69,591,17,1,0.058823529411764705,0.125,0.75,0.625,0.04537850618362427,0.0605962872505188,0.0017361243565877278
69,119,17,11,0.6470588235294118,0.6212121212121212,0.48484848484848486,0.22727272727272724,0.4397834936777751,0.5013627260923386,0.5426949299871922
69,420,17,1,0.058823529411764705,0.5625,0.6875,0.3125,0.24680630366007486,0.25446006655693054,0.07156415780385335
69,981,17,1,0.058823529411764705,0.625,0.9375,0.9375,0.09354367045064767,0.006902543207009633,0.007464764018853505
69,816,17,1,0.058823529411764705,0.9375,1.0,0.0,0.08284123210857312,0.04534049207965533,0.06837660695115726
70,80,11,1,0.09090909090909091,0.30000000000000004,0.9,0.0,0.34248458842436474,0.45112723608811695,0.4314924602707227
70,807,11,5,0.45454545454545453,0.5,0.8666666666666667,0.5,0.10924001534779866,0.31962616244951886,-0.002426763375600179
70,650,11,1,0.09090909090909091,0.0,0.7,0.7,0.04561682542165121,0.31578902155160904,0.019145925839742024
70,893,11,1,0.09090909090909091,0.4,0.0,0.9,0.6163845906654993,0.6665857616268719,0.20758994420369467
70,1,11,1,0.09090909090909091,0.6,1.0,0.19999999999999996,0.4597922945395112,0.4814887909839551,0.17411882678667703
70,659,11,3,0.2727272727272727,0.25,0.8333333333333334,0.5833333333333333,-0.12612106402715048,0.08010655641555786,-0.018354058265686035
70,389,11,1,0.09090909090909091,0.5,0.5,0.6,0.326405839373668,0.5992007103438178,0.5312594026327133
70,222,11,1,0.09090909090909091,0.09999999999999998,0.5,0.19999999999999996,0.021880959180028487,-0.14957096055150032,-0.004741232221325238
70,392,11,1,0.09090909090909091,0.9,1.0,0.09999999999999998,0.06141697203202057,-0.22726758817831674,-0.018880829215049744
70,914,11,2,0.18181818181818182,0.0,0.2222222222222222,0.4444444444444444,0.13223270078500113,0.29068235618372756,0.040583521127700806
70,268,11,1,0.09090909090909091,0.30000000000000004,0.8,0.30000000000000004,0.2925477164487044,0.492076448785762,0.08458301424980164
70,844,11,1,0.09090909090909091,0.5,0.7999999999999999,0.30000000000000004,0.048580117989331484,-0.010426239420970282,0.04026268795132637
71,80,9,5,0.5555555555555556,0.95,0.45,0.65,0.0003116329511006673,0.06582814455032349,-0.0010825792948404949
71,33,9,1,0.1111111111111111,0.375,1.0,0.75,0.08503985404968262,0.07302757104237874,-0.006639838218688965
71,807,9,2,0.2222222222222222,0.1428571428571429,0.8571428571428572,0.1428571428571429,0.06258491675059001,0.6366506765286127,0.21138920386632284
71,650,9,1,0.1111111111111111,0.0,0.875,0.0,0.021783689657847088,0.8069089228908221,0.03487714131673177
71,893,9,1,0.1111111111111111,0.0,0.875,0.5,0.37371659775575,0.8397897795463601,0.5790517251007259
71,294,9,1,0.1111111111111111,0.375,1.0,0.0,-0.038798669974009194,0.25555290778477985,0.1876568595568339
71,887,9,3,0.3333333333333333,0.9444444444444444,0.3888888888888889,0.7222222222222222,0.22860235969225565,0.5548491428295771,0.2145217458407084
71,794,9,1,0.1111111111111111,0.75,0.5,0.25,0.21187586585680643,0.6541956116755804,0.36291690667470294
71,389,9,1,0.1111111111111111,0.125,0.125,1.0,0.22056274255737662,0.25853243062010733,0.15515413880348206
71,591,9,1,0.1111111111111111,0.75,0.75,1.0,0.3496163934469223,0.6598150307933489,0.06791730721791585
71,540,9,1,0.1111111111111111,1.0,0.875,0.25,0.38104871039589244,0.46983142755925655,0.4710872300590078
71,713,9,1,0.1111111111111111,0.25,1.0,0.375,0.22290585935115814,0.33311396387095255,0.033867985010147095
71,119,9,1,0.1111111111111111,1.0,0.75,0.625,0.30822071122626465,0.39678649154181284,0.22760136425495148
71,420,9,1,0.1111111111111111,0.875,0.875,0.75,0.3603441119194031,0.44019510174014914,0.4396734149195254
71,243,9,1,0.1111111111111111,0.625,0.375,0.125,0.2350977805132667,0.3127564237608264,0.21974043796459833
71,263,9,1,0.1111111111111111,0.25,1.0,0.125,0.19749630615115166,0.2764632435088667,0.09480941295623779
71,86,9,1,0.1111111111111111,0.625,0.625,0.125,0.16577516232306758,0.20986082074038373,0.11145204181472461
72,80,16,7,0.4375,0.6031746031746031,0.3650793650793651,0.6190476190476191,-0.003619372844696045,0.042455693085988365,0.009084602197011312
72,33,16,3,0.1875,0.3076923076923077,0.9743589743589745,0.30769230769230765,0.011774420738220215,0.016592899958292644,0.002868473529815674
72,807,16,2,0.125,1.0,0.8928571428571428,0.14285714285714285,0.7100190867980322,0.787717341988658,0.3686542610327403
72,650,16,1,0.0625,0.1333333333333333,1.0,0.19999999999999996,0.4637179073567192,0.8068686438879619,0.030150234699249268
72,893,16,1,0.0625,0.19999999999999996,0.8,0.06666666666666665,0.8988427257136209,0.9512918392914193,0.15592360496520996
72,1,16,1,0.0625,0.6,0.8666666666666667,0.8666666666666667,0.24156125984154642,0.2449971149326302,0.20183779819247624
72,695,16,1,0.0625,0.1333333333333333,0.7333333333333334,0.4666666666666667,0.6511674961463237,0.6617784728878178,0.38381082316239673
72,147,16,1,0.0625,0.6,0.8,0.1333333333333333,0.57065365370363,0.4556104838848114,0.13813024759292603
72,887,16,5,0.3125,0.9090909090909091,0.5454545454545454,0.36363636363636365,0.06603058179219563,0.7077231133977572,0.285128394762675
72,283,16,2,0.125,0.0,0.0714285714285714,0.0,0.17246624747349415,0.1725202193313938,0.15700893631825844
72,342,16,1,0.0625,0.19999999999999996,0.6666666666666667,0.2666666666666667,0.43741748825414106,0.43700517364777625,0.04455856482187907
72,1017,16,1,0.0625,0.19999999999999996,0.7333333333333334,0.1333333333333333,0.30903270187748905,0.3097329767614004,0.25816040486097336
72,13,16,1,0.0625,0.6666666666666667,0.19999999999999996,0.6666666666666667,0.454683374176966,0.4531181500836586,0.33968558971537277
72,119,16,3,0.1875,0.8205128205128206,0.6923076923076923,0.6923076923076923,0.846589551307261,0.9143398246245246,0.10333649317423503
72,739,16,1,0.0625,0.6,0.5333333333333333,0.0,0.17799395283024447,0.17768307231987515,-0.01581445336341858
72,1022,16,1,0.0625,0.1333333333333333,0.6666666666666667,0.06666666666666665,0.18478223094522642,0.18631469482874272,0.13802147317081412
72,823,16,1,0.0625,0.9333333333333333,0.8666666666666667,0.8,0.1833303217374175,0.18376508689196194,0.17958671797532588
72,585,16,1,0.0625,0.6,0.9333333333333333,0.6,0.09329650135866056,0.10237932159347451,0.08125486131757498
72,440,16,1,0.0625,0.5333333333333333,1.0,0.7333333333333334,0.17926840576168956,0.18031255204732619,0.16539787066479525
72,710,16,1,0.0625,0.7333333333333334,0.7333333333333334,0.8,0.3661839502553145,0.4088634323629208,0.20704499383767447
72,406,16,1,0.0625,1.0,0.6,0.33333333333333337,4.985175610272563e-05,-0.000628316886529016,2.04605615484373e-05
72,836,16,1,0.0625,0.5333333333333333,0.8666666666666667,0.4,0.009302261009906942,-0.030264059925684705,0.0020947305796047053
73,650,3,1,0.3333333333333333,0.0,1.0,0.5,0.24188143014907837,0.28528207540512085,-0.13949719071388245
73,147,3,1,0.3333333333333333,0.5,0.5,0.0,0.05466859042644501,-0.0965137630701065,0.05466859042644501
73,694,3,1,0.3333333333333333,1.0,0.5,1.0,0.029393792152404785,0.1371670365333557,-0.08520758152008057
73,1004,3,1,0.3333333333333333,0.0,0.0,0.5,0.044828206300735474,-0.0582275390625,-0.05329504609107971
74,80,13,7,0.5384615384615384,0.9761904761904763,0.6904761904761906,0.6428571428571428,0.004004379113515218,0.01950069268544515,-0.002396861712137858
74,33,13,1,0.07692307692307693,0.5,0.41666666666666663,0.5833333333333333,0.01977604627609253,0.05420267581939697,0.01535797119140625
74,807,13,1,0.07692307692307693,0.0,0.08333333333333337,0.16666666666666663,0.23167202870051065,0.11842080950737,0.023437013228734333
74,887,13,5,0.38461538461538464,1.0,0.85,0.35,0.3594275216261546,0.06971352299054463,0.13366891940434775
74,694,13,4,0.3076923076923077,0.9444444444444444,0.9444444444444444,0.4722222222222222,0.3271465003490448,-0.10132253170013428,0.08832573890686035
74,222,13,1,0.07692307692307693,0.0,0.5833333333333333,0.5833333333333333,0.049011958142121635,0.021629005670547485,0.0596248134970665
74,473,13,1,0.07692307692307693,0.25,0.5833333333333333,0.8333333333333334,-0.06305146116452913,-0.04370970426437756,0.0003929787004987399
74,119,13,3,0.23076923076923078,0.8333333333333334,1.0,0.5666666666666667,0.10219663378666155,-0.33023612449566525,0.0896831201389432
74,401,13,1,0.07692307692307693,0.9166666666666666,0.5833333333333333,0.8333333333333334,0.1754365482678016,-0.03276928514242172,0.08902615557114284
74,432,13,2,0.15384615384615385,1.0,1.0,0.36363636363636365,0.06325644937654336,0.022192435959974926,0.06270473171025515
74,939,13,1,0.07692307692307693,0.25,0.41666666666666663,0.0,0.00016263960909175998,-0.0014176910238650937,0.0001495855121902423
74,416,13,1,0.07692307692307693,0.75,0.33333333333333337,0.41666666666666663,0.03415422168715546,-0.07860893259445827,0.023344218575706083
74,823,13,1,0.07692307692307693,0.16666666666666663,0.6666666666666667,0.9166666666666666,0.04768782394239679,-0.033582568479081,-0.05846570308009783
74,332,13,1,0.07692307692307693,0.16666666666666663,0.41666666666666663,0.8333333333333334,0.08205756358802319,-0.05248428756992022,0.019130177795886993
74,844,13,1,0.07692307692307693,0.08333333333333337,0.08333333333333337,0.41666666666666663,0.004277436955211063,-0.01992600162823995,0.00353302692140763
74,106,13,1,0.07692307692307693,0.08333333333333337,0.5,0.41666666666666663,0.0004488445119932294,-0.0027900519780814648,0.001207162664892773
75,80,26,3,0.11538461538461539,0.4782608695652174,0.6956521739130435,0.7101449275362319,-0.00012421607971191406,0.0033006866772969565,0.00032697121302286786
75,33,26,6,0.23076923076923078,0.5,0.15000000000000002,0.49166666666666664,0.9687283669506238,0.9688052777418363,0.27594629923502606
75,650,26,1,0.038461538461538464,0.24,0.6,0.72,0.3824538066207121,0.9937957955282665,0.009146610895792643
75,1,26,3,0.11538461538461539,0.9565217391304348,0.0,0.7536231884057971,0.3663010982175668,0.6714886253078779,0.010178307692209879
75,695,26,3,0.11538461538461539,0.17391304347826086,0.9565217391304348,0.34782608695652173,0.6786502117570805,0.7620591660961509,0.5622310489416122
75,114,26,3,0.11538461538461539,0.8260869565217391,1.0,0.6521739130434783,0.6176236945277817,0.6200167216312572,0.6127901400153254
75,728,26,6,0.23076923076923078,0.8,0.95,0.44999999999999996,0.8305432985847195,0.837952861036678,1.0728836059570312e-06
75,432,26,3,0.11538461538461539,0.5652173913043479,0.9565217391304348,0.42028985507246375,0.6746465235288875,0.7243495920149566,0.5423770391692718
75,392,26,9,0.34615384615384615,0.7254901960784313,0.6470588235294118,0.4313725490196078,0.9566013308608582,0.9669844720372689,0.6300047629823288
75,192,26,1,0.038461538461538464,1.0,1.0,0.24,0.9916909915928768,0.9917689914558885,0.267419437567393
75,486,26,1,0.038461538461538464,0.0,0.6,0.36,0.9690846742167994,0.970351689324548,0.8953298811078033
75,190,26,4,0.15384615384615385,0.48863636363636365,0.7954545454545454,0.6477272727272727,0.95161827637556,0.9543373710475862,0.5342763364315033
75,118,26,3,0.11538461538461539,0.6956521739130435,0.30434782608695654,0.5217391304347826,0.8398424460752203,0.8404528853958123,0.35905246684948605
75,692,26,3,0.11538461538461539,0.30434782608695654,0.4347826086956522,0.7246376811594203,0.9746245862852406,0.976835963867264,0.8312391107901931
76,80,11,1,0.09090909090909091,0.7,1.0,0.6,0.27615811427434284,0.4778788487116496,0.1605328917503357
76,33,11,1,0.09090909090909091,0.19999999999999996,1.0,0.4,0.15287106235822043,0.23574351270993552,0.010057290395100912
76,807,11,4,0.36363636363636365,0.6428571428571429,0.6428571428571428,0.6428571428571428,0.010833223660786947,0.09301936626434326,0.017406940460205078
76,650,11,3,0.2727272727272727,0.125,0.75,0.25,0.0040588776270548505,0.2004730006059011,0.01990075906117757
76,893,11,3,0.2727272727272727,0.16666666666666666,0.6666666666666666,0.625,0.1652864615122477,0.457314799229304,0.14115756750106812
76,694,11,2,0.18181818181818182,0.6666666666666667,1.0,0.5555555555555556,-0.21512831250826517,-0.3362829585870107,0.10285401344299316
76,389,11,1,0.09090909090909091,0.30000000000000004,0.5,0.0,0.3298661907513936,0.5412298457019157,-0.020235468943913777
76,128,11,1,0.09090909090909091,1.0,0.7,0.09999999999999998,0.3719532440106074,0.5133361468712488,0.3337569832801819
76,1017,11,1,0.09090909090909091,0.6,0.30000000000000004,0.7,0.5903652341415485,0.6292797681720307,0.2899805208047231
76,139,11,1,0.09090909090909091,0.6,0.30000000000000004,0.5,0.19510065492553016,0.22444649271134645,-0.05904100835323334
76,526,11,1,0.09090909090909091,0.7,1.0,0.6,0.05081158344182768,-0.15102477783026794,0.001984593148032824
76,976,11,1,0.09090909090909091,0.6,0.9,0.5,0.06700134028991063,0.26995131185140053,0.1440254288415114
77,80,6,2,0.3333333333333333,0.625,0.25,0.5,0.02959720293680827,0.15153996149698892,0.01862180233001709
77,33,6,2,0.3333333333333333,0.25,0.5,0.625,0.21325012048085532,0.21575252215067545,-0.08838868141174316
77,659,6,1,0.16666666666666666,0.0,1.0,0.6,0.09943291048208873,0.16187350327769914,-0.11391358077526093
77,881,6,1,0.16666666666666666,0.6,1.0,1.0,0.2031074513991674,0.23784659655454257,0.17785184582074484
77,85,6,1,0.16666666666666666,0.0,1.0,0.0,0.007660930355389913,-0.05202534173925718,-0.08903265992800395
77,927,6,1,0.16666666666666666,1.0,0.8,0.8,0.1291287358229359,0.13348036662985882,0.11579876393079758
77,432,6,1,0.16666666666666666,0.8,0.6,0.6,0.06417734672625859,0.13431831697622934,0.13431831697622934
77,139,6,2,0.3333333333333333,0.25,0.25,0.75,0.13100612365330258,0.1482050109965106,0.02385692298412323
78,80,5,1,0.2,1.0,0.0,0.25,-0.3111531933148702,-0.3111531734466553,-0.064715842405955
78,674,5,2,0.4,0.6666666666666667,1.0,0.5,-0.007580975691477458,0.38147979478041333,0.38147979478041333
78,838,5,1,0.2,1.0,0.0,0.5,-0.0023629299054543176,0.006472609316309293,0.006472609316309293
78,360,5,2,0.4,0.0,0.33333333333333337,0.6666666666666667,-0.009935736656188965,0.3939928685625394,-0.009935736656188965
78,790,5,2,0.4,0.0,0.33333333333333337,0.6666666666666667,-0.0070452094078063965,0.34481580058733624,0.21307839949925741
79,80,7,4,0.5714285714285714,1.0,0.33333333333333337,0.25,0.016305545965830486,-0.028277734915415447,0.03140809138615926
79,807,7,2,0.2857142857142857,0.0,0.0,0.7,0.133486807346344,0.19464770952860513,0.1539460023244222
79,695,7,1,0.14285714285714285,0.33333333333333337,1.0,0.6666666666666667,0.27996621032555896,0.4977162579695384,0.24177153905232748
79,222,7,2,0.2857142857142857,0.0,1.0,0.9,0.1362681190172831,0.16725661357243857,0.18875694274902344
79,13,7,2,0.2857142857142857,1.0,0.8,0.3,0.28859488293528557,0.31923917308449745,0.31923916935920715
79,473,7,2,0.2857142857142857,0.6,1.0,0.5,0.1415116935968399,0.13713191449642181,0.07566518584887187
79,968,7,1,0.14285714285714285,0.33333333333333337,1.0,0.5,0.44112101507683593,0.44192915844420594,0.40309644490480423
79,345,7,2,0.2857142857142857,0.6,0.4,0.6,0.07089534091452758,0.09581836375097434,0.06825527921319008
80,80,15,4,0.26666666666666666,0.5454545454545454,0.8181818181818182,0.5454545454545454,0.14360513289769491,0.39203550418217975,0.010988215605417887
80,807,15,2,0.13333333333333333,1.0,1.0,0.7307692307692307,0.0658981204032898,0.17519106467564902,0.011955678462982178
80,650,15,2,0.13333333333333333,0.15384615384615385,0.8461538461538463,0.34615384615384615,0.005582253138224284,0.10417487223943074,0.005117456118265788
80,893,15,2,0.13333333333333333,0.23076923076923073,0.6923076923076923,0.8076923076923076,0.8140887077897787,0.8442440937506035,0.0207369327545166
80,695,15,3,0.2,0.3333333333333333,0.7222222222222223,0.3055555555555555,0.8626610832288861,0.8673354148243865,0.4471953312555949
80,147,15,2,0.13333333333333333,0.3076923076923077,0.6923076923076923,0.7307692307692307,0.8980759646122655,0.8967893992861112,0.8970255473007759
80,694,15,2,0.13333333333333333,0.5384615384615384,0.8461538461538461,0.3846153846153846,0.0027107993761698404,-0.47813943525155383,-0.20462153851985931
80,342,15,2,0.13333333333333333,0.15384615384615385,0.3846153846153846,0.6153846153846154,0.30144798997207545,0.3013885563171546,0.2774132254223029
80,13,15,4,0.26666666666666666,0.5454545454545454,0.09090909090909088,0.5454545454545454,0.4295572312427491,0.4295572312427491,0.39434125895301503
80,621,15,2,0.13333333333333333,0.15384615384615385,0.3846153846153846,0.4230769230769231,0.13313414191361517,0.13215282735958075,0.07909892623623212
80,959,15,2,0.13333333333333333,0.5384615384615384,0.8461538461538461,0.15384615384615385,0.2678491202882469,0.2678493367625758,0.23314915783703327
80,49,15,2,0.13333333333333333,0.6923076923076923,1.0,0.6153846153846154,0.12869301500419775,0.1442280225603175,0.12792145488977744
80,968,15,1,0.06666666666666667,0.0,0.8571428571428571,0.0,0.007402371926824951,0.00693843925788921,0.004260438339163859
80,976,15,2,0.13333333333333333,0.3076923076923077,0.5384615384615384,0.3846153846153846,0.04158049946029981,0.06314047929239071,0.044183851374934115
80,500,15,2,0.13333333333333333,0.5384615384615384,0.8461538461538461,0.5384615384615384,0.10751766726995508,0.13149450446796132,0.10784881185585012
80,778,15,2,0.13333333333333333,0.6923076923076923,1.0,0.6923076923076923,0.13139349905153117,0.14390567375869523,0.1434119741061295
81,80,12,5,0.4166666666666667,0.9428571428571428,0.6,0.942857142857143,0.013638893763224283,0.06862578789393108,0.002264857292175293
81,33,12,3,0.25,0.11111111111111116,0.7037037037037037,0.6666666666666667,0.06488271554311116,0.07867387930552165,0.03321786721547445
81,807,12,1,0.08333333333333333,0.2727272727272727,0.9090909090909091,0.8181818181818181,0.11960037549336751,0.6195812781030933,0.27393993238608044
81,650,12,1,0.08333333333333333,0.09090909090909094,0.8181818181818181,0.36363636363636365,0.10135827461878459,0.6521870121359825,0.24437615647912025
81,893,12,1,0.08333333333333333,0.0,0.8181818181818181,0.5454545454545454,0.1634098490079244,0.34050331216227886,0.16940956811110178
81,294,12,3,0.25,0.40740740740740744,0.8148148148148148,0.18518518518518517,0.12502010663350424,0.5095311477780342,-0.09485775232315063
81,794,12,2,0.16666666666666666,1.0,0.6,0.6,0.32711026320854825,0.6003197701647878,0.4418228069941203
81,881,12,2,0.16666666666666666,0.4,0.9500000000000001,0.3,0.24165650208791098,0.34730224039716023,0.09993426998456319
81,116,12,1,0.08333333333333333,0.36363636363636365,1.0,0.8181818181818181,0.20817495964001864,0.23462028434247864,0.09962938725948334
81,927,12,2,0.16666666666666666,1.0,0.7,0.6,0.19702921559413275,0.28958564655234414,0.03896597524483999
81,144,12,1,0.08333333333333333,0.09090909090909094,0.8181818181818182,0.5454545454545454,0.0029854290963461003,-0.03104181682950487,-0.01575861405581236
82,33,7,1,0.14285714285714285,0.5,0.6666666666666667,0.5,0.16431587437788645,0.168577308456103,0.00034224987030029297
82,807,7,1,0.14285714285714285,0.8333333333333334,0.8333333333333334,1.0,0.24472306172053018,0.24472306172053018,0.06086174647013346
82,650,7,2,0.2857142857142857,0.0,0.7,0.0,0.005651493867238362,0.0143281618754069,0.0008334517478942871
82,893,7,1,0.14285714285714285,0.16666666666666663,0.6666666666666667,0.0,0.4312662589363754,0.4395546424202621,0.26167847712834674
82,147,7,1,0.14285714285714285,0.33333333333333337,0.5,0.5,0.6464627409974734,0.6711286529898643,0.6452950884898504
82,881,7,1,0.14285714285714285,0.6666666666666667,1.0,0.0,0.20467089613278708,0.7100001892928655,0.3818303303172191
82,725,7,1,0.14285714285714285,0.8333333333333334,0.6666666666666667,0.16666666666666663,0.4133254438638687,0.5426612893740336,0.00036414464314778644
82,979,7,1,0.14285714285714285,0.0,0.5,0.6666666666666667,0.764349537047868,0.764349537047868,0.4708959022536874
82,815,7,1,0.14285714285714285,0.16666666666666663,0.6666666666666667,0.8333333333333334,0.7321201199665666,0.7321201199665666,0.6205377678076426
82,139,7,1,0.14285714285714285,0.6666666666666667,0.6666666666666667,0.0,0.16180569912709566,0.16251205731896334,-0.016818692286809284
82,140,7,1,0.14285714285714285,0.5,0.0,0.5,0.3471241283696145,0.35573553922586143,0.06559561689694722
83,80,14,6,0.42857142857142855,0.75,0.75,0.5416666666666666,-0.014483372370402018,-0.01388851801554362,0.00944429636001587
83,33,14,2,0.14285714285714285,0.16666666666666663,1.0,0.16666666666666663,-0.014228562513987223,-0.04042778412501017,0.02537192900975545
83,807,14,2,0.14285714285714285,0.0,0.6666666666666667,0.5833333333333333,0.39787109692891437,0.3892339766025543,0.10897757609685262
83,1,14,2,0.14285714285714285,1.0,1.0,0.5416666666666667,0.8556299600750208,0.8558187632200619,0.005748132864634196
83,294,14,2,0.14285714285714285,0.6666666666666667,1.0,0.375,-0.49578701456387836,-0.5509192844231924,-0.3665957748889923
83,128,14,2,0.14285714285714285,0.5,0.16666666666666663,0.375,0.024845967690149944,0.03664440785845121,0.02605460149546464
83,222,14,2,0.14285714285714285,0.0,0.8333333333333334,0.25,-0.037834992011388145,0.021154115597407024,-0.05338559548060099
83,667,14,2,0.14285714285714285,0.33333333333333337,0.8333333333333334,0.2916666666666667,-0.008662338058153788,-0.008662345508734385,-0.013097714632749557
83,520,14,2,0.14285714285714285,0.8333333333333334,0.8333333333333334,0.33333333333333337,0.22980815385081618,0.22964572093769675,0.15253756816188493
83,482,14,2,0.14285714285714285,0.8333333333333334,0.5,0.20833333333333331,0.07604242186062038,0.0760074281715788,0.05768062747665681
84,80,14,2,0.14285714285714285,0.6666666666666666,0.16666666666666663,0.08333333333333337,0.025950729846954346,0.003896812597910563,0.014194389184316
84,33,14,4,0.2857142857142857,0.4,1.0,0.75,-0.09193604687849681,-0.45461998383204144,-0.1813523272673289
84,807,14,2,0.14285714285714285,0.8333333333333334,0.6666666666666667,0.75,0.6026410234626383,0.16861820220947266,0.05137503147125244
84,147,14,2,0.14285714285714285,0.6666666666666666,0.33333333333333337,0.625,0.3710829944660266,0.2614307999610901,0.19975870847702026
84,725,14,2,0.14285714285714285,0.0,0.6666666666666666,0.041666666666666685,0.5095745118039,0.6055599363341267,0.19684704144795737
84,114,14,2,0.14285714285714285,1.0,1.0,0.8333333333333334,0.9170820562801225,0.9170820565905634,0.8122499454766512
84,392,14,4,0.2857142857142857,0.6,0.6,0.925,0.9234989533272677,0.9234989533272677,0.07326742013295491
84,140,14,2,0.14285714285714285,0.16666666666666663,0.6666666666666667,0.375,0.0016427773453718448,0.0002443700990018745,7.905923606206973e-05
85,80,15,2,0.13333333333333333,0.5384615384615384,0.34615384615384615,0.07692307692307693,0.01464533805847168,0.014078915119171143,-0.0014754931131998699
85,33,15,4,0.26666666666666666,0.36363636363636365,0.5909090909090908,0.5454545454545454,0.08422663311163585,-0.4516671697298686,-0.08838872114817302
85,807,15,3,0.2,0.5555555555555556,0.8055555555555556,0.6944444444444444,0.29810987412929535,0.23812317848205566,0.04786127805709839
85,650,15,2,0.13333333333333333,0.3076923076923077,0.8461538461538461,0.2692307692307692,0.431471382578214,0.44812023639678955,0.8263486586511135
85,893,15,2,0.13333333333333333,0.07692307692307693,0.8461538461538461,0.5384615384615384,0.8349225026759086,0.9245009641163051,0.28536075353622437
85,1,15,1,0.06666666666666667,1.0,0.8571428571428572,0.0714285714285714,0.8503555195250859,0.8838030120872039,0.4098274012406667
85,389,15,1,0.06666666666666667,0.1428571428571429,0.5,0.0714285714285714,0.4050740333138189,0.4430354917744535,0.36135041682670516
85,128,15,1,0.06666666666666667,0.7857142857142857,0.5714285714285714,0.8571428571428572,0.604042931770285,0.6643188768745555,-0.044558425744374595
85,114,15,1,0.06666666666666667,0.9285714285714285,1.0,0.0714285714285714,0.2749426731194547,0.27494280322053904,0.2674458028911128
85,116,15,2,0.13333333333333333,0.15384615384615385,0.7692307692307693,0.5,0.8409648802965725,0.8684385766973719,0.3173236846923828
85,820,15,1,0.06666666666666667,0.9285714285714285,0.9285714285714286,0.2857142857142857,0.9041204624101434,0.9092025907536314,0.25661637385686237
85,392,15,2,0.13333333333333333,0.5384615384615384,0.46153846153846156,0.5,0.43681828949227963,0.4368183027924595,0.11618666847546895
85,69,15,1,0.06666666666666667,0.9285714285714285,0.6428571428571428,0.5,0.6608170375691529,0.6654089404712613,0.6631473620752028
85,117,15,1,0.06666666666666667,0.4285714285714286,0.6428571428571428,0.0,0.7231377432064221,0.7231388300450106,0.37477016790459555
85,736,15,1,0.06666666666666667,1.0,0.9285714285714286,0.8571428571428572,0.7835530438042042,0.7835561438352746,0.29360424478848773
86,80,9,1,0.1111111111111111,1.0,0.625,0.5,-0.028531750043233235,-0.07113359371821086,0.16655468940734863
86,33,9,3,0.3333333333333333,0.2777777777777778,0.8333333333333334,0.3888888888888889,0.25015441576639813,0.3462553719679515,0.09306446711222331
86,650,9,2,0.2222222222222222,0.0,0.5714285714285714,0.2142857142857143,0.32614215711752575,0.719149366642038,0.1247393290201823
86,1,9,1,0.1111111111111111,0.875,0.875,0.875,0.26038668999293196,0.36494263614683103,0.3640635098175456
86,294,9,1,0.1111111111111111,0.75,0.875,1.0,0.5255405766268572,0.46966863920291263,0.24043810367584229
86,695,9,1,0.1111111111111111,0.75,0.375,0.375,0.5869650815924009,0.5404595832029978,0.2673012415568034
86,283,9,1,0.1111111111111111,0.5,0.25,1.0,0.2966308140633676,0.2965456992193746,0.2577907921125491
86,692,9,1,0.1111111111111111,0.875,0.875,0.0,0.4567211154823478,0.4567211154823478,0.3153294225533803
86,520,9,1,0.1111111111111111,0.75,0.75,0.5,0.1316659222661324,0.1316659222661324,0.06802325187406193
86,976,9,1,0.1111111111111111,1.0,0.875,0.75,0.03626088365786018,0.03720293374976791,-0.0017801746726036072
86,452,9,2,0.2222222222222222,0.0,0.5714285714285714,0.28571428571428575,0.2522477556337191,0.34019242179079034,0.27457161745663444
86,350,9,1,0.1111111111111111,1.0,1.0,0.25,0.38868274647214446,0.3887064855030881,0.1463237206141154
87,659,6,4,0.6666666666666666,0.0,1.0,0.125,0.029068867365519207,0.08284860849380493,0.08284856875737508
87,114,6,1,0.16666666666666666,1.0,1.0,0.0,0.5670001742740473,0.5670001742740473,0.4817473888397217
87,222,6,1,0.16666666666666666,1.0,1.0,0.6,0.004923838224688855,-0.0211984704559048,-0.0211984704559048
87,116,6,1,0.16666666666666666,0.8,0.8,0.6,0.11866862230575255,0.1183709245136318,-0.004886773434312393
87,420,6,1,0.16666666666666666,0.8,0.8,0.8,0.012276255583856255,-0.017431174715360005,-0.004338996174434821
87,803,6,3,0.5,0.0,0.33333333333333337,0.0,0.9173413417302072,0.9173413417302072,0.13033292690912882
88,80,5,1,0.2,0.75,1.0,0.25,0.19581565260887146,-0.25474802652994794,0.05031283696492513
88,33,5,1,0.2,0.5,0.5,0.5,0.34528407206137973,0.47170576204856235,0.33473143974939984
88,807,5,1,0.2,0.5,1.0,0.75,0.004753013451894124,0.5797382767001787,0.16415568192799887
88,650,5,1,0.2,0.25,0.75,0.75,-0.06512161095937093,0.8144089529911677,0.7400688007473946
88,893,5,1,0.2,0.0,0.75,0.5,0.19331039488315582,0.5975549832607309,0.08770861476659775
88,659,5,1,0.2,0.25,1.0,0.5,0.1400962471961975,0.29763123641411465,0.1400962471961975
88,1017,5,1,0.2,0.75,0.25,0.5,0.16929376622041067,-0.1070206359339257,0.18455389596056193
88,85,5,1,0.2,0.0,1.0,0.25,0.253088532636563,0.33326832577586174,-0.06571475664774577
88,667,5,1,0.2,1.0,0.75,0.25,0.10009121374847989,0.12188691770037015,0.125644875690341
88,117,5,1,0.2,1.0,0.75,0.75,0.007295410459240277,-0.10038941167294979,0.017171658624647534
88,526,5,1,0.2,0.75,1.0,0.0,0.037312432038059264,-0.3069159910082817,0.037312432038059264
89,33,6,1,0.16666666666666666,0.6,0.8,0.6,0.34576187531153363,0.3186093270778656,0.03498993317286173
89,1,6,1,0.16666666666666666,1.0,1.0,0.0,0.15618395308653513,0.16527863343556723,0.16527863343556723
89,694,6,1,0.16666666666666666,0.8,0.4,0.8,0.3315756817658742,0.39255934953689575,0.14669132232666016
89,283,6,1,0.16666666666666666,0.6,0.4,0.6,0.09381901115799944,-0.03402923590814074,0.06322939554229379
89,342,6,1,0.16666666666666666,0.4,0.6,1.0,0.3443089425563812,0.3195742170015971,0.04808628559112549
89,621,6,1,0.16666666666666666,0.4,0.6,0.8,0.20117753992478052,0.22094377999504408,0.058510045210520424
89,674,6,1,0.16666666666666666,0.8,1.0,0.8,-0.017540685832500458,0.45904342581828433,-0.00416069229443868
89,360,6,1,0.16666666666666666,0.19999999999999996,0.8,0.4,-0.0070717136065165205,0.44705158720413846,0.06908804178237915
89,790,6,1,0.16666666666666666,0.4,0.8,0.4,-0.21450994412104288,-0.21450994412104288,-0.42603451013565063
89,345,6,1,0.16666666666666666,0.19999999999999996,0.8,0.6,0.09667220463355382,0.09667220463355382,0.012687228620052338
89,312,6,1,0.16666666666666666,0.6,0.6,0.0,0.02394849566432337,-0.10739203418294589,-0.05535042658448219
90,80,25,4,0.16,0.6309523809523809,0.7142857142857143,0.6547619047619048,0.006799856821695964,0.16878745953241983,0.09220383564631145
90,807,25,8,0.32,0.5808823529411764,0.7647058823529411,0.6691176470588236,0.0026560823122660318,0.01619430383046468,0.0006103118260701498
90,650,25,4,0.16,0.19047619047619052,0.9107142857142858,0.42857142857142855,0.06442739566167195,0.12626532713572183,1.7444292704264324e-05
90,893,25,4,0.16,0.07142857142857148,0.8928571428571428,0.6071428571428571,0.389543113609155,0.5428463642795881,0.16799012819925943
90,1,25,3,0.12,0.7575757575757576,0.8333333333333333,0.45454545454545453,0.7223109319699385,0.9571195997665806,0.10053531328837077
90,147,25,1,0.04,0.375,0.25,0.9166666666666666,0.7290965801027293,0.830036552559856,0.2053126891454061
90,659,25,3,0.12,0.06060606060606062,0.7272727272727273,0.4393939393939394,0.49791555603345233,0.8811890376382507,0.6733133286858598
90,389,25,2,0.08,0.41304347826086957,0.5434782608695652,0.891304347826087,0.7163499154824725,0.947098409435057,0.8843509557245852
90,128,25,2,0.08,0.45652173913043476,0.6521739130434783,0.6304347826086957,0.5457104180665434,0.5525203212164342,0.46528639396031696
90,283,25,1,0.04,0.75,0.5833333333333333,0.625,0.5145394407094391,0.5187526484713032,0.35752041017015773
90,540,25,1,0.04,0.875,0.5833333333333333,0.45833333333333337,0.6637360899997292,0.682536700503186,0.4785994340976079
90,116,25,1,0.04,0.20833333333333337,0.375,0.0,0.8496408584910569,0.9259837570296945,0.6403766321018338
90,713,25,1,0.04,0.5833333333333333,1.0,0.33333333333333337,0.5597497912422114,0.5812569937759401,0.23763941725095114
90,820,25,1,0.04,0.625,0.9166666666666666,0.41666666666666663,0.7943723591238268,0.9786163525531539,0.3035835822423299
90,739,25,1,0.04,0.7916666666666666,0.625,0.33333333333333337,0.7329387230275491,0.7557789738120638,0.5940481921037039
90,786,25,1,0.04,0.375,0.33333333333333337,0.41666666666666663,0.859882770225037,0.9386630575609035,0.8657195104033235
90,69,25,1,0.04,0.5416666666666667,0.45833333333333337,0.9583333333333334,0.907607786956838,0.9869757894466676,0.7032234930617657
90,825,25,1,0.04,0.8333333333333334,1.0,0.04166666666666663,0.8749839892436739,0.9631476886307698,0.707925105370426
90,268,25,3,0.12,0.2727272727272727,0.46969696969696967,0.3939393939393939,0.3043598569026533,0.34299284263044183,0.2932450243582328
90,403,25,1,0.04,0.5833333333333333,0.9166666666666666,0.25,0.8857189177132246,0.9206520680975409,0.5651440974324942
90,416,25,1,0.04,0.9583333333333334,0.8333333333333334,0.04166666666666663,0.31396464426459164,0.3155402635880369,0.25919176232613
90,144,25,1,0.04,0.625,0.29166666666666663,1.0,0.9025456240473962,0.9172520480750085,0.04248956839243571
90,197,25,1,0.04,0.6666666666666666,0.6666666666666667,0.625,0.5735504460150267,0.5782852383290948,0.38396937083295296
90,117,25,1,0.04,0.5416666666666666,0.45833333333333337,0.5,0.9597291697534983,0.9672292936850894,0.4612643091240898
90,736,25,1,0.04,0.8333333333333334,0.6666666666666666,0.875,0.779595227202113,0.8035563552961319,0.7341100140050306
90,1005,25,1,0.04,0.9166666666666666,1.0,0.7083333333333333,0.14069512296949446,0.1501793618271279,0.011488597840070724
90,767,25,1,0.04,0.9583333333333334,0.9583333333333334,0.16666666666666663,0.8153243999707319,0.8190113111584226,0.6682120585695278
91,80,13,3,0.23076923076923078,0.5666666666666667,0.7666666666666666,0.6666666666666666,0.014932374159495035,0.14479148387908936,0.021936476230621338
91,33,13,3,0.23076923076923078,0.19999999999999998,0.5666666666666667,0.36666666666666664,0.724451333284378,0.831764871875445,0.3300392727057139
91,1,13,1,0.07692307692307693,1.0,1.0,0.5,0.3684426210820675,0.3759936277444164,-0.059061666329701744
91,294,13,1,0.07692307692307693,0.25,0.5,0.9166666666666666,0.48239785436696064,0.47430003876797855,0.3800937856237094
91,695,13,2,0.15384615384615385,0.5,0.7727272727272727,0.5454545454545454,0.8213102753118923,0.8241261137203159,0.4358084499835968
91,659,13,1,0.07692307692307693,0.25,0.8333333333333334,0.5833333333333333,-0.4160037313898404,-0.7432275687654814,0.012450960775216421
91,283,13,2,0.15384615384615385,0.5454545454545454,0.09090909090909094,0.36363636363636365,0.2208703192794322,0.22086393502680343,0.13473346788669005
91,85,13,1,0.07692307692307693,0.0,0.5,0.5,-0.043079314132531486,0.07263978756964207,0.034708364556233086
91,116,13,1,0.07692307692307693,0.33333333333333337,0.5833333333333333,0.5,0.25163221506712335,0.2756760629078296,0.07003514965375264
91,820,13,1,0.07692307692307693,0.33333333333333337,0.8333333333333334,0.25,0.030475675613464166,0.0010524241661187261,-0.08881348247329394
91,192,13,1,0.07692307692307693,1.0,1.0,0.16666666666666663,0.8756665864265566,0.8756496391136656,0.6221609152155073
91,214,13,1,0.07692307692307693,0.75,0.6666666666666667,0.41666666666666663,0.1502152543568324,0.14954739658666463,0.08219793966660897
91,118,13,1,0.07692307692307693,0.8333333333333334,0.41666666666666663,0.8333333333333334,0.14237898915791902,0.15266004905568784,0.1185651874790589
91,692,13,2,0.15384615384615385,0.18181818181818177,0.5,0.5,0.371821484984288,0.37182139458328106,0.02561112865805626
91,823,13,1,0.07692307692307693,0.9166666666666666,0.9166666666666666,0.8333333333333334,0.0019038312958759417,-0.0014197377993179217,0.0017632046050385004
91,97,13,1,0.07692307692307693,0.08333333333333337,0.6666666666666667,0.75,0.14513275590525154,0.1450281495890522,0.11993437880300917
92,80,10,2,0.2,0.6875,1.0,0.25,-0.07751969496409099,0.1487671136856079,0.06676109631856282
92,807,10,4,0.4,0.2916666666666667,0.5833333333333334,0.125,0.02086891730626424,0.4918993314107259,0.05694117148717245
92,650,10,2,0.2,0.125,0.6875,0.75,0.07161617279052734,0.5066286772489548,0.4223247393965721
92,893,10,1,0.1,0.11111111111111116,0.888888888888889,0.33333333333333337,0.3883187497655551,0.8970043417066336,0.5501801992456118
92,389,10,1,0.1,0.4444444444444444,0.4444444444444444,0.6666666666666667,0.23050803877413273,0.486873977414992,0.24540085593859354
92,128,10,1,0.1,0.6666666666666667,0.5555555555555556,0.33333333333333337,0.516219669332107,0.5209657231656214,-0.01237793763478597
92,1004,10,1,0.1,0.6666666666666667,0.2222222222222222,0.2222222222222222,0.007987382899348935,-0.007089658950765927,-0.013929608277976513
92,713,10,1,0.1,0.5555555555555556,1.0,0.5555555555555556,0.2429235689342022,0.32973953859861166,0.18956782234211764
92,192,10,1,0.1,1.0,1.0,1.0,0.3221036542417153,0.07599462885021542,0.32210211888688417
92,486,10,1,0.1,0.0,0.4444444444444444,0.2222222222222222,0.3949135310855733,0.4860396653893986,0.17108272016048431
92,416,10,1,0.1,1.0,0.7777777777777778,0.0,0.03277931022360766,-0.03332528627167145,0.029608414508402348
92,263,10,1,0.1,0.7777777777777778,0.7777777777777778,0.0,0.14839498768560588,0.14872190697618257,0.14851900700402135
92,814,10,2,0.2,0.25,0.375,0.5,0.052526444339794885,-0.23978271087010702,-0.02331104874610901
92,312,10,1,0.1,0.6666666666666667,0.6666666666666667,0.8888888888888888,-0.0027297730557620525,-0.005675524628410737,-0.004262104484951124
93,80,7,3,0.42857142857142855,0.8333333333333334,0.5,0.41666666666666663,0.03649679819742838,0.14220311244328818,-0.005077242851257324
93,1,7,1,0.14285714285714285,1.0,0.6666666666666667,0.0,0.20445471008618674,0.17240187525749207,0.22318658232688904
93,659,7,1,0.14285714285714285,0.0,1.0,0.0,0.0493428905804952,-0.19300569593906403,0.04055573915441831
93,728,7,2,0.2857142857142857,0.5,1.0,0.7,0.2866947452227275,0.5212985215087732,0.08020629485448201
93,85,7,1,0.14285714285714285,0.0,1.0,0.16666666666666663,0.0960739329457283,0.15701829393704733,-0.05540896455446879
93,251,7,1,0.14285714285714285,0.16666666666666663,1.0,0.6666666666666667,0.08102735877037048,0.2887420952320099,0.03417144219080607
93,739,7,1,0.14285714285714285,0.8333333333333334,0.6666666666666667,0.8333333333333334,0.12292353110387921,0.11129732305804889,0.0761868841946125
93,432,7,1,0.14285714285714285,0.33333333333333337,0.5,0.8333333333333334,0.16490761376917362,-0.12113260229428609,0.0710522507627805
93,190,7,1,0.14285714285714285,0.33333333333333337,0.6666666666666667,0.8333333333333334,0.07763879622022311,0.22178295254707336,0.045398553212483726
94,80,6,2,0.3333333333333333,0.75,0.5,0.375,0.012091497580210367,0.16302374998728433,0.1475850542386373
94,1,6,1,0.16666666666666666,1.0,1.0,0.19999999999999996,0.29570717612902325,0.29570717612902325,-0.009153604507446289
94,659,6,2,0.3333333333333333,0.0,1.0,0.375,-0.25657065709431964,-0.25413880745569867,0.06022438406944275
94,728,6,1,0.16666666666666666,0.4,1.0,0.6,0.05272815624872843,0.7821352879206339,-0.00021123886108398438
94,85,6,1,0.16666666666666666,0.0,1.0,1.0,-0.03301595648129781,0.14498325188954672,0.14519008000691733
94,251,6,1,0.16666666666666666,0.4,1.0,0.4,0.07790923118591309,0.15305535991986594,0.03572756052017212
94,914,6,1,0.16666666666666666,0.19999999999999996,0.6,0.6,0.016006705661614735,-0.14912321170171103,0.0022581368684768677
95,80,16,11,0.6875,0.9818181818181819,0.38181818181818183,0.4,-0.0003307064374287923,6.141265233357747e-05,-0.0008397102355957031
95,33,16,2,0.125,0.10714285714285715,0.8928571428571428,0.5357142857142857,0.012295285860697428,0.006953696409861247,0.0038601954778035483
95,650,16,1,0.0625,0.0,0.8666666666666667,0.2666666666666667,0.1935863494873047,0.8871188697715601,0.23706835508346558
95,294,16,1,0.0625,0.2666666666666667,1.0,0.19999999999999996,-0.017549773057301838,0.015650153160095215,-0.014709810415903727
95,887,16,9,0.5625,0.9841269841269842,0.3492063492063492,0.5873015873015873,0.0942274530728658,0.033663312594095864,0.011969109376271566
95,794,16,1,0.0625,0.4,0.5333333333333333,0.6,0.08223126331965129,0.09113597869873047,0.055256267388661705
95,881,16,1,0.0625,0.8666666666666667,1.0,0.4,0.04918210984518131,0.08449799738203485,-0.08128046244382858
95,591,16,1,0.0625,0.4666666666666667,0.8,0.8666666666666667,0.22737136483192444,0.25900890429814655,0.11659010251363118
95,725,16,1,0.0625,0.8,1.0,0.8666666666666667,-0.009751534710327784,0.015915824721256893,-0.054677353550990425
95,979,16,1,0.0625,0.0,0.8666666666666667,0.7333333333333334,-0.020195397237936657,0.03424219926819205,-0.05977539221445719
95,815,16,1,0.0625,0.1333333333333333,0.9333333333333333,0.4,0.029364003489414852,0.06060029581810037,0.010475582132736841
95,927,16,1,0.0625,1.0,0.7333333333333334,0.2666666666666667,0.07464939417938392,0.08306486004342635,0.025600727647542953
95,119,16,7,0.4375,0.7301587301587302,0.7142857142857144,0.6349206349206349,0.549993080397447,0.8649457964735726,0.4274921615918477
95,420,16,1,0.0625,0.5333333333333333,0.8666666666666667,0.1333333333333333,0.4942172293861707,0.7360488053721687,0.3665961027145386
95,139,16,1,0.0625,0.8666666666666667,0.8666666666666667,0.6,0.00014461774359612414,-0.0013408688925361882,-0.0009822572659080226
95,953,16,1,0.0625,1.0,0.7333333333333334,0.9333333333333333,0.00011927084581960419,-0.00048253932618536055,-5.9186563703406136e-05
96,33,7,1,0.14285714285714285,0.5,0.6666666666666667,1.0,0.23367920269568762,-0.17285322149594626,0.21770517528057098
96,807,7,2,0.2857142857142857,0.7,1.0,0.8,0.08493107557296753,0.23614740371704102,0.05932722489039103
96,650,7,1,0.14285714285714285,0.0,0.6666666666666667,0.8333333333333334,0.012101868788401285,0.31660236169894534,0.01636570692062378
96,893,7,1,0.14285714285714285,0.33333333333333337,0.16666666666666663,0.0,0.7622899254783988,0.7622899254783988,0.23689737915992737
96,695,7,1,0.14285714285714285,0.6666666666666667,0.5,1.0,0.10723764270854493,-0.4575886130332947,-0.46010275681813556
96,659,7,1,0.14285714285714285,0.5,1.0,0.6666666666666667,0.03288606305917104,0.3200117349624634,-0.043294151624043785
96,128,7,1,0.14285714285714285,0.5,0.33333333333333337,0.6666666666666667,0.32575599787135917,0.32575599787135917,0.28672553847233456
96,342,7,1,0.14285714285714285,0.33333333333333337,0.5,0.16666666666666663,0.03190933140770843,-0.47296053419510525,0.024928178327778976
96,841,7,1,0.14285714285714285,0.16666666666666663,0.6666666666666667,0.16666666666666663,0.06278414783688883,-0.174665999909242,0.0543065220117569
96,1022,7,1,0.14285714285714285,0.33333333333333337,0.5,0.6666666666666667,0.040728964747662154,-0.38123082866271335,-0.09754986812671025
96,268,7,1,0.14285714285714285,0.16666666666666663,0.8333333333333334,0.6666666666666667,0.39943229087172466,0.4092077873647213,-0.09925595919291179
96,585,7,1,0.14285714285714285,1.0,1.0,0.6666666666666667,0.004071405486857578,-0.3835359434597194,-0.028692448046058416
97,33,14,3,0.21428571428571427,0.2727272727272727,0.7272727272727273,0.2727272727272727,0.29747309535741806,0.28628891706466675,0.03781517346700033
97,807,14,3,0.21428571428571427,0.8181818181818182,1.0,0.8484848484848484,0.049430290857950844,0.11478211482365926,0.0006718039512634277
97,650,14,3,0.21428571428571427,0.0,0.9393939393939394,0.33333333333333337,0.08044594526290894,0.05320401986440023,0.0007817745208740234
97,893,14,3,0.21428571428571427,0.06060606060606059,0.6363636363636364,0.36363636363636365,0.4038675610596935,0.534856249888738,0.17142913738886514
97,695,14,1,0.07142857142857142,0.6923076923076923,0.07692307692307687,0.15384615384615385,0.515336380621496,0.5813625131753118,0.37001894414424896
97,881,14,1,0.07142857142857142,0.5384615384615384,0.7692307692307692,1.0,-0.030999938646952312,0.7802078371472211,0.74217664077878
97,128,14,3,0.21428571428571427,0.5454545454545454,0.6363636363636362,0.6666666666666667,0.5565957000556713,0.6052233817754313,0.2829422950744629
97,345,14,3,0.21428571428571427,0.6363636363636364,0.6363636363636364,0.5151515151515151,0.025189394967545315,0.026472584650756897,0.022235688908646505
97,406,14,3,0.21428571428571427,0.36363636363636365,0.03030303030303031,0.303030303030303,0.15104333839250708,0.16686840737808475,0.09207416822512944
98,80,8,5,0.625,1.0,0.33333333333333337,0.2666666666666667,-0.0009531378746032715,0.055586020151774086,0.005135715007781982
98,33,8,1,0.125,0.2857142857142857,1.0,0.4285714285714286,0.06308841705322266,0.07001231114069621,0.07083968321482341
98,807,8,1,0.125,0.0,0.5714285714285714,0.7142857142857143,0.04411677519480387,-0.0512044628461202,0.0241432785987854
98,294,8,1,0.125,0.7142857142857143,1.0,0.0,0.09748379389444987,0.11795820792516072,0.2902449170748393
98,695,8,1,0.125,0.1428571428571429,1.0,0.4285714285714286,0.14968202511469522,0.3116407295068105,0.15089755256970724
98,887,8,1,0.125,0.8571428571428572,0.2857142857142857,1.0,0.33297555645306903,0.10269390046596527,0.2305511236190796
98,794,8,1,0.125,1.0,0.5714285714285714,1.0,0.3251040776570638,0.05278065552314123,0.19180128971735635
98,591,8,1,0.125,1.0,0.8571428571428572,0.5714285714285714,0.23706337809562683,-0.22756784160931906,0.26540835201740265
98,222,8,1,0.125,0.1428571428571429,1.0,0.1428571428571429,0.16233757138252258,0.18175756931304932,-0.10722183187802632
98,13,8,2,0.25,0.75,0.41666666666666663,0.25,0.22582769890626272,0.23695100843906403,-0.019290238618850708
98,473,8,1,0.125,1.0,0.8571428571428572,0.4285714285714286,0.04578004280726115,0.03133296469847361,-0.040778776009877525
98,968,8,1,0.125,0.1428571428571429,1.0,0.2857142857142857,0.21007165933648744,0.22943630566199621,0.0566470722357432
98,345,8,1,0.125,0.8571428571428572,0.8571428571428572,0.7142857142857143,0.006524917980035146,-0.008002960744003454,0.006186840512479345
99,80,11,6,0.5454545454545454,1.0,0.4,0.8333333333333333,0.0004919767379760742,0.023014684518178303,-0.00113449494043986
99,33,11,2,0.18181818181818182,0.2222222222222222,1.0,0.6666666666666666,0.042631288369496666,0.03580758968989054,0.03198458751042684
99,650,11,1,0.09090909090909091,0.0,0.8,0.5,0.0861703356107076,0.5626866022745768,0.04582911729812622
99,294,11,2,0.18181818181818182,0.33333333333333337,1.0,0.5555555555555556,-0.004222750663757324,0.18351687987645468,-0.016994019349416096
99,887,11,2,0.18181818181818182,0.7777777777777778,0.5555555555555556,0.11111111111111116,0.07911209265391032,0.34839027126630145,0.1187250812848409
99,794,11,2,0.18181818181818182,1.0,0.7777777777777778,0.1111111111111111,0.03480382760365804,0.36114996671676636,0.004695018132527669
99,881,11,1,0.09090909090909091,0.4,1.0,0.5,0.08540128668149312,0.3280867983897527,0.007293154795964559
99,591,11,2,0.18181818181818182,1.0,0.7777777777777778,0.3888888888888889,0.18190250794092813,0.49137309690316516,0.10030156373977661
99,725,11,1,0.09090909090909091,0.4,0.9,0.30000000000000004,-0.020208030939102173,0.24083386113246283,0.001334091027577718
99,979,11,1,0.09090909090909091,0.0,0.8,0.6,-0.0005794564882914225,0.27951081097126007,0.2954285691181819
99,815,11,1,0.09090909090909091,0.09999999999999998,0.9,1.0,0.0905097375313441,0.28038690611720085,0.1851289520661036
99,927,11,2,0.18181818181818182,1.0,0.6666666666666667,0.22222222222222227,0.11349449555079143,0.340726633866628,0.11483535170555115
99,59,11,1,0.09090909090909091,0.09999999999999998,0.9,0.5,0.07846758887171745,0.17438651993870735,0.09438670426607132
99,696,11,1,0.09090909090909091,0.6,1.0,0.4,0.11795745914181073,0.1990047013387084,0.10505581150452296
99,798,11,2,0.18181818181818182,1.0,0.33333333333333337,0.2222222222222222,0.07121050295730431,0.12505341259141764,0.060215661923090615
99,348,11,2,0.18181818181818182,0.7777777777777778,0.5555555555555556,0.11111111111111116,0.2168163855870565,0.3632295299321413,0.1536422148346901
100,80,5,1,0.2,1.0,1.0,1.0,0.25786833961804706,-0.1214764912923177,-0.2070416808128357
100,807,5,2,0.4,0.6666666666666667,0.6666666666666667,0.0,0.3428676227728526,0.5678047239780426,0.20860211054484049
100,650,5,1,0.2,0.25,0.75,0.5,0.2279221018155416,0.6912347003817558,0.672500729560852
100,893,5,1,0.2,0.25,0.5,0.25,0.40215158617744845,0.5652014290293058,-0.05010572448372841
100,389,5,1,0.2,0.5,0.5,0.5,0.04749742150306702,-0.1430187912968298,0.1806872918192918
100,728,5,1,0.2,0.5,1.0,0.25,0.20422209954510132,-0.6106552680333456,-0.1922537957628568
100,713,5,1,0.2,0.75,1.0,1.0,0.07413665280910209,-0.3018271044517557,0.07954274956136942
100,251,5,1,0.2,0.5,0.75,1.0,0.16555759605641165,-0.4433927486340205,0.15404081344604492
100,117,5,1,0.2,1.0,0.75,0.5,0.012936073019924757,-0.1329109277576208,0.014182083801036546
101,80,5,2,0.4,1.0,0.6666666666666667,0.33333333333333337,-0.02953028678894043,-0.23553057511647543,-0.22552863756815592
101,807,5,1,0.2,0.0,1.0,0.25,0.12030287583669026,0.09008210897445679,0.07809622089068095
101,222,5,1,0.2,0.25,0.5,0.25,0.06564386064807574,-0.19797045985857645,0.06564386064807574
101,473,5,1,0.2,0.5,0.5,1.0,0.00973918909827868,-0.2271750122308731,-0.012573577463626862
101,674,5,1,0.2,0.75,1.0,0.0,-0.30934547632932663,-0.5723397433757782,0.1388934956242641
101,360,5,1,0.2,0.25,0.75,0.25,-0.2158901865283648,-0.4661204020182292,0.13341729094584784
101,790,5,1,0.2,0.5,0.75,0.0,-0.3292098790407181,-0.5767156084378561,-0.20505470037460327
101,798,5,1,0.2,0.75,0.75,0.0,0.001807881936353321,-0.018315771827474236,0.0013653930509462953
102,33,6,2,0.3333333333333333,0.5,0.5,0.5,0.36048564066489536,0.36048564066489536,0.36048564066489536
102,807,6,1,0.16666666666666666,0.4,0.8,0.19999999999999996,0.03748015562693278,0.5460587181150913,0.024303654829661053
102,650,6,1,0.16666666666666666,0.0,0.6,0.0,0.0136262575785319,0.7492786796453098,0.12238774696985881
102,893,6,1,0.16666666666666666,0.0,0.6,1.0,0.7354963769515356,0.8015199514193228,-0.06864990790685017
102,659,6,1,0.16666666666666666,0.19999999999999996,1.0,0.6,0.32011202722787857,0.39315110445022583,-0.11422951022783916
102,881,6,1,0.16666666666666666,1.0,0.8,0.4,0.4263860086599986,0.48065459312177455,0.16951521982749304
102,139,6,2,0.3333333333333333,0.75,0.5,0.25,0.19670910201966763,0.20225110265543358,-0.03035925328731537
102,268,6,1,0.16666666666666666,0.19999999999999996,0.6,0.19999999999999996,-0.13235940535863241,0.5895546065065721,0.589069486786272
103,80,12,2,0.16666666666666666,0.9,0.7,0.14999999999999997,0.15237788359324136,-0.01492851972579956,0.02700475851694743
103,33,12,2,0.16666666666666666,0.09999999999999998,0.5,0.6,0.2699563552935918,0.4394722729921341,0.012760162353515625
103,807,12,2,0.16666666666666666,0.65,0.9,0.8,0.17887145280838013,0.37364114075899124,0.023566563924153645
103,650,12,2,0.16666666666666666,0.0,0.75,0.55,0.006411890188852946,0.622979004974089,0.02270805835723877
103,893,12,2,0.16666666666666666,0.09999999999999998,0.75,0.25,0.7932403702676917,0.8837038124778095,0.17244182030359903
103,294,12,2,0.16666666666666666,0.30000000000000004,0.6,0.5,0.13178661465644836,0.21567398185531297,0.005714277426401774
103,147,12,1,0.08333333333333333,0.6363636363636364,0.5454545454545454,0.2727272727272727,0.46576664557990927,0.5300986837440481,0.20640177528063455
103,128,12,1,0.08333333333333333,0.5454545454545454,0.7272727272727273,0.9090909090909091,0.6149646983540151,0.6168878642808219,0.2780806894103686
103,114,12,1,0.08333333333333333,1.0,1.0,0.36363636363636365,0.1270088515938994,-0.12346954432844844,-0.046790877978006996
103,222,12,1,0.08333333333333333,0.7272727272727273,0.9090909090909091,0.7272727272727273,0.02148944733198732,-0.16027391329407692,-0.018272814030448597
103,728,12,1,0.08333333333333333,0.9090909090909091,0.9090909090909091,0.18181818181818177,0.08840182157161654,0.21732655058925351,-0.32529332240422565
103,140,12,1,0.08333333333333333,0.4545454545454546,0.2727272727272727,0.0,0.022149366093799472,-0.02207383917023738,-0.02541834053893884
104,80,9,4,0.4444444444444444,1.0,0.55,0.45,0.07168306907018025,-0.025240023930867512,0.059183100859324135
104,33,9,1,0.1111111111111111,0.25,1.0,0.25,0.13812102874120077,-0.10456838210423787,0.06743387381235759
104,807,9,1,0.1111111111111111,0.0,0.625,0.875,0.33968668182690936,0.5716205288966497,0.2948331634203593
104,650,9,1,0.1111111111111111,0.0,0.75,0.5,-0.07774335145950317,0.7238281605144342,-0.08833420276641846
104,294,9,1,0.1111111111111111,0.375,0.75,0.0,0.06653566658496857,-0.5455897450447083,0.07921925683816274
104,887,9,1,0.1111111111111111,0.625,0.875,0.0,0.05939103290438652,-0.2729015996058782,0.10428647696971893
104,881,9,1,0.1111111111111111,0.5,1.0,0.875,0.2425987720489502,0.423918550213178,0.09852163990338643
104,725,9,1,0.1111111111111111,0.25,0.875,0.375,0.04649647076924642,0.18449020634094873,-0.0049029191335042315
104,222,9,1,0.1111111111111111,0.0,1.0,0.5,0.06129087507724762,0.016206348935763042,0.04557797312736511
104,979,9,1,0.1111111111111111,0.0,0.75,0.625,0.064675264681379,0.14984562868873277,-0.029042169451713562
104,473,9,1,0.1111111111111111,0.375,0.5,0.125,0.05804836253325144,0.12091512481371562,-0.06233407060305277
104,815,9,1,0.1111111111111111,0.25,0.875,0.125,0.09774944527695577,0.16107010220487913,0.13349206311007342
104,927,9,1,0.1111111111111111,0.875,0.5,0.75,0.20474452959994474,0.30276343164344627,0.17748513941963515
104,59,9,1,0.1111111111111111,0.25,0.875,0.25,0.05526117732127508,-0.009733997906247774,0.04477469048773249
104,696,9,1,0.1111111111111111,0.625,1.0,0.875,0.109472564732035,0.03669074736535549,0.0726187527179718
104,798,9,1,0.1111111111111111,1.0,0.625,0.0,0.02807557935981701,-0.019281986479957897,-0.03390940651297569
104,106,9,1,0.1111111111111111,0.375,0.75,0.125,0.005767139373347163,-0.023301265202462673,-0.005448376139005025
104,932,9,1,0.1111111111111111,1.0,0.5,0.0,0.03544647254360219,0.010373077743376294,0.028889290988445282
105,80,5,3,0.6,1.0,0.5,0.3333333333333333,0.0689459244410197,0.05844231446584066,0.0689459244410197
105,807,5,1,0.2,0.25,0.25,0.75,0.1014789342880249,-0.11158595482508342,0.04257527987162272
105,887,5,1,0.2,1.0,0.75,0.5,0.19832716416567564,-0.14362494150797525,0.20367418260624012
105,222,5,1,0.2,0.0,0.25,0.0,0.20810651034116745,0.22637010862429938,0.1325665513674418
105,473,5,1,0.2,0.5,0.5,0.5,0.07563186110928655,-0.2495385855436325,-0.24263679484526315
105,728,5,1,0.2,0.5,1.0,0.25,0.13733752568562826,0.571838874835521,0.13733752568562826
105,251,5,1,0.2,0.5,1.0,0.0,0.08911071221033733,0.4177335624893506,0.3746764361858368
105,106,5,1,0.2,0.5,0.5,0.0,0.046096363376515605,0.05017599087053289,0.009258816639582316
105,375,5,1,0.2,0.5,1.0,1.0,0.03636843183388313,-0.15516413127382597,0.04397158223825196
106,80,9,2,0.2222222222222222,0.3571428571428572,0.5714285714285714,0.4285714285714286,0.027446250120798748,0.3112213412920634,0.031571924686431885
106,33,9,2,0.2222222222222222,0.2142857142857143,0.7142857142857142,0.7142857142857143,0.22712122400601706,0.17301255464553833,0.06515516837437947
106,807,9,2,0.2222222222222222,1.0,0.8571428571428572,0.6428571428571428,0.5483462562163671,0.5863273739814758,0.04950801531473795
106,650,9,1,0.1111111111111111,0.125,1.0,0.25,0.6070926897227764,0.5515518138806025,0.41836811291674775
106,893,9,1,0.1111111111111111,0.375,0.75,0.0,0.7983280657790601,0.8004286150680855,0.721910182813493
106,294,9,1,0.1111111111111111,0.875,1.0,0.875,0.3466763993104299,0.5275695770978928,0.24619704484939575
106,695,9,1,0.1111111111111111,0.375,0.625,0.25,0.5368695997943481,0.5527442814782262,0.5346615370362997
106,147,9,1,0.1111111111111111,0.5,0.625,0.875,0.5242257763942083,0.4475423643986384,0.4786112445096175
106,794,9,1,0.1111111111111111,0.875,0.625,1.0,0.48434972592319053,0.48246249960114557,0.3536289030065139
106,342,9,1,0.1111111111111111,0.25,0.5,0.875,0.3827758295616756,0.3805037864173452,-0.023641665776570637
106,1017,9,1,0.1111111111111111,0.375,0.375,0.625,0.33278692575792473,0.34060453094813664,0.3267199261948311
106,13,9,1,0.1111111111111111,0.75,0.625,1.0,0.5444637530696733,0.5432607003604062,0.5386327272281051
106,1022,9,1,0.1111111111111111,0.375,0.375,0.625,0.20438756550235362,0.2496730772918454,0.14276505261659622
106,585,9,1,0.1111111111111111,0.625,1.0,0.0,0.35206942943235237,0.3982556680616541,0.35930744466582887
106,440,9,1,0.1111111111111111,0.625,0.875,0.625,0.36693080065576095,0.3990524088055083,0.24189345880101124
107,80,28,15,0.5357142857142857,0.7641025641025642,0.3974358974358974,0.32820512820512815,7.66913096110026e-06,1.0371208190917969e-05,-5.960464477539062e-07
107,33,28,6,0.21428571428571427,0.25,1.0,0.5075757575757576,-0.0001433690388997396,-0.00013879934946695963,0.002292931079864502
107,1,28,3,0.10714285714285714,1.0,1.0,0.7333333333333333,0.8907760787284739,0.8906006059745172,0.7419331199489534
107,294,28,6,0.21428571428571427,0.2272727272727273,0.9090909090909091,0.75,-3.981590270996094e-05,0.0021081765492757163,4.055102666219076e-05
107,695,28,3,0.10714285714285714,0.0,1.0,0.5866666666666667,0.36052977573126554,0.4045224264264107,0.20551816622416177
107,887,28,3,0.10714285714285714,0.88,0.24,0.6266666666666666,-0.00013216336568196615,0.11187243461608887,0.0021029114723205566
107,794,28,3,0.10714285714285714,0.5466666666666666,0.48,0.3866666666666666,-5.920728047688802e-06,0.0056558648745218916,0.0015475153923034668
107,591,28,3,0.10714285714285714,0.64,0.8,0.5466666666666666,7.291634877522786e-06,0.4252736220757167,0.04995560646057129
107,739,28,3,0.10714285714285714,0.6933333333333332,0.6933333333333332,0.4933333333333333,0.4934817047967499,0.4935491885139906,0.49059877030473825
107,190,28,3,0.10714285714285714,1.0,0.96,0.76,0.1794524562622731,0.17947641381802035,0.16269545953643197
107,118,28,3,0.10714285714285714,0.6266666666666666,0.48,0.5066666666666667,0.1951175164358574,0.19554155642496576,0.1359812698016564
107,520,28,3,0.10714285714285714,0.6266666666666667,0.6266666666666666,0.3866666666666666,0.671027716486094,0.6710883953845487,0.32259439925352734
108,807,6,2,0.3333333333333333,1.0,1.0,0.625,0.4489626809954643,0.4489626809954643,0.27368253469467163
108,659,6,4,0.6666666666666666,0.0,1.0,0.25,0.060699899991353355,0.0809404452641805,0.04312209288279215
108,268,6,4,0.6666666666666666,0.0,0.0,1.0,0.8968304231364073,0.8968304330705147,0.8679247920711836
108,440,6,1,0.16666666666666666,0.9,0.9,0.8,3.782977915149058e-08,-0.0002735993535859886,-6.102328102386423e-06
108,1005,6,2,0.3333333333333333,1.0,1.0,0.625,0.45215854620337836,0.45215854620337836,-0.08545019229253133
109,80,22,14,0.6363636363636364,0.9642857142857143,0.14285714285714285,0.3928571428571428,1.9311904907226562e-05,0.0007677872975667318,0.00020833810170491537
109,33,22,2,0.09090909090909091,0.30000000000000004,1.0,0.22499999999999998,0.019899924596150715,0.0015907883644104004,0.003267347812652588
109,807,22,2,0.09090909090909091,0.19999999999999996,0.9,0.6,0.007401744524637858,0.5572510392715534,0.031209548314412434
109,650,22,2,0.09090909090909091,0.0,0.9,0.525,0.21746845046679178,0.6926706954836845,0.043667773405710854
109,893,22,2,0.09090909090909091,0.0,0.9,0.325,0.206899623076121,0.9248284662220007,0.4487398738662402
109,294,22,2,0.09090909090909091,0.5,1.0,0.375,0.005841672420501709,0.11389305194218953,-0.003710806369781494
109,695,22,2,0.09090909090909091,0.09999999999999998,0.9,0.44999999999999996,0.29564737528562546,0.4464998058974743,0.2210389127333959
109,147,22,2,0.09090909090909091,0.19999999999999996,0.7999999999999999,0.45,0.3536517123381297,0.6125375926494598,0.28065428634484607
109,887,22,8,0.36363636363636365,0.9285714285714286,0.5357142857142857,0.4107142857142857,0.21079843242963156,0.38416509826978046,0.015057086944580078
109,794,22,2,0.09090909090909091,0.8,0.8,0.375,0.2082990308602651,0.6882351239522299,0.1172648270924886
109,591,22,2,0.09090909090909091,0.8,0.8,0.5,0.5327471898247799,0.8076615364601215,0.5337630833188692
109,13,22,2,0.09090909090909091,0.8,0.30000000000000004,0.625,0.17640474861157904,0.16887198078135648,0.09067945492764314
109,540,22,2,0.09090909090909091,0.6,0.8,0.675,0.5114315512279669,0.6332876903858656,0.47295897733420134
109,119,22,4,0.18181818181818182,0.888888888888889,0.6111111111111112,0.40277777777777785,0.525268363756671,0.5865974515550079,0.48949729701659334
109,362,22,2,0.09090909090909091,0.30000000000000004,1.0,0.925,0.3423005753478113,0.4541659340869349,0.44107490985576686
109,243,22,2,0.09090909090909091,0.5,0.30000000000000004,0.425,0.26819775920982164,0.2956752712772565,0.2925780056975782
109,710,22,2,0.09090909090909091,0.9,0.6,0.47500000000000003,0.07985107293916371,0.09052299825270893,0.07272200163601876
109,375,22,2,0.09090909090909091,0.8,0.6,0.55,0.13288323427453483,0.14210606623668198,0.12147290486609563
109,677,22,2,0.09090909090909091,0.7000000000000001,1.0,0.25,0.10033944518075562,0.10726220391507013,0.06649061835681398
110,80,12,5,0.4166666666666667,0.9142857142857144,0.5714285714285714,0.3142857142857143,0.020594676335652668,0.026363710562388103,-0.0030407110850016275
110,33,12,2,0.16666666666666666,0.30000000000000004,1.0,0.35000000000000003,0.11497606833775838,0.04136655728022257,-0.018615623315175373
110,807,12,1,0.08333333333333333,0.5454545454545454,1.0,0.0,-0.019524792830149334,0.4957872008283933,0.3409365961949031
110,650,12,2,0.16666666666666666,0.0,0.8500000000000001,0.7,0.0026906530062357583,0.37797535955905914,0.040600597858428955
110,893,12,1,0.08333333333333333,0.0,0.9090909090909091,0.9090909090909091,0.06427409251530965,0.6894413576228544,0.4036606227358182
110,294,12,2,0.16666666666666666,0.55,1.0,0.7,0.22720290223757425,0.12934249639511108,0.0042776068051656084
110,887,12,1,0.08333333333333333,0.9090909090909091,0.4545454545454546,0.5454545454545454,0.3767145723104477,0.5105194374918938,0.20560519893964133
110,794,12,1,0.08333333333333333,1.0,0.8181818181818181,0.8181818181818181,0.3903152793645859,0.5927886217832565,0.23498044908046722
110,881,12,1,0.08333333333333333,0.36363636363636365,1.0,0.2727272727272727,0.23791308825214705,0.4459195634505401,0.18317128221193948
110,591,12,1,0.08333333333333333,1.0,0.8181818181818181,0.36363636363636365,0.3817322961986065,0.4627383550008138,-0.11907442410786946
110,725,12,1,0.08333333333333333,0.5454545454545454,0.8181818181818181,0.36363636363636365,0.010092715422312418,0.2873577078183492,0.21198801696300507
110,979,12,1,0.08333333333333333,0.0,0.7272727272727273,0.5454545454545454,0.10786822065711021,0.33538076219459373,0.14829799036184946
110,815,12,1,0.08333333333333333,0.09090909090909094,0.8181818181818181,0.36363636363636365,0.14645336537311474,0.3305362647709747,0.2002327454586824
110,927,12,1,0.08333333333333333,0.7272727272727273,0.4545454545454546,0.09090909090909094,0.21215241526563963,0.3669097259019812,0.19647924602031708
110,59,12,1,0.08333333333333333,0.18181818181818177,0.5454545454545454,0.2727272727272727,0.1404330279910937,0.19620643328138007,0.02690959970156352
110,696,12,1,0.08333333333333333,0.4545454545454546,0.9090909090909091,0.18181818181818177,0.15903692490731677,0.2337283252272755,0.11514858404795329
110,798,12,1,0.08333333333333333,0.8181818181818181,0.4545454545454546,0.2727272727272727,0.08941034902818501,0.13088622458356744,0.06100339939196905
110,348,12,1,0.08333333333333333,0.6363636363636364,0.36363636363636365,0.9090909090909091,0.25356327107874677,0.3150178622454405,0.19613385324676832
111,80,24,6,0.25,0.888888888888889,0.4537037037037037,0.5740740740740741,0.008314271767934164,0.004761636257171631,0.001395722230275472
111,33,24,1,0.041666666666666664,0.26086956521739135,0.9130434782608696,0.34782608695652173,0.2560054485996564,-0.16730716824531555,-0.05546816190083822
111,807,24,5,0.20833333333333334,0.5473684210526316,0.736842105263158,0.5263157894736842,0.0014832019805908203,0.18679883082707724,0.0011571447054545085
111,650,24,4,0.16666666666666666,0.12499999999999997,0.8500000000000001,0.4,0.2077032426993052,0.30320219695568085,0.0012875994046529133
111,893,24,4,0.16666666666666666,0.025000000000000022,0.875,0.475,0.012510160605112711,0.7375555877418568,0.31585751722256344
111,1,24,2,0.08333333333333333,0.8181818181818182,0.8863636363636364,0.5681818181818182,0.9234124200884253,0.9555393866741421,0.05149491628011068
111,695,24,1,0.041666666666666664,0.6956521739130435,0.6521739130434783,0.5652173913043479,0.7261401891397933,0.6983773230264584,0.3882190113266309
111,147,24,1,0.041666666666666664,0.5217391304347826,0.30434782608695654,0.13043478260869568,0.6424892690653602,0.8221453237347305,0.39686742424964905
111,659,24,1,0.041666666666666664,0.0,0.7391304347826086,0.21739130434782605,0.4869563039392233,0.6127546298351566,0.14019307494163513
111,389,24,1,0.041666666666666664,0.26086956521739135,0.3913043478260869,0.5217391304347826,0.4443093538284302,0.6448053602006688,0.20309158166249594
111,128,24,3,0.125,0.41269841269841273,0.4126984126984127,0.5555555555555556,0.5215861840794483,0.6373114235078295,0.2132090131441752
111,283,24,1,0.041666666666666664,0.7391304347826086,0.5652173913043479,0.9565217391304348,0.5564495065473665,0.5585127900131965,0.4361253057916959
111,114,24,1,0.041666666666666664,1.0,0.7391304347826086,0.5652173913043479,0.07098114014240633,0.070448737718369,0.06909675726880475
111,540,24,1,0.041666666666666664,0.8695652173913043,0.6086956521739131,0.26086956521739135,0.16395680190301695,0.15937867093490846,0.15779329642343023
111,85,24,1,0.041666666666666664,0.0,0.8260869565217391,0.4782608695652174,0.6554937866749242,0.7123297653794604,0.6295054027189811
111,116,24,1,0.041666666666666664,0.04347826086956519,0.6086956521739131,0.782608695652174,0.8744324939170838,0.8994753278223419,0.8370165031083161
111,820,24,1,0.041666666666666664,0.6956521739130435,0.9130434782608696,0.4347826086956522,0.9475915075853436,0.9595727842439802,0.2555643717447917
111,739,24,1,0.041666666666666664,0.8695652173913043,0.6521739130434783,0.26086956521739135,0.783436063730278,0.7864455286270838,0.7635421613231301
111,432,24,1,0.041666666666666664,0.5217391304347826,0.7391304347826086,0.6956521739130435,0.25630453791382024,0.25986784414271824,0.08665054539839427
111,841,24,1,0.041666666666666664,0.8260869565217391,0.6956521739130435,0.9565217391304348,0.021613148176887382,0.02021762954730851,0.017302418903758127
111,786,24,1,0.041666666666666664,0.30434782608695654,0.30434782608695654,0.6521739130434783,0.7018178672288021,0.7032763927048972,0.6945696832311418
111,362,24,1,0.041666666666666664,0.9565217391304348,1.0,0.30434782608695654,0.1569824758352727,0.15716894236052306,0.09568642126396298
111,69,24,1,0.041666666666666664,0.4347826086956522,0.5217391304347826,0.3913043478260869,0.8555905035708117,0.8575268163591558,0.7169568326304822
111,825,24,1,0.041666666666666664,0.9565217391304348,0.9130434782608696,0.7391304347826086,0.8538958219646702,0.8579085051420746,0.857180023585291
111,243,24,1,0.041666666666666664,0.26086956521739135,0.04347826086956519,0.21739130434782605,0.004321925249617682,-0.041095819667241074,0.0031584409710679515
111,403,24,1,0.041666666666666664,0.5652173913043479,0.9565217391304348,0.5652173913043479,0.7307551600590614,0.732720524018247,0.36939738582198817
111,416,24,1,0.041666666666666664,0.9130434782608696,0.8260869565217391,0.6521739130434783,0.0619566203093882,-0.11238989904624457,0.0593523063559284
111,953,24,1,0.041666666666666664,0.04347826086956519,0.5652173913043479,0.8260869565217391,0.003887485853254861,0.003897509601715458,0.0011113101367072886
111,197,24,1,0.041666666666666664,0.5217391304347826,0.5217391304347826,0.26086956521739135,0.4014015037799557,0.4026066506570687,0.3385474883640806
111,117,24,1,0.041666666666666664,0.3913043478260869,0.4347826086956522,0.21739130434782605,0.6975250427185706,0.6980116531351572,0.6950902707624967
111,736,24,1,0.041666666666666664,0.782608695652174,0.7391304347826086,0.30434782608695654,0.7515484638279682,0.7580350927405203,0.5554412426427007
111,767,24,1,0.041666666666666664,0.9565217391304348,0.9130434782608696,0.21739130434782605,0.5208394450728638,0.5215163961358847,0.5209805861587421
112,80,9,4,0.4444444444444444,0.8,1.0,0.8,-0.1153632402420044,-0.1153632402420044,-0.001835167407989502
112,807,9,4,0.4444444444444444,0.0,0.8,0.55,0.26739999651908875,0.26739998658498126,0.17807831366856894
112,114,9,1,0.1111111111111111,1.0,1.0,1.0,0.7041222494959053,0.7041222494959053,0.47306511694781267
112,222,9,4,0.4444444444444444,0.0,1.0,0.25,-0.10076673825581868,-0.1694392760594686,0.04763920108477274
112,739,9,4,0.4444444444444444,0.8,0.8,0.0,0.6204727263151048,0.6204727263151048,0.1996529996395111
113,80,7,1,0.14285714285714285,1.0,0.33333333333333337,0.33333333333333337,-0.03394212325414022,0.098209281762441,-0.05947770675023397
113,33,7,3,0.42857142857142855,0.25,0.9166666666666666,0.16666666666666666,0.010121405124664307,0.06892236073811848,-0.004272739092508952
113,807,7,1,0.14285714285714285,0.0,0.33333333333333337,0.33333333333333337,0.1581394299864769,0.4055576380342245,0.1581394299864769
113,1,7,2,0.2857142857142857,0.8,1.0,0.3,0.196768739571174,0.3106032395735383,0.28024868418773013
113,283,7,3,0.42857142857142855,0.25,0.0,0.41666666666666663,0.18218975203732649,0.3294317937300851,0.29026397232276696
113,227,7,1,0.14285714285714285,0.0,0.6666666666666666,0.0,0.03963331691920757,-0.039976571376125015,-0.07535935193300247
113,823,7,1,0.14285714285714285,0.6666666666666666,0.8333333333333334,0.33333333333333337,0.12642070899407068,0.20775467474838175,0.20567192633946738
113,913,7,1,0.14285714285714285,0.6666666666666667,1.0,1.0,0.1799178902680675,0.26427826348299277,0.03643262448410193
114,80,5,2,0.4,1.0,0.5,0.5,0.05867620309193929,0.10427757104237874,0.07426764567693074
114,33,5,1,0.2,0.5,0.5,0.25,0.25768933693567914,0.26435619592666626,-0.04613999525705973
114,807,5,1,0.2,0.0,0.25,0.25,0.08792176842689514,0.1402748723824819,0.2279419799645742
114,294,5,1,0.2,0.5,1.0,0.75,0.3095071017742157,0.31424248218536377,0.27564985553423565
114,695,5,1,0.2,0.25,1.0,0.25,0.26758885383605957,0.3088030330836773,0.2706238937874635
114,794,5,1,0.2,1.0,0.75,0.75,0.2617304287850857,-0.26053565243879956,0.21878392125169435
114,13,5,1,0.2,1.0,1.0,0.25,0.2652963598569234,0.2652963598569234,0.19896202286084494
115,80,9,4,0.4444444444444444,1.0,0.5,0.44999999999999996,0.043121139208475746,-0.04002159833908081,-0.01264101266860962
115,33,9,1,0.1111111111111111,0.125,0.75,0.75,0.18926278750101724,0.1504507859547933,0.19052728017171225
115,807,9,1,0.1111111111111111,0.0,0.625,0.375,0.38524123032887775,0.6366383905212084,0.0010172128677368164
115,650,9,1,0.1111111111111111,0.0,0.75,0.125,-0.01206501324971517,0.8021779134869576,0.18261571725209555
115,887,9,2,0.2222222222222222,1.0,1.0,0.5714285714285714,0.14624556278189024,-0.12000182767709096,-0.2690115074316661
115,881,9,1,0.1111111111111111,0.375,1.0,0.25,0.17449157933394113,0.34118266372630995,0.22736419085413218
115,725,9,1,0.1111111111111111,0.375,1.0,1.0,0.03444781402746836,0.17816881090402603,0.12047561009724934
115,222,9,1,0.1111111111111111,0.0,0.875,0.25,0.040584360559781395,-0.07398747404416402,-0.05417478084564209
115,979,9,1,0.1111111111111111,0.0,0.75,0.625,-0.041220771769682564,0.022062217816710472,0.15171404679616293
115,473,9,1,0.1111111111111111,0.25,0.625,0.875,0.03620725373427073,-0.008241181572278341,0.04608059426148733
115,815,9,1,0.1111111111111111,0.25,0.875,0.5,0.035236798226833344,0.1437283797810475,0.09094671625643969
115,927,9,1,0.1111111111111111,1.0,0.375,1.0,0.1654796234021584,0.2459166757762432,0.18192491245766482
115,139,9,1,0.1111111111111111,0.5,0.25,0.125,0.05181250565995773,0.07699404618081947,0.005418802301088969
115,953,9,1,0.1111111111111111,1.0,0.625,1.0,0.007536187923202912,-0.00965148163959384,-0.008094969515999159
115,106,9,1,0.1111111111111111,0.25,0.625,0.125,0.005072084488347173,-0.019093080734213192,-0.01760261630018552
116,80,8,2,0.25,0.4166666666666667,1.0,0.25,0.011612375577290853,0.43787575761477154,0.011612375577290853
116,807,8,1,0.125,1.0,1.0,1.0,0.4129486083984375,0.5240413347880045,0.25258658329645794
116,650,8,1,0.125,0.2857142857142857,0.8571428571428572,0.2857142857142857,0.5095961888631185,0.47470468282699585,0.014928797880808512
116,893,8,1,0.125,0.2857142857142857,0.7142857142857143,0.7142857142857143,0.8629400158921877,0.8734165790180365,-0.026468137900034588
116,695,8,1,0.125,0.4285714285714286,0.4285714285714286,0.4285714285714286,0.5235918064912161,0.5235918064912161,0.16431689262390137
116,147,8,1,0.125,0.4285714285714286,0.4285714285714286,0.5714285714285714,0.5545392582813898,0.5545392582813898,0.08964735269546509
116,694,8,1,0.125,0.8571428571428572,0.8571428571428572,0.1428571428571429,0.108248437444369,-0.19775434335072836,-0.11311830083529155
116,659,8,1,0.125,0.0,1.0,0.0,0.03254548708597819,0.010441531737645468,0.12880107015371323
116,342,8,1,0.125,0.2857142857142857,0.5714285714285714,0.0,0.1639794803534945,-0.005689407388369243,0.011906325817108154
116,13,8,1,0.125,0.8571428571428572,0.8571428571428572,0.2857142857142857,0.2354519004196239,0.2354519004196239,0.22599420929327607
116,85,8,1,0.125,0.0,1.0,0.5714285714285714,0.09803311775128047,-0.005579004685084025,0.08470996220906575
116,621,8,1,0.125,0.2857142857142857,0.5714285714285714,0.8571428571428572,0.07443360611796379,-0.04295616845289866,0.02944945792357127
116,432,8,1,0.125,0.7142857142857143,0.5714285714285714,1.0,0.150600574289759,-0.005564471085866292,-0.012505508959293365
116,959,8,1,0.125,0.7142857142857143,0.7142857142857143,0.7142857142857143,0.0747538012995695,-0.021264894555012386,0.07467717551238214
116,49,8,1,0.125,0.8571428571428572,1.0,0.4285714285714286,0.04534224121986578,-0.016417173979183037,0.036288904336591564
116,976,8,1,0.125,0.4285714285714286,0.5714285714285714,1.0,0.015237317730983099,-0.0019000191241502762,0.05023053666809574
116,500,8,1,0.125,0.5714285714285714,0.7142857142857143,0.0,0.04931514822722723,-0.005266492410252492,0.040394521007935204
116,778,8,1,0.125,1.0,1.0,0.0,0.04837101974408142,-0.017950032837688923,0.0429986504993091
117,80,22,8,0.36363636363636365,0.9821428571428571,0.9999999999999999,0.47321428571428575,0.31571779648462933,0.3148087039589882,0.005159159501393636
117,807,22,4,0.18181818181818182,0.45833333333333337,0.75,0.5555555555555556,0.013706723848978678,0.1281013290087382,0.0006379882494608561
117,650,22,3,0.13636363636363635,0.2105263157894737,1.0,0.43859649122807015,0.2714082598686218,0.36955322573582333,0.0019953648249308267
117,893,22,3,0.13636363636363635,0.08771929824561409,1.0,0.5614035087719298,-0.005529820919036865,0.7364950797248943,0.5603091437369585
117,695,22,3,0.13636363636363635,0.4385964912280702,0.6842105263157895,0.456140350877193,0.4937973090757926,0.27009218496580917,0.3983211765686671
117,147,22,3,0.13636363636363635,0.368421052631579,0.736842105263158,0.6666666666666667,0.3075546343267585,0.572916254401207,0.02316504716873169
117,114,22,1,0.045454545454545456,0.6190476190476191,1.0,0.8095238095238095,0.053514562003935374,0.05760450338878519,0.05217713768070098
117,13,22,3,0.13636363636363635,0.9473684210526315,0.824561403508772,0.4210526315789474,0.03157448163051413,0.01048635986512636,0.031350996693314905
117,728,22,3,0.13636363636363635,0.5789473684210527,1.0,0.7192982456140351,0.33446243536066805,0.9123604102242097,0.8224803234140078
117,85,22,1,0.045454545454545456,0.33333333333333337,0.9523809523809524,0.1428571428571429,0.3638734485915241,0.45236365626381786,0.37153838109225035
117,251,22,3,0.13636363636363635,0.21052631578947367,0.8421052631578948,0.5438596491228069,0.9340537697905044,0.9572414504827597,0.4676228314638138
117,362,22,2,0.09090909090909091,0.55,1.0,0.65,0.03649003704651932,-0.05796702795002299,0.025705964401519548
118,80,11,3,0.2727272727272727,0.7916666666666666,1.0,0.6666666666666666,0.30798397461573285,0.5342305252949396,0.06913113594055176
118,33,11,1,0.09090909090909091,0.30000000000000004,0.6,0.7,0.33649056156476337,0.15890217324097952,0.04835133751233419
118,807,11,2,0.18181818181818182,0.4444444444444444,0.7777777777777778,0.6111111111111112,0.011348287264506022,0.1476511557896932,0.02109368642171224
118,650,11,2,0.18181818181818182,0.1111111111111111,0.7777777777777779,0.3333333333333333,0.07161585489908855,0.4296112085382144,-0.002418220043182373
118,893,11,2,0.18181818181818182,0.05555555555555558,0.7222222222222223,0.7777777777777778,0.004599769910176595,0.7193877082318068,0.20990411440531412
118,294,11,1,0.09090909090909091,0.4,0.6,0.0,0.12760207514899471,-0.44862813750902814,-0.16287277142206827
118,695,11,2,0.18181818181818182,0.5555555555555556,0.7777777777777778,0.3888888888888889,0.3508371797700723,0.4037706007560094,0.22575904428958893
118,147,11,1,0.09090909090909091,0.30000000000000004,0.4,0.19999999999999996,0.4335434188445409,0.5991900463898977,0.2734834551811218
118,128,11,1,0.09090909090909091,0.6,0.30000000000000004,0.5,0.2631194043594102,-0.05499402433633804,0.2966399281285703
118,725,11,1,0.09090909090909091,1.0,0.6,0.9,-0.22640778496861458,-0.15824326127767563,-0.00578569108620286
118,114,11,1,0.09090909090909091,1.0,0.8,1.0,0.017671133527377,-0.14296138162414232,0.009580400927613178
118,728,11,1,0.09090909090909091,0.30000000000000004,0.9,0.4,0.24073129920482947,0.07519618601509137,0.24158468019838134
118,251,11,1,0.09090909090909091,0.19999999999999996,0.5,0.9,0.28325469690995914,0.3083175523012566,0.04170344273249308
118,214,11,1,0.09090909090909091,0.5,0.7,0.09999999999999998,0.29918260040843353,-0.07862770060698192,0.29721340878556174
118,362,11,1,0.09090909090909091,0.5,1.0,0.0,0.0803806524193836,-0.0211193042753924,0.0009599314071238041
118,416,11,1,0.09090909090909091,1.0,0.8,0.4,0.06909592422501494,-0.011115280974384708,0.07646844004436086
118,197,11,1,0.09090909090909091,0.7,0.5,0.4,0.17969706349928552,0.027473988999796955,0.13360678094128767
118,698,11,1,0.09090909090909091,0.6,0.6,0.8,0.14394012789095237,-0.12099378431836764,0.11008876351600823
119,80,6,2,0.3333333333333333,0.75,0.5,0.875,-0.16205590963363647,-0.15685194730758667,0.017697612444559734
119,33,6,1,0.16666666666666666,0.4,0.8,0.8,0.2015662888685862,0.14262884855270386,0.14262884855270386
119,807,6,1,0.16666666666666666,0.19999999999999996,0.4,0.8,0.46163713932037354,0.3777164916197459,-0.10233622789382935
119,1,6,1,0.16666666666666666,1.0,1.0,0.19999999999999996,0.616459603731831,0.6162822482486566,0.06532176335652669
119,294,6,1,0.16666666666666666,0.6,1.0,0.6,-0.05401430527369181,-0.5791576107343038,-0.31807945171991986
119,147,6,1,0.16666666666666666,0.0,0.19999999999999996,0.6,0.18636082857847214,0.1201706329981486,0.08586065222819646
119,979,6,1,0.16666666666666666,1.0,1.0,0.8,0.11888891582687695,0.08742734665671985,0.012957464903593063
119,227,6,1,0.16666666666666666,0.0,0.8,1.0,0.5002216178302964,0.496851345213751,0.11343197027842204
119,904,6,1,0.16666666666666666,0.8,0.8,1.0,0.03748186958273436,-0.016572534555355862,-0.005410583068927129
119,981,6,1,0.16666666666666666,0.0,0.8,0.0,-0.03563708998262882,-0.16391105204820633,-0.027290083467960358
119,520,6,1,0.16666666666666666,0.8,0.8,0.4,0.12340104975737631,-0.09066741323719422,-0.026321523124352098
119,1014,6,1,0.16666666666666666,1.0,1.0,0.8,0.16699457318948893,0.16637845903945467,0.013240046488742033
120,80,8,1,0.125,0.8571428571428572,1.0,0.0,0.18217424551645914,0.3669020930926005,0.3634210228919983
120,33,8,2,0.25,0.33333333333333337,0.7500000000000001,0.5833333333333333,0.25898565848668414,0.21319117148717245,-0.015826980272928875
120,807,8,2,0.25,0.5833333333333334,1.0,0.08333333333333331,0.042091031869252525,0.3204616109530131,0.023436327775319416
120,650,8,2,0.25,0.0,0.6666666666666667,0.8333333333333334,0.03314300378163656,0.6365066890915235,0.17814717690149942
120,893,8,2,0.25,0.0,0.6666666666666667,0.9166666666666667,0.08648000160853068,0.7281097304075956,0.04090740283330282
120,695,8,1,0.125,0.4285714285714286,0.2857142857142857,0.8571428571428572,0.5940463629861673,0.5996722566584746,0.4620622793833415
120,128,8,2,0.25,0.6666666666666667,0.6666666666666667,0.9166666666666667,0.4257921526829402,0.5101382558544477,0.2503856619199117
120,1017,8,1,0.125,0.8571428571428572,0.0,0.5714285714285714,0.5577288667360941,0.7333304149797186,0.7093290711442629
120,841,8,1,0.125,0.4285714285714286,0.4285714285714286,0.0,0.23905150468150774,0.23905150468150774,0.057608445485432945
120,362,8,1,0.125,0.5714285714285714,1.0,0.0,0.2897827331519996,0.2957491687072131,0.29217010162149865
120,526,8,1,0.125,0.7142857142857143,1.0,0.5714285714285714,0.23019738934817724,0.23077722681057367,0.22942887851968408
121,33,7,2,0.2857142857142857,0.6,0.8,0.8,0.46833850008745986,0.46833850008745986,-0.030818442503611248
121,650,7,1,0.14285714285714285,0.0,0.6666666666666667,0.33333333333333337,0.5178419103225073,0.5178419103225073,0.003747701644897461
121,659,7,1,0.14285714285714285,0.6666666666666667,1.0,1.0,0.08262821038564046,-0.1643559734026591,0.01460854709148407
121,114,7,1,0.14285714285714285,1.0,1.0,1.0,0.18434433280182816,-0.1133697757710858,0.1843155539742535
121,392,7,2,0.2857142857142857,0.6,0.6,0.9,0.15686039201204002,-0.11032572311038773,-0.17570567627747855
121,715,7,1,0.14285714285714285,0.16666666666666663,0.5,1.0,-0.18798407912254333,-0.08687512539715196,0.1355653758776801
121,939,7,1,0.14285714285714285,0.5,0.8333333333333334,0.0,0.07462005553922306,-0.17807932694753012,0.07462005553922306
121,838,7,1,0.14285714285714285,0.16666666666666663,0.5,0.5,0.08968147522925089,-0.19297577440738678,0.09222451819732669
121,753,7,1,0.14285714285714285,0.33333333333333337,0.6666666666666666,0.8333333333333334,-0.16952666391928992,-0.17708990722894669,0.03284798935055733
121,803,7,1,0.14285714285714285,0.33333333333333337,0.5,0.33333333333333337,0.029829796428733363,-0.09024620242416859,0.029843881530883465
122,80,23,6,0.2608695652173913,0.8627450980392156,0.4901960784313725,0.38235294117647056,0.02716904878616333,0.00769426425298055,0.008266568183898926
122,807,23,6,0.2608695652173913,0.46078431372549017,0.7549019607843137,0.3725490196078431,0.0008173187573750814,0.07617666323979695,0.00030626853307088214
122,650,23,4,0.17391304347826086,0.14473684210526316,0.881578947368421,0.5394736842105263,0.3077153265476227,0.2133351961771647,0.0005768338839213053
122,893,23,4,0.17391304347826086,0.026315789473684237,0.8421052631578947,0.07894736842105263,0.330680704365174,0.5934369812409083,0.5458790684739748
122,1,23,2,0.08695652173913043,0.7857142857142857,0.8809523809523809,0.2142857142857143,0.918007059925003,0.9180921535500298,0.5987743052343527
122,147,23,1,0.043478260869565216,0.5454545454545454,0.31818181818181823,0.6818181818181819,0.7776139011451354,0.8179578259199237,0.6651406263311704
122,659,23,1,0.043478260869565216,0.0,0.7727272727272727,0.6818181818181819,0.43431928878029186,0.4854293736987832,0.329792579015096
122,389,23,2,0.08695652173913043,0.2619047619047619,0.4285714285714286,0.30952380952380953,0.4820060928662618,0.6431809458505772,0.2485185960928599
122,128,23,3,0.13043478260869565,0.6,0.5666666666666667,0.6,0.4991363675023119,0.5806303495385995,0.38426782190799713
122,283,23,1,0.043478260869565216,0.7272727272727273,0.5909090909090908,0.5909090909090908,0.38157131035204844,0.38157120507192605,0.3639031814115394
122,540,23,1,0.043478260869565216,0.8636363636363636,0.5454545454545454,0.5909090909090908,0.10040861327979655,0.09422878319889734,0.06595437983438994
122,85,23,1,0.043478260869565216,0.0,0.8181818181818181,0.0,0.555609689821722,0.6315221769997758,0.45071252435445786
122,116,23,1,0.043478260869565216,0.045454545454545414,0.6363636363636364,0.09090909090909094,0.7516695016392229,0.7610270859512364,0.7472950691978136
122,713,23,1,0.043478260869565216,0.4545454545454546,0.9545454545454546,0.9545454545454546,0.4049581792205572,0.45431614217962135,0.42787959170527756
122,820,23,1,0.043478260869565216,0.6818181818181819,0.9545454545454546,0.6818181818181819,0.9169553214295737,0.9197653643095536,0.7806121448392483
122,739,23,1,0.043478260869565216,0.9090909090909091,0.6363636363636364,0.36363636363636365,0.6374968628015646,0.6386483772742224,0.5063658493260542
122,432,23,1,0.043478260869565216,0.5909090909090908,0.7272727272727273,0.2727272727272727,0.15899145674120518,0.14183863468739824,0.11641144519671798
122,786,23,1,0.043478260869565216,0.36363636363636365,0.36363636363636365,0.5454545454545454,0.5424035225564315,0.542934974593094,0.5393553772870897
122,69,23,1,0.043478260869565216,0.5909090909090908,0.36363636363636365,0.7272727272727273,0.7368765608553001,0.7371973135954599,0.6771623487196242
122,825,23,1,0.043478260869565216,0.9545454545454546,0.9545454545454546,0.4545454545454546,0.741394948845785,0.7434932014587697,0.3537205196917057
122,243,23,1,0.043478260869565216,0.2727272727272727,0.045454545454545414,0.5454545454545454,0.003383843492580733,-0.036829541928887245,0.0031128561440709746
122,403,23,1,0.043478260869565216,0.5909090909090908,1.0,0.5,0.5803336786478894,0.5812121860727864,0.4809808127465658
122,953,23,1,0.043478260869565216,0.045454545454545414,0.5909090909090908,0.6363636363636364,0.002107292210408026,0.00019993279881684126,0.0006810414985617778
122,117,23,2,0.08695652173913043,0.5238095238095238,0.5,0.047619047619047616,0.5150231069032714,0.5152604520060077,0.40750311784127763
122,767,23,1,0.043478260869565216,0.9545454545454546,0.9545454545454546,0.31818181818181823,0.393521568527414,0.3938696329691383,0.05307240039110184
123,80,28,16,0.5714285714285714,0.6041666666666666,0.29166666666666663,0.48958333333333326,-1.0649363199869791e-05,0.00023299455642700195,-1.1920928955078125e-06
123,33,28,4,0.14285714285714285,0.33333333333333337,1.0,0.46875,0.0016115307807922363,0.0003356536229451497,0.00015213092168172201
123,807,28,2,0.07142857142857142,0.15384615384615385,0.8461538461538461,0.6538461538461539,0.389501025279363,0.8718621352066597,0.05960732698440552
123,650,28,2,0.07142857142857142,0.0,0.9230769230769231,0.7884615384615384,0.10887328783671062,0.7664233913334707,0.0008074045181274414
123,893,28,2,0.07142857142857142,0.0,0.8461538461538461,0.6346153846153846,0.8148982374210997,0.9919082524954016,0.6026826525727907
123,1,28,2,0.07142857142857142,0.46153846153846156,0.923076923076923,0.2692307692307692,0.7268816184077878,0.7310603396854276,0.5286333045611779
123,695,28,2,0.07142857142857142,0.07692307692307687,0.8461538461538461,0.7692307692307693,0.6819528083627423,0.6836802831579311,0.38999276235699654
123,147,28,2,0.07142857142857142,0.3846153846153846,0.8461538461538461,0.3846153846153846,0.43938838186052936,0.54741187642018,0.2509489754835765
123,887,28,10,0.35714285714285715,0.8222222222222223,0.6222222222222222,0.25,0.057683348655700684,0.2579375108083089,0.11622889836629231
123,283,28,4,0.14285714285714285,0.08333333333333337,0.0,0.4583333333333333,0.47598795754462725,0.4771814949350907,0.24033655474583307
123,13,28,2,0.07142857142857142,0.6923076923076923,0.15384615384615385,0.4615384615384615,0.12959466287672208,0.1209362093359232,0.048815201967954636
123,540,28,2,0.07142857142857142,0.46153846153846156,0.8461538461538461,0.6730769230769231,0.8134303851596391,0.8749910694471813,0.40677312513192493
123,119,28,4,0.14285714285714285,0.7916666666666666,0.75,0.4270833333333333,0.9385302195926973,0.9821204700906113,0.15319248040517172
123,739,28,2,0.07142857142857142,0.6153846153846154,0.3846153846153846,0.3653846153846154,0.6444796431120873,0.660538134736233,0.6345815554571649
123,362,28,2,0.07142857142857142,0.3076923076923077,1.0,0.32692307692307687,0.5996068530803313,0.6249026253899501,0.5948567967861891
123,243,28,2,0.07142857142857142,0.46153846153846156,0.3076923076923077,0.5,0.8040466501224728,0.8073027587918963,0.5705864963432153
123,823,28,2,0.07142857142857142,1.0,0.923076923076923,0.7115384615384616,0.035463686112355695,0.035870347621577515,0.015627404674887657
123,710,28,2,0.07142857142857142,0.6923076923076923,0.7692307692307692,0.25,0.1316947185656924,0.1318966707221989,0.13108534546942488
123,406,28,2,0.07142857142857142,1.0,0.6153846153846154,0.2884615384615385,1.0724483713124103e-08,-4.300332910508094e-06,-1.2772909840919056e-08
123,375,28,2,0.07142857142857142,0.5384615384615384,0.7692307692307693,0.40384615384615385,0.4051322515976305,0.4121122935479183,0.26833782345056534
123,677,28,2,0.07142857142857142,0.6923076923076923,1.0,0.5576923076923077,0.17516506233914697,0.17709729823806222,0.17243801945005544
123,836,28,2,0.07142857142857142,0.6923076923076923,0.9230769230769231,0.1923076923076923,0.014564401030251398,0.0149851853580761,0.005646802135743201
124,80,12,3,0.25,0.4444444444444444,0.7407407407407408,0.25925925925925924,0.08901304006576538,0.1629855235417684,0.024702072143554688
124,807,12,3,0.25,0.37037037037037035,0.7777777777777777,0.7407407407407407,0.041781206925710045,0.039341092109680176,0.0659145712852478
124,650,12,3,0.25,0.0,0.7777777777777778,0.4444444444444444,0.19614704449971518,0.0316200057665507,0.017197012901306152
124,893,12,2,0.16666666666666666,0.09999999999999998,0.9,0.2,0.3218088423212369,0.41157946983973187,0.029488225777943928
124,147,12,1,0.08333333333333333,0.4545454545454546,0.6363636363636364,1.0,0.6716846840766569,0.6577734754731258,0.297219621638457
124,887,12,1,0.08333333333333333,0.5454545454545454,0.5454545454545454,0.6363636363636364,0.18060606166060703,0.18020305906247813,0.11691709483663242
124,389,12,1,0.08333333333333333,0.2727272727272727,0.4545454545454546,0.7272727272727273,0.296185165643692,0.7895846291600416,0.3500550289948781
124,881,12,1,0.08333333333333333,0.6363636363636364,0.8181818181818181,0.36363636363636365,0.4101182743906975,0.672054092749022,0.2037603755791982
124,725,12,1,0.08333333333333333,1.0,0.5454545454545454,0.6363636363636364,0.33557353417078656,0.5783919679621855,0.03384466965993246
124,979,12,1,0.08333333333333333,0.0,0.6363636363636364,0.0,0.3917194952567418,0.7192706620820294,0.3711814619600773
124,473,12,1,0.08333333333333333,0.2727272727272727,0.8181818181818181,0.6363636363636364,0.1960472728436192,0.37001215138783056,0.37100342009216547
124,815,12,1,0.08333333333333333,0.09090909090909094,0.7272727272727273,0.9090909090909091,0.46374836439887684,0.7131160965703506,0.3198948601881663
124,540,12,1,0.08333333333333333,1.0,0.8181818181818181,0.2727272727272727,0.18214217095131366,0.050928119104355574,0.08867731069525082
124,713,12,1,0.08333333333333333,0.4545454545454546,1.0,0.9090909090909091,0.3240794154504935,0.5816443099950751,0.15254929413398108
124,927,12,1,0.08333333333333333,0.7272727272727273,0.4545454545454546,1.0,0.3247646701832612,0.519924483342038,-0.00024936596552530926
124,401,12,1,0.08333333333333333,0.7272727272727273,0.8181818181818181,0.7272727272727273,0.06820388417690992,0.21429162705802204,0.18476318443814913
124,140,12,1,0.08333333333333333,0.36363636363636365,0.36363636363636365,0.2727272727272727,-0.03875648230314255,0.09963870296875636,-0.011823957165082296
124,263,12,1,0.08333333333333333,0.4545454545454546,1.0,0.0,0.09178763162344694,0.1404230359282034,0.14101376995677128
124,86,12,1,0.08333333333333333,0.9090909090909091,0.9090909090909091,0.18181818181818177,0.009432837632630253,0.03270519328846907,-0.03474805255730947
125,80,11,4,0.36363636363636365,0.9285714285714286,0.5,0.6428571428571428,0.02817616860071818,0.05852295955022176,0.003386418024698893
125,33,11,2,0.18181818181818182,0.3888888888888889,0.9444444444444444,0.2222222222222222,0.14180076122283936,0.01227863629659017,0.07840138673782349
125,807,11,1,0.09090909090909091,0.19999999999999996,0.9,0.4,-0.007043202718098958,0.47263657053311664,0.14710084597269693
125,650,11,2,0.18181818181818182,0.0,0.8333333333333334,0.2222222222222222,-0.006270547707875569,0.3038926323254903,0.024639368057250977
125,893,11,1,0.09090909090909091,0.0,0.9,0.0,0.051789422829945884,0.7635337421670556,0.6228753476946925
125,294,11,1,0.09090909090909091,0.7,1.0,0.0,0.11485371987024943,0.43170734246571857,0.07014606396357219
125,887,11,1,0.09090909090909091,0.9,0.4,0.6,0.32381493349870044,0.5256034210324287,0.12579969565073648
125,794,11,1,0.09090909090909091,1.0,0.6,0.19999999999999996,0.3270553598801295,0.5999668383349975,0.16457183162371317
125,881,11,1,0.09090909090909091,0.4,0.9,0.19999999999999996,0.34045221159855527,0.4437371106663098,0.0020445982615152993
125,591,11,1,0.09090909090909091,1.0,0.7,0.8,0.2706899320085843,0.4111663886966805,0.17566604912281036
125,725,11,1,0.09090909090909091,0.6,0.8,1.0,-0.14524533351262411,0.27845356116692227,0.15436120331287384
125,1017,11,1,0.09090909090909091,0.5,0.19999999999999996,0.4,0.07674136012792587,0.03622406992750863,0.058025630190968513
125,979,11,1,0.09090909090909091,0.0,0.7,0.0,0.16961360101898512,0.3953001721141239,0.07576754689216614
125,815,11,1,0.09090909090909091,0.09999999999999998,0.8,0.9,0.24718544725328684,0.34326527702311677,0.09853484978278478
125,927,11,1,0.09090909090909091,0.8,0.4,0.4,0.27323975165685016,0.3385669145112236,-0.03336415688196818
125,59,11,1,0.09090909090909091,0.09999999999999998,0.6,0.8,0.15913869005938372,0.19366116179541373,0.070310577750206
125,696,11,1,0.09090909090909091,0.5,0.9,0.9,0.12679326658447584,0.1955405380576849,0.07785479227701823
125,798,11,1,0.09090909090909091,0.9,0.5,0.9,0.08825433681098123,0.12324884576567759,0.10266674620409806
125,526,11,1,0.09090909090909091,0.9,1.0,0.19999999999999996,0.054532935082534095,0.013994145304119835,-0.020174758819242317
125,348,11,1,0.09090909090909091,0.8,0.4,0.4,0.15718591896196207,0.19519075972008673,0.13211393480499586
126,80,5,1,0.2,1.0,1.0,0.75,0.17498294512430826,0.17498294512430826,-0.02304081122080485
126,807,5,2,0.4,0.5,0.6666666666666667,0.5,0.26486873626708984,0.46002976099650067,0.15653744339942932
126,650,5,1,0.2,0.0,0.75,1.0,0.2853025148312251,0.8902398608624935,0.15156845251719156
126,893,5,1,0.2,0.0,0.5,0.0,0.48900460607061785,0.9073354654634992,0.19854478041330972
126,147,5,1,0.2,0.5,0.25,0.25,0.31469964360197383,0.3599420425792535,-0.01046834389368693
126,389,5,1,0.2,0.25,0.25,0.5,0.21133619950463375,0.4137795338756405,0.2781066502793692
126,713,5,1,0.2,0.75,1.0,1.0,0.25107401857773465,0.4015925812224547,0.11895761732012033
126,981,5,1,0.2,0.5,0.5,1.0,0.023672717448789626,-0.20955093329151472,-0.04461123670140902
127,80,14,10,0.7142857142857143,1.0,0.475,0.175,-0.000564416249593099,0.001120130221048991,0.00036156177520751953
127,33,14,2,0.14285714285714285,0.08333333333333337,1.0,0.375,0.009538471698760986,0.0036346912384033203,0.003390332063039144
127,807,14,1,0.07142857142857142,0.15384615384615385,1.0,0.23076923076923073,0.30572285254796344,0.6515703524152437,0.34161890546480816
127,650,14,1,0.07142857142857142,0.0,0.9230769230769231,0.46153846153846156,0.29721249143282574,0.6136761233210564,-0.004184524218241374
127,893,14,1,0.07142857142857142,0.0,0.9230769230769231,0.15384615384615385,0.44303757324814796,0.5897415621827046,0.4588944069594921
127,294,14,1,0.07142857142857142,0.23076923076923073,1.0,0.3846153846153846,-0.017384052276611328,0.03410583734512329,-0.020041664441426594
127,887,14,8,0.5714285714285714,0.9791666666666667,0.43750000000000006,0.5,0.038591980934143066,0.17463350296020508,0.06656968593597412
127,794,14,1,0.07142857142857142,0.46153846153846156,0.6153846153846154,0.3846153846153846,0.01570590337117513,0.08631700277328491,0.002035379409790039
127,591,14,1,0.07142857142857142,0.46153846153846156,0.8461538461538461,0.46153846153846156,0.164861798286438,0.43550977607568103,0.2092333436012268
127,1017,14,1,0.07142857142857142,0.15384615384615385,0.07692307692307687,0.46153846153846156,0.04782031841265658,-0.0049635037818613155,0.03539980699618658
127,540,14,1,0.07142857142857142,1.0,0.6923076923076923,0.23076923076923073,0.30644141634305316,0.4983941297978163,0.33516729064285755
127,119,14,6,0.42857142857142855,0.75,0.6875,0.5208333333333334,0.5211621547738711,0.8267848598770797,0.45757370193799335
127,420,14,1,0.07142857142857142,0.5384615384615384,0.8461538461538461,0.3846153846153846,0.5230088755488396,0.7576599613142511,0.46985578536987305
127,243,14,1,0.07142857142857142,0.6923076923076923,0.3846153846153846,0.3076923076923077,0.2698780745267868,0.3976167291790868,0.27758025626341504
127,526,14,1,0.07142857142857142,0.9230769230769231,1.0,1.0,0.013097533182493256,0.015310912281165656,0.001919581680946673
128,80,8,1,0.125,0.8571428571428572,1.0,0.1428571428571429,0.2892269194126129,0.33477774262428284,-0.10302466154098511
128,807,8,1,0.125,1.0,1.0,0.4285714285714286,0.32165952523549396,0.5109468499819437,0.10649162530899048
128,650,8,1,0.125,0.2857142857142857,0.7142857142857143,0.5714285714285714,0.3815567096074422,0.6482930878798167,0.0403366486231486
128,893,8,1,0.125,0.4285714285714286,0.7142857142857143,0.8571428571428572,0.839818517367045,0.8612700471033653,0.16554603974024454
128,695,8,1,0.125,0.7142857142857143,0.5714285714285714,0.0,0.3277850778152545,0.37728783177832764,0.35160141065716743
128,147,8,1,0.125,0.5714285714285714,0.5714285714285714,0.4285714285714286,0.6378540645043055,0.6378540645043055,0.27935166160265607
128,694,8,2,0.25,0.5,0.8333333333333334,0.5833333333333334,-0.03698958953221639,0.03809861342112223,0.06772387027740479
128,342,8,2,0.25,0.16666666666666663,0.33333333333333337,0.6666666666666667,0.421800822019577,0.5442994982004166,-0.0531734029452006
128,621,8,2,0.25,0.08333333333333331,0.5,0.4166666666666667,0.27463169147570926,0.4003701830903689,-0.11696885029474895
128,959,8,1,0.125,0.5714285714285714,0.7142857142857143,0.7142857142857143,0.2680086608355244,0.37606993891919654,0.2680086608355244
128,49,8,1,0.125,0.8571428571428572,1.0,1.0,0.1240995383510987,0.1689550478477031,0.12336046434938908
128,940,8,1,0.125,0.4285714285714286,0.5714285714285714,0.2857142857142857,0.020911016695511837,-0.21808305631081262,0.020386424536506336
128,500,8,1,0.125,0.7142857142857143,0.8571428571428572,0.8571428571428572,0.1037329351529479,0.1484919135691598,0.07431968053181966
128,778,8,1,0.125,0.8571428571428572,1.0,0.0,0.13293577241711318,0.2012721918290481,0.022045979897181194
129,80,18,4,0.2222222222222222,0.5,0.6428571428571428,0.5714285714285714,0.007687270641326904,0.007828553517659506,0.00805117686589559
129,33,18,4,0.2222222222222222,0.4285714285714286,0.9642857142857143,0.7678571428571429,-0.06030060847600301,0.009227335453033447,0.125645120938619
129,807,18,2,0.1111111111111111,0.65625,0.84375,0.40625,0.012483735879262289,0.4010274310906728,0.009294390678405762
129,650,18,2,0.1111111111111111,0.0,0.9375,0.40625,0.00016339619954427084,0.5149639969070753,0.0007332364718119303
129,893,18,2,0.1111111111111111,0.09375,0.75,0.9375,0.6791614713147283,0.9046704227027172,0.5010502388079962
129,1,18,1,0.05555555555555555,0.8235294117647058,0.9411764705882353,0.4117647058823529,0.7960701673291624,0.8275324374443093,0.686373214237392
129,294,18,1,0.05555555555555555,0.47058823529411764,0.9411764705882353,0.23529411764705888,-0.05725346008936564,0.07619489232699077,0.12088950475056966
129,695,18,2,0.1111111111111111,0.28125,0.5,0.4375,0.41951598568509024,0.42950069609408575,0.05478034416834513
129,147,18,3,0.16666666666666666,0.5555555555555556,0.6888888888888889,0.3111111111111111,0.68422631919384,0.6828197538852692,0.3234021266301473
129,794,18,1,0.05555555555555555,0.6470588235294117,0.5882352941176471,0.05882352941176472,0.01529167095820109,0.6340079965690771,0.05023815234502157
129,128,18,1,0.05555555555555555,0.7058823529411764,0.7058823529411764,0.23529411764705888,0.22435064489642778,0.30278696088741225,0.18239853531122208
129,283,18,2,0.1111111111111111,0.75,0.1875,0.5625,0.262315127562033,0.26229378666509245,0.25465320081760484
129,114,18,1,0.05555555555555555,0.2941176470588235,1.0,0.8823529411764706,0.034461449756539274,-0.0002374070178727076,0.03561210469277879
129,392,18,1,0.05555555555555555,0.05882352941176472,0.3529411764705882,0.8235294117647058,0.018724037016606115,-0.20957488442460695,0.0059509369772664895
129,140,18,1,0.05555555555555555,0.11764705882352944,0.47058823529411764,0.3529411764705882,0.0036219206901175007,0.0036327438432550707,0.0029248469315158823
129,117,18,1,0.05555555555555555,0.9411764705882353,0.6470588235294117,0.5294117647058824,0.25516551948385313,0.03261208006227415,0.26414532139232944
129,487,18,3,0.16666666666666666,0.6222222222222222,0.7333333333333334,0.08888888888888886,0.004567941650748253,-0.01632631046049937,0.008876295581754512
130,33,5,2,0.4,0.33333333333333337,0.33333333333333337,0.33333333333333337,0.18703952431678772,0.18703952431678772,0.08073941866556804
130,650,5,1,0.2,0.0,0.5,0.5,-0.16767134269078574,0.741302823026975,0.5043367519974709
130,694,5,1,0.2,0.75,0.75,1.0,0.17788830399513245,0.17788830399513245,0.15514211853345236
130,881,5,1,0.2,1.0,1.0,0.0,0.20997764728963375,0.20997764728963375,0.07248647511005402
130,1004,5,1,0.2,0.0,0.0,0.5,0.19715442756811777,0.1734327177206675,0.1412557860215505
130,119,5,1,0.2,0.25,0.75,1.0,0.026501057902351022,-0.05646134292085966,0.012653383736809095
130,139,5,2,0.4,0.6666666666666667,0.33333333333333337,0.5,0.13835298751170436,0.1401969688401247,-0.004985072494794925
131,80,7,1,0.14285714285714285,0.8333333333333334,1.0,0.0,0.041172146797180176,0.27740931510925293,0.041172146797180176
131,33,7,1,0.14285714285714285,0.33333333333333337,0.8333333333333334,0.0,0.1574204961458842,0.15496582786242166,-0.00027950604756673175
131,650,7,2,0.2857142857142857,0.0,0.7,0.0,0.00039515892664591473,0.14326854546864828,0.006174763043721517
131,294,7,1,0.14285714285714285,0.5,0.6666666666666667,0.0,0.10208627333243687,0.14655838906764984,0.07266623775164287
131,694,7,1,0.14285714285714285,0.6666666666666667,1.0,0.6666666666666667,0.05212104320526123,-0.09857823451360066,-0.07501344879468282
131,881,7,1,0.14285714285714285,0.8333333333333334,1.0,0.5,0.28342530876398087,0.5811642321447531,0.1940800646940867
131,725,7,1,0.14285714285714285,0.5,1.0,0.6666666666666667,0.15946902831395468,0.3051045934359233,0.24360249439875284
131,979,7,1,0.14285714285714285,0.0,0.6666666666666667,0.0,0.20196839173634848,0.5366370302314559,0.17490864793459573
131,1004,7,1,0.14285714285714285,0.16666666666666663,0.33333333333333337,0.0,-0.017472043633461,-0.12172104914983113,-0.10497347513834636
131,815,7,1,0.14285714285714285,0.33333333333333337,0.8333333333333334,1.0,0.2457666372259458,0.4754807483404875,0.28909062842528027
131,825,7,1,0.14285714285714285,0.8333333333333334,1.0,0.16666666666666663,0.06815518764778972,-0.03151092352345586,-0.11592111736536026
131,932,7,1,0.14285714285714285,1.0,0.8333333333333334,0.16666666666666663,0.1202194601452599,0.15686454305735728,-0.0026022327753404775
132,80,10,3,0.3,0.7142857142857143,0.38095238095238093,0.4285714285714286,0.011433561642964682,0.21449903647104898,0.030899604161580402
132,33,10,2,0.2,0.3125,0.875,0.375,0.12925982475280762,0.12859050432840982,0.0046997865041097
132,807,10,2,0.2,1.0,0.875,0.5625,0.5839511727293333,0.49331432580947876,0.24031081795692444
132,650,10,1,0.1,0.11111111111111116,1.0,0.2222222222222222,0.35069261988004047,0.5767378409703573,-0.005145470301310222
132,893,10,1,0.1,0.33333333333333337,0.7777777777777778,0.11111111111111116,0.7676896192327453,0.7676216483426591,0.47193347414334613
132,294,10,1,0.1,0.7777777777777778,1.0,0.0,0.23576630155245462,0.5438040643930435,-0.006537298361460368
132,695,10,1,0.1,0.33333333333333337,0.6666666666666667,1.0,0.516341453185305,0.5177734692891439,0.25425555805365246
132,147,10,1,0.1,0.4444444444444444,0.6666666666666667,0.6666666666666667,0.5274799751738707,0.44150176147619885,-0.020594696203867596
132,887,10,1,0.1,0.8888888888888888,0.4444444444444444,0.4444444444444444,0.42057261367638904,0.6239570242663225,0.21704795956611633
132,794,10,1,0.1,1.0,0.6666666666666667,0.7777777777777778,0.4453026627500852,0.7159917624667287,0.10550503929456075
132,591,10,1,0.1,1.0,0.6666666666666667,1.0,0.340092661169668,0.4268930843488003,0.334279033044974
132,342,10,1,0.1,0.2222222222222222,0.5555555555555556,0.4444444444444444,0.35209590196609497,0.3509902614168823,0.2680528201162815
132,1017,10,1,0.1,0.33333333333333337,0.4444444444444444,0.0,0.17391696913788715,0.034627739320664354,0.20170167709390321
132,13,10,1,0.1,0.6666666666666667,0.5555555555555556,1.0,0.5017211597102383,0.5007314555114135,0.18845929702123007
132,1022,10,1,0.1,0.33333333333333337,0.33333333333333337,1.0,0.13296878586212793,0.19076349504242293,0.01992952823638916
132,585,10,1,0.1,0.5555555555555556,0.8888888888888888,0.5555555555555556,0.2339083511227121,0.3400239106478959,0.2174855942527453
132,440,10,1,0.1,0.5555555555555556,1.0,0.5555555555555556,0.25376832159751456,0.33692911922101604,0.33546079411947477
132,710,10,1,0.1,0.8888888888888888,0.4444444444444444,0.7777777777777778,0.26704358278463286,0.35752178049612365,0.29362768586724997
133,33,4,1,0.25,0.6666666666666667,1.0,0.33333333333333337,0.08081933856010437,0.10410276055335999,0.08081933856010437
133,650,4,1,0.25,0.0,0.33333333333333337,0.6666666666666667,-0.12612587213516235,0.5491468012332916,-0.12612587213516235
133,695,4,1,0.25,0.33333333333333337,1.0,0.33333333333333337,0.05719250440597534,0.05854244530200958,-0.02732069045305252
133,694,4,1,0.25,0.6666666666666667,0.6666666666666667,1.0,-0.10041353106498718,-0.10041353106498718,0.07538998126983643
133,1004,4,1,0.25,0.0,0.33333333333333337,1.0,-0.11243896186351776,-0.11243896186351776,-0.11243896186351776
133,841,4,1,0.25,0.6666666666666667,0.33333333333333337,1.0,0.03598617762327194,0.05156797915697098,0.0037380382418632507
134,80,8,1,0.125,1.0,0.8571428571428572,0.5714285714285714,0.1631608009338379,0.16611117124557495,0.03932271401087443
134,33,8,2,0.25,0.4166666666666667,0.8333333333333334,1.0,0.12050145864486694,-0.015289564927419027,0.06936681270599365
134,807,8,2,0.25,0.5833333333333334,0.75,0.25,0.32238276799519855,0.48677607377370197,0.017491042613983154
134,650,8,1,0.125,0.2857142857142857,0.8571428571428572,0.2857142857142857,0.5373331854740778,0.8126599192619324,0.12959678967793783
134,893,8,1,0.125,0.0,0.8571428571428572,0.1428571428571429,0.6104478249326348,0.8161201824744543,0.33713428179423016
134,1,8,1,0.125,1.0,1.0,0.0,0.7825601838218669,0.7825601838218669,0.7441687279691299
134,294,8,1,0.125,0.5714285714285714,0.5714285714285714,0.8571428571428572,0.23920797556638718,-0.2506067454814911,-0.013758718967437744
134,695,8,1,0.125,0.5714285714285714,0.5714285714285714,0.1428571428571429,0.19994603594144186,0.1779968241850535,0.3662732094526291
134,147,8,2,0.25,0.6666666666666667,0.75,0.5,0.5173853076994419,0.5382583575944105,0.22465000549952188
134,794,8,1,0.125,0.4285714285714286,0.0,0.0,0.1295653786510229,-0.07179303467273712,-0.3332730183998744
134,283,8,1,0.125,0.2857142857142857,0.5714285714285714,1.0,0.4467838234268129,0.5111413637059741,0.3019329259792964
134,227,8,1,0.125,0.0,0.4285714285714286,0.5714285714285714,0.6424907658462568,0.6424907658462568,0.41481144229571026
134,214,8,1,0.125,1.0,0.7142857142857143,0.2857142857142857,0.288997780221204,0.3140051009443899,0.10745432476202647
134,698,8,1,0.125,0.8571428571428572,0.5714285714285714,1.0,0.3153456635773182,0.3180171330847467,0.19392849008242288
135,80,7,1,0.14285714285714285,0.8333333333333334,1.0,0.16666666666666663,-0.036477506160736084,0.18857171138127646,0.04488144318262736
135,807,7,1,0.14285714285714285,0.6666666666666667,1.0,0.6666666666666667,0.08978162209192912,0.5382729172706604,-0.02500249942143758
135,650,7,1,0.14285714285714285,0.0,0.8333333333333334,0.6666666666666667,0.03842238585154215,0.8392228906353315,0.209432323773702
135,893,7,1,0.14285714285714285,0.0,0.8333333333333334,0.16666666666666663,0.2231908639272054,0.8207809139663974,0.15943372249603271
135,147,7,1,0.14285714285714285,0.5,0.16666666666666663,0.16666666666666663,0.4190753276149432,0.3674245774745941,0.12230101227760315
135,694,7,1,0.14285714285714285,0.5,1.0,0.16666666666666663,-0.01638952891031901,0.22063364585240683,-0.05791797240575155
135,128,7,1,0.14285714285714285,0.8333333333333334,0.6666666666666667,0.33333333333333337,0.11559861898422241,0.2757047576208909,0.25289398431777954
135,342,7,1,0.14285714285714285,0.0,0.33333333333333337,0.8333333333333334,0.390482301513354,0.4052664041519165,0.11109468340873718
135,927,7,1,0.14285714285714285,0.5,0.33333333333333337,0.5,0.02404176816344261,-0.12789707134167352,0.02404176816344261
135,621,7,1,0.14285714285714285,0.0,0.6666666666666667,0.6666666666666667,0.241328497727712,0.2748579680919647,0.22511892517407736
135,140,7,1,0.14285714285714285,0.33333333333333337,0.16666666666666663,0.6666666666666667,0.0035831605394681296,0.1050508472447594,-0.08265283455451329
135,197,7,1,0.14285714285714285,0.8333333333333334,0.6666666666666667,0.16666666666666663,0.06739520700648427,-0.03547584897993753,0.05634845172365507
135,940,7,1,0.14285714285714285,0.5,0.5,0.6666666666666667,0.06128934274117152,-0.14517927914857864,0.025826871395111084
136,80,4,1,0.25,1.0,1.0,0.6666666666666667,0.15161573886871338,0.15161573886871338,0.11428183317184448
136,807,4,1,0.25,0.33333333333333337,0.33333333333333337,0.6666666666666667,0.018378019332885742,0.15804535150527954,0.09395170211791992
136,650,4,1,0.25,0.0,0.6666666666666667,0.33333333333333337,-0.06570470333099365,0.33244018256664276,-0.06570470333099365
136,694,4,1,0.25,0.6666666666666667,1.0,0.6666666666666667,-0.04602944850921631,-0.25603780150413513,-0.25603780150413513
136,222,4,1,0.25,0.0,0.6666666666666667,0.33333333333333337,0.08437099307775497,-0.1607220619916916,0.08437099307775497
136,1004,4,1,0.25,0.0,0.33333333333333337,0.33333333333333337,-0.00391031801700592,-0.17590077221393585,-0.17590077221393585
136,232,4,1,0.25,0.6666666666666667,1.0,0.6666666666666667,-0.01901240646839142,-0.01901240646839142,-0.01901240646839142
137,80,33,8,0.24242424242424243,0.27999999999999997,0.78,0.74,0.00010186433792114258,0.03463216622670492,0.0036510626475016275
137,33,33,5,0.15151515151515152,0.6,0.9428571428571428,0.6214285714285714,0.1682523488998413,0.022540052731831867,0.02243916193644206
137,807,33,6,0.18181818181818182,0.7716049382716049,0.7962962962962963,0.691358024691358,3.0875205993652344e-05,0.2726505051056544,0.00013109048207600912
137,650,33,4,0.12121212121212122,0.15517241379310343,0.75,0.35344827586206895,3.0994415283203125e-05,0.008722364902496338,6.318092346191406e-06
137,893,33,4,0.12121212121212122,0.3448275862068966,0.8706896551724139,0.7758620689655172,0.504263679186503,0.6633701259585602,0.3060746317108472
137,1,33,1,0.030303030303030304,0.3125,0.65625,0.90625,0.8428861121349959,0.8464056249019348,0.55406666904067
137,695,33,4,0.12121212121212122,0.4137931034482759,0.6551724137931034,0.3620689655172413,0.9267459404028765,0.9642666293463359,0.10097569227218628
137,147,33,4,0.12121212121212122,0.3448275862068965,0.6896551724137931,0.3620689655172414,0.7738734618348341,0.8404236280669769,0.5450190802415212
137,659,33,1,0.030303030303030304,0.34375,0.4375,0.59375,0.0029343605262207952,-0.023162060244430904,0.002927587441926486
137,128,33,2,0.06060606060606061,0.3387096774193548,0.41935483870967744,0.4838709677419355,0.8852285487034047,0.881555106213303,0.45002196232477826
137,283,33,1,0.030303030303030304,0.0625,0.1875,0.5,0.39073066465765116,0.39078294601127944,0.309423204577494
137,114,33,1,0.030303030303030304,0.21875,1.0,0.5625,0.07100509540689852,-0.08897209722151332,0.07143371981586218
137,342,33,2,0.06060606060606061,0.22580645161290325,0.5483870967741935,0.1774193548387097,0.40987833114018574,0.40986760383879567,0.37269303568124695
137,1017,33,2,0.06060606060606061,0.7419354838709677,0.6774193548387097,0.6290322580645161,0.8589073535940127,0.8586782170020223,0.5680004825893169
137,13,33,4,0.12121212121212122,0.7241379310344828,0.5172413793103448,0.603448275862069,0.3109805515342867,0.3102254735078276,0.2818913587834686
137,119,33,1,0.030303030303030304,1.0,0.1875,0.40625,0.030324222694692555,0.030441066266339828,0.029690727141821565
137,739,33,1,0.030303030303030304,0.5625,0.40625,0.75,0.6622164502794755,0.6622685770537665,0.6489142751961481
137,392,33,2,0.06060606060606061,0.16129032258064513,0.29032258064516125,0.3064516129032258,0.08828170360241838,-0.11876020643301893,0.08898425876912641
137,667,33,1,0.030303030303030304,0.46875,0.625,0.40625,0.15438213732462222,0.15457252665340665,0.043978069288035236
137,1022,33,2,0.06060606060606061,0.4193548387096774,0.5806451612903225,0.2741935483870968,0.03165153505247492,0.03250687006687186,0.02718544038748405
137,825,33,1,0.030303030303030304,0.5,0.28125,0.03125,0.02555377598540103,-0.064255311196827,0.024995981063606603
137,585,33,2,0.06060606060606061,0.7741935483870968,0.935483870967742,0.3709677419354839,0.03493066002061062,0.03497715383127795,0.03500074320150811
137,197,33,2,0.06060606060606061,0.3709677419354839,0.4838709677419355,0.32258064516129037,0.9312992941253343,0.9313726021730196,0.9309256245566454
137,440,33,2,0.06060606060606061,0.8064516129032258,1.0,0.5806451612903226,0.41599062966027517,0.4164667724985219,0.39308244797318065
138,33,6,1,0.16666666666666666,0.6,0.6,0.19999999999999996,0.5103962148229281,0.5103962148229281,0.03274704019228617
138,807,6,2,0.3333333333333333,0.625,0.75,0.75,0.33624333143234253,0.46313661336898804,0.038264195124308266
138,650,6,1,0.16666666666666666,0.19999999999999996,0.8,0.4,0.3520427445570628,0.5910794536272684,0.21348620454470316
138,893,6,1,0.16666666666666666,0.0,0.6,0.8,0.6980013499657313,0.8491406890098006,0.7036228130261103
138,1,6,1,0.16666666666666666,1.0,1.0,1.0,0.5164447277784348,0.5164447277784348,0.10982129474480946
138,659,6,1,0.16666666666666666,0.6,1.0,0.19999999999999996,-0.1455868979295095,-0.16901545723279318,-0.08861046036084493
138,389,6,1,0.16666666666666666,0.4,0.4,0.6,0.47312171508868534,0.5670278820616659,0.5670278820616659
138,283,6,1,0.16666666666666666,0.6,0.6,0.19999999999999996,0.27712962211080594,0.27712962211080594,-0.19195093711217245
138,820,6,1,0.16666666666666666,0.8,0.8,0.0,0.3520164218219482,0.3520164218219482,-0.04727014899253845
138,914,6,1,0.16666666666666666,0.0,0.6,1.0,0.3291528201662004,0.3291528201662004,0.05940935015678406
138,740,6,1,0.16666666666666666,1.0,0.8,0.0,0.041437130005457824,-0.24167121201753616,-0.004985046107321978
139,80,11,1,0.09090909090909091,0.30000000000000004,0.9,0.8,0.012399137020111084,0.010704636573791504,0.08494720856348674
139,33,11,4,0.36363636363636365,0.4285714285714286,0.9642857142857143,0.5357142857142857,-0.04890453815460205,-0.007670422395070394,0.02220455805460612
139,807,11,2,0.18181818181818182,1.0,0.7777777777777778,0.3888888888888889,0.3578210075696309,0.7445499921838442,0.04485781987508138
139,650,11,1,0.09090909090909091,0.19999999999999996,1.0,0.8,0.6282755825668573,0.6290820886691412,0.2875173091888428
139,893,11,1,0.09090909090909091,0.30000000000000004,0.8,0.0,0.6965700605201164,0.92759274126729,0.3187814950942993
139,695,11,1,0.09090909090909091,0.4,0.5,0.4,0.49098137610902387,0.5257499952131184,0.24001451830069223
139,147,11,1,0.09090909090909091,0.5,0.7,0.9,0.49441539992888767,0.38220126926898956,0.09983452161153157
139,114,11,1,0.09090909090909091,0.9,1.0,0.4,0.2934997461270541,0.37675330679677826,0.2042375666399797
139,342,11,1,0.09090909090909091,0.4,0.6,0.6,0.5190992719241573,0.5862699247954879,0.045408387978871666
139,1017,11,1,0.09090909090909091,0.6,0.7,0.0,0.4283568938015776,0.49306150501874413,0.3637303975604785
139,392,11,3,0.2727272727272727,0.5,0.375,0.9583333333333334,0.25425550403694314,0.31525930885037096,0.00012093782424926758
139,1022,11,1,0.09090909090909091,0.5,0.6,0.6,0.305987918383759,0.30608610619346815,0.1723536957676212
139,585,11,1,0.09090909090909091,0.6,0.9,0.0,0.17083579088406017,0.17912961527048066,0.1424278418223063
139,487,11,1,0.09090909090909091,1.0,0.6,0.4,0.06576813900786267,0.02764344598434339,-0.03715999828030666
139,440,11,1,0.09090909090909091,0.6,1.0,0.0,0.30312721261870124,0.3037753368474288,0.3036195180708698
140,80,17,10,0.5882352941176471,0.7571428571428571,0.4,0.4428571428571429,0.00015083948771158853,0.0003787875175476074,0.00012373924255371094
140,33,17,4,0.23529411764705882,0.0,1.0,0.75,-0.0011342962582906087,-0.0006736318270365397,0.002557078997294108
140,1,17,2,0.11764705882352941,1.0,1.0,0.3,0.6069456245168112,0.5987735446542501,0.20454051593939462
140,294,17,4,0.23529411764705882,0.07692307692307687,1.0,0.4807692307692307,-0.001971383889516195,0.013300498326619467,0.0013483365376790364
140,887,17,2,0.11764705882352941,0.7333333333333334,0.19999999999999996,0.6333333333333333,-0.0017020106315612793,0.030220290025075276,-0.001149892807006836
140,794,17,2,0.11764705882352941,0.4666666666666667,0.4666666666666667,0.8,-0.0004035035769144694,0.02213577429453532,0.0014132459958394368
140,128,17,1,0.058823529411764705,0.125,0.125,1.0,0.035430459616084896,0.03822746283064286,-0.005712058395147324
140,591,17,2,0.11764705882352941,0.4666666666666667,0.7666666666666667,0.6666666666666667,-0.0006103912989298502,0.09379523992538452,-0.0006190339724222819
140,1004,17,1,0.058823529411764705,0.25,1.0,0.5,-0.09398529989024003,-0.11061956795553367,-0.04220157551268736
140,739,17,2,0.11764705882352941,0.7333333333333334,0.6666666666666666,0.6333333333333333,0.5315668278684219,0.5314902673708275,0.4284054801488916
140,520,17,2,0.11764705882352941,0.5333333333333333,0.5333333333333333,0.8,0.5587563498459834,0.5586672000742207,0.2710726819932461
141,80,34,25,0.7352941176470589,0.9955555555555555,0.7777777777777778,0.48888888888888893,1.3113021850585938e-05,-1.9073486328125e-06,-6.397565205891927e-06
141,33,34,1,0.029411764705882353,0.6363636363636364,1.0,0.5757575757575757,0.0019391973813374837,0.0002675453821818034,1.2159347534179688e-05
141,807,34,1,0.029411764705882353,0.0,0.4545454545454546,0.0,0.0634486476580302,0.4552671934167544,0.1756450136502584
141,294,34,1,0.029411764705882353,0.6969696969696969,1.0,0.9393939393939394,0.28136608687539894,0.009743988513946533,-0.15747090180714926
141,695,34,7,0.20588235294117646,0.0052910052910052985,1.0,0.455026455026455,0.31254878640174866,0.707810951086382,0.10275399684906006
141,887,34,9,0.2647058823529412,0.9955555555555555,0.32888888888888884,0.5022222222222221,0.6649831559237404,0.5432658214122057,0.6309749024609724
141,794,34,1,0.029411764705882353,0.7575757575757576,0.48484848484848486,0.48484848484848486,0.02961540219685806,-0.9497812589009603,-0.2998012701670329
141,591,34,1,0.029411764705882353,0.7575757575757576,0.9090909090909091,0.4545454545454546,0.03312266708922588,-0.9127382499476274,-0.16126152345289788
141,222,34,1,0.029411764705882353,0.0,1.0,0.06060606060606055,0.16094310519595942,0.16811092228939137,0.1293147566417853
141,13,34,14,0.4117647058823529,0.4035714285714286,0.05,0.5571428571428572,0.5436496460267032,0.557419148273766,0.11360034346580505
141,473,34,1,0.029411764705882353,0.9090909090909091,0.9090909090909091,0.030303030303030276,0.01773901827012499,0.018726042394215863,0.011333862319588661
141,119,34,7,0.20588235294117646,0.9259259259259259,0.9523809523809523,0.46031746031746035,2.7979194049486427e-07,-0.6492171678536067,1.5262717800723635e-07
141,420,34,1,0.029411764705882353,0.8181818181818181,0.9393939393939394,0.33333333333333337,6.221931643097876e-08,-0.665109216018538,6.4493290707901e-09
141,968,34,7,0.20588235294117646,0.0052910052910052985,0.9365079365079365,0.5343915343915343,0.1561279211582587,0.13366532637913528,0.13822020031511784
141,345,34,1,0.029411764705882353,0.9090909090909091,0.7575757575757576,0.36363636363636365,6.176113250451939e-07,-3.4254443406211976e-06,1.394553497865066e-06
142,80,10,3,0.3,1.0,0.380952380952381,0.04761904761904763,0.12030188242594402,0.013477146625518799,0.0598872701327006
142,807,10,2,0.2,0.375,0.875,0.5,0.0855104923248291,0.5516708493232727,0.12703001499176025
142,650,10,1,0.1,0.2222222222222222,0.8888888888888888,0.5555555555555556,0.7353658651312193,0.6415364916125933,0.01538012425104777
142,893,10,1,0.1,0.11111111111111116,0.8888888888888888,0.8888888888888888,0.6494425212343534,0.7739568090182729,0.1915795107682546
142,1,10,1,0.1,1.0,1.0,1.0,0.5981303585382799,0.5981303585382799,0.5521909768382708
142,147,10,1,0.1,0.4444444444444444,0.2222222222222222,0.8888888888888888,0.36306094999114674,0.37447013923277456,0.24535015846292177
142,659,10,1,0.1,0.0,1.0,0.0,0.07777799169222514,0.4303423423940937,0.15324132641156515
142,389,10,1,0.1,0.2222222222222222,0.33333333333333337,0.7777777777777778,0.14054217049852014,0.14740870082641777,0.045798098047574363
142,85,10,1,0.1,0.0,0.8888888888888888,1.0,0.24782766898473105,0.5410643300662438,0.2734586348136266
142,116,10,1,0.1,0.11111111111111116,0.7777777777777778,0.8888888888888888,0.5063953346883258,0.5065053129995553,0.14114766319592795
142,820,10,2,0.2,0.9375,1.0,0.625,0.2990948098740773,0.2996629793960892,0.11339587221542995
142,432,10,1,0.1,0.5555555555555556,0.6666666666666667,0.2222222222222222,0.28132387219617766,0.28138881564761203,0.2270513835052649
142,786,10,1,0.1,0.4444444444444444,0.4444444444444444,0.0,0.1254712062939992,0.1256918199002636,-0.0239825922374924
142,69,10,1,0.1,0.8888888888888888,0.6666666666666667,0.11111111111111116,0.13188445965352003,0.1321057508520198,0.08631674759089947
142,825,10,1,0.1,1.0,0.8888888888888888,1.0,0.20754146426528072,0.20824358623516068,0.20449805438208082
142,243,10,1,0.1,0.33333333333333337,0.11111111111111116,0.8888888888888888,0.00812471222889144,-0.0886000394821167,-9.186503787835439e-05
142,403,10,1,0.1,0.6666666666666667,0.8888888888888888,0.4444444444444444,0.1503281581487196,0.04748388388482757,0.07111379752556483
142,953,10,1,0.1,0.11111111111111116,0.5555555555555556,0.11111111111111116,0.05377619489324085,0.05377300899878416,-0.005358641346295674
143,80,6,2,0.3333333333333333,1.0,0.75,0.75,0.0853459636370341,0.12565338611602783,0.12565338611602783
143,33,6,1,0.16666666666666666,0.6,0.4,0.8,0.22970165808995566,0.2384099761644999,-0.05014568567276001
143,650,6,1,0.16666666666666666,0.0,0.8,0.6,-0.020356019337972004,0.4156373019019763,0.15732627113660178
143,294,6,1,0.16666666666666666,0.6,0.8,0.0,0.16714649399121603,-0.5562586386998495,0.1434969554344813
143,695,6,1,0.16666666666666666,0.4,1.0,0.4,0.2892008051276207,0.3706539397438367,0.012194514274597168
143,694,6,1,0.16666666666666666,0.8,1.0,0.8,0.00797376036643982,-0.2506032610932986,-0.05971545726060867
143,1004,6,1,0.16666666666666666,0.0,0.19999999999999996,0.0,0.038625650107860565,-0.20360369483629862,-0.017006536324818928
143,214,6,1,0.16666666666666666,0.6,0.8,0.0,0.14626581221818924,-0.11718910932540894,0.10023950537045796
143,968,6,1,0.16666666666666666,0.19999999999999996,1.0,0.0,0.24041125286991397,0.2541648286084334,0.25416144433741766
143,232,6,1,0.16666666666666666,0.6,0.8,1.0,-0.022282694776852924,-0.026339101294676464,-0.003100678324699402
144,694,4,2,0.5,1.0,1.0,0.25,-0.02202121913433075,-0.2099781632423401,-0.2099781632423401
144,728,4,2,0.5,0.0,0.0,0.75,0.5551256239414215,0.5551256239414215,0.5551255941390991
145,80,5,1,0.2,1.0,1.0,1.0,0.29121775428454083,0.2690190076828003,-0.06363795200983684
145,694,5,2,0.4,1.0,1.0,0.16666666666666669,-0.11048630873362224,-0.3489442865053813,-0.42429252465566
145,659,5,2,0.4,0.0,1.0,0.33333333333333337,0.019381264845530193,0.5660963033636411,0.09257309635480244
145,85,5,1,0.2,0.0,1.0,1.0,0.14889671405156454,0.5067455073197683,0.16253284613291422
145,332,5,1,0.2,0.75,1.0,0.75,0.002803353185299784,-0.12448638956993818,-0.0004302736682196458
146,80,49,15,0.30612244897959184,0.8313725490196078,0.5,0.5254901960784314,0.0,1.5894571940104167e-06,7.947285970052083e-08
146,33,49,4,0.08163265306122448,0.5222222222222221,0.9500000000000001,0.6777777777777778,0.31878782622516155,-0.02506573994954427,-0.017347256342569988
146,807,49,12,0.24489795918367346,0.21171171171171171,0.5,0.4234234234234234,3.4570693969726562e-06,3.178914388020833e-07,5.841255187988281e-06
146,650,49,6,0.12244897959183673,0.031007751937984475,0.5,0.5891472868217054,8.883078893025716e-05,1.8477439880371094e-05,0.02701119581858317
146,893,49,6,0.12244897959183673,0.0,0.813953488372093,0.5232558139534884,0.31275136520465213,0.7253497384683053,0.06378843386967976
146,1,49,9,0.1836734693877551,0.7472222222222222,0.9277777777777778,0.30277777777777776,0.7166275872156499,0.9481820279612804,0.0016038219134012859
146,294,49,1,0.02040816326530612,0.5208333333333333,1.0,0.39583333333333337,0.2389825532833735,0.8344469141835967,0.31654609243075055
146,695,49,2,0.04081632653061224,0.08510638297872342,0.08510638297872342,0.5957446808510638,0.7214195205751821,0.7441643591349324,0.27271535744269687
146,147,49,1,0.02040816326530612,0.375,0.0625,0.47916666666666663,0.761734519616842,0.9558215149445459,0.18926539023717245
146,887,49,4,0.08163265306122448,0.9555555555555555,0.5611111111111111,0.5611111111111111,0.5668210426423078,0.9452363692507788,0.13425121704737344
146,794,49,1,0.02040816326530612,0.8333333333333334,0.41666666666666663,0.16666666666666663,0.49472611497185426,0.9857507565245044,0.10537197192509969
146,389,49,4,0.08163265306122448,0.21111111111111108,0.4222222222222222,0.4111111111111111,0.8038141244715491,0.9866471371405097,0.6814636051810036
146,283,49,3,0.061224489795918366,0.16666666666666666,0.23188405797101447,0.3550724637681159,0.9590389750259211,0.9590734807246825,0.38362492399755865
146,473,49,1,0.02040816326530612,0.6875,0.6666666666666667,0.9166666666666666,0.6334445330624779,0.6501417032513928,0.3906462639570236
146,815,49,2,0.04081632653061224,0.6170212765957447,0.12765957446808507,0.5957446808510638,0.9091155350724497,0.911424952565039,0.8311360475296775
146,713,49,2,0.04081632653061224,0.3829787234042553,0.9787234042553191,0.2765957446808511,0.906920137775785,0.9887954831878986,0.7186592032812769
146,119,49,2,0.04081632653061224,0.9148936170212766,0.7659574468085106,0.648936170212766,0.0003306775216418492,0.0003330671986635919,0.00031324608471550164
146,227,49,2,0.04081632653061224,0.0,0.5957446808510639,0.7659574468085106,0.982299433930788,0.9822982812647284,0.7899749810932614
146,820,49,2,0.04081632653061224,0.44680851063829785,0.8723404255319149,0.4787234042553192,0.6717680568143897,0.9968201890172423,0.6828770953666208
146,739,49,3,0.061224489795918366,0.7681159420289855,0.5217391304347826,0.5797101449275363,0.9982273010073638,0.999009809720328,0.6280825758052136
146,786,49,1,0.02040816326530612,0.33333333333333337,0.0625,0.45833333333333337,0.6817245210929986,0.99576214332167,0.7823945018656863
146,362,49,2,0.04081632653061224,0.25531914893617025,0.8085106382978723,0.9042553191489362,0.9291962602235925,0.9953232770255108,0.9877155990798201
146,118,49,1,0.02040816326530612,0.75,0.22916666666666663,0.41666666666666663,0.23060381053189194,0.23063730395392637,0.19123500868886034
146,69,49,2,0.04081632653061224,0.08510638297872342,0.4574468085106383,0.5106382978723404,0.8011344309148778,0.9995581141595361,0.6864397528164167
146,416,49,1,0.02040816326530612,0.75,0.5625,0.0,0.9247683517841997,0.9379227239152107,0.8639443637512159
146,117,49,2,0.04081632653061224,0.44680851063829785,0.9787234042553192,0.5531914893617021,0.9399951357233123,0.9984082579468515,0.4412517001231511
146,844,49,2,0.04081632653061224,0.2978723404255319,0.7659574468085106,0.7340425531914894,0.6816097540795778,0.6829612232317611,0.6828918028116203
146,1014,49,1,0.02040816326530612,0.6041666666666666,0.8541666666666666,0.4375,0.8279193705798983,0.8279199003031584,0.03908354043960571
147,80,19,8,0.42105263157894735,0.7045454545454546,0.8181818181818181,0.22727272727272727,0.006605366865793864,0.0039057334264119468,0.019129196802775066
147,33,19,2,0.10526315789473684,0.32352941176470584,1.0,0.5294117647058824,0.02414544423421224,-0.01839842398961385,-0.000419000784556071
147,807,19,4,0.21052631578947367,0.41666666666666663,0.8833333333333334,0.5,0.007754762967427571,0.3814380168914795,0.002515256404876709
147,650,19,3,0.15789473684210525,0.041666666666666664,0.8541666666666666,0.5208333333333334,0.016083896160125732,0.8302256762981415,0.02880994478861491
147,893,19,3,0.15789473684210525,0.0,0.8541666666666666,0.24999999999999997,0.055629074573516846,0.9797705117768297,0.1556548277537028
147,1,19,1,0.05263157894736842,0.5555555555555556,0.8333333333333334,0.6111111111111112,0.5904173200542573,0.7225111271127389,0.39585488631079596
147,294,19,1,0.05263157894736842,0.6666666666666667,1.0,0.33333333333333337,-0.21722651521364847,-0.4434356391429901,-0.37810268998146057
147,695,19,1,0.05263157894736842,0.05555555555555558,0.6666666666666667,0.7222222222222222,0.5860413660605749,0.5788653676087657,0.20073893666267395
147,147,19,1,0.05263157894736842,0.2222222222222222,0.6666666666666667,0.2777777777777778,0.5771134396394094,0.6569583229720592,0.12887882192929587
147,887,19,2,0.10526315789473684,0.7647058823529411,0.7352941176470588,0.676470588235294,0.3046171727279822,0.39535765411953133,0.12809462348620096
147,389,19,1,0.05263157894736842,0.2222222222222222,0.5,0.05555555555555558,0.691534897700573,0.7331642743561958,0.33890982903540134
147,1017,19,1,0.05263157894736842,0.6111111111111112,0.33333333333333337,1.0,0.36344115373988944,0.497327001896565,0.21884252627690634
147,540,19,3,0.15789473684210525,0.875,0.6666666666666666,0.6041666666666666,0.6458411088678986,0.7649287153915717,0.7556749209470581
147,713,19,1,0.05263157894736842,0.33333333333333337,0.9444444444444444,0.7777777777777778,0.6502942005172372,0.7247109499156371,0.5801576237815121
147,739,19,1,0.05263157894736842,0.4444444444444444,0.33333333333333337,0.9444444444444444,0.5213399467271908,0.5984124545710378,0.45890677471955615
147,362,19,1,0.05263157894736842,0.33333333333333337,0.8888888888888888,0.8888888888888888,0.3282070452226738,0.35808657225493334,0.21283428937507173
147,190,19,1,0.05263157894736842,0.9444444444444444,0.8333333333333334,0.7222222222222222,0.009005016137886438,-0.05933424339552099,0.008787517241823176
147,118,19,1,0.05263157894736842,0.6111111111111112,0.38888888888888884,0.2222222222222222,0.030267795654557023,0.03183377589448355,0.03238115681354733
147,243,19,2,0.10526315789473684,0.7941176470588235,0.5588235294117647,0.23529411764705888,0.21984467835864052,0.2327103141270944,0.160382858167092
147,263,19,1,0.05263157894736842,0.38888888888888884,0.9444444444444444,0.9444444444444444,0.3076626089362738,0.3271802397141433,0.26633109587904374
147,520,19,1,0.05263157894736842,0.5555555555555556,0.38888888888888884,0.5555555555555556,0.026471409537407453,-0.047566512948833406,0.01259598828619346
147,526,19,1,0.05263157894736842,0.8333333333333334,1.0,0.33333333333333337,0.03995766555504806,0.041592888530847937,-0.0049552395939826965
147,375,19,1,0.05263157894736842,0.7222222222222222,0.7222222222222222,0.8888888888888888,0.08364182826274676,0.08487014658308804,0.08482245534257042
147,677,19,1,0.05263157894736842,0.38888888888888884,0.8888888888888888,0.5555555555555556,0.06189151588205277,0.06439538485483354,0.04717896971851587
147,86,19,1,0.05263157894736842,1.0,0.7777777777777778,0.38888888888888884,0.09157664561644197,0.10717956993780693,0.07205987710525126
148,80,9,1,0.1111111111111111,0.75,0.875,0.375,0.14144519964853922,0.4349026083946228,0.11555993556976318
148,807,9,4,0.4444444444444444,0.55,0.7,0.5,0.12439487377802531,0.07983589172363281,0.019913772741953533
148,650,9,2,0.2222222222222222,0.14285714285714285,0.8571428571428572,0.07142857142857145,0.06976848840713501,0.15354768435160318,0.0025241573651631675
148,893,9,2,0.2222222222222222,0.0,0.7142857142857143,0.4285714285714286,0.3526553387443225,0.5594312076767286,0.14001514514287314
148,1,9,1,0.1111111111111111,1.0,1.0,0.25,0.7487692327704281,0.7508039671617249,-0.01650291681289673
148,147,9,1,0.1111111111111111,0.375,0.125,0.125,0.5619029691442847,0.6420770902186632,0.10414886474609375
148,389,9,2,0.2222222222222222,0.2857142857142857,0.1428571428571429,0.2142857142857143,0.46163931729582447,0.8049984733418872,0.7638632814244678
148,713,9,1,0.1111111111111111,0.625,1.0,0.5,0.5430801143714538,0.7474942384166449,0.18327520291010538
148,820,9,1,0.1111111111111111,0.75,0.875,0.75,0.6567927788055385,0.7635910583978026,0.7635385027727656
148,786,9,1,0.1111111111111111,0.5,0.5,0.875,0.5797045238869032,0.6709678568871217,0.37125450869401294
148,825,9,1,0.1111111111111111,0.875,0.875,0.5,0.5940606982767349,0.6927747388120906,0.33977554738521576
148,403,9,1,0.1111111111111111,0.75,0.875,0.5,0.5911251199613616,0.6702913028411785,0.46984191830658045
148,117,9,1,0.1111111111111111,0.625,0.875,0.875,0.561170164442018,0.6537090912401556,0.18394627297918
149,80,5,3,0.6,1.0,1.0,0.16666666666666666,0.1894641319910685,0.1894641319910685,0.0346417228380839
149,887,5,1,0.2,1.0,1.0,0.75,0.3605885611226161,0.3605885611226161,0.006241460641225179
149,728,5,2,0.4,0.6666666666666667,1.0,0.6666666666666667,0.055180887381235756,0.400860782712698,0.04240169127782186
149,251,5,2,0.4,0.6666666666666667,1.0,0.6666666666666667,0.11132697264353435,0.42495982348918915,0.27302924791971844
149,375,5,2,0.4,0.6666666666666667,0.6666666666666667,0.5,0.4300901776490112,0.4300901771057397,0.3985334311922391
150,33,5,1,0.2,0.5,0.75,0.5,0.28562013308207196,0.2599724431832631,0.025853216648101807
150,807,5,1,0.2,1.0,1.0,0.0,0.5638112723827362,0.5690711388985316,0.5638112723827362
150,650,5,1,0.2,0.0,0.75,1.0,0.77469984938701,0.8391997000823418,-0.06596527496973674
150,893,5,1,0.2,0.0,0.75,1.0,0.22080430388450623,0.730804164117823,0.332959642012914
150,694,5,1,0.2,0.75,0.75,0.25,0.17338875929514566,0.22440773248672485,0.13782080014546713
150,342,5,1,0.2,0.0,0.5,0.25,0.5086258749167124,0.5086258749167124,0.5086258749167124
150,1017,5,1,0.2,0.75,0.5,0.75,0.49072058219462633,0.4962569319177419,0.49280152283608913
150,621,5,1,0.2,0.0,0.5,0.25,0.4048040707906087,0.4048040707906087,0.40987761318683624
150,959,5,1,0.2,0.75,0.75,0.0,0.37817431883498404,0.37817431883498404,0.30399418994784355
151,80,7,1,0.14285714285714285,1.0,0.8333333333333334,0.8333333333333334,0.16656660040219626,0.2324850857257843,0.07480335235595703
151,807,7,3,0.42857142857142855,0.3333333333333333,0.6666666666666666,0.16666666666666666,0.11183345317840576,0.1718782583872477,0.14610926310221353
151,650,7,1,0.14285714285714285,0.16666666666666663,0.8333333333333334,0.6666666666666667,0.33579816793402034,0.5503075271844864,-0.005875945091247559
151,893,7,1,0.14285714285714285,0.0,0.6666666666666667,0.8333333333333334,0.4509422977765401,0.775542554523175,0.10909982522328694
151,1,7,1,0.14285714285714285,1.0,1.0,0.6666666666666667,0.6688324436545372,0.6737590404227376,0.2791595496237278
151,147,7,1,0.14285714285714285,0.5,0.0,0.8333333333333334,0.5994901359081268,0.6125364986558756,0.20050532619158426
151,389,7,1,0.14285714285714285,0.33333333333333337,0.5,0.8333333333333334,0.5116676464676857,0.5521318342204419,0.026775777339935303
151,222,7,1,0.14285714285714285,0.0,0.5,0.33333333333333337,0.15664215882619223,-0.10784804324309032,-0.10784804324309032
151,820,7,1,0.14285714285714285,0.6666666666666667,0.8333333333333334,0.6666666666666667,0.5084926813530425,0.5093063928082605,0.1158984899520874
151,786,7,1,0.14285714285714285,0.5,0.5,0.33333333333333337,0.4608160560795416,0.4618356239564794,0.08906875054041545
151,825,7,1,0.14285714285714285,1.0,1.0,1.0,0.4176182867959142,0.41850966843109444,0.035910596450169883
151,403,7,1,0.14285714285714285,0.6666666666666667,0.8333333333333334,0.0,0.4702377498615533,0.4710237628296454,0.46613099457075197
151,482,7,1,0.14285714285714285,0.6666666666666667,0.6666666666666667,0.0,0.12604151045335735,-0.16958904763062796,0.08444655971834436
152,80,5,1,0.2,1.0,1.0,0.25,0.15984958410263062,-0.15550384918848673,-0.05893578131993612
152,807,5,3,0.6,0.5,0.3333333333333333,0.8333333333333333,0.2758921682834625,0.4046107828617096,0.20140240589777628
152,650,5,1,0.2,0.0,0.75,0.5,0.2467849850654602,0.8094816518326601,0.028001844882965088
152,893,5,1,0.2,0.0,0.5,1.0,0.560587860022982,0.9037115070968866,0.38037725289662677
152,389,5,1,0.2,0.5,0.25,0.25,0.25600752762208384,0.5306149261693159,0.15950499971707663
152,222,5,1,0.2,0.0,0.5,0.75,0.00026665379603703815,-0.1874938209851583,-0.06834313770135243
152,713,5,1,0.2,0.75,1.0,0.75,0.33580968777338666,0.455371368676424,0.13303065299987793
153,80,13,5,0.38461538461538464,0.6000000000000001,0.475,0.625,0.000333865483601888,0.060931543509165444,-0.0026526451110839844
153,33,13,2,0.15384615384615385,0.0,1.0,0.3181818181818182,0.012428998947143555,0.02061009407043457,0.008606791496276855
153,807,13,1,0.07692307692307693,1.0,0.9166666666666666,0.8333333333333334,0.5402415841817856,0.6909960073729357,0.10149969657262166
153,650,13,1,0.07692307692307693,0.08333333333333337,0.9166666666666666,0.9166666666666666,0.10725283622741699,0.6772192319234213,0.39240388572216034
153,893,13,1,0.07692307692307693,0.08333333333333337,0.8333333333333334,0.8333333333333334,0.8380578408056559,0.8363772923088012,0.42576366662979126
153,1,13,1,0.07692307692307693,0.5,0.9166666666666666,0.33333333333333337,0.17317411893357834,0.175054741014416,-0.06381847461064656
153,695,13,1,0.07692307692307693,0.5833333333333333,0.6666666666666666,0.08333333333333337,0.5130156769106785,0.509620356063048,0.19200119376182556
153,147,13,1,0.07692307692307693,0.75,0.75,0.08333333333333337,0.5489736273884773,0.4944153552254041,0.3382602483034134
153,887,13,3,0.23076923076923078,0.8666666666666667,0.5,0.7333333333333333,0.1920834183692932,0.6997062601149082,0.14873063564300537
153,694,13,1,0.07692307692307693,0.75,0.8333333333333334,0.8333333333333334,-0.02231567104657491,0.258136843641599,0.03357887268066406
153,283,13,2,0.15384615384615385,0.18181818181818177,0.09090909090909094,0.45454545454545453,0.10038034235670541,0.020444037353930373,0.10065931737578164
153,342,13,1,0.07692307692307693,0.25,0.6666666666666667,0.16666666666666663,0.36318094717959565,0.372827408524851,0.19412829168140888
153,13,13,1,0.07692307692307693,0.8333333333333334,0.5833333333333333,0.5833333333333333,0.26061230022848275,0.2590209592599422,0.18320334531987706
153,119,13,1,0.07692307692307693,0.8333333333333333,0.75,0.08333333333333337,0.6177573023596779,0.6660860086170336,0.618778043523586
153,739,13,1,0.07692307692307693,0.5833333333333333,0.5,0.0,0.10986215124527614,0.10998274166680251,0.10460077396904428
153,621,13,1,0.07692307692307693,0.25,0.75,0.9166666666666666,0.18769481871277094,0.1966833386104554,0.018852998812993366
153,823,13,1,0.07692307692307693,0.8333333333333334,0.9166666666666667,0.08333333333333337,0.054899650222220465,-0.010490351628201703,0.05747483664890751
153,959,13,1,0.07692307692307693,0.6666666666666666,0.8333333333333334,0.41666666666666663,0.19389305331333162,0.19388953965244582,0.15241546403073394
153,49,13,1,0.07692307692307693,0.5,1.0,0.08333333333333337,0.13360261133251092,0.1393147522273163,0.10246125181826453
153,976,13,1,0.07692307692307693,0.16666666666666663,0.16666666666666663,0.5833333333333333,0.15113156358711421,0.15542866179021075,0.14757368542874852
153,710,13,1,0.07692307692307693,0.9166666666666666,0.75,0.0,0.286572250071913,0.3171031700195878,0.06359271705150604
153,406,13,1,0.07692307692307693,1.0,0.41666666666666663,0.41666666666666663,-0.0011355321039445698,-0.0025473449107569954,-0.0020055533871830753
153,500,13,1,0.07692307692307693,0.41666666666666663,0.8333333333333334,0.5833333333333333,0.1878283386467956,0.18992189196008744,0.18924715315612653
153,778,13,1,0.07692307692307693,0.9166666666666666,1.0,0.16666666666666663,0.1459403336248215,0.14779295154221472,0.094238777004648
153,836,13,1,0.07692307692307693,0.5,0.9166666666666666,0.33333333333333337,0.00634090003829139,-0.006057384734352429,-0.00148563314966547
154,80,11,3,0.2727272727272727,0.9583333333333334,0.75,0.5416666666666666,0.002076129118601481,0.09403151273727417,0.00468975305557251
154,33,11,2,0.18181818181818182,0.3888888888888889,0.7777777777777778,0.0,0.40674754480520886,0.34050609668095905,-0.07294408480326335
154,1,11,3,0.2727272727272727,0.6666666666666666,1.0,0.125,0.11152483522891998,0.27191502042114735,0.055612112085024513
154,294,11,1,0.09090909090909091,0.7,0.9,0.8,0.09838686262567838,-0.44678906599680585,0.09387487918138504
154,659,11,3,0.2727272727272727,0.25,1.0,0.6666666666666666,-0.04161218802134196,0.06945948302745819,-0.031026671330134075
154,283,11,1,0.09090909090909091,0.4,0.4,1.0,0.2224305463799586,0.29007933713971096,0.008349840839703878
154,914,11,3,0.2727272727272727,0.0,0.875,0.375,0.005423738931616147,-0.0010152758720020454,0.021624351230760414
154,520,11,1,0.09090909090909091,0.6,0.7,0.4,0.014869177675185105,-0.30963610485196114,-0.018601559723416965
155,80,14,5,0.35714285714285715,0.8444444444444446,0.4444444444444444,0.6000000000000001,0.02364128828048706,0.1503951152165731,0.01959053675333659
155,33,14,1,0.07142857142857142,0.23076923076923073,0.9230769230769231,0.46153846153846156,0.19784408807754517,0.13432276248931885,-0.008215069770812988
155,807,14,1,0.07142857142857142,0.8461538461538461,0.5384615384615384,0.15384615384615385,0.25224778056144714,0.29780234893163043,0.002804577350616455
155,650,14,2,0.14285714285714285,0.375,0.625,0.6666666666666666,0.006083428859710693,0.061270574728647866,0.0027776161829630532
155,294,14,1,0.07142857142857142,0.6923076923076923,1.0,0.46153846153846156,0.16329131523768106,0.6031385014454523,0.04433143138885498
155,887,14,2,0.14285714285714285,0.9583333333333333,0.375,0.375,0.4310755021870136,0.5919757423301538,0.5472441973785559
155,794,14,1,0.07142857142857142,0.9230769230769231,0.5384615384615384,0.3846153846153846,0.4735785412291686,0.7071526473931348,0.5076777835687002
155,881,14,1,0.07142857142857142,0.46153846153846156,0.8461538461538461,0.5384615384615384,0.48249779144922894,0.7200830780590574,0.37391561766465503
155,128,14,1,0.07142857142857142,0.8461538461538461,0.8461538461538461,0.7692307692307692,0.18787439415852228,0.06859636555115382,0.04400661836067835
155,591,14,1,0.07142857142857142,0.9230769230769231,0.7692307692307692,0.15384615384615385,0.4390546791255474,0.5650255670771003,0.5287221612719198
155,725,14,1,0.07142857142857142,0.6923076923076923,0.8461538461538461,0.15384615384615385,0.29497145613034564,0.4336363673210144,0.10102033615112305
155,979,14,1,0.07142857142857142,0.0,0.6153846153846154,1.0,0.5227294266223907,0.6587317098552982,0.11615691582361858
155,473,14,1,0.07142857142857142,0.46153846153846156,0.7692307692307692,0.9230769230769231,0.6585621784130732,0.7066756788020333,0.5718844380850593
155,815,14,1,0.07142857142857142,0.07692307692307687,0.6923076923076923,0.9230769230769231,0.5346026867628098,0.7138070371778061,0.32628963390986127
155,927,14,1,0.07142857142857142,0.7692307692307692,0.3846153846153846,0.3076923076923077,0.6911949769904217,0.7119769129979735,0.46669722596804303
155,420,14,1,0.07142857142857142,1.0,0.6923076923076923,0.9230769230769231,0.05793223308864981,0.061301628787380956,0.05835379155663153
155,401,14,1,0.07142857142857142,0.9230769230769231,0.8461538461538461,0.23076923076923073,0.30608076850573224,0.5097113257700888,0.16129780809084573
155,715,14,1,0.07142857142857142,0.15384615384615385,0.9230769230769231,0.9230769230769231,0.15731854923069477,0.20857357528681555,0.11515058390796185
155,939,14,1,0.07142857142857142,0.3846153846153846,1.0,0.6923076923076923,0.144468126197656,0.21296225705494484,0.1401554470260938
155,838,14,1,0.07142857142857142,0.07692307692307687,0.9230769230769231,0.46153846153846156,0.22777213528752327,0.28677656097958487,0.17455037434895834
155,753,14,1,0.07142857142857142,0.15384615384615385,0.9230769230769231,0.8461538461538461,0.2029666295275092,0.23735447951670116,0.19285616852963963
156,80,12,1,0.08333333333333333,0.6363636363636364,1.0,0.09090909090909094,0.19899257024129233,0.5445474684238434,0.1014546553293864
156,807,12,7,0.5833333333333334,0.5428571428571428,0.28571428571428564,0.34285714285714286,0.015426496664683024,0.007066090901692708,0.004900137583414714
156,650,12,3,0.25,0.2222222222222222,0.8148148148148149,0.7777777777777777,0.0006484587987263998,0.010270734628041586,0.0007231632868448893
156,893,12,3,0.25,0.2962962962962963,0.3703703703703704,0.5185185185185185,0.3099084099133809,0.1339844266573588,0.3099084099133809
156,887,12,1,0.08333333333333333,0.9090909090909091,0.7272727272727273,0.36363636363636365,0.15375096024945378,0.19025042241810297,0.028768281141916912
156,694,12,1,0.08333333333333333,0.8181818181818181,1.0,1.0,-0.019481107592582703,-0.19914063811302185,-0.0485780785481135
156,389,12,3,0.25,0.25925925925925924,0.4444444444444444,0.37037037037037035,0.5613604666044315,0.6635915603643904,0.2091218332449595
156,128,12,1,0.08333333333333333,0.7272727272727273,0.8181818181818181,0.7272727272727273,0.5045999580373367,0.5057612086335818,0.25489864498376846
156,713,12,1,0.08333333333333333,0.18181818181818177,0.9090909090909091,0.5454545454545454,0.30581896053627133,0.39732179635514814,-0.08719414472579956
156,976,12,1,0.08333333333333333,0.6363636363636364,0.9090909090909091,0.8181818181818181,0.1927282517620673,0.3942729141026575,0.38255548923431587
156,736,12,1,0.08333333333333333,0.9090909090909091,1.0,0.0,0.09496653384485398,-0.13156553357839584,0.09376728383358568
156,312,12,1,0.08333333333333333,0.6363636363636364,0.7272727272727273,0.4545454545454546,0.03467086764673392,0.017813080611328285,-0.013604287058115005
157,33,6,1,0.16666666666666666,0.6,0.6,0.4,0.47462253862371045,0.47462253862371045,0.06400280197461446
157,807,6,1,0.16666666666666666,0.8,1.0,0.8,0.314579039812088,0.5292045474052429,0.35210925340652466
157,650,6,1,0.16666666666666666,0.0,0.8,0.6,0.1655435562133789,0.7268586754798889,0.007140537103017171
157,893,6,1,0.16666666666666666,0.0,0.6,0.8,0.6124031394720078,0.7822929165170839,0.17907527834177017
157,1,6,1,0.16666666666666666,1.0,1.0,1.0,0.45164998186131317,0.45164998186131317,0.45164998186131317
157,659,6,2,0.3333333333333333,0.25,1.0,0.75,0.021563609441121418,0.3341864347457886,-0.18954773743947348
157,1017,6,1,0.16666666666666666,0.8,0.4,0.8,0.2773716324009001,0.2850770135737548,0.13284436551233134
157,914,6,2,0.3333333333333333,0.0,0.5,0.375,0.28238543557624024,0.2867369720091422,0.18349737922350565
157,403,6,1,0.16666666666666666,0.6,1.0,0.6,0.1977394726127386,-0.2447692851225535,-0.2447692851225535
158,80,11,2,0.18181818181818182,0.5555555555555556,1.0,0.4444444444444445,-0.0632256269454956,-0.06560039520263672,-0.030174414316813152
158,33,11,2,0.18181818181818182,0.33333333333333337,1.0,0.5,0.0019474228223164876,-0.08451014757156372,-0.21806158622105917
158,807,11,2,0.18181818181818182,0.11111111111111116,0.4444444444444444,0.3888888888888889,0.15956936279932657,0.18756508827209473,-0.043174286683400474
158,650,11,1,0.09090909090909091,0.0,0.6,0.8,0.43934719761212665,0.6436939270546039,0.1923988163471222
158,1,11,2,0.18181818181818182,0.7777777777777778,1.0,0.05555555555555558,0.35623665153980255,0.678722861475156,0.6091810539364815
158,881,11,1,0.09090909090909091,0.6,0.8,0.5,0.37056089503069717,0.5912232973302404,0.2816945860783259
158,283,11,2,0.18181818181818182,0.33333333333333337,0.11111111111111116,0.5555555555555556,0.26582389200727147,0.4133782630524365,0.13498466710249582
158,725,11,1,0.09090909090909091,0.8,0.7,0.09999999999999998,0.14508462945620218,0.28846797719597816,0.017692019542058308
158,979,11,1,0.09090909090909091,0.0,0.6,0.5,0.10762090981006622,0.27981636746941757,0.27297713576505583
158,815,11,1,0.09090909090909091,0.09999999999999998,0.7,1.0,0.18879734786848226,0.29685949549699825,0.27715316725273925
158,227,11,2,0.18181818181818182,0.11111111111111116,0.4444444444444444,0.3888888888888889,0.2236907334299758,0.34140377547070483,-0.01597462221980095
158,139,11,2,0.18181818181818182,0.7777777777777779,1.0,0.7222222222222223,0.0840011495553578,0.184820277383551,0.09568674738208453
158,59,11,1,0.09090909090909091,0.09999999999999998,0.5,0.4,0.11314334751417239,0.17493102070087238,0.13236904392639795
158,696,11,1,0.09090909090909091,0.4,0.8,0.7,0.2413073399414619,0.32171731017782196,0.24664021749049425
158,913,11,2,0.18181818181818182,0.7777777777777778,1.0,0.38888888888888895,0.11063608868668477,0.15664910941753382,0.08568250698347886
158,836,11,2,0.18181818181818182,1.0,0.6666666666666667,0.8333333333333334,0.12806882605461092,0.164873489391501,0.14841096211845675
159,80,7,1,0.14285714285714285,1.0,0.6666666666666667,0.33333333333333337,0.1433482567469279,0.0035359064737955728,0.00828327735265096
159,807,7,2,0.2857142857142857,0.6,0.8,1.0,0.34447866678237915,0.4607792894045512,0.3502718210220337
159,650,7,1,0.14285714285714285,0.33333333333333337,0.8333333333333334,0.33333333333333337,0.31543770618736744,0.6165889253218969,0.1515867511431376
159,893,7,1,0.14285714285714285,0.16666666666666663,0.6666666666666667,0.16666666666666663,0.6122951515717432,0.772213012794964,-0.018900513648986816
159,1,7,1,0.14285714285714285,1.0,1.0,0.0,0.7907863998164734,0.7907863998164734,0.2508433486024539
159,147,7,1,0.14285714285714285,0.5,0.16666666666666663,1.0,0.4676721878349781,0.4676721878349781,-0.033040146032969155
159,389,7,1,0.14285714285714285,0.33333333333333337,0.5,0.5,0.47579526094098884,0.48764171613462776,0.16952558979392052
159,820,7,1,0.14285714285714285,0.6666666666666667,0.8333333333333334,1.0,0.5821295862939829,0.5827110481053145,0.5571342315524817
159,786,7,1,0.14285714285714285,0.5,0.16666666666666663,1.0,0.5003862916491926,0.5011031336689484,-0.07321067651112874
159,825,7,1,0.14285714285714285,1.0,1.0,0.6666666666666667,0.4853703558910638,0.48605145677659795,0.07083072264989217
159,403,7,1,0.14285714285714285,0.6666666666666667,0.8333333333333334,1.0,0.46562370397926617,0.46613345018946956,0.4431033805012703
160,80,12,4,0.3333333333333333,1.0,1.0,0.34375,0.22354536255200705,0.27335410316785175,0.021917541821797688
160,33,12,2,0.16666666666666666,0.19999999999999996,1.0,0.3,0.1445064644018809,0.058732072512308754,0.0419306755065918
160,807,12,2,0.16666666666666666,0.4,1.0,0.3,0.005802353223164876,0.17496222257614136,0.05616513888041178
160,650,12,2,0.16666666666666666,0.0,0.8,0.7,0.4927946974833806,0.5574999153614044,0.24878149231274924
160,893,12,2,0.16666666666666666,0.0,0.8,0.25,0.02051017681757609,0.7029258208349347,0.030950605869293213
160,695,12,2,0.16666666666666666,0.19999999999999996,0.6,0.3,0.545071036554873,0.5097787007689476,0.30637213339408237
160,887,12,2,0.16666666666666666,0.8,0.6,0.8,0.1936876381514594,0.19380645599449053,0.13358870645364126
160,128,12,2,0.16666666666666666,0.19999999999999996,0.6,0.55,0.2333182543516159,0.4978388672073682,0.039267778396606445
160,540,12,2,0.16666666666666666,1.0,0.8,0.75,0.3385682632215321,0.4868283828212346,0.34197071256736916
160,841,12,2,0.16666666666666666,0.4,0.19999999999999996,0.75,0.1012086122451971,0.12763501044052342,0.09812536587317784
160,362,12,2,0.16666666666666666,0.8,1.0,0.4,0.2839669962198741,0.33010618725078683,0.2386044835050901
160,243,12,2,0.16666666666666666,1.0,0.4,0.5,0.11293016471123944,0.19130551744763125,0.06295034568756819
160,375,12,2,0.16666666666666666,1.0,0.8,0.0,0.05628375803159239,0.06404132062057914,0.021446024378140766
161,807,3,1,0.3333333333333333,0.0,0.5,0.0,0.3170074224472046,0.3170074224472046,0.010396301746368408
161,725,3,1,0.3333333333333333,0.5,1.0,0.0,-0.21274951100349426,-0.21274951100349426,0.15532109886407852
161,342,3,1,0.3333333333333333,0.5,1.0,0.0,-0.09480249881744385,-0.11274448037147522,0.012624017894268036
161,392,3,1,0.3333333333333333,0.5,1.0,1.0,-0.02126894984394312,-0.02126894984394312,0.0021951827220618725
162,33,8,4,0.5,0.25,1.0,0.25,-0.13890846570332846,-0.13890846570332846,-0.03817655642827352
162,1,8,2,0.25,1.0,0.8333333333333334,0.3333333333333333,0.6120483782142401,0.6344371798137823,0.011697630087534586
162,147,8,1,0.125,0.0,0.7142857142857143,0.2857142857142857,-0.04353756705919901,-0.05888469020525614,-0.017262349526087444
162,881,8,1,0.125,0.7142857142857143,1.0,0.8571428571428572,0.394180603325367,0.4049173668026924,0.1636735498905182
162,283,8,4,0.5,0.25,0.0,0.625,0.4507877168556054,0.47818967948357266,0.3169435014327367
162,452,8,2,0.25,1.0,1.0,0.16666666666666663,0.09711686638426424,0.09711686638426424,0.04831010103225708
163,80,13,8,0.6153846153846154,0.95,0.4,0.5249999999999999,0.0007039705912272135,0.002253234386444092,0.005569159984588623
163,33,13,2,0.15384615384615385,0.09090909090909094,0.9545454545454545,0.36363636363636365,-0.0028655330340067544,0.003642300764719645,0.005573928356170654
163,1,13,1,0.07692307692307693,0.8333333333333334,1.0,0.5833333333333333,0.23659630104278526,0.2885992272446553,0.16214361290136972
163,294,13,2,0.15384615384615385,0.18181818181818182,1.0,0.36363636363636365,-0.02019741137822469,0.017433146635691326,-0.020865400632222492
163,695,13,1,0.07692307692307693,0.0,0.9166666666666666,0.8333333333333334,0.14713172614574432,0.1795025613779823,0.07699960966904958
163,147,13,1,0.07692307692307693,0.25,0.08333333333333337,0.0,0.10056433578332265,-0.004682059089342753,-0.012083028753598532
163,887,13,2,0.15384615384615385,0.6363636363636364,0.5,0.4545454545454546,-0.02376006046930949,0.0490832527478536,-0.013675868511199951
163,794,13,1,0.07692307692307693,0.5833333333333333,0.5833333333333333,0.5,-0.06254440546035767,0.056739489237467446,0.3355674246946971
163,591,13,1,0.07692307692307693,0.6666666666666667,0.6666666666666667,0.08333333333333337,0.25511118521293,0.08217095335324605,0.4933022956053416
163,13,13,1,0.07692307692307693,0.25,0.25,0.08333333333333337,0.0021317793677250543,-0.07688025012612343,-0.03181889156500498
163,739,13,1,0.07692307692307693,0.5833333333333333,0.5833333333333333,0.5,0.09882113721687347,0.036184179286162056,0.02646457403898239
163,190,13,1,0.07692307692307693,1.0,1.0,0.75,0.009552521628696317,-0.007858711294829845,-0.0008114563922087351
163,118,13,1,0.07692307692307693,0.5833333333333333,0.33333333333333337,0.5833333333333333,0.03694621481311818,-0.047587309032678604,0.014236365134517351
163,981,13,1,0.07692307692307693,0.33333333333333337,0.8333333333333334,0.6666666666666667,0.007071204793949922,-0.24305777996778488,-0.031974619875351586
163,520,13,1,0.07692307692307693,0.5,0.5,0.08333333333333337,0.037547737304218266,-0.02450311401238044,-0.004386239995559056
163,968,13,1,0.07692307692307693,0.0,0.5833333333333333,0.5,0.006699212409633522,-0.009736863158953687,-0.007601999677717686
163,816,13,1,0.07692307692307693,0.9166666666666666,0.9166666666666666,0.41666666666666663,-0.0685744876973331,-0.1889478249164919,0.0007357769645750523
164,80,8,2,0.25,0.6666666666666667,1.0,0.5,-0.024462401866912842,0.48857442537943524,0.02317136526107788
164,807,8,4,0.5,0.5,0.75,0.625,0.11949765682220459,0.19303778807322183,0.050697525342305504
164,650,8,2,0.25,0.0,0.6666666666666667,0.6666666666666667,0.0006965994834899902,0.5625180602073669,0.17072335879007974
164,893,8,2,0.25,0.0,0.6666666666666667,0.6666666666666667,0.27493850390116376,0.6953754543016354,0.007976889610290527
164,389,8,2,0.25,0.33333333333333337,0.33333333333333337,0.5,0.3266167442003886,0.8161988088977523,0.7936859913170338
164,540,8,2,0.25,1.0,0.6666666666666667,0.3333333333333333,0.4751047035679221,0.5361875762658505,0.5168496444821358
164,713,8,2,0.25,0.6666666666666667,1.0,0.6666666666666667,0.526332288980484,0.767163265729323,0.27267642815907794
164,263,8,2,0.25,0.6666666666666667,1.0,0.3333333333333333,0.34154150262475014,0.43589423521431553,0.06871152917544048
164,232,8,2,0.25,1.0,0.6666666666666667,0.25,0.015224924931923548,0.027887893219788868,-0.003337451567252477
165,33,3,2,0.6666666666666666,0.0,1.0,0.0,-0.13956624269485474,-0.13956624269485474,-0.13956624269485474
165,128,3,1,0.3333333333333333,0.0,1.0,0.5,-0.07489977777004242,-0.07489977777004242,-0.07489977777004242
165,406,3,2,0.6666666666666666,1.0,0.0,0.5,-0.058377569541335106,-0.058377569541335106,-0.058377569541335106
166,80,6,3,0.5,1.0,0.6666666666666667,0.5555555555555556,0.05560592810312907,-0.07950830459594727,0.02284286419550578
166,807,6,1,0.16666666666666666,0.0,0.8,0.6,0.0894459883371989,0.30756308635075885,0.058815220991770424
166,887,6,1,0.16666666666666666,0.8,1.0,0.4,0.07361217650274436,-0.10946734497944514,-0.10864730427662532
166,794,6,1,0.16666666666666666,0.4,0.19999999999999996,0.0,0.03909543824071685,-0.22634955495595932,-0.17861923823753992
166,725,6,1,0.16666666666666666,0.4,1.0,0.6,-0.06700084606806438,-0.05859726667404175,-0.011497865120569864
166,222,6,1,0.16666666666666666,0.0,1.0,0.0,0.022335832317670185,-0.06919906040032704,0.04808656871318817
166,473,6,1,0.16666666666666666,0.19999999999999996,0.6,0.4,-0.010787874460220337,-0.06399539113044739,-0.10554003715515137
166,144,6,1,0.16666666666666666,1.0,0.6,0.6,0.0041062043358882265,-0.00460929765055577,-0.00890597856293122
166,106,6,1,0.16666666666666666,0.4,0.6,0.4,0.011019357790549597,-0.030308299387494724,-0.030308299387494724
167,33,3,1,0.3333333333333333,1.0,0.5,1.0,0.04124140739440918,0.10442197322845459,-0.04028189182281494
167,650,3,1,0.3333333333333333,0.0,1.0,0.0,-0.32019972801208496,-0.32019972801208496,0.12749545276165009
167,694,3,1,0.3333333333333333,1.0,0.5,0.5,0.015028178691864014,-0.07614398002624512,-0.07614398002624512
167,1004,3,1,0.3333333333333333,0.0,0.0,1.0,-0.05304455757141113,-0.08996012806892395,-0.05304455757141113
167,844,3,1,0.3333333333333333,1.0,0.5,1.0,-0.06730359420180321,-0.06985480710864067,-0.06985480710864067
168,807,31,2,0.06451612903225806,0.4137931034482759,0.5775862068965517,0.5172413793103448,0.7852324129396493,0.7066545320961192,1.7325083414713543e-05
168,650,31,1,0.03225806451612903,0.0,0.6333333333333333,0.4,0.5742940008640289,0.8076761308281372,7.345279057820638e-05
168,893,31,1,0.03225806451612903,0.0,0.6333333333333334,0.5,0.9932001644799158,0.9975567775303201,0.9709811687547093
168,389,31,1,0.03225806451612903,0.033333333333333326,0.6666666666666666,0.9666666666666667,0.9303089691220395,0.930977535007549,0.25450530648231506
168,114,31,9,0.2903225806451613,1.0,0.5,0.6161616161616162,0.3454132425047334,5.424022674560547e-05,0.0001136461893717448
168,953,31,1,0.03225806451612903,0.8666666666666667,0.7,0.23333333333333328,0.9683541206081391,0.9683542451802318,0.9543356180656701
168,59,31,1,0.03225806451612903,0.7333333333333334,0.8333333333333334,0.7,0.0017966154349589776,0.0015587109009217077,-0.0038144081675757966
168,904,31,19,0.6129032258064516,0.07017543859649125,1.0,0.5043859649122808,0.3314538093594213,0.008830785751342773,1.430511474609375e-06
168,429,31,19,0.6129032258064516,0.0,0.5,0.28070175438596495,0.3334935994789703,6.755193074544271e-07,3.5762786865234375e-07
169,80,4,1,0.25,1.0,0.33333333333333337,0.33333333333333337,-0.10225152969360352,-0.3470594882965088,0.04916474223136902
169,807,4,1,0.25,0.0,1.0,0.6666666666666667,0.1065022349357605,-0.15004363656044006,-0.15004363656044006
169,222,4,1,0.25,0.33333333333333337,0.6666666666666667,0.0,-0.020727261900901794,-0.10747700929641724,-0.021436750888824463
169,674,4,1,0.25,0.6666666666666667,1.0,0.6666666666666667,-0.7071211785078049,-0.7071211785078049,-0.41047094762325287
170,80,11,6,0.5454545454545454,1.0,0.6,0.39999999999999997,0.025197943051656086,0.00524208943049113,0.011083682378133139
170,807,11,2,0.18181818181818182,0.0,0.7222222222222223,0.5555555555555556,0.002304534117380778,0.3611951768398285,0.06005458037058512
170,650,11,1,0.09090909090909091,0.0,0.8,0.6,-0.013714492321014404,0.6385218389332294,0.20752559105555216
170,887,11,2,0.18181818181818182,1.0,0.9444444444444444,0.8888888888888888,0.13580307736992836,-0.20736706256866455,-0.09444873034954071
170,881,11,1,0.09090909090909091,0.4,1.0,0.0,0.22410084555546442,0.35444862954318523,0.29328025815387565
170,725,11,1,0.09090909090909091,0.30000000000000004,0.9,0.4,0.041058823466300964,0.19410337880253792,0.007311175266901652
170,222,11,2,0.18181818181818182,0.05555555555555558,0.8333333333333334,0.2222222222222222,0.11714639763037364,0.14651179065306982,0.13507356494665146
170,979,11,1,0.09090909090909091,0.0,0.8,0.8,0.035688151915868126,0.16680453221003214,0.15559149906039238
170,473,11,2,0.18181818181818182,0.5,0.5,0.8333333333333334,0.14083430171012878,0.19649034241835275,0.14250137905279794
170,815,11,1,0.09090909090909091,0.30000000000000004,0.9,0.6,0.06878767038385074,0.13237539337327084,0.0789585051437219
170,927,11,2,0.18181818181818182,1.0,0.6666666666666666,0.7777777777777778,0.20164406796296439,0.3149913866072893,0.2610966594268878
170,59,11,1,0.09090909090909091,0.30000000000000004,0.5,0.0,0.03051474830135703,-0.014999212697148323,0.029201443927983444
170,696,11,1,0.09090909090909091,0.4,1.0,1.0,0.07952766492962837,0.09340022162844737,0.09091717594613631
170,798,11,1,0.09090909090909091,0.9,0.4,0.19999999999999996,0.014090541284531355,-0.06088272544244925,-0.022522210453947384
170,106,11,1,0.09090909090909091,0.4,0.8,0.9,0.0024872983534199498,-0.016710736478368442,-0.0023058204290767512
171,80,8,1,0.125,0.8571428571428572,0.8571428571428572,0.4285714285714286,-0.07925192515055339,-0.1260941425959269,0.011699438095092773
171,33,8,2,0.25,0.33333333333333337,1.0,0.5833333333333333,0.1554774045944214,-0.036043365796407066,0.05825493733088175
171,807,8,1,0.125,0.0,0.4285714285714286,0.7142857142857143,0.41782045364379883,0.44104599952697754,0.1560868819554647
171,650,8,1,0.125,0.0,0.7142857142857143,0.1428571428571429,0.13152851661046347,0.8221899171670278,0.06032176812489828
171,1,8,1,0.125,0.5714285714285714,1.0,0.4285714285714286,0.36825088163216907,0.4897000198252499,0.18753611048062643
171,881,8,1,0.125,0.5714285714285714,0.8571428571428572,0.8571428571428572,0.40224238981803256,0.5176592731537918,0.2664754390716553
171,283,8,1,0.125,0.2857142857142857,0.1428571428571429,0.2857142857142857,0.24396226493020853,0.29922668837631744,0.05256141225496928
171,725,8,1,0.125,0.4285714285714286,0.7142857142857143,0.2857142857142857,0.02249874671300252,0.31910722702741623,0.24940705299377441
171,979,8,1,0.125,0.1428571428571429,0.5714285714285714,1.0,-0.08860801657040913,0.3166865527940293,-0.1381681760152181
171,815,8,1,0.125,0.2857142857142857,0.7142857142857143,0.8571428571428572,0.03723421196142832,0.2882434260100126,0.2647494797905286
171,227,8,1,0.125,0.1428571428571429,0.4285714285714286,0.0,0.15425047387058535,0.044737317909797035,-0.04039257764816284
171,139,8,2,0.25,0.7500000000000001,0.6666666666666667,0.6666666666666667,0.19379199117732546,0.248465109160558,0.00016979376475016275
171,913,8,1,0.125,0.5714285714285714,1.0,0.1428571428571429,0.10706096367600064,0.03350816915432612,0.05096399784088135
171,836,8,1,0.125,1.0,0.7142857142857143,0.5714285714285714,0.0839115777829041,0.10020592663204297,0.03181120070318381
171,92,8,1,0.125,0.5714285714285714,0.8571428571428572,0.2857142857142857,0.04641996743157506,0.006548588474591573,0.019293393939733505
172,80,9,3,0.3333333333333333,1.0,1.0,0.4444444444444444,0.3135431210199992,0.08411941925684611,-0.16157782077789307
172,807,9,1,0.1111111111111111,0.75,1.0,0.625,0.1623836855093638,0.40047218402226764,-0.05726782480875651
172,695,9,1,0.1111111111111111,0.125,0.75,0.375,0.44180621951818466,0.4473089436457182,0.29043694709738094
172,694,9,1,0.1111111111111111,0.5,0.5,0.5,-0.07083357994755109,-0.11586615194876988,-0.01061087908844153
172,659,9,3,0.3333333333333333,0.0,1.0,0.16666666666666663,-0.24687278270721436,0.2038035343090693,0.026323258876800537
172,13,9,1,0.1111111111111111,0.625,0.625,0.625,0.13434739201329648,0.1340209870832041,0.12140675028786063
172,85,9,1,0.1111111111111111,0.0,1.0,1.0,-0.07756336530049641,0.3777352844675382,0.4837902958194415
172,251,9,1,0.1111111111111111,0.375,0.25,0.125,0.017200270396036405,-0.11644341051578522,-0.011251385634144148
172,432,9,1,0.1111111111111111,0.5,0.5,0.75,0.1512652706975738,0.14625086837137738,0.13174650135139623
172,268,9,1,0.1111111111111111,0.25,0.375,0.25,0.010682144512732824,0.109988360995582,0.11051629531842384
172,968,9,1,0.1111111111111111,0.25,0.375,0.625,0.021442232794167165,-0.07857161449889342,0.022525318105484377
173,80,9,1,0.1111111111111111,1.0,1.0,0.375,0.3955583870410919,0.3955583870410919,0.02407558759053548
173,33,9,2,0.2222222222222222,0.2857142857142857,0.8571428571428572,0.07142857142857145,0.3260766764481862,0.19452093044916788,0.028784255186716717
173,807,9,2,0.2222222222222222,0.8571428571428572,0.8571428571428572,0.5,0.15107661485671997,0.15107661485671997,0.013477563858032227
173,650,9,2,0.2222222222222222,0.0,1.0,0.9285714285714286,0.16696379582087198,0.09418316682179768,0.024871846040089924
173,893,9,2,0.2222222222222222,0.0,0.5714285714285714,0.5714285714285714,0.18465832869211832,0.6567407360610863,0.08639033635457356
173,695,9,2,0.2222222222222222,0.2857142857142857,0.2857142857142857,0.7142857142857143,0.6589233797664443,0.6589233797664443,0.24650326371192932
173,128,9,3,0.3333333333333333,0.5555555555555556,0.6666666666666667,0.22222222222222224,0.5242790759851536,0.5480315120269855,0.44005302091439563
173,841,9,2,0.2222222222222222,0.5714285714285714,0.5714285714285714,0.2857142857142857,0.22634601375708976,0.22634601375708976,0.11316608389218648
173,362,9,2,0.2222222222222222,0.8571428571428572,1.0,0.5714285714285714,0.3172932713005139,0.3180655968602271,0.24130023705462614
173,440,9,1,0.1111111111111111,1.0,0.75,0.375,0.11639312814343288,0.11662942914585679,0.019374385476112366
174,80,13,1,0.07692307692307693,0.75,0.6666666666666667,0.8333333333333334,0.04785740375518799,0.02701433499654134,0.037374297777811684
174,33,13,2,0.15384615384615385,0.36363636363636365,0.5454545454545454,0.6363636363636364,0.24164442966381708,-0.23918171723683676,-0.08186745643615723
174,807,13,3,0.23076923076923078,0.49999999999999994,0.7666666666666666,0.06666666666666665,0.30974165598551434,0.16855851809183756,0.09005637963612874
174,650,13,2,0.15384615384615385,0.18181818181818177,0.8181818181818182,0.5454545454545454,0.5178241357207298,0.5097238685314854,0.006800492604573567
174,893,13,2,0.15384615384615385,0.09090909090909088,0.8181818181818182,0.8181818181818181,0.1573329965273539,0.7308793338015676,0.36777497579654056
174,1,13,1,0.07692307692307693,1.0,0.8333333333333334,0.75,0.7167676831280309,0.851622104147585,0.08558158079783122
174,389,13,1,0.07692307692307693,0.16666666666666663,0.41666666666666663,0.33333333333333337,0.32053421934445697,0.7572077215383503,0.13823171456654867
174,128,13,1,0.07692307692307693,0.75,0.5833333333333333,0.5833333333333333,0.5795706855909278,0.6916812057655383,0.07539037863413493
174,114,13,1,0.07692307692307693,0.9166666666666667,1.0,0.9166666666666666,0.43379736519005047,0.4425820718292774,0.3604151569955623
174,820,13,1,0.07692307692307693,0.8333333333333333,0.9166666666666666,0.33333333333333337,0.7679013084658664,0.9379962943300564,0.5461336324612299
174,392,13,2,0.15384615384615385,0.4545454545454546,0.4545454545454546,0.09090909090909088,0.5407814414504296,0.561175746159473,0.5594915674688915
174,117,13,1,0.07692307692307693,0.41666666666666663,0.6666666666666666,0.75,0.8382782269121284,0.880649297576115,0.45249430181956996
174,263,13,1,0.07692307692307693,0.9166666666666667,1.0,0.8333333333333334,0.15982790403487948,0.1707133495694606,0.1588088594065713
174,736,13,1,0.07692307692307693,1.0,0.9166666666666666,0.08333333333333337,0.7903819602646251,0.8484884975520591,0.524016696959734
175,114,5,1,0.2,1.0,1.0,0.0,0.723308994124333,0.6835445811351141,0.2032161553700765
175,392,5,1,0.2,1.0,1.0,0.25,0.046727045584702864,-0.027084272471256554,-0.027084272471256554
175,904,5,3,0.6,0.0,0.5,0.3333333333333333,0.30243397504091263,-0.329716553290685,0.2299957765887181
175,429,5,3,0.6,0.0,0.5,0.16666666666666666,0.6744674540435275,0.7110188908021277,0.44270632167657215
176,80,8,2,0.25,0.6666666666666667,0.6666666666666667,0.5,-0.04418583710988363,-0.056510746479034424,0.025094250837961834
176,33,8,3,0.375,0.2666666666666666,0.8,0.6,-0.07922216256459554,-0.07922216256459554,0.018379608790079754
176,807,8,1,0.125,0.0,0.0,0.8571428571428572,0.6674687713384628,0.7015510747830073,-0.034097135066986084
176,1,8,2,0.25,1.0,1.0,0.25,0.769051822523276,0.769051822523276,-0.020078420639038086
176,294,8,1,0.125,0.4285714285714286,1.0,0.7142857142857143,-0.3148914376894633,-0.3148914376894633,-0.04579456647237142
176,695,8,1,0.125,0.7142857142857143,0.7142857142857143,0.0,0.33720908003548783,0.33720908003548783,0.03946927189826965
176,283,8,2,0.25,0.16666666666666663,0.33333333333333337,0.5,0.42101050696025294,0.42101050696025294,0.03511718908945719
176,222,8,1,0.125,0.0,0.7142857142857143,0.4285714285714286,0.24383977055549622,0.24383977055549622,0.15311763683954874
176,520,8,1,0.125,0.7142857142857143,0.5714285714285714,0.0,0.5427023744365821,0.5622394532741358,0.13247172037760416
176,482,8,1,0.125,0.7142857142857143,0.5714285714285714,0.0,0.09576252651944135,0.09576252651944135,-0.03897887716690699
177,694,4,2,0.5,1.0,0.0,0.75,-0.21165969967842102,-0.21165969967842102,-0.12545537948608398
177,659,4,2,0.5,0.0,1.0,0.75,0.03075277805328369,0.42124491930007935,0.42124491930007935
178,80,13,3,0.23076923076923078,0.7,1.0,0.29999999999999993,0.09927928447723389,0.5104000469048818,0.02764056126276652
178,807,13,6,0.46153846153846156,0.4285714285714286,0.7142857142857143,0.7142857142857142,0.031244973341623943,0.02923405170440674,0.0004533131917317708
178,650,13,3,0.23076923076923078,0.0,0.7,0.6333333333333333,1.5854835510253906e-05,0.14314242204030356,0.06309980154037476
178,893,13,3,0.23076923076923078,0.0,0.7000000000000001,0.23333333333333334,0.15719616413116455,0.5588299334049225,0.11248751481374104
178,389,13,3,0.23076923076923078,0.30000000000000004,0.0,0.6,0.2718379298845927,0.7969461787012051,0.5978440962110957
178,881,13,1,0.07692307692307693,0.75,0.75,1.0,-0.013590385516484579,0.322195432454464,0.10368921235203743
178,713,13,3,0.23076923076923078,0.6,1.0,0.2666666666666666,0.5771099956085285,0.7910947603716826,0.4406418986618519
178,251,13,1,0.07692307692307693,0.5,1.0,0.41666666666666663,0.05197886891255621,-0.4068811237812042,0.05167066419380717
179,33,4,2,0.5,0.5,0.5,0.75,0.031000345945358276,-0.054624736309051514,-0.054624736309051514
179,650,4,1,0.25,0.0,0.6666666666666667,0.6666666666666667,-0.1867881715297699,0.19337695464491844,-0.1867881715297699
180,80,6,2,0.3333333333333333,1.0,0.5,0.5,0.03303541739781698,0.15787800153096518,0.03303541739781698
180,33,6,2,0.3333333333333333,0.5,0.5,0.5,0.23784790436426798,0.23784790436426798,0.023972729841868084
180,893,6,2,0.3333333333333333,1.0,0.5,0.375,0.02337602525949478,-0.11030651132265727,0.026011628409226734
180,695,6,2,0.3333333333333333,0.0,1.0,0.125,0.3247785270214081,0.44499853005011875,0.24671451250712076
180,13,6,2,0.3333333333333333,1.0,1.0,0.5,0.2860296753545602,0.2860296753545602,0.03273120025793711
180,841,6,2,0.3333333333333333,0.5,0.0,0.75,0.041799694299697876,0.12403105137248834,0.10084829727808635
180,486,6,2,0.3333333333333333,0.0,0.5,0.75,0.04046782199293375,0.04046782199293375,0.027908433228731155
180,1005,6,2,0.3333333333333333,0.0,1.0,0.0,0.040264856070280075,0.07986191504945357,0.07986191504945357
181,33,6,1,0.16666666666666666,0.6,0.8,0.6,0.6711000502109528,0.6936879977583885,0.6369624137878418
181,807,6,2,0.3333333333333333,0.5,0.25,0.125,-0.09859012564023335,-0.12746869524319968,-0.10728250940640767
181,650,6,1,0.16666666666666666,0.0,0.6,1.0,0.43076520164807636,0.5432193353772163,0.3091314087311427
181,695,6,1,0.16666666666666666,0.8,0.6,0.6,0.7757066721096635,0.7735709976404905,0.766198510924975
181,841,6,1,0.16666666666666666,0.4,0.6,0.6,0.56523796916008,0.5819576450934013,0.1550621489683787
181,192,6,1,0.16666666666666666,1.0,1.0,0.19999999999999996,0.6513859167522847,0.6513896079331971,0.33285649671355105
181,486,6,1,0.16666666666666666,0.0,0.0,0.8,0.5342264824430458,0.5338991468694682,0.1464014450709025
181,814,6,2,0.3333333333333333,0.25,0.25,0.625,0.037052925928340606,-0.15443672239780426,-0.029811351249615353
181,601,6,1,0.16666666666666666,0.8,0.8,0.8,0.6899300157723095,0.6899300157723095,0.07589635252952576
182,80,8,3,0.375,1.0,0.33333333333333326,0.2666666666666666,0.0159799059232076,0.13852794965108237,0.008384108543395996
182,33,8,2,0.25,0.25,0.9166666666666667,0.16666666666666663,0.14566026131312051,0.1251171032587687,0.11563982566197713
182,807,8,1,0.125,0.2857142857142857,1.0,0.2857142857142857,-0.0059836506843566895,0.7118838280439377,0.029069185256958008
182,650,8,1,0.125,0.0,0.8571428571428572,0.1428571428571429,-0.0008375843365987142,0.8520993143320084,0.8520993143320084
182,893,8,1,0.125,0.0,0.8571428571428572,0.5714285714285714,0.14986477295557657,0.8779144833485285,0.8776249202589194
182,294,8,1,0.125,0.5714285714285714,1.0,0.4285714285714286,0.1417406996091207,0.32044045130411786,0.05701935291290283
182,695,8,1,0.125,0.2857142857142857,0.8571428571428572,0.0,0.39282529552777606,0.40652383118867874,0.2024028201897939
182,147,8,1,0.125,0.4285714285714286,0.8571428571428572,0.1428571428571429,0.3747323950131734,0.4562978943188985,0.19326179226239523
182,887,8,1,0.125,0.8571428571428572,0.4285714285714286,0.0,0.32669005791346234,0.5793862665692965,0.08136715491612752
182,794,8,1,0.125,1.0,0.7142857142857143,0.2857142857142857,0.35161417722702026,0.6253890171647072,-0.03491433461507162
182,591,8,1,0.125,1.0,0.7142857142857143,0.5714285714285714,0.3283379723628362,0.44004251311222714,0.12816990415255228
182,1017,8,1,0.125,0.4285714285714286,0.8571428571428572,0.7142857142857143,0.1515173614025116,0.05016271397471428,-0.19240309794743857
182,13,8,1,0.125,0.7142857142857143,0.8571428571428572,0.7142857142857143,0.3103645207981269,0.3249592827633023,0.11514060695966084
182,11,8,1,0.125,0.4285714285714286,1.0,0.1428571428571429,0.09714946150779724,0.20469379044758776,0.14788597418616214
182,710,8,1,0.125,0.8571428571428572,0.8571428571428572,0.0,0.11313587396095197,0.13756230294893612,0.10830428327123325
182,312,8,1,0.125,0.1428571428571429,0.7142857142857143,1.0,0.014760156782964865,0.0010579476753870647,-0.01564832217991352
183,807,8,1,0.125,0.7142857142857143,1.0,0.2857142857142857,0.3157862027486165,0.2824038565158844,0.007612387339274089
183,650,8,1,0.125,0.0,0.5714285714285714,0.7142857142857143,0.33474330107371014,0.6254414916038513,-0.040342231591542564
183,893,8,1,0.125,0.0,0.5714285714285714,0.1428571428571429,0.5952829408148924,0.6329947436849276,0.3363359073797862
183,1,8,2,0.25,1.0,1.0,0.7500000000000001,0.4561929578582446,0.4561929578582446,0.09636829296747844
183,659,8,4,0.5,0.25,0.75,0.5,-0.11296945810317993,-0.019766549269358318,-0.11979883909225464
183,914,8,4,0.5,0.25,0.25,0.5,0.09579249223073323,-0.1447418729464213,-0.1447418729464213
184,33,4,1,0.25,0.33333333333333337,0.33333333333333337,0.6666666666666667,0.026882052421569824,0.08148002624511719,0.08148002624511719
184,650,4,1,0.25,0.0,0.6666666666666667,0.0,-0.3302214741706848,-0.3302214741706848,0.31278178095817566
184,694,4,1,0.25,0.6666666666666667,1.0,0.6666666666666667,0.14261874556541443,0.14532873034477234,-0.07186949253082275
184,128,4,1,0.25,1.0,0.6666666666666667,0.33333333333333337,0.041634589433670044,-0.07968319952487946,0.06225501000881195
184,1004,4,1,0.25,0.0,0.0,1.0,0.05892294645309448,0.08677369356155396,-0.07175174355506897
184,406,4,1,0.25,0.6666666666666667,0.0,0.33333333333333337,0.061128731817007065,-0.0965183824300766,0.06564152240753174
185,80,7,1,0.14285714285714285,0.5,0.5,0.5,0.18264337380727133,0.18264337380727133,0.07819728056589763
185,33,7,2,0.2857142857142857,0.6,1.0,1.0,0.1838196317354838,0.20418115456899008,0.016797184944152832
185,650,7,1,0.14285714285714285,0.0,0.33333333333333337,0.0,0.3996744155883789,0.4331578512986501,0.149764617284139
185,1,7,1,0.14285714285714285,0.8333333333333334,1.0,0.33333333333333337,0.14828998781740665,0.1960386112332344,0.07188409566879272
185,695,7,1,0.14285714285714285,0.33333333333333337,0.5,0.8333333333333334,0.20222411832461754,0.2989227899039785,0.1708062688509623
185,283,7,2,0.2857142857142857,0.19999999999999996,0.19999999999999996,0.5,0.06241233033748964,-0.056557755606869854,0.01546618714928627
185,725,7,1,0.14285714285714285,1.0,1.0,0.8333333333333334,0.11501611272493999,0.20270611345767975,-0.007677008708318074
185,979,7,1,0.14285714285714285,0.0,0.6666666666666667,0.5,0.2158763731519381,0.2675112535556157,0.013760775327682495
185,118,7,1,0.14285714285714285,0.8333333333333334,0.8333333333333334,0.5,0.06504333104627828,0.06246059760451317,-0.0287325382232666
185,823,7,1,0.14285714285714285,1.0,1.0,0.33333333333333337,0.02278473127747323,-0.03076561602453391,0.0053829482446114225
186,80,16,4,0.25,0.6666666666666666,0.75,0.3125,-0.003362417221069336,0.0033486286799112954,0.002638518810272217
186,33,16,5,0.3125,0.39999999999999997,1.0,0.2545454545454545,-0.0014871756235758464,-0.028255144755045574,0.02087626854578654
186,807,16,2,0.125,0.6428571428571428,0.9285714285714286,0.6785714285714285,0.30825530489285785,0.8403681817774972,-0.017328282197316486
186,1,16,1,0.0625,0.9333333333333333,1.0,0.1333333333333333,0.227283900603652,0.2582555206802984,0.17362998922665915
186,294,16,2,0.125,0.5,0.8571428571428572,0.6428571428571429,0.052800861497720085,-0.7167695065339407,0.04649055004119873
186,695,16,2,0.125,0.0,0.9285714285714286,0.5,0.08872791876395543,0.2612116059754044,0.11945525308450063
186,694,16,2,0.125,0.7142857142857143,0.75,0.75,0.08521386453260978,-0.2964600423971812,0.07690088388820489
186,1017,16,3,0.1875,0.41025641025641024,0.3076923076923077,0.641025641025641,0.10108302036921184,0.11408403536251892,0.09376229376842578
186,540,16,1,0.0625,0.8,0.4666666666666667,0.9333333333333333,0.11276721853452425,-0.05452397985694309,0.03516795625910163
186,401,16,1,0.0625,0.9333333333333333,0.5333333333333333,0.4666666666666667,0.07404934719670564,-0.19475086778402328,-0.04936682681242625
186,214,16,2,0.125,0.2857142857142857,0.8571428571428571,0.4642857142857143,-0.013507122329125801,-0.03829037289445599,-0.007795614345620076
186,243,16,1,0.0625,0.06666666666666665,0.8666666666666667,0.2666666666666667,0.005985900776674195,-0.024426997018357117,0.004638866763950015
187,807,7,1,0.14285714285714285,0.8333333333333334,1.0,0.5,0.08276429275671641,0.3916364957888921,-0.09660440683364868
187,1,7,1,0.14285714285714285,1.0,1.0,1.0,0.2792782162626584,0.2792782162626584,0.21009460588296255
187,694,7,1,0.14285714285714285,0.16666666666666663,0.5,1.0,-0.1847044179836909,-0.21126381059487662,-0.05610536535580953
187,659,7,4,0.5714285714285714,0.0,1.0,0.25,-0.09015897909800212,0.2112545371055603,0.08892714977264404
187,914,7,2,0.2857142857142857,0.0,0.6,0.8,0.062324355045954384,-0.12328848242759705,0.06984407703081767
187,268,7,1,0.14285714285714285,0.16666666666666663,0.0,0.0,0.4250322399881649,0.6504538571061858,0.16419164339701334
188,80,20,3,0.15,0.8823529411764706,0.7647058823529411,0.9019607843137254,0.015086551507314047,0.10857019821802776,0.008269051710764566
188,807,20,5,0.25,0.24,0.64,0.3733333333333333,0.0037753780682881675,0.05799748500188192,0.001249849796295166
188,650,20,3,0.15,0.07843137254901962,0.9803921568627451,0.588235294117647,0.0012533068656921387,0.2780709167321523,0.0003663500150044759
188,893,20,1,0.05,0.21052631578947367,1.0,0.736842105263158,0.16947036981582642,0.6510106654216846,0.10811058680216472
188,1,20,4,0.2,0.671875,0.921875,0.59375,0.7658684376316766,0.802633226456237,0.12451557318369548
188,694,20,1,0.05,0.5789473684210527,0.736842105263158,0.5789473684210527,0.0051654437168811755,-0.01121160356948773,-0.006356289299825828
188,659,20,1,0.05,0.10526315789473684,0.7894736842105263,0.1578947368421053,0.29370129589612287,0.30166033483692445,0.1448864508420229
188,881,20,1,0.05,0.6842105263157895,1.0,0.6842105263157895,0.7436769473533786,0.7249814197105783,0.13365594546000162
188,128,20,1,0.05,0.5263157894736843,0.6842105263157895,0.1578947368421053,0.3728352567801873,0.39647584812094766,0.02781658371289571
188,725,20,1,0.05,0.9473684210526316,0.631578947368421,0.5263157894736843,0.4892387604340911,0.5111292290190855,0.3287931631008784
188,222,20,1,0.05,0.0,0.5263157894736843,0.3157894736842105,0.1955215144359196,0.19880337458259115,0.15329649423559508
188,979,20,1,0.05,0.1578947368421053,0.7894736842105263,0.0,0.5266772384444872,0.7002719868905842,0.4475659310507278
188,1004,20,1,0.05,0.10526315789473684,0.21052631578947367,0.5263157894736843,0.0006663068488705903,-0.02478177220715831,-0.007854726437168816
188,473,20,1,0.05,0.7894736842105263,0.736842105263158,1.0,0.6913518356159329,0.6724459150185188,0.5154923362036546
188,815,20,1,0.05,0.42105263157894735,0.736842105263158,1.0,0.7501793596893549,0.7357635699554521,0.4550343652566274
188,85,20,1,0.05,0.21052631578947367,0.9473684210526316,0.6842105263157895,0.3842114727788915,0.4005442442115357,0.2028734584649404
188,927,20,1,0.05,0.8421052631578947,0.5789473684210527,0.26315789473684215,0.5712366818373388,0.5709108896739963,0.40590207061419886
188,227,20,3,0.15,0.17647058823529416,0.49019607843137253,0.37254901960784315,0.38655246701542484,0.38589032954462255,0.3319979119017565
188,401,20,1,0.05,0.7894736842105263,1.0,0.368421052631579,0.015832252902024873,0.010851471539353952,0.012839005988401672
188,432,20,1,0.05,0.5789473684210527,0.7894736842105263,0.4736842105263158,0.03919936398081821,0.030325841003408033,0.03614097569758693
188,117,20,1,0.05,0.5263157894736843,0.631578947368421,0.631578947368421,0.7404887664583896,0.7404939253844455,0.39197304596503574
188,482,20,1,0.05,0.5263157894736843,0.21052631578947367,0.26315789473684215,0.014530304816260534,-0.018942871286223333,-0.024174788190672796
189,80,27,4,0.14814814814814814,0.532608695652174,0.75,0.7934782608695652,0.0014096895853678386,0.014844616254170736,0.0005268454551696777
189,33,27,3,0.1111111111111111,0.875,1.0,0.6805555555555556,0.19937443981568018,-0.5104026893774668,-0.344542533159256
189,807,27,7,0.25925925925925924,0.5285714285714285,0.6857142857142857,0.3142857142857143,0.00040636459986368817,0.2584490478038788,5.575021107991537e-05
189,650,27,5,0.18518518518518517,0.018181818181818188,0.8045454545454546,0.5545454545454546,0.030362884203592937,0.31126199414332706,4.3710072835286456e-06
189,893,27,5,0.18518518518518517,0.0,0.8090909090909091,0.5636363636363637,0.00896515448888143,0.9384814407803788,8.704264958699544e-05
189,1,27,2,0.07407407407407407,0.84,0.84,0.34,0.9380507776125645,0.9887557746102212,0.41619174430767697
189,147,27,1,0.037037037037037035,0.5,0.34615384615384615,0.07692307692307687,0.8540660276388129,0.9106144090183079,0.042208313941955566
189,389,27,2,0.07407407407407407,0.19999999999999996,0.44,0.0,0.5477746079365412,0.9856103403698334,0.39605024456977844
189,128,27,3,0.1111111111111111,0.5694444444444444,0.4305555555555555,0.6666666666666666,0.8079483156713346,0.8673703352566614,0.15071962277094522
189,283,27,1,0.037037037037037035,0.6923076923076923,0.5769230769230769,0.6923076923076923,0.8186092095880978,0.8196064184947529,0.4763459861278534
189,114,27,1,0.037037037037037035,0.9230769230769231,1.0,0.11538461538461542,0.5317076617972276,0.5317078208218061,0.5216887276474154
189,540,27,1,0.037037037037037035,0.7307692307692308,0.6153846153846154,0.46153846153846156,0.9480295930212984,0.9512192965382864,0.3128551666935285
189,116,27,1,0.037037037037037035,0.15384615384615385,0.6538461538461539,0.7307692307692308,0.9249454018656517,0.9272515731361405,0.7558521967293927
189,713,27,1,0.037037037037037035,0.3846153846153846,0.9615384615384616,0.3846153846153846,0.5997319966554642,0.9508411375358706,0.3758288323879242
189,820,27,1,0.037037037037037035,0.5384615384615384,0.9230769230769231,1.0,0.9822105597112719,0.9974173806901332,0.7884929484935128
189,739,27,1,0.037037037037037035,0.8846153846153846,0.5769230769230769,0.7692307692307692,0.9653698704489765,0.9656139422425584,0.6163886655122042
189,392,27,3,0.1111111111111111,0.5416666666666667,0.29166666666666663,0.6666666666666666,0.5196585330670057,0.5197321650808924,0.5196559101061938
189,786,27,1,0.037037037037037035,0.3076923076923077,0.2692307692307693,0.7307692307692308,0.9775368844051021,0.9778724334850106,0.32944361368815106
189,69,27,1,0.037037037037037035,0.42307692307692313,0.6538461538461539,0.46153846153846156,0.9889305785904602,0.9889478068341457,0.7908869019399086
189,825,27,1,0.037037037037037035,0.9615384615384616,0.9230769230769231,0.038461538461538436,0.9754909900769538,0.976119690529004,0.8980240406040139
189,403,27,1,0.037037037037037035,0.5384615384615384,0.9615384615384616,0.8461538461538461,0.9705108027288437,0.9707139988979853,0.42250391840934753
189,416,27,1,0.037037037037037035,0.9615384615384615,0.7692307692307693,0.9230769230769231,0.7338494079861752,0.7340966001833914,0.29896029829978943
189,144,27,1,0.037037037037037035,0.15384615384615385,0.6538461538461539,0.038461538461538436,0.7345090961704651,0.8596054111528558,0.8421955269092601
189,197,27,1,0.037037037037037035,0.5,0.6538461538461539,1.0,0.9044327023375255,0.904534310330677,0.5030262817939123
189,117,27,1,0.037037037037037035,0.34615384615384615,0.46153846153846156,0.2692307692307693,0.9928708316895912,0.9929062059630956,0.66782775024573
189,736,27,1,0.037037037037037035,0.8076923076923077,0.7307692307692308,0.7307692307692308,0.9416569380459047,0.9438462853531945,0.490599375218153
189,767,27,1,0.037037037037037035,0.9615384615384616,0.8846153846153846,0.3076923076923077,0.955514011260911,0.9555161557469445,0.8811722135293772
190,80,21,4,0.19047619047619047,0.05882352941176472,0.9411764705882353,0.5,0.02834882338841756,0.4754086633523305,0.030034820238749187
190,807,21,4,0.19047619047619047,1.0,0.5294117647058824,0.26470588235294124,0.004669646422068278,0.04537951946258545,0.025755067666371662
190,650,21,4,0.19047619047619047,0.7647058823529411,0.1764705882352941,0.4411764705882353,3.532568613688151e-05,0.0015373428662618,4.5140584309895836e-05
190,695,21,4,0.19047619047619047,0.47058823529411764,0.5294117647058824,0.5294117647058824,0.15507341449847445,0.12415961105337676,0.14216306355471411
190,114,21,1,0.047619047619047616,0.8,1.0,0.85,0.08609755060554865,0.10959598116134062,0.08170643785858071
190,715,21,4,0.19047619047619047,0.0,0.7647058823529411,0.5147058823529411,0.0011364022890726726,0.813181349541992,0.39432017008463544
190,939,21,4,0.19047619047619047,0.7058823529411764,1.0,0.6029411764705882,-0.04705576101938883,0.735891665603655,0.07959423462549846
190,838,21,4,0.19047619047619047,0.0,0.7647058823529411,0.6029411764705882,-0.06488736470540364,0.8278477236938974,0.4312538355588913
190,692,21,4,0.19047619047619047,0.47058823529411764,0.47058823529411764,0.36764705882352944,0.00021487936700056073,-0.00301350637316015,0.00027155823733930146
190,753,21,4,0.19047619047619047,0.23529411764705888,0.7058823529411764,0.1911764705882353,-0.04397352536519369,0.8828142126227855,0.6218952235455314
190,487,21,4,0.19047619047619047,0.7647058823529411,0.7058823529411764,0.39705882352941174,0.038616844026061393,-0.4273372928922375,0.01990038373818
191,80,9,1,0.1111111111111111,0.875,1.0,0.875,-0.09847811857859294,-0.12146590153376262,-0.0919678012530009
191,33,9,4,0.4444444444444444,0.19999999999999996,0.8500000000000001,0.85,-0.022337158521016438,-0.1245238184928894,0.1418963074684143
191,807,9,1,0.1111111111111111,0.5,0.75,0.125,0.14722758531570435,0.5481154086689154,-0.030681927998860676
191,1,9,1,0.1111111111111111,1.0,0.875,0.5,0.6807833616233742,0.7564703057481287,0.27088851605852443
191,695,9,1,0.1111111111111111,0.625,0.625,1.0,0.20297230749080578,0.35315619269385934,0.06771861513455708
191,283,9,1,0.1111111111111111,0.625,0.375,1.0,0.5372009963436236,0.5596449965548042,-0.033513943354288735
191,114,9,1,0.1111111111111111,0.875,1.0,0.875,0.5764247229503274,0.577704258189543,0.27628082036972046
191,227,9,1,0.1111111111111111,0.0,0.5,0.375,0.6179823497774729,0.6275417747383472,-0.23096700509389242
191,392,9,3,0.3333333333333333,0.5,0.16666666666666663,0.33333333333333337,0.6039132761981669,0.6084984744147057,0.26621853311856586
191,118,9,1,0.1111111111111111,0.75,0.75,0.25,0.09344122662681305,0.09408106937992973,-0.12698401510715485
191,913,9,1,0.1111111111111111,1.0,0.875,0.25,0.38171808227156373,0.38502230696571144,0.14100492497285208
192,80,8,3,0.375,0.7333333333333333,1.0,0.39999999999999997,0.05551675955454508,0.1852345069249471,0.18273278077443442
192,33,8,1,0.125,0.4285714285714286,1.0,0.1428571428571429,0.06936647494633992,0.051021178563435875,-0.03869291146596273
192,807,8,1,0.125,0.1428571428571429,0.4285714285714286,0.2857142857142857,0.5058127244313558,0.543340822060903,0.18791115283966064
192,650,8,1,0.125,0.0,0.8571428571428572,0.1428571428571429,0.08268707990646362,0.6708741088708242,0.09757643938064575
192,1,8,1,0.125,1.0,1.0,0.5714285714285714,0.6238852494085828,0.6238852494085828,0.0744854211807251
192,294,8,1,0.125,0.5714285714285714,0.8571428571428572,0.7142857142857143,-0.06913411617279053,-0.27656157811482746,-0.3530202309290568
192,222,8,1,0.125,0.0,0.5714285714285714,0.4285714285714286,0.08747872958580653,-0.1615706831216812,0.12225039054950078
192,715,8,1,0.125,0.0,0.4285714285714286,0.4285714285714286,0.11308509111404419,0.12144692418708776,0.08937797198692958
192,939,8,1,0.125,0.5714285714285714,1.0,0.4285714285714286,0.07500311980644862,0.0673603272686402,0.020221846799055736
192,838,8,1,0.125,0.0,0.5714285714285714,0.5714285714285714,0.09098439787824948,0.099585883988766,-0.052177550892035164
192,753,8,1,0.125,0.2857142857142857,0.7142857142857143,1.0,0.09206118310491244,0.09437198822949237,0.050428842504819237
192,520,8,1,0.125,0.8571428571428572,0.7142857142857143,0.0,0.12354507656224693,0.032872634629408516,0.07861575111746788
192,482,8,1,0.125,0.7142857142857143,0.8571428571428572,0.1428571428571429,0.045479175707441755,-0.11607377603650093,0.045473843119301215
193,80,7,2,0.2857142857142857,1.0,1.0,0.7,0.06187015771865845,-0.12374605735143025,-0.09746235609054565
193,694,7,2,0.2857142857142857,0.4,1.0,0.9,-0.1864579717318217,0.2895348270734151,0.14710748195648193
193,128,7,1,0.14285714285714285,0.6666666666666667,1.0,0.6666666666666667,0.0427975058555603,0.04411500692367554,-0.07829646269480388
193,342,7,2,0.2857142857142857,0.0,0.19999999999999996,0.8,0.06311736504236858,0.17996968080600104,0.06311736504236858
193,1004,7,1,0.14285714285714285,0.6666666666666667,0.33333333333333337,0.16666666666666663,0.1601733018954595,0.15966250002384186,0.0089034636815389
193,927,7,2,0.2857142857142857,0.4,0.4,0.39999999999999997,0.015478971569488445,-0.0683052446693182,0.016515595838427544
193,621,7,2,0.2857142857142857,0.0,0.6,0.3,-0.005630761384963989,-0.2454137702782949,0.010287622610727945
193,940,7,2,0.2857142857142857,0.4,1.0,0.09999999999999998,0.04944802448153496,-0.05628076692422231,-0.05628078182538351
194,80,21,13,0.6190476190476191,0.9711538461538461,0.6346153846153846,0.6538461538461539,5.7419141133626304e-05,0.0009132027626037598,0.0010957121849060059
194,33,21,1,0.047619047619047616,0.25,1.0,0.75,0.00710227092107137,0.0002613067626953125,0.00012665987014770508
194,807,21,3,0.14285714285714285,0.09259259259259259,0.6666666666666665,0.4444444444444444,0.07571587959925334,0.5537140170733134,0.010043938954671225
194,650,21,1,0.047619047619047616,0.050000000000000044,0.95,0.30000000000000004,0.209031879901886,0.9166921970124046,0.3118938033779462
194,893,21,1,0.047619047619047616,0.0,0.95,0.7,0.6369030494242907,0.857093216618523,0.09950484832127889
194,1,21,1,0.047619047619047616,0.85,1.0,0.5,0.3678014141235811,0.37612599437125027,0.19541201243797937
194,294,21,1,0.047619047619047616,0.35,1.0,0.25,-0.02845535675684611,0.005980372428894043,-0.04218300183614095
194,887,21,8,0.38095238095238093,0.9807692307692308,0.5096153846153846,0.625,0.2203561762968699,0.6244674076636633,0.11030173301696777
194,694,21,2,0.09523809523809523,0.8421052631578947,0.8947368421052632,0.6842105263157895,-0.00681091845035553,-0.24505102634429932,-0.27721356352170307
194,794,21,1,0.047619047619047616,0.65,0.30000000000000004,0.4,0.23113726576169333,0.6212750027577082,0.07094979286193848
194,389,21,1,0.047619047619047616,0.09999999999999998,0.19999999999999996,0.44999999999999996,0.1589057165935325,0.1636040024563954,0.16310249005635077
194,591,21,1,0.047619047619047616,0.65,0.6,0.4,0.5282603452603022,0.8433129310918351,0.09638126691182454
194,540,21,1,0.047619047619047616,1.0,0.9,0.9,0.5400319887946049,0.5585652536416698,0.36254312346378964
194,713,21,1,0.047619047619047616,0.15000000000000002,1.0,0.4,0.19025687834558389,0.21767018057047002,0.17282467777840793
194,119,21,4,0.19047619047619047,0.8529411764705882,0.7352941176470588,0.4852941176470588,0.5996274660186222,0.6485007263766723,0.5117006326715151
194,227,21,1,0.047619047619047616,0.0,0.85,0.30000000000000004,0.013035744587038304,0.0023428153751107552,-0.004055306936303775
194,420,21,1,0.047619047619047616,0.7,0.85,0.35,0.16672390809496088,0.15536098620214034,0.16296544388266435
194,739,21,1,0.047619047619047616,0.35,0.75,0.09999999999999998,0.2651821889448911,0.2944195851208254,0.255623522757863
194,401,21,1,0.047619047619047616,1.0,0.55,0.15000000000000002,0.10418800637125969,0.0333528108894825,0.05455514167745908
194,243,21,1,0.047619047619047616,0.65,0.4,0.19999999999999996,0.28095876671917114,0.30573963254573755,0.18862606833378473
194,416,21,1,0.047619047619047616,1.0,0.55,0.95,0.20296364688935378,0.24235859175678343,0.21007994104487202
194,263,21,1,0.047619047619047616,0.19999999999999996,1.0,0.30000000000000004,0.08510391464612137,0.09253534778690664,0.0694412353138129
194,332,21,2,0.09523809523809523,0.2368421052631579,0.6052631578947368,0.39473684210526316,0.007554351056266266,0.0004304409764396648,0.006657940529597302
194,1014,21,1,0.047619047619047616,0.6,0.95,0.85,0.010319614331441093,-0.0025188755283428086,0.00804421772719858
194,86,21,1,0.047619047619047616,0.65,0.8,0.65,0.07916942216494742,0.08408577637965209,0.08254530359408818
195,80,6,2,0.3333333333333333,1.0,0.75,0.375,0.18640578786532083,-0.14522325992584229,0.10554913679758708
195,807,6,1,0.16666666666666666,0.4,0.0,1.0,0.0860885779062907,0.21842241287231445,0.12484461069107056
195,650,6,1,0.16666666666666666,0.0,0.8,0.19999999999999996,0.035395960013071694,0.3802490582068761,-0.03816572825113932
195,725,6,1,0.16666666666666666,0.6,1.0,0.0,-0.36135940874616307,-0.34404299780726433,0.01604721633096536
195,222,6,1,0.16666666666666666,0.0,0.6,0.6,0.05183046559492747,0.08926389428476493,-0.09953533113002777
195,979,6,1,0.16666666666666666,0.0,0.4,0.19999999999999996,0.03526018808285395,-0.08400684346755345,0.02828429142634074
195,473,6,1,0.16666666666666666,0.8,1.0,0.4,0.05197578358153502,-0.2079033429423968,-0.19037729253371558
195,116,6,1,0.16666666666666666,0.6,1.0,0.19999999999999996,0.1160084508980314,0.13835387707998356,-0.06956007083257039
195,360,6,1,0.16666666666666666,0.8,0.8,0.6,-0.00644562765955925,-0.013975221974154314,-0.01384182988355557
196,33,4,1,0.25,0.33333333333333337,0.33333333333333337,1.0,0.14649933576583862,-0.19962918758392334,0.15088263154029846
196,694,4,2,0.5,1.0,0.75,0.5,-0.08155328035354614,-0.3266867995262146,-0.04215124249458313
196,659,4,1,0.25,0.0,1.0,0.33333333333333337,0.07929977774620056,0.22218865901231766,-0.16909271478652954
196,844,4,1,0.25,1.0,0.33333333333333337,0.6666666666666667,-0.05435753986239433,-0.0987057201564312,0.00798192247748375
197,80,6,1,0.16666666666666666,0.8,0.0,0.6,-0.06257541974385579,-0.1828316648801168,0.04677426815032959
197,33,6,2,0.3333333333333333,0.5,0.75,0.5,0.13869228959083557,0.3679705858230591,0.15122469266255698
197,650,6,1,0.16666666666666666,0.19999999999999996,0.4,0.6,0.3031337261199951,0.7311403180162112,0.3599487319588661
197,1,6,1,0.16666666666666666,1.0,1.0,0.8,0.22281014205267033,0.22281014205267033,0.06619140754143397
197,283,6,2,0.3333333333333333,0.5,0.5,1.0,0.1539857308283293,-0.0762564642354846,-0.036919290820757546
197,715,6,1,0.16666666666666666,0.0,0.6,0.0,0.14441666038086018,-0.24534599979718527,0.1552748673905929
197,939,6,1,0.16666666666666666,0.4,1.0,0.8,0.1046535074710846,0.14667107382168373,0.08277827004591624
197,838,6,1,0.16666666666666666,0.0,0.6,0.0,0.1270056258266171,-0.2414094309012095,-0.2414094309012095
197,753,6,1,0.16666666666666666,0.19999999999999996,0.4,0.8,0.07672798385222752,-0.21764545142650604,0.017123195032278698
198,80,10,2,0.2,0.75,1.0,0.3125,-0.09123043219248454,0.12918666998545328,-0.02162061134974162
198,807,10,4,0.4,0.08333333333333331,0.29166666666666663,0.5,0.1722603440284729,0.3884318272272746,-0.01617864767710368
198,650,10,1,0.1,0.0,0.5555555555555556,0.5555555555555556,0.40734268228212994,0.7185042134175698,0.3542398313681285
198,1,10,1,0.1,1.0,0.888888888888889,0.8888888888888888,0.5373414109150568,0.6062947140696148,0.1970112919807434
198,695,10,1,0.1,0.6666666666666667,0.7777777777777778,1.0,0.6234698295593262,0.8128025149926543,0.25285496314366657
198,222,10,1,0.1,0.0,0.7777777777777778,0.5555555555555556,0.04505923266212145,-0.0635274921854337,0.0004066278537114461
198,227,10,1,0.1,0.2222222222222222,0.4444444444444444,0.33333333333333337,0.06925362764026015,-0.1521359533071518,0.033686459515593015
198,192,10,1,0.1,1.0,1.0,0.6666666666666667,0.5213139680417136,0.5213149161305294,0.25693076103925705
198,486,10,1,0.1,0.2222222222222222,0.0,0.8888888888888888,0.49805001232986496,0.49805001232986496,0.0782003402709961
198,118,10,1,0.1,0.7777777777777778,0.7777777777777778,0.5555555555555556,0.11164347516688622,0.11164169217173973,0.05129328602924943
198,953,10,1,0.1,0.7777777777777778,0.4444444444444444,0.33333333333333337,0.21764584404165058,0.21764530682548866,0.141900952012899
198,692,10,1,0.1,0.5555555555555556,0.33333333333333337,1.0,0.34227574646417597,0.34227574646417597,0.06779928505420685
198,526,10,1,0.1,0.888888888888889,0.888888888888889,0.33333333333333337,0.14661749539926774,0.14661749539926774,-0.01872977614402771
198,482,10,1,0.1,0.7777777777777778,0.6666666666666667,0.2222222222222222,0.010792011385291289,-0.0363071421161294,0.009273185937975844
198,814,10,2,0.2,0.375,0.125,0.6875,0.025292512126422178,-0.1443421964844068,-0.08784489333629608
198,1014,10,1,0.1,0.888888888888889,0.8888888888888888,0.7777777777777778,0.04485522007714943,-0.1746221681435903,0.013900186752531832
199,80,7,2,0.2857142857142857,1.0,1.0,0.19999999999999996,0.0985535979270935,-0.15474679072697958,-0.006369968255360921
199,33,7,2,0.2857142857142857,0.19999999999999996,1.0,0.8,-0.0029914379119873047,0.15029720465342203,0.07551980018615723
199,650,7,1,0.14285714285714285,0.0,0.6666666666666667,0.16666666666666663,-0.009135146935780844,0.7415080890059471,0.15298780798912048
199,294,7,2,0.2857142857142857,0.4,1.0,1.0,0.0061485568682352705,-0.6053936580816904,0.058777064085006714
199,881,7,1,0.14285714285714285,0.6666666666666667,1.0,1.0,0.16232848664124808,0.4106312518318494,0.21677216390768686
199,725,7,1,0.14285714285714285,0.16666666666666663,1.0,0.33333333333333337,0.004980405171712239,0.13586235543092093,0.11130731304486592
199,979,7,1,0.14285714285714285,0.0,0.6666666666666667,0.0,0.02069394787152608,0.16803304851055145,-0.07851120829582214
199,815,7,1,0.14285714285714285,0.16666666666666663,0.8333333333333334,0.33333333333333337,0.06457432607809703,0.19149876137574515,0.18301483119527498
199,59,7,1,0.14285714285714285,0.16666666666666663,0.8333333333333334,0.8333333333333334,0.09141941368579865,0.16380250826478004,0.09141941368579865
199,696,7,1,0.14285714285714285,0.6666666666666667,1.0,0.33333333333333337,0.10678523778915405,0.18098501736919084,-0.11608434716860454
199,932,7,2,0.2857142857142857,1.0,0.6,0.4,0.10303985824187596,0.1697485067998059,0.16871705503823856
200,80,6,2,0.3333333333333333,0.75,1.0,0.125,0.1315592130025228,0.23536535104115805,0.1315592328707377
200,1,6,1,0.16666666666666666,1.0,0.6,0.6,0.24702396988868713,0.224677840868632,0.03864832719167074
200,659,6,1,0.16666666666666666,0.0,1.0,0.6,-0.04325092832247416,-0.12296239535013835,-0.0872708261013031
200,728,6,2,0.3333333333333333,0.25,1.0,0.625,0.02392534414927165,0.440804198384285,0.04966163635253906
200,251,6,2,0.3333333333333333,0.25,1.0,0.125,0.1240005095799764,0.37558554609616596,0.17267358303070068
200,914,6,1,0.16666666666666666,0.0,1.0,0.8,-0.009795360888044039,-0.0604059457158049,-0.024542856651047867
201,80,16,2,0.125,0.7142857142857143,0.9285714285714286,0.6428571428571428,0.12847423553466797,0.12126044432322185,0.022154609362284344
201,33,16,2,0.125,0.5,1.0,0.5714285714285714,0.014991757770379385,-0.42813677589098614,-0.14951220154762268
201,807,16,6,0.375,0.4833333333333334,0.5333333333333333,0.3833333333333333,0.037553091843922935,0.04991279045740763,0.0008469025293986002
201,650,16,3,0.1875,0.0769230769230769,0.9230769230769231,0.3846153846153846,0.005778392155965169,0.22304113705952963,0.0001331766446431478
201,893,16,3,0.1875,0.0,0.8461538461538461,0.17948717948717946,0.002349992593129476,0.4120858597258727,0.036147236824035645
201,1,16,1,0.0625,1.0,0.9333333333333333,0.7333333333333334,0.8454842660515473,0.960023117060094,0.04214028517405192
201,695,16,1,0.0625,0.5333333333333333,0.6,0.4666666666666667,0.48942868163188297,0.3722047518628339,0.13594997922579447
201,389,16,2,0.125,0.25,0.4642857142857143,0.3928571428571429,0.12329434355099995,0.7930816348319544,0.7121273260563612
201,283,16,2,0.125,0.6428571428571428,0.1428571428571429,0.07142857142857145,0.7161393511742867,0.7196021340315278,0.035172343254089355
201,114,16,1,0.0625,0.6,0.9333333333333333,0.19999999999999996,0.18503620009869337,0.20426853482763363,0.19538660471198455
201,540,16,1,0.0625,0.6,0.6666666666666667,0.9333333333333333,0.6277566959121638,0.6306893665099172,0.6066381682564194
201,713,16,1,0.0625,0.4,0.9333333333333333,0.8,0.5302615041534106,0.7271243665139385,0.46681528476377326
201,362,16,1,0.0625,0.4,0.7333333333333334,0.6,0.5537054821227988,0.5687060436786554,0.2519269635279973
201,69,16,1,0.0625,0.5333333333333333,0.33333333333333337,0.4,0.5049561871758973,0.8402362519247059,0.7915120912609078
201,953,16,1,0.0625,0.8,0.7999999999999999,0.6666666666666667,0.05878008958665822,0.05874432212416044,0.026513008400797844
201,585,16,1,0.0625,0.8666666666666667,1.0,0.6,0.029910640416972816,0.02992495137490181,0.012803040932055865
202,80,14,10,0.7142857142857143,1.0,0.425,0.375,-0.00030316909154256183,0.0048051873842875166,0.003581861654917399
202,807,14,2,0.14285714285714285,0.08333333333333337,0.8333333333333334,0.4166666666666667,0.09852004051208496,0.5286583652098974,0.36644739905993146
202,650,14,1,0.07142857142857142,0.0,0.9230769230769231,0.23076923076923073,0.10249720017115276,0.8512015814582506,0.0646788477897644
202,893,14,1,0.07142857142857142,0.0,0.9230769230769231,0.8461538461538461,0.4585118492444356,0.8445034449299177,0.334307720263799
202,147,14,1,0.07142857142857142,0.07692307692307687,0.0,0.46153846153846156,0.30807935756941635,0.31638135264317196,0.2263766104976336
202,887,14,8,0.5714285714285714,0.875,0.5416666666666666,0.37500000000000006,0.38425665100415546,0.5027443766593933,0.21682828664779663
202,389,14,1,0.07142857142857142,0.07692307692307687,0.15384615384615385,0.3846153846153846,0.08344386550985898,-0.04442758977044529,0.08118114162789425
202,540,14,1,0.07142857142857142,0.7692307692307692,0.9230769230769231,0.23076923076923073,0.25936305057257414,0.31261319185917574,0.22573124043022594
202,713,14,1,0.07142857142857142,0.15384615384615385,1.0,0.0,0.12392420414835215,0.005223086259017388,0.12299985620969285
202,119,14,6,0.42857142857142855,0.6875,0.6666666666666666,0.29166666666666663,0.48818996269255877,0.552759691917648,0.4380089163314551
202,243,14,1,0.07142857142857142,0.46153846153846156,0.46153846153846156,0.5384615384615384,0.1730622537434101,0.025493518468768645,0.17549899001217759
202,981,14,1,0.07142857142857142,0.3846153846153846,0.7692307692307692,1.0,0.02173919203535964,-0.09314002407093842,0.010254221657911936
202,263,14,1,0.07142857142857142,0.15384615384615385,1.0,0.7692307692307692,0.1248186097946018,0.01538295364783456,0.09102718656261762
202,816,14,1,0.07142857142857142,0.6923076923076923,0.9230769230769231,1.0,0.0019017715106504813,-0.04106365252907077,0.0013737014378421009
202,86,14,1,0.07142857142857142,0.46153846153846156,0.6923076923076923,0.23076923076923073,0.09503969294019043,0.0025330757489427924,0.10583132586907595
203,80,4,2,0.5,1.0,0.5,1.0,0.033462464809417725,0.065829336643219,0.033462464809417725
203,147,4,1,0.25,0.33333333333333337,0.33333333333333337,0.0,0.0886596143245697,-0.12300361692905426,-0.03955836594104767
203,659,4,1,0.25,0.0,1.0,0.0,0.0011418461799621582,0.42723678052425385,0.42723678052425385
203,85,4,1,0.25,0.0,1.0,0.33333333333333337,0.12582534551620483,0.46671757847070694,0.011433839797973633
203,432,4,1,0.25,0.6666666666666667,1.0,0.33333333333333337,0.11990198493003845,0.13522905856370926,-0.030034899711608887
203,981,4,1,0.25,0.33333333333333337,0.33333333333333337,1.0,0.0927830021828413,-0.36225423216819763,-0.07154321670532227
203,816,4,1,0.25,1.0,1.0,0.6666666666666667,0.04927042708732188,-0.3503926247358322,-0.3503926247358322
204,80,7,2,0.2857142857142857,1.0,0.8,0.0,0.09837563832600911,0.18895288308461508,0.09837563832600911
204,33,7,1,0.14285714285714285,0.16666666666666663,0.6666666666666667,0.8333333333333334,0.10472436745961507,0.17397882541020712,0.09907488028208415
204,650,7,1,0.14285714285714285,0.0,1.0,0.16666666666666663,0.3034169326225917,0.4656473994255066,0.32763153314590454
204,294,7,1,0.14285714285714285,0.6666666666666667,1.0,0.33333333333333337,0.17665964365005493,0.3982951144377391,0.00239717960357666
204,694,7,3,0.42857142857142855,0.9166666666666666,1.0,0.16666666666666666,0.26336602369944256,0.2680575450261434,-0.05198991298675537
204,794,7,1,0.14285714285714285,1.0,0.8333333333333334,1.0,0.2986724687119325,0.4131642412394285,0.16446656982103983
204,1004,7,1,0.14285714285714285,0.0,0.0,0.6666666666666667,0.049244423707326256,-0.1039106547832489,0.016217162211736042
204,401,7,1,0.14285714285714285,1.0,0.8333333333333334,0.8333333333333334,0.15058504914244017,-0.08006191750367482,-0.09550354878107707
204,432,7,1,0.14285714285714285,1.0,1.0,0.16666666666666663,0.05042973905801773,-0.08204463124275208,-0.08204463124275208
204,976,7,1,0.14285714285714285,1.0,0.33333333333333337,0.0,0.050522745276490845,0.06753850573052962,0.06611674341062705
204,332,7,1,0.14285714285714285,0.6666666666666667,0.6666666666666667,0.16666666666666663,0.13020982407033443,-0.11722127596537273,0.13326589514811835
204,778,7,1,0.14285714285714285,0.8333333333333334,1.0,0.16666666666666663,0.023771037347614765,0.04167430009692907,0.03495383510986964
204,92,7,1,0.14285714285714285,0.16666666666666663,0.33333333333333337,0.6666666666666667,0.0439664696653684,-0.049841841061909996,-0.05869813015063604
205,80,7,1,0.14285714285714285,0.6666666666666667,1.0,0.8333333333333334,0.1842024326324463,0.3780466268459956,0.006116429964701335
205,807,7,2,0.2857142857142857,0.7,0.8,0.9,0.33139631152153015,0.5010916093985239,0.3478076060612996
205,650,7,1,0.14285714285714285,0.33333333333333337,0.8333333333333334,0.6666666666666667,0.3259245629111926,0.31009556849797565,0.11133809884389241
205,893,7,1,0.14285714285714285,0.16666666666666663,0.6666666666666667,0.5,0.7424519404303282,0.8136221314004312,0.1060601274172465
205,1,7,1,0.14285714285714285,1.0,1.0,0.6666666666666667,0.5381011789043745,0.5381011789043745,0.10253608226776123
205,659,7,2,0.2857142857142857,0.2,1.0,0.0,-0.42411935329437256,-0.42411935329437256,0.13255512714385986
205,389,7,1,0.14285714285714285,0.5,0.5,0.8333333333333334,0.3740494151910146,0.44571586036666605,0.06693334877490997
205,85,7,1,0.14285714285714285,0.0,1.0,0.6666666666666667,-0.1457999348640442,-0.1457999348640442,0.12244805693626404
205,251,7,1,0.14285714285714285,0.8333333333333334,0.8333333333333334,0.8333333333333334,0.06355762885262568,-0.2943313370148341,-0.23475811382134756
205,820,7,1,0.14285714285714285,0.6666666666666667,1.0,0.6666666666666667,0.28780266797790927,0.28946004462098546,-0.19199752807617188
205,914,7,1,0.14285714285714285,0.16666666666666663,0.8333333333333334,0.6666666666666667,0.2158718208471934,0.13614267110824585,0.09899488588174184
205,601,7,1,0.14285714285714285,1.0,1.0,0.16666666666666663,0.523229636554485,0.523229636554485,0.433515931169192
206,650,4,1,0.25,0.0,1.0,1.0,0.35588397085666656,0.3809528797864914,0.3809528797864914
206,694,4,2,0.5,1.0,1.0,0.75,0.22193485498428345,0.22193485498428345,0.17508703470230103
206,342,4,1,0.25,0.33333333333333337,0.33333333333333337,0.6666666666666667,0.22328874468803406,-0.2446834146976471,-0.2446834146976471
206,1004,4,1,0.25,0.0,0.0,0.33333333333333337,0.08398273587226868,0.08398273587226868,0.08139108121395111
206,621,4,1,0.25,0.33333333333333337,0.33333333333333337,0.6666666666666667,0.3065895438194275,0.3065895438194275,0.2523104101419449
206,92,4,1,0.25,0.6666666666666667,0.6666666666666667,0.6666666666666667,0.12831032276153564,0.12831032276153564,-0.034604206681251526
207,80,16,1,0.0625,0.6,0.6666666666666667,0.9333333333333333,0.18474356333414713,0.4676279326279958,0.22382921973864237
207,807,16,2,0.125,0.17857142857142855,0.7142857142857143,0.4642857142857143,0.4251159330209096,0.6141561393936475,0.00482948621114095
207,650,16,1,0.0625,0.0,0.7333333333333334,0.6666666666666667,0.19220067063967386,0.38176929702361423,0.002097527186075846
207,893,16,1,0.0625,0.0,0.7333333333333334,0.6,0.9855759097454211,0.9856917924750329,0.06709712743759155
207,1,16,2,0.125,0.9285714285714286,0.8928571428571429,0.17857142857142855,0.8826502114413112,0.8355485349772304,0.623166044553121
207,147,16,1,0.0625,0.5333333333333333,0.4,0.8666666666666667,0.3846660242409901,0.38473043093858905,-0.05222948392232259
207,389,16,1,0.0625,0.19999999999999996,0.5333333333333333,0.4,0.9108817202322825,0.9107466662978917,0.5556885635305662
207,114,16,2,0.125,0.75,0.4285714285714286,0.5357142857142857,0.9758046536395947,0.9887420717762628,0.17768379052480063
207,116,16,1,0.0625,0.6,0.6666666666666667,1.0,0.4029162387343514,0.40286625310987506,-0.018091797828674316
207,820,16,2,0.125,1.0,1.0,0.9642857142857143,0.8742472139397698,0.8743398618296209,0.8290300691927163
207,786,16,1,0.0625,0.8,0.5333333333333333,0.33333333333333337,0.7061767050521061,0.7063570548244543,0.3440105753640334
207,69,16,1,0.0625,0.7333333333333334,0.6,0.5333333333333333,0.6298188312112637,0.6299724540362823,0.6188839502477398
207,825,16,1,0.0625,1.0,0.9333333333333333,0.1333333333333333,0.6029928146141638,0.6030295951325139,0.303547124688824
207,403,16,1,0.0625,0.8,0.9333333333333333,0.8,0.6222797879638348,0.6225790367809517,0.2025733490784963
207,904,16,6,0.375,0.09999999999999998,0.9333333333333333,0.45,0.7924458121306088,0.852744469884783,0.30320555344223976
207,429,16,4,0.25,0.20833333333333331,0.8333333333333334,0.625,0.966958811972224,0.974373228201633,0.27781447768211365
208,694,4,1,0.25,0.6666666666666667,0.6666666666666667,0.6666666666666667,-0.3577165901660919,-0.36836615204811096,0.10765422880649567
208,342,4,1,0.25,0.33333333333333337,0.6666666666666667,0.6666666666666667,0.12063378095626831,-0.16259130835533142,0.12063378095626831
208,621,4,1,0.25,0.0,1.0,1.0,-0.24523381143808365,-0.31621984392404556,0.04701007157564163
208,674,4,1,0.25,0.6666666666666667,1.0,0.6666666666666667,0.0021511316299438477,0.42477333545684814,-0.004695236682891846
208,360,4,1,0.25,0.33333333333333337,0.6666666666666667,1.0,0.009673357009887695,0.3960114121437073,0.009673357009887695
208,790,4,1,0.25,0.33333333333333337,0.6666666666666667,0.0,-0.0018308758735656738,0.2759239077568054,1.239776611328125e-05
209,80,11,1,0.09090909090909091,0.6,0.9,0.19999999999999996,0.016970117886861164,0.07980523506800334,0.01511154572168986
209,33,11,3,0.2727272727272727,0.25,1.0,0.625,0.035526921351750694,-0.3118055462837219,0.16263949374357858
209,807,11,1,0.09090909090909091,0.09999999999999998,0.7000000000000001,1.0,0.028377652168273926,0.7304930500686169,0.07697967688242595
209,650,11,1,0.09090909090909091,0.0,0.7999999999999999,0.0,0.036994616190592446,0.7100351409365734,0.6300821636493007
209,893,11,1,0.09090909090909091,0.0,0.7999999999999999,0.8,0.08212926983833313,0.8008431893952851,0.6695238676620647
209,695,11,2,0.18181818181818182,0.7777777777777778,0.4444444444444445,0.6111111111111112,0.34883899490038556,0.410488564807262,0.3058429551310837
209,725,11,1,0.09090909090909091,0.9,0.5,0.4,0.054130891958872475,0.6754680089652538,0.6770351640880108
209,114,11,1,0.09090909090909091,1.0,1.0,0.4,0.31413479617746515,0.3142617152021039,0.0016594777504603069
209,392,11,3,0.2727272727272727,0.75,0.125,0.625,0.36982551650551915,0.3698358378454654,0.36979896308700216
209,362,11,1,0.09090909090909091,0.6,0.8,0.09999999999999998,-0.03798262666290005,-0.031211870435375506,0.0027042215491140573
209,144,11,1,0.09090909090909091,0.4,0.4,0.19999999999999996,-0.13888368010520935,0.3846228022571789,0.00979881485303243
209,487,11,1,0.09090909090909091,1.0,0.8,0.4,0.42964777909219265,0.46682060323599234,0.012852273881435394
209,814,11,1,0.09090909090909091,0.5,0.8,0.0,0.3373524444226253,0.33988447386401316,0.10247530788183212
209,740,11,1,0.09090909090909091,0.19999999999999996,0.4,1.0,-0.26941944162050885,0.38048623194026227,0.3261670619249344
209,425,11,1,0.09090909090909091,0.09999999999999998,0.6,0.30000000000000004,-0.3069408933321635,0.2882036090916862,0.12060408294200897
210,80,12,5,0.4166666666666667,0.6571428571428571,0.2,0.7142857142857142,0.005690276622772217,0.11471662918726604,0.013604223728179932
210,33,12,2,0.16666666666666666,0.35,0.9500000000000001,0.6,0.06604176759719849,0.03519884745279948,0.026218215624491375
210,807,12,2,0.16666666666666666,1.0,0.9500000000000001,0.5,0.6089772606889406,0.5426504875843724,-0.01198039452234904
210,650,12,1,0.08333333333333333,0.18181818181818177,1.0,0.4545454545454546,0.35769327729940414,0.610632066304485,0.3207891434431076
210,893,12,1,0.08333333333333333,0.2727272727272727,0.8181818181818181,0.5454545454545454,0.680693105852697,0.7568482353138583,0.3934984753529231
210,294,12,1,0.08333333333333333,0.4545454545454546,1.0,0.4545454545454546,0.0725176731745402,0.3167964418729146,0.014565547307332357
210,695,12,1,0.08333333333333333,0.18181818181818177,0.7272727272727273,0.4545454545454546,0.4876328979929288,0.5211994172229121,0.2969549000263214
210,147,12,1,0.08333333333333333,0.5454545454545454,0.7272727272727273,0.5454545454545454,0.5335235788176457,0.41954714556535083,0.18939800063769022
210,887,12,3,0.25,0.9629629629629629,0.4444444444444444,0.7777777777777777,0.28818655510743457,0.6355787801245848,0.08289974927902222
210,794,12,1,0.08333333333333333,0.8181818181818181,0.6363636363636364,0.0,0.2724728931983312,0.708975151181221,0.28211677074432373
210,591,12,1,0.08333333333333333,0.8181818181818181,0.7272727272727273,1.0,0.36234536332388717,0.6343148599068323,0.39713295300801593
210,342,12,1,0.08333333333333333,0.2727272727272727,0.6363636363636364,0.36363636363636365,0.3085763839771971,0.304831285495311,0.2822215147316456
210,1017,12,1,0.08333333333333333,0.2727272727272727,0.5454545454545454,0.5454545454545454,0.12407002178952098,0.0016946526448009536,0.10599601375482355
210,13,12,1,0.08333333333333333,0.6363636363636364,0.36363636363636365,0.7272727272727273,0.4231575991725549,0.4220908293888594,0.1496088026712338
210,119,12,1,0.08333333333333333,1.0,0.7272727272727273,0.8181818181818181,0.3563930628200372,0.41268248965449555,0.4088566313730553
210,420,12,1,0.08333333333333333,0.9090909090909091,0.8181818181818181,0.09090909090909094,0.2819640399732937,0.07467177816821884,0.04170943796634674
210,1022,12,1,0.08333333333333333,0.2727272727272727,0.4545454545454546,0.0,0.10447979345917702,0.1413245889486158,0.008199927707513174
210,585,12,1,0.08333333333333333,0.5454545454545454,0.9090909090909091,0.6363636363636364,0.10301669912102322,0.21431898124846782,0.1507123118887345
210,440,12,1,0.08333333333333333,0.4545454545454546,1.0,0.2727272727272727,0.16005606000862826,0.2350554125281903,0.11846454938252766
210,710,12,1,0.08333333333333333,0.7272727272727273,0.4545454545454546,0.6363636363636364,0.23912691371515393,0.35039544759024466,0.23636366364856562
211,80,25,18,0.72,0.9444444444444444,0.2658730158730159,0.5317460317460317,4.609425862630208e-06,5.729993184407552e-05,1.243750254313151e-05
211,33,25,1,0.04,0.33333333333333337,1.0,0.0,0.0043558478355407715,1.3808409372965494e-05,0.0001573363939921061
211,807,25,3,0.12,0.06060606060606059,0.5303030303030303,0.19696969696969696,0.10198992490768433,0.5523750831683477,0.11355016628901164
211,650,25,1,0.04,0.04166666666666663,1.0,0.45833333333333337,0.5623484030365944,0.8544514458626509,0.006061752637227376
211,893,25,1,0.04,0.0,1.0,0.9583333333333334,0.6787711307406425,0.7879504960777316,0.6720773049164563
211,1,25,1,0.04,1.0,1.0,0.33333333333333337,0.38100943218645017,0.3836010129501422,0.3489440170427163
211,294,25,1,0.04,0.33333333333333337,1.0,0.625,-0.0055383046468098955,0.09407977263132732,-0.005914529164632161
211,695,25,1,0.04,0.125,0.75,0.0,0.5063891640553871,0.5040155813718835,0.44633139794071514
211,147,25,1,0.04,0.75,0.875,0.45833333333333337,0.3711872707741956,0.3935086093842983,0.24735413491725922
211,887,25,14,0.56,0.9935064935064934,0.37012987012987014,0.5714285714285714,0.1241528590520223,0.34583309292793274,0.02512898047765096
211,794,25,1,0.04,0.45833333333333337,0.625,0.375,0.19254141052563986,0.4726961503426234,0.018385032812754314
211,591,25,1,0.04,0.45833333333333337,0.875,0.5833333333333333,0.33622018496195477,0.6203043746451536,0.013877809047698975
211,222,25,1,0.04,0.0,0.29166666666666663,0.625,0.1072785275367399,0.09887838767220576,0.07574771561970313
211,540,25,1,0.04,0.29166666666666663,0.875,0.75,0.5031448574785221,0.5046580255342027,0.3956894537162346
211,119,25,12,0.48,0.8589743589743589,0.7115384615384616,0.34615384615384615,0.9064162442906915,0.9542282580928259,0.5952801580230395
211,227,25,1,0.04,0.125,0.6666666666666666,0.75,0.0020488583162772875,0.002049055189840073,-0.0022341621418793998
211,420,25,1,0.04,0.8333333333333334,0.875,0.9166666666666666,0.7027720756401928,0.8901421081112252,0.275453378756841
211,362,25,1,0.04,0.20833333333333337,0.9583333333333334,0.9583333333333334,0.20817536994278876,0.20915119395552514,0.20614896143282144
211,118,25,1,0.04,0.9583333333333334,0.875,0.875,0.0335996666843054,0.03353901285724229,-0.01404815229276816
211,243,25,1,0.04,0.29166666666666663,0.16666666666666663,0.375,0.33643568575037835,0.3362102136791994,0.29915537281582755
211,953,25,1,0.04,0.8333333333333333,0.5833333333333333,0.41666666666666663,3.568538394812156e-05,3.427830528342687e-05,3.523424211060444e-05
211,526,25,1,0.04,1.0,1.0,0.5416666666666667,0.0010182051476130872,0.00101593499768041,-3.190126153640449e-05
211,482,25,1,0.04,0.8333333333333334,0.7916666666666666,0.5833333333333333,6.992441928910358e-06,6.899740653570907e-06,-3.800670735169357e-06
211,1014,25,1,0.04,1.0,1.0,0.7916666666666666,0.007834803473635576,0.007770914388911383,0.0044914555619470775
211,375,25,1,0.04,0.7083333333333333,0.8333333333333334,0.0,0.08778983251731158,-0.040051579536642144,0.07589300940192818
211,677,25,1,0.04,0.7916666666666666,0.9583333333333334,0.16666666666666663,0.07451401693865023,0.07450818365153584,0.06654581864196037
212,80,8,3,0.375,0.9333333333333333,0.7333333333333333,0.39999999999999997,0.020087937513987224,0.1781474749247233,-0.017495572566986084
212,33,8,1,0.125,0.5714285714285714,0.7142857142857143,0.7142857142857143,0.029528995354970295,-0.018903791904449463,-0.023587385813395183
212,807,8,2,0.25,0.16666666666666663,0.8333333333333334,0.5,-0.011988341808319092,0.3770494858423869,0.08529601494471233
212,650,8,1,0.125,0.0,0.8571428571428572,0.5714285714285714,0.009559214115142822,0.8741929903626442,-0.03223119179407755
212,893,8,1,0.125,0.0,0.8571428571428572,0.7142857142857143,0.32707029581069946,0.7360251949479183,0.7366220174978176
212,887,8,1,0.125,0.5714285714285714,0.5714285714285714,0.5714285714285714,0.16347501675287882,-0.32850609719753265,0.032694692413012184
212,389,8,1,0.125,0.1428571428571429,0.2857142857142857,0.1428571428571429,0.040959637612104416,-0.010863005222442249,0.007080497841040294
212,128,8,1,0.125,0.4285714285714286,0.7142857142857143,0.7142857142857143,0.097881813844045,0.25339431564013165,-0.07574473818143208
212,540,8,1,0.125,0.7142857142857143,0.8571428571428572,0.8571428571428572,0.0977335013449192,0.020396535595258076,-0.163068617383639
212,713,8,1,0.125,0.2857142857142857,1.0,0.8571428571428572,0.04505850374698639,-0.1889455517133077,0.046692755073308945
212,667,8,1,0.125,0.7142857142857143,0.7142857142857143,0.5714285714285714,0.11518127222855885,-0.17243389785289764,0.0352764700849851
212,263,8,1,0.125,0.2857142857142857,1.0,1.0,0.05726095226903757,-0.10680023084084193,0.016373506436745327
212,406,8,1,0.125,0.5714285714285714,0.0,0.1428571428571429,0.0006751418113708496,0.00020546745508909225,-0.02755948652823766
212,86,8,1,0.125,0.7142857142857143,0.7142857142857143,0.8571428571428572,0.03122578530261914,-0.06466543177763621,0.017574387912948925
213,659,5,4,0.8,0.0,0.0,0.25,0.11884065469106038,0.11884063482284546,0.07292699813842773
213,114,5,1,0.2,1.0,1.0,0.0,0.7770417730013529,0.7770417730013529,0.34482601284980774
213,803,5,4,0.8,0.0,0.0,0.25,0.8858056981116533,0.8858056981116533,0.2365595499674479
214,33,5,1,0.2,0.5,0.25,0.0,0.0939764529466629,-0.08201268315315247,0.002285848061243693
214,650,5,1,0.2,0.25,0.25,0.25,0.688580259680748,0.6884932070970535,0.10894409815470378
214,128,5,1,0.2,0.75,0.75,1.0,0.13476765155792236,0.11101646224657695,0.03679477175076803
214,214,5,1,0.2,0.75,0.5,0.25,0.013234163324038187,-0.0334680521239837,-0.011781546287238598
214,715,5,1,0.2,0.0,0.75,0.0,0.0485713000719746,-0.23066914826631546,0.05050338804721832
214,939,5,1,0.2,0.5,1.0,1.0,-0.26256847381591797,-0.12359945476055145,0.28660699298294884
214,838,5,1,0.2,0.0,0.75,0.0,-0.22244685888290405,-0.2541555737455686,0.1331835389137268
214,753,5,1,0.2,0.25,0.5,0.75,-0.4450813482205073,-0.25108123073975247,-0.4450813482205073
214,406,5,1,0.2,0.5,0.25,0.5,0.06439703485618035,-0.04631659698983034,0.03891192997495333
215,80,17,2,0.11764705882352941,0.19999999999999996,0.8666666666666667,0.4666666666666667,0.0009155869483947754,0.15565349658330283,0.008714119593302408
215,33,17,4,0.23529411764705882,0.3846153846153846,0.8461538461538461,0.7307692307692307,0.19710516929626465,-0.17639917135238647,-0.11858369906743367
215,807,17,4,0.23529411764705882,1.0,0.8461538461538463,0.4807692307692307,0.3041151960690816,0.224208136399587,0.20402599374453226
215,650,17,2,0.11764705882352941,0.4666666666666667,1.0,0.6000000000000001,0.36061227321624756,0.3808533474802971,0.041727264722188316
215,893,17,2,0.11764705882352941,0.6,0.8,0.8,0.6918177047045901,0.7049972576399645,0.18745007117589316
215,695,17,2,0.11764705882352941,0.33333333333333337,0.6,0.33333333333333337,0.7276726709096693,0.7417958660128837,0.2257749636967977
215,147,17,2,0.11764705882352941,0.1333333333333333,0.6,0.6666666666666667,0.7288978334205846,0.6122883930802345,0.4974720279375712
215,114,17,1,0.058823529411764705,0.75,1.0,1.0,0.2946070938669436,0.4361083512326707,0.43592666625826365
215,342,17,2,0.11764705882352941,0.2666666666666667,0.5333333333333333,0.5333333333333333,0.6546124003498335,0.6843776871043398,0.4038027652228872
215,1017,17,2,0.11764705882352941,0.7333333333333334,0.6666666666666667,0.4666666666666667,0.5152356390851006,0.5370731403267949,0.3085284313807885
215,392,17,2,0.11764705882352941,0.2666666666666667,0.4,0.43333333333333335,0.1459763521173348,0.3787162930242894,0.3609096754683681
215,1022,17,2,0.11764705882352941,0.4,0.5333333333333333,0.7333333333333334,0.258119662340808,0.25818981230297944,0.2550949932143946
215,585,17,2,0.11764705882352941,0.5333333333333333,0.8666666666666667,0.5333333333333333,0.07566471823838583,0.19955329779456765,0.13912435382371768
215,487,17,2,0.11764705882352941,1.0,0.5333333333333333,0.5666666666666667,0.02206588288148244,0.10831609360760315,0.10516850041370655
215,440,17,2,0.11764705882352941,0.8666666666666667,1.0,0.5,0.3053379408794316,0.524948648986233,0.5216583160599839
215,375,17,2,0.11764705882352941,0.5333333333333333,0.6666666666666667,0.4,0.08935809586491672,-0.02640222650038974,0.08865407598204911
216,80,9,6,0.6666666666666666,1.0,0.33333333333333337,0.2777777777777778,-0.00040129820505777997,0.024372577667236328,0.008657594521840414
216,33,9,2,0.2222222222222222,0.1428571428571429,1.0,0.5714285714285714,0.03344521919886271,0.03536240259806315,0.022108932336171467
216,294,9,2,0.2222222222222222,0.4285714285714286,1.0,0.6428571428571428,0.0039023359616597495,0.15504785378774008,0.01694554090499878
216,695,9,1,0.1111111111111111,0.0,1.0,0.75,0.10140944520632426,0.16434534142414728,-0.09275754292805989
216,887,9,2,0.2222222222222222,0.7142857142857143,0.4285714285714286,0.2857142857142857,0.12264440457026164,0.22364570697148642,0.1403220295906067
216,794,9,2,0.2222222222222222,1.0,0.7142857142857143,0.5714285714285714,0.07565943400065105,0.30819899837176007,-0.021219313144683838
216,591,9,2,0.2222222222222222,1.0,0.7142857142857143,0.35714285714285715,0.3217461208502452,0.6264561340212822,0.2584134340286255
216,13,9,2,0.2222222222222222,0.4285714285714286,0.0,0.14285714285714285,0.0835668072104454,0.0016451080640157063,-0.06633368134498596
216,968,9,1,0.1111111111111111,0.0,1.0,0.0,0.02616610626379649,0.0680551202967763,0.01322530023753643
217,80,11,2,0.18181818181818182,0.6666666666666667,0.8333333333333334,0.3888888888888889,0.04886058966318766,0.30716852347056073,0.018389324347178142
217,33,11,1,0.09090909090909091,0.4,0.8,0.8,0.2906721532344818,0.25953664382298786,0.07073731223742168
217,807,11,1,0.09090909090909091,0.8,1.0,0.09999999999999998,0.2794845600922902,0.44400354226430255,0.050998946030934654
217,650,11,2,0.18181818181818182,0.5,0.33333333333333337,0.4444444444444444,0.0155409574508667,0.05827446778615316,0.16534769535064697
217,294,11,1,0.09090909090909091,0.9,1.0,0.0,0.2760539750258128,0.2672206262747447,0.03324473897616068
217,881,11,1,0.09090909090909091,0.7,0.9,0.5,0.3925707588593165,0.657947322819382,-0.00728521744410197
217,128,11,1,0.09090909090909091,0.6,0.8,0.0,0.07487355420986812,-0.2922336881359418,0.04703290946781635
217,725,11,1,0.09090909090909091,0.8,0.4,0.8,0.053903281688690186,0.2786440352598826,0.23644631107648215
217,979,11,1,0.09090909090909091,0.0,0.30000000000000004,0.7,0.42198731005191803,0.6133525694410006,0.11614032586415608
217,815,11,1,0.09090909090909091,0.4,0.6,0.6,0.6112985266372561,0.6838778625242412,0.1276212533315023
217,118,11,1,0.09090909090909091,0.7,1.0,0.0,0.019004555031036336,0.024067789073645447,0.023147728526964784
217,715,11,2,0.18181818181818182,0.22222222222222227,0.6666666666666667,0.11111111111111116,0.063554714123408,0.41015810581545037,0.19246768454710642
217,939,11,1,0.09090909090909091,0.5,0.8,0.9,-0.065175066391627,0.3600088581442833,0.11616963148117065
217,838,11,1,0.09090909090909091,0.09999999999999998,0.9,0.6,0.10977743069330852,0.4670677458246549,-0.008882721265157064
217,753,11,1,0.09090909090909091,0.19999999999999996,0.7,0.0,0.06580814222494762,0.37082424154505134,0.2891321120162805
217,197,11,1,0.09090909090909091,0.8,0.6,0.09999999999999998,0.02019574165751692,-0.15498368628323078,-0.07646602454284827
218,80,26,15,0.5769230769230769,0.890909090909091,0.36363636363636365,0.26666666666666666,2.3285547892252605e-05,0.002551873524983724,-5.920728047688802e-06
218,33,26,3,0.11538461538461539,0.5652173913043479,1.0,0.7391304347826086,0.017101844151814777,0.0038732290267944336,0.00015010436375935873
218,650,26,1,0.038461538461538464,0.0,0.84,0.19999999999999996,0.44484686851501465,0.8834130783216096,0.3843076229095459
218,294,26,3,0.11538461538461539,0.6956521739130435,0.9565217391304348,0.49275362318840576,0.3522481669982274,0.5563546667496363,-0.00027308861414591473
218,695,26,6,0.23076923076923078,0.19999999999999996,0.95,0.325,0.22350247701009116,0.8145599390069643,0.03900738557179769
218,887,26,3,0.11538461538461539,0.8695652173913043,0.4347826086956522,0.46376811594202894,0.5428425240097567,0.9645924132006863,0.008660634358723959
218,794,26,3,0.11538461538461539,1.0,0.6956521739130435,0.6811594202898551,0.5156465687978198,0.8837349056266248,0.08973946173985799
218,591,26,3,0.11538461538461539,1.0,0.8260869565217391,0.6521739130434783,0.7029918835880077,0.763595889438875,0.39390501969804365
218,13,26,9,0.34615384615384615,0.4117647058823529,0.0,0.4248366013071895,0.3330342529031138,0.2143783482412497,0.16784382487336794
218,192,26,1,0.038461538461538464,1.0,1.0,0.88,0.007380765110272118,0.007380369362016618,0.006107851404607345
218,486,26,1,0.038461538461538464,0.0,0.84,0.88,0.010326912617567055,0.010325678745971345,0.008633482949032137
218,190,26,1,0.038461538461538464,0.64,1.0,0.72,0.000445123996617743,-0.0009473962500692323,0.00044482007857974776
218,692,26,3,0.11538461538461539,0.17391304347826086,0.9565217391304348,0.7391304347826088,0.007645113947864009,0.0076437259643095485,0.006278934500490625
218,968,26,3,0.11538461538461539,0.04347826086956519,0.9565217391304347,0.6231884057971016,-0.016128633326540392,-0.005855164194751221,0.0007094248430803418
219,33,4,2,0.5,0.5,1.0,0.75,0.02578204870223999,0.041687607765197754,0.041687607765197754
219,807,4,1,0.25,0.33333333333333337,1.0,0.0,-0.08954662084579468,0.2948286812752485,0.2948286812752485
219,342,4,1,0.25,0.0,0.6666666666666667,1.0,0.38736824691295624,0.38736824691295624,0.07822680473327637
219,1017,4,2,0.5,1.0,0.0,0.5,-0.15693658590316772,0.16874758678022772,-0.06599493324756622
219,1022,4,1,0.25,0.0,0.6666666666666667,0.0,0.10883281449787319,-0.1096375584602356,-0.038069725036621094
219,585,4,1,0.25,1.0,1.0,1.0,0.09761692676693201,0.09761692676693201,0.09761692676693201
220,33,10,4,0.4,0.24999999999999997,0.7083333333333334,0.5416666666666667,0.41202767690022785,0.32774314284324646,0.045990824699401855
220,807,10,1,0.1,0.7777777777777778,0.8888888888888888,0.2222222222222222,0.14121090372403464,0.7634973271439472,0.5277747089664141
220,650,10,1,0.1,0.11111111111111116,0.6666666666666667,0.7777777777777778,0.5627585748831431,0.7400703509532226,0.24312948187192282
220,893,10,1,0.1,0.0,0.6666666666666667,0.8888888888888888,0.5861888159949254,0.5866762262079798,0.1094505786895752
220,1,10,1,0.1,0.8888888888888888,0.888888888888889,0.6666666666666667,0.5205225137372812,0.5210949970254054,0.059688717126846313
220,128,10,1,0.1,0.4444444444444444,0.5555555555555556,0.5555555555555556,0.1004695426672697,-0.04841727142532667,-0.010371193289756775
220,283,10,1,0.1,0.2222222222222222,0.5555555555555556,0.8888888888888888,0.5008581123007995,0.5162613817804717,0.02246856689453125
220,114,10,1,0.1,0.8888888888888888,1.0,0.5555555555555556,0.35072817964330244,0.3606507619029647,0.053549875815709434
220,728,10,1,0.1,0.6666666666666667,0.8888888888888888,0.11111111111111116,0.6142788875537614,0.6160557136827265,0.6145405044056437
220,227,10,1,0.1,0.6666666666666667,0.6666666666666667,0.5555555555555556,0.13510568444401846,-0.008761413705845674,-0.20543116827805838
220,392,10,3,0.3,0.4285714285714286,0.2857142857142857,0.5238095238095238,0.5299835726051799,0.5360695893653683,0.5297499235797053
220,190,10,1,0.1,0.11111111111111116,0.0,0.6666666666666667,0.2557080661257108,0.25588882493442117,-0.03526174028714498
221,80,16,4,0.25,1.0,1.0,0.27083333333333337,0.14686858654022217,-0.12809850772221884,-0.09334160884221394
221,33,16,4,0.25,0.0,0.8333333333333334,0.33333333333333337,0.09958621859550476,0.4601347694794337,0.08580577373504639
221,807,16,2,0.125,0.2857142857142857,0.8571428571428572,0.5,-0.007493853569030762,0.7509352434426546,0.05371866623560587
221,294,16,4,0.25,0.16666666666666663,0.5,0.375,-0.13315890838081637,-0.7868770410617193,0.04343534012635549
221,881,16,2,0.125,0.9999999999999999,0.8571428571428571,0.39285714285714285,0.3634906381970116,0.37127351747076887,0.2996148750341187
221,116,16,2,0.125,0.4285714285714286,0.7142857142857143,0.35714285714285715,0.4252480416542615,0.42673421716612364,0.10783494015534718
221,97,16,2,0.125,0.2857142857142857,0.5714285714285714,0.10714285714285715,0.24403355909210708,0.24972405151076296,0.22007214091718197
221,932,16,4,0.25,0.9999999999999999,0.6666666666666667,0.6041666666666666,0.040891847362521126,0.0490726165863745,0.0032243492702643075
221,110,16,2,0.125,0.0,0.7142857142857143,0.8928571428571428,0.26512804848365096,0.2659112435432102,0.059216504295667015
222,1,10,1,0.1,0.7777777777777778,0.888888888888889,0.2222222222222222,0.7499019410073137,0.7459420822172736,0.16155236959457397
222,659,10,2,0.2,0.25,1.0,0.75,-0.40824343760808307,-0.3938579360644023,-0.08976083000500996
222,114,10,2,0.2,0.875,1.0,0.8125,0.4031495613356431,0.6739982143044472,0.17069735129674277
222,914,10,2,0.2,0.0,1.0,0.3125,0.20045198748509088,0.24026349373161793,0.05332771440347036
222,59,10,1,0.1,0.7777777777777778,0.888888888888889,0.0,0.04824196046562671,0.04904490955717241,0.042404190093899764
222,904,10,5,0.5,0.0,1.0,0.31999999999999995,0.5774947783599297,0.24141119917233786,0.3359753688176473
222,429,10,5,0.5,0.0,0.6,0.52,0.3833914591620366,0.6439958947400252,0.0012927055358886719
223,80,12,6,0.5,1.0,0.6666666666666667,0.9444444444444445,0.011673549811045328,0.04938608407974243,0.017987410227457683
223,33,12,2,0.16666666666666666,0.6,0.6,0.7999999999999999,0.1412738561630249,0.1412738561630249,0.05573540925979614
223,893,12,2,0.16666666666666666,0.8,0.4,0.25,0.01956522682060798,-0.06297941133379936,0.019839038141071796
223,695,12,4,0.3333333333333333,0.0,1.0,0.8125,0.25373248259226483,0.5719568530718485,0.3159342606862386
223,13,12,6,0.5,0.7777777777777778,0.33333333333333337,0.44444444444444453,0.3293600045144558,0.3321869373321533,0.34173905849456787
223,841,12,2,0.16666666666666666,0.8,0.4,0.7,-0.009535744786262512,-0.0058687048343320685,0.00424709590151906
223,486,12,2,0.16666666666666666,0.19999999999999996,0.8,0.44999999999999996,0.009472856142868599,0.010587901109829545,0.009952541557140648
223,968,12,2,0.16666666666666666,0.0,0.6,0.5,0.5192792117595673,0.5628368804852167,0.5397882992401719
223,1005,12,2,0.16666666666666666,0.19999999999999996,1.0,0.55,0.011612599405149618,0.01978253643028438,0.006156702836354573
224,80,11,3,0.2727272727272727,1.0,0.3333333333333333,0.5833333333333333,0.09912669658660889,0.016502976417541504,-0.009812116622924805
224,33,11,1,0.09090909090909091,0.19999999999999996,0.8,1.0,0.31037325660387677,0.2926857074101766,-0.08240014314651489
224,807,11,1,0.09090909090909091,0.7,1.0,0.0,0.030311067899068195,0.5096533546845118,0.03587198257446289
224,650,11,1,0.09090909090909091,0.4,0.9,1.0,0.7138142612141868,0.6186868598063787,0.04689172903696696
224,893,11,1,0.09090909090909091,0.09999999999999998,0.9,0.0,0.5120814407127909,0.8033452779054642,0.479049950838089
224,1,11,1,0.09090909090909091,1.0,1.0,0.30000000000000004,0.5677692188570896,0.5668154888165494,0.19483788311481476
224,695,11,1,0.09090909090909091,0.5,0.5,0.30000000000000004,0.48104723046223324,0.4764876614014308,0.21308745940526327
224,147,11,2,0.18181818181818182,0.6666666666666666,0.6111111111111112,0.2777777777777778,0.37719386427973706,0.3921933143089215,-0.013303091128667196
224,659,11,1,0.09090909090909091,0.0,0.9,1.0,0.2375573217868805,0.33715202162663144,0.25781471530596417
224,128,11,1,0.09090909090909091,0.19999999999999996,0.6,0.7,0.2509431087722381,0.2917691894496481,0.1208491822083791
224,222,11,1,0.09090909090909091,0.9,1.0,0.8,0.04938315351804098,-0.10065436114867528,-0.059554864962895714
224,85,11,1,0.09090909090909091,0.0,0.9,0.0,0.3259635865688324,0.50111708479623,0.289784441391627
224,116,11,1,0.09090909090909091,0.09999999999999998,0.8,0.7,0.4984722307417542,0.5006117319765812,0.12659396727879843
224,432,11,1,0.09090909090909091,0.5,0.7,0.30000000000000004,0.2621093215420842,0.26213272870518267,0.09209378063678741
224,841,11,1,0.09090909090909091,0.8,0.30000000000000004,1.0,0.12479766209920247,0.1529569004972776,0.09981069713830948
224,786,11,1,0.09090909090909091,0.30000000000000004,0.4,0.30000000000000004,0.10257555241347897,0.10270918806812308,0.07363410852849483
224,69,11,1,0.09090909090909091,0.9,0.5,0.6,0.10977206499471019,0.11048419038542079,0.06378452037461102
224,825,11,1,0.09090909090909091,1.0,0.9,0.6,0.16975219456556565,0.17084021237424926,0.09385411317149799
224,243,11,1,0.09090909090909091,0.19999999999999996,0.09999999999999998,0.7,0.005308737313801733,-0.06375653420885403,0.000844938758139809
224,953,11,1,0.09090909090909091,0.09999999999999998,0.6,0.9,0.03852646033798616,0.03899860062241108,0.03798337368061766
225,80,14,6,0.42857142857142855,1.0,0.875,0.4583333333333333,0.1575040022532145,0.13576668500900269,0.008160730202992758
225,650,14,1,0.07142857142857142,0.23076923076923073,0.6923076923076923,0.6153846153846154,0.3320257216691971,0.8623280758038163,0.13451345761617026
225,695,14,3,0.21428571428571427,0.36363636363636365,0.9090909090909091,0.8181818181818182,0.8233350689212481,0.7992244047733644,0.4480472306410472
225,659,14,3,0.21428571428571427,0.09090909090909094,1.0,0.3636363636363636,-0.09066752592722575,0.581033838291963,0.43245169520378113
225,13,14,3,0.21428571428571427,0.6363636363636364,0.9090909090909092,0.606060606060606,0.19482551489090838,0.19486436655324724,0.03101918598016103
225,85,14,3,0.21428571428571427,0.09090909090909094,0.9090909090909091,0.45454545454545453,0.42916416625181836,0.7053757257914791,0.2627094586690267
225,432,14,3,0.21428571428571427,0.36363636363636365,0.6363636363636364,0.8181818181818181,0.21907565699393672,0.21907565699393672,0.17396898086493215
225,192,14,1,0.07142857142857142,1.0,1.0,0.3076923076923077,0.933246720419105,0.933246720419446,0.4341656466325124
225,486,14,1,0.07142857142857142,0.0,0.0,0.46153846153846156,0.7261739865583271,0.7261870337833898,0.4100033715367317
225,190,14,1,0.07142857142857142,1.0,1.0,0.6923076923076923,0.016465919315578503,0.01645647052464483,-0.0006487177064021429
225,692,14,3,0.21428571428571427,0.36363636363636365,0.36363636363636365,0.7575757575757576,0.31169827853946686,0.31169827853946686,0.27504222467541695
226,80,3,1,0.3333333333333333,1.0,1.0,1.0,0.3480880856513977,0.3480880856513977,-0.09101086854934692
226,659,3,2,0.6666666666666666,0.0,0.0,0.5,0.24894344806671143,0.24894344806671143,0.22226762771606445
226,85,3,2,0.6666666666666666,0.0,0.0,1.0,0.45241813361644745,0.45241813361644745,0.0992860198020935
227,80,7,1,0.14285714285714285,1.0,0.5,0.16666666666666663,-0.022739291191101074,-0.07833494742711385,0.017728328704833984
227,33,7,3,0.42857142857142855,0.25,1.0,0.16666666666666666,0.05221398671468099,0.10215181112289429,0.08091628551483154
227,807,7,1,0.14285714285714285,0.16666666666666663,1.0,0.6666666666666667,0.21321044862270355,0.5786778951684634,0.21321044862270355
227,650,7,1,0.14285714285714285,0.0,0.8333333333333334,0.33333333333333337,0.11801520983378093,0.6674222399791082,-0.10543256998062134
227,893,7,1,0.14285714285714285,0.0,0.6666666666666666,0.6666666666666667,0.25510300633807975,0.6723741643509129,-0.15419514973958334
227,1,7,1,0.14285714285714285,0.5,1.0,0.0,0.19943689617017904,0.2813567298774918,0.2587059984604518
227,283,7,2,0.2857142857142857,0.19999999999999996,0.0,0.5,0.2060904446989298,0.2889787439101686,-0.11686418453852336
227,1017,7,1,0.14285714285714285,0.33333333333333337,0.33333333333333337,0.16666666666666663,0.24631060605558255,0.4236591785302153,0.41950763523830875
227,823,7,1,0.14285714285714285,0.8333333333333334,0.8333333333333334,0.6666666666666667,0.2293189272750169,0.3230103858343985,0.18560163180033365
227,526,7,1,0.14285714285714285,0.8333333333333334,1.0,0.5,0.15574456645602672,0.23322058523808664,0.005142712344725926
228,80,14,8,0.5714285714285714,0.8958333333333334,0.375,0.16666666666666666,0.0003704229990641276,0.03738570213317871,0.0009985566139221191
228,33,14,1,0.07142857142857142,0.23076923076923073,0.9230769230769231,0.23076923076923073,0.06243143479029337,0.03265058994293213,0.01421902577082316
228,807,14,1,0.07142857142857142,0.15384615384615385,1.0,0.9230769230769231,0.07434046268463135,0.6713174705704054,0.05916017293930054
228,650,14,1,0.07142857142857142,0.15384615384615385,0.9230769230769231,0.7692307692307692,0.26668594280878705,0.710538512095809,0.056771556536356606
228,893,14,1,0.07142857142857142,0.0,0.8461538461538461,0.23076923076923073,0.4800076186656952,0.781884483837833,0.6266214171191677
228,294,14,1,0.07142857142857142,0.46153846153846156,1.0,0.8461538461538461,-0.018280585606892902,0.2394634485244751,-0.03771920998891195
228,695,14,1,0.07142857142857142,0.23076923076923073,0.9230769230769231,0.3076923076923077,0.23772877951463064,0.25949078301588696,0.11558901270230611
228,147,14,1,0.07142857142857142,0.6153846153846154,0.8461538461538461,0.15384615384615385,0.4173397210737069,0.416334147254626,0.19851814210414886
228,887,14,5,0.35714285714285715,0.9777777777777777,0.4888888888888889,0.3555555555555556,0.24684958656628928,0.5714360624551773,0.16467761993408203
228,694,14,1,0.07142857142857142,0.8461538461538461,1.0,0.0,-0.03678412735462189,-0.12631458044052124,0.009494622548421225
228,794,14,1,0.07142857142857142,0.6923076923076923,0.46153846153846156,0.0,0.22016767660776773,0.6809397513667742,0.45909447968006134
228,591,14,1,0.07142857142857142,0.6923076923076923,0.8461538461538461,0.3076923076923077,0.45166634892423946,0.5892027256389459,0.43695928653081256
228,342,14,1,0.07142857142857142,0.15384615384615385,0.23076923076923073,0.6153846153846154,0.14065617757538953,0.1677280554237465,0.110669053470095
228,540,14,1,0.07142857142857142,0.6153846153846154,0.7692307692307692,0.6153846153846154,0.2724081923564275,0.37453691094803315,0.3118986344585816
228,119,14,3,0.21428571428571427,0.9696969696969697,0.7878787878787878,0.7878787878787878,0.3732312200590968,0.42810027214,0.16322336718440056
228,420,14,1,0.07142857142857142,0.8461538461538461,0.8461538461538461,0.3846153846153846,0.2205481455894187,0.24561908805238394,0.11364254107077916
228,621,14,1,0.07142857142857142,0.3076923076923077,0.8461538461538461,0.9230769230769231,0.03379644422481457,0.0737053935105602,0.02361331631739934
228,362,14,1,0.07142857142857142,0.7692307692307692,1.0,0.3076923076923077,0.09145982141247562,-0.003076682740356773,0.04991698327163855
228,243,14,1,0.07142857142857142,0.6153846153846154,0.23076923076923073,0.07692307692307687,0.14889915209884444,0.17424980698463818,0.15387225787465772
228,940,14,1,0.07142857142857142,0.6153846153846154,0.7692307692307692,0.07692307692307687,0.04025129010551609,0.040256992127979174,0.027480225699643295
228,375,14,1,0.07142857142857142,0.6923076923076923,0.8461538461538461,0.15384615384615385,0.04046533501241356,0.0046350605456003295,-0.02676582212249438
228,677,14,1,0.07142857142857142,0.8461538461538461,1.0,0.3846153846153846,0.0407882187209907,0.006865816219942644,0.03732637812693914
229,80,13,1,0.07692307692307693,0.5833333333333333,0.8333333333333334,0.25,0.034017821153004967,0.010750293731689453,-0.023388365904490154
229,33,13,4,0.3076923076923077,0.3333333333333333,0.8888888888888888,0.3055555555555555,-0.03681224584579468,-0.10718254248301189,0.10920602083206177
229,807,13,3,0.23076923076923078,0.6666666666666666,0.6666666666666666,0.5,0.5355207274357477,0.6495529900615414,0.5950288058569034
229,650,13,1,0.07692307692307693,0.33333333333333337,1.0,0.5,0.6016638362780213,0.7544215398568971,0.27010824779669446
229,893,13,1,0.07692307692307693,0.33333333333333337,0.8333333333333334,0.8333333333333334,0.463135519841065,0.5084147759007465,0.02896564205487569
229,1,13,1,0.07692307692307693,0.6666666666666667,0.9166666666666666,0.16666666666666663,0.5302269145225486,0.5315693635808808,0.4236782429118951
229,128,13,1,0.07692307692307693,0.8333333333333334,0.6666666666666667,0.9166666666666666,0.32279692916199565,0.3489615482200558,0.023379425207773846
229,283,13,1,0.07692307692307693,0.08333333333333337,0.08333333333333337,0.16666666666666663,0.4122795975138918,0.4231489205912074,0.2446900320549806
229,342,13,1,0.07692307692307693,0.33333333333333337,0.6666666666666667,0.9166666666666666,0.17943014377184832,0.07677023795743783,0.1402295595034957
229,1017,13,1,0.07692307692307693,0.33333333333333337,0.5833333333333333,0.33333333333333337,0.17531875153057777,0.2752947895370281,0.167655876003361
229,227,13,1,0.07692307692307693,0.0,0.5833333333333333,0.08333333333333337,0.31395899882287875,0.3204065051787097,0.18763824148724476
229,1022,13,1,0.07692307692307693,0.33333333333333337,0.5833333333333333,0.25,0.02563566425837867,0.015526494581308725,-0.0067245687047640485
229,913,13,1,0.07692307692307693,0.33333333333333337,0.9166666666666666,0.33333333333333337,0.20384069253601447,0.2047905418264622,0.02859371528029442
229,429,13,1,0.07692307692307693,0.8333333333333333,0.8333333333333334,0.16666666666666663,1.2564102217566168e-05,-0.0005959119531932325,-9.935425036170878e-06
229,440,13,1,0.07692307692307693,0.5833333333333333,1.0,1.0,0.015243694002585873,0.009917509571550909,0.026063166209496558
230,80,20,6,0.3,0.7857142857142857,0.9285714285714285,0.2857142857142857,0.04064178466796875,0.013433555761973063,0.025631288687388103
230,650,20,1,0.05,0.3157894736842105,0.631578947368421,0.9473684210526316,0.39164551099141437,0.6977720277694365,0.2482719620068868
230,1,20,3,0.15,1.0,1.0,0.47058823529411764,0.6212975383580973,0.5978926482299963,0.23833099007606506
230,695,20,3,0.15,0.4117647058823529,0.4117647058823529,0.3333333333333333,0.7892958935014273,0.7131974174020191,0.5931756446758906
230,659,20,6,0.3,0.0714285714285714,0.7142857142857143,0.36904761904761907,-0.2792347272237142,-0.2418962518374125,0.2725927233695984
230,85,20,6,0.3,0.0714285714285714,0.9285714285714285,0.3928571428571428,-0.030128002166748047,0.825365974723051,0.2678864896297455
230,192,20,1,0.05,1.0,1.0,0.0,0.9984666950374218,0.9984666907094658,0.9849972820799545
230,486,20,1,0.05,0.3157894736842105,0.0,0.42105263157894735,0.9513915943509191,0.9817606480286448,0.621546383947134
230,190,20,1,0.05,0.5263157894736843,1.0,1.0,0.10604569471221718,0.10608760334684249,0.08391945852781646
230,1014,20,1,0.05,0.5263157894736843,0.8421052631578948,0.7894736842105263,0.012357389209441969,0.012357389233293598,0.012208661447428012
231,80,8,1,0.125,0.1428571428571429,0.5714285714285714,0.5714285714285714,0.06633259852727254,0.2614596088727315,0.12931559483210245
231,33,8,2,0.25,0.33333333333333337,0.6666666666666667,0.33333333333333337,0.27378153800964355,0.0057640274365743,0.03180346886316935
231,807,8,2,0.25,1.0,1.0,0.4166666666666667,0.30207475026448566,0.30207475026448566,0.023825407028198242
231,650,8,2,0.25,0.16666666666666663,1.0,0.5,0.009844621022542318,0.1494173804918925,0.05292552709579468
231,893,8,2,0.25,0.08333333333333331,0.4166666666666667,0.5833333333333334,0.7244338992362221,0.7244338992362221,0.3489261468251546
231,294,8,1,0.125,0.4285714285714286,0.5714285714285714,1.0,0.3377260888616244,-0.1439017355442047,0.12767042716344199
231,695,8,1,0.125,0.5714285714285714,0.4285714285714286,1.0,0.5845390176400542,0.5845390176400542,0.19385293126106262
231,147,8,1,0.125,0.4285714285714286,0.2857142857142857,0.0,0.7261316515505314,0.7261316515505314,0.32988359530766803
231,1017,8,1,0.125,0.2857142857142857,0.7142857142857143,1.0,0.44861520308768377,0.44861520308768377,0.21733726561069489
231,139,8,1,0.125,0.7142857142857143,0.8571428571428572,1.0,0.120751398227488,-0.14131476978460947,0.1324825360570685
231,214,8,1,0.125,0.7142857142857143,0.7142857142857143,0.8571428571428572,0.4747255493033056,0.4747255493033056,0.15722142656644186
231,585,8,1,0.125,0.8571428571428572,1.0,0.1428571428571429,0.09640554141681908,-0.07498847941557567,0.025256759516196325
231,698,8,1,0.125,0.5714285714285714,0.7142857142857143,0.8571428571428572,0.4379928113582234,0.4379928113582234,-0.011911620696385702
232,80,5,1,0.2,1.0,0.75,1.0,0.01255051294962565,-0.20666863520940146,0.1276466945807139
232,33,5,2,0.4,0.33333333333333337,0.33333333333333337,0.0,0.2338057061036428,0.29638295372327167,0.08466525872548421
232,807,5,1,0.2,0.75,1.0,0.25,0.22111816704273224,0.6295029384394487,-0.03707991043726603
232,650,5,1,0.2,0.0,0.75,0.5,-0.07746752103169759,0.6134315226227045,-0.22426116466522217
232,893,5,1,0.2,0.0,0.75,0.25,0.0436281164487203,0.4479897847243895,-0.2676147520542145
232,294,5,1,0.2,0.5,0.75,0.75,0.16708743572235107,-0.20494582255681357,0.23240722715854645
232,1017,5,1,0.2,0.75,0.25,0.75,0.1693143993616104,0.3443956725144138,-0.011888245741526285
232,526,5,1,0.2,0.75,1.0,0.5,0.22727113038278426,0.24169571803607445,0.1879996359348297
233,694,6,2,0.3333333333333333,1.0,1.0,0.125,0.029192777971426647,-0.22061137358347574,-0.21527666846911112
233,674,6,2,0.3333333333333333,0.5,1.0,0.375,-0.0002251267433166504,0.02213066816329956,0.001753091812133789
233,360,6,2,0.3333333333333333,0.0,1.0,0.0,-0.0006454388300577799,0.017990589141845703,0.017990589141845703
233,790,6,2,0.3333333333333333,0.0,1.0,0.0,-0.0008213520050048828,0.013741672039031982,0.013741672039031982
233,49,6,2,0.3333333333333333,1.0,1.0,0.75,0.017460493353913382,-0.07105676953991254,0.004183291923254728
234,80,6,2,0.3333333333333333,0.75,0.75,0.125,-0.06786441802978516,0.15486733118693033,0.039338648319244385
234,807,6,2,0.3333333333333333,0.25,0.25,0.875,0.2503727525472641,-0.2361595630645752,-0.014907141526540121
234,1,6,1,0.16666666666666666,1.0,1.0,0.6,0.4819958383838336,0.5076298179725806,-0.12934855620066324
234,222,6,1,0.16666666666666666,0.0,0.4,0.19999999999999996,-0.3856685906648636,-0.3856685906648636,-0.3856685906648636
234,227,6,1,0.16666666666666666,0.4,0.4,0.4,0.1904808038379997,-0.285921435803175,0.1878919284014652
234,953,6,1,0.16666666666666666,0.6,0.6,0.19999999999999996,0.09387048254332815,-0.059236447947720684,0.054164763540029526
234,482,6,1,0.16666666666666666,0.6,0.6,0.19999999999999996,0.011673122509970804,-0.34292009845376015,0.011614592246284397
234,1014,6,1,0.16666666666666666,1.0,1.0,0.0,0.055278920873054936,-0.10642326880285206,0.05507316365158962
235,80,16,12,0.75,0.8125,0.25,0.35416666666666663,-1.1364618937174479e-05,0.001182238260904948,-3.310044606526693e-05
235,33,16,3,0.1875,0.0,1.0,0.0769230769230769,0.0011823972066243489,-0.00021258989969889322,0.0009444554646809896
235,294,16,3,0.1875,0.07692307692307687,1.0,0.282051282051282,-0.00033670663833618164,0.03257383902867635,0.00030795733133951825
235,887,16,6,0.375,0.85,0.25,0.9,0.006521681944529216,0.022274593512217205,4.331270853678385e-05
235,794,16,3,0.1875,0.7692307692307693,0.7692307692307692,0.5641025641025641,0.0016237894694010417,0.03642813364664713,0.10992272694905598
235,881,16,1,0.0625,0.0,1.0,0.5333333333333333,0.05787350485722224,0.13595649848381677,0.03554063538710276
235,591,16,3,0.1875,0.7692307692307692,0.7692307692307692,0.43589743589743585,0.02896241346995036,0.04037541151046753,0.12303789456685384
235,927,16,3,0.1875,0.3076923076923077,0.9230769230769231,0.5641025641025641,0.06563848505417506,0.2156567300359408,0.25151516621311504
235,251,16,1,0.0625,0.4,1.0,0.06666666666666665,0.03123530900726716,0.03237935435026884,0.032379559706896544
235,420,16,3,0.1875,0.9230769230769231,0.7692307692307692,0.5128205128205128,-0.06932065884272258,0.6860003829933703,0.3775061716636022
236,33,7,2,0.2857142857142857,0.4,1.0,0.4,0.10789930820465088,-0.051172852516174316,0.062105158964792885
236,807,7,3,0.42857142857142855,0.6666666666666666,0.75,0.25,0.2695990999539693,0.13137400150299072,0.07811468839645386
236,650,7,1,0.14285714285714285,0.16666666666666663,1.0,0.0,0.3256527706980705,0.1340268850326538,0.05697760979334513
236,893,7,1,0.14285714285714285,0.0,0.8333333333333334,0.0,0.4542117718762408,0.32463358839352924,0.2806490163008372
236,725,7,1,0.14285714285714285,0.5,0.6666666666666667,0.6666666666666667,-0.16857880353927612,0.48923055330912274,0.010442038377126059
236,1017,7,2,0.2857142857142857,0.6,0.6,0.8,0.5506389757113842,0.5506389757113842,0.4902479598919551
236,92,7,1,0.14285714285714285,1.0,0.5,0.5,0.005296247875473152,-0.13445323829849562,-0.0017487568159898121
237,80,3,1,0.3333333333333333,1.0,1.0,0.5,0.3604704439640045,0.3604704439640045,-0.22682467103004456
237,728,3,2,0.6666666666666666,0.0,0.0,0.0,0.6827386245131493,0.6827386245131493,0.6827386245131493
237,251,3,2,0.6666666666666666,0.0,0.0,0.0,0.2612884882837534,-0.3471786677837372,-0.3471786677837372
238,80,9,5,0.5555555555555556,0.9,0.25,0.6,-0.001015166441599528,-0.0334969957669576,0.045975565910339355
238,33,9,2,0.2222222222222222,0.0,0.8571428571428572,0.7857142857142857,0.026421209176381428,-0.0443381667137146,0.06377899646759033
238,294,9,2,0.2222222222222222,0.1428571428571429,0.8571428571428572,0.3571428571428572,0.1819023291269938,-0.5315676331520081,0.07267847657203674
238,147,9,1,0.1111111111111111,0.25,0.125,0.125,-0.009163479010264078,-0.07061617573102315,-0.0014452387889226277
238,887,9,1,0.1111111111111111,0.875,0.875,0.5,0.22173008571068445,-0.6239765683809916,0.13511607547601065
238,881,9,1,0.1111111111111111,0.375,1.0,0.625,0.2385532110929489,0.27559029186765355,0.12055709958076477
238,927,9,1,0.1111111111111111,0.75,0.75,1.0,0.1779657651980718,0.1779657651980718,0.03544399638970693
238,251,9,1,0.1111111111111111,0.875,1.0,0.25,0.04602753929793835,-0.008613169193267822,0.01727806528409322
238,981,9,1,0.1111111111111111,0.25,0.625,0.75,0.04068668559193611,-0.283378725250562,0.012184716761112213
238,816,9,1,0.1111111111111111,1.0,0.75,0.375,0.02512060773248474,-0.2329594853023688,-0.0032211715976397195
238,932,9,2,0.2222222222222222,0.5714285714285714,0.4285714285714286,0.6428571428571428,0.03606746454412738,0.014384216900604466,-0.051171825577815376
239,80,7,1,0.14285714285714285,0.6666666666666667,0.8333333333333334,0.33333333333333337,-0.01704969008763631,0.22818074623743692,-0.028261224428812664
239,33,7,1,0.14285714285714285,0.5,0.33333333333333337,0.0,0.5412323911053439,0.5412323911053439,0.18635272979736328
239,1,7,2,0.2857142857142857,1.0,0.39999999999999997,0.2,0.18748433887958527,0.16638686259587607,0.05272995432217916
239,659,7,1,0.14285714285714285,0.0,0.5,1.0,-0.013247971733411154,-0.15729322036107382,0.010306145995855331
239,283,7,1,0.14285714285714285,0.5,0.5,0.5,0.28192462825002923,0.28192462825002923,0.2718731115261714
239,1017,7,1,0.14285714285714285,0.8333333333333334,1.0,0.16666666666666663,0.004270058164668929,-0.08366159147893389,-0.046980088421454035
239,728,7,2,0.2857142857142857,0.3,1.0,1.0,0.00553592046101888,0.5465169983605543,-0.0005359450976053873
239,251,7,1,0.14285714285714285,0.0,1.0,1.0,0.02135216196378072,0.24196680386861166,0.10914557178815205
239,914,7,1,0.14285714285714285,0.0,0.6666666666666667,1.0,-0.009949095857640108,-0.051891115959733725,0.0014066448784433305
239,190,7,1,0.14285714285714285,0.33333333333333337,0.8333333333333334,0.8333333333333334,0.2797831520438194,0.2801426748434703,0.053297837575276695
240,80,9,2,0.2222222222222222,0.7142857142857143,0.7142857142857143,0.5714285714285714,-0.12760762373606363,-0.12581294775009155,-0.07706328233083089
240,33,9,2,0.2222222222222222,0.2857142857142857,1.0,0.6428571428571428,0.28554890553156537,0.14593152205149332,-0.00044069687525431317
240,807,9,2,0.2222222222222222,0.0,0.5714285714285714,0.35714285714285715,0.08781315883000691,0.32698771357536316,0.16648079951604208
240,1,9,2,0.2222222222222222,1.0,1.0,0.5,0.7115217709603409,0.7118967809559157,0.3606242748598258
240,695,9,1,0.1111111111111111,0.25,0.75,0.5,0.1002624308069547,0.4316999345707397,0.13279339174429575
240,283,9,2,0.2222222222222222,0.4285714285714286,0.0,0.6428571428571429,0.5375696633612582,0.5375696633612582,0.11720769604047139
240,227,9,2,0.2222222222222222,0.0,0.2857142857142857,0.4285714285714286,0.6945938633628733,0.694531258350859,0.6750984334697326
240,118,9,2,0.2222222222222222,0.7142857142857143,0.7142857142857143,0.4285714285714286,0.08067505216543698,-0.08984368791182835,-0.03565215195218722
240,913,9,2,0.2222222222222222,1.0,1.0,0.6428571428571429,0.332347767711326,0.3323476642159828,0.03868527213732401
240,968,9,1,0.1111111111111111,0.25,0.5,0.25,0.14471891084394883,-0.0705239160452038,0.06183846667408943
240,740,9,2,0.2222222222222222,1.0,0.5714285714285714,0.7857142857142857,0.09324143914030476,0.10256617622451358,0.042913180319980405
241,80,5,1,0.2,0.75,0.25,0.75,-0.15664986769358316,-0.14851856231689453,-0.1584000587463379
241,33,5,1,0.2,0.5,0.75,0.25,0.32077112793922424,0.28238604466120404,0.19066173831621805
241,1,5,1,0.2,1.0,1.0,0.0,0.37662011074523133,0.37662011074523133,0.37662011074523133
241,147,5,2,0.4,0.0,0.0,0.16666666666666669,0.15670449286699295,0.10872458418210347,-0.04840284585952759
241,283,5,1,0.2,0.5,0.25,0.5,0.3895728040564184,0.3895728040564184,0.38472119097908336
241,786,5,1,0.2,0.25,0.0,0.0,0.06229900376880929,-0.1211461250980695,-0.06918785224358241
241,981,5,1,0.2,0.25,0.5,0.75,0.20623916542778412,0.19491433973113695,-0.047166287899017334
242,80,7,1,0.14285714285714285,0.6666666666666667,1.0,0.0,0.05228332678476969,0.20647134383519491,0.15126975377400717
242,33,7,2,0.2857142857142857,0.4,0.9,0.2,0.05968169371287028,0.12870152791341147,0.11240861813227336
242,807,7,2,0.2857142857142857,0.8,0.9,0.5,0.07828354835510254,0.21679997444152832,0.005810439586639404
242,650,7,2,0.2857142857142857,0.0,1.0,0.19999999999999996,0.35820268156627816,0.28277020653088886,0.07842431465784709
242,893,7,2,0.2857142857142857,0.0,0.6,0.19999999999999996,0.005797664324442546,0.5727049085156372,0.5727049085156372
242,294,7,1,0.14285714285714285,0.5,0.33333333333333337,0.16666666666666663,0.19495965788761774,0.27895894398291904,0.04998480280240377
242,1017,7,1,0.14285714285714285,0.33333333333333337,0.5,0.33333333333333337,0.359456146756808,0.627438144835954,0.2547709445158641
242,540,7,1,0.14285714285714285,1.0,0.5,1.0,0.3440375169739127,0.4604101714661131,-0.031092653671900432
242,715,7,1,0.14285714285714285,0.8333333333333334,1.0,1.0,0.03258792326475183,-0.07592431952555974,0.07995883856589596
242,790,7,1,0.14285714285714285,0.8333333333333334,0.8333333333333334,0.8333333333333334,0.006721464917063713,-0.09508947112287085,-0.057783298970510565
242,482,7,1,0.14285714285714285,1.0,1.0,0.6666666666666667,0.0625354391440851,-0.041661208805938564,0.05979706758322815
243,80,6,3,0.5,1.0,0.5555555555555556,0.5555555555555556,-0.03680884838104248,0.14226975043614706,-0.0076960523923238116
243,33,6,1,0.16666666666666666,0.19999999999999996,0.6,0.0,0.08311223983764648,0.18061818679173788,0.124613622824351
243,1,6,1,0.16666666666666666,1.0,0.4,0.0,0.014482073485851288,-0.035260664920012154,0.020521243413289387
243,294,6,1,0.16666666666666666,0.4,1.0,0.8,0.13748589158058167,0.32363361120224,0.1663188338279724
243,887,6,1,0.16666666666666666,1.0,0.4,1.0,0.2588139822085698,0.4319860686858495,0.10551450649897258
243,794,6,1,0.16666666666666666,0.8,0.8,0.19999999999999996,0.23601597299178442,0.43421133359273273,0.5245513878762722
243,591,6,1,0.16666666666666666,1.0,0.8,0.0,0.2882119802137216,0.3654696562637885,-0.2436986764272054
243,674,6,1,0.16666666666666666,0.6,1.0,0.6,-0.45543332894643146,-0.2302641694744428,-0.006456196308135986
243,1022,6,1,0.16666666666666666,1.0,0.6,0.19999999999999996,0.04070401657372713,-0.03053907925883929,-0.015540850659211477
243,360,6,1,0.16666666666666666,0.19999999999999996,0.8,0.4,-0.3563074817260106,-0.17115100721518198,-0.10034468273321788
243,790,6,1,0.16666666666666666,0.4,0.8,0.4,-0.2766929268836975,-0.2766929268836975,-0.263113796710968
244,80,7,1,0.14285714285714285,1.0,1.0,0.0,0.05220464368661245,0.13216151793797812,0.05220464368661245
244,116,7,2,0.2857142857142857,0.8,0.8,0.5,0.0068756996421749745,-0.04870739377414187,0.006811592262238264
244,674,7,2,0.2857142857142857,0.8,1.0,0.2,-0.3537584145863851,0.4979548656071226,0.4819789032141368
244,360,7,2,0.2857142857142857,0.0,0.6,0.3,-0.6377727190653483,-0.6836751699447632,-0.6450069149335226
244,790,7,2,0.2857142857142857,0.19999999999999996,0.6,0.7,0.3617895369728406,-0.5413115620613098,-0.465792715549469
244,710,7,2,0.2857142857142857,0.4,0.8,0.8,4.237323073160344e-06,-1.1670376049247958e-05,-3.703086576933856e-06
245,80,4,1,0.25,1.0,1.0,1.0,0.20076794922351837,-0.3248073160648346,0.20076794922351837
245,728,4,1,0.25,0.33333333333333337,1.0,0.0,0.6161225736141205,0.6401443872600794,-0.18333405256271362
245,251,4,1,0.25,0.0,0.6666666666666667,1.0,0.16738102585077286,-0.2229527235031128,0.16738102585077286
245,674,4,1,0.25,0.6666666666666667,1.0,0.33333333333333337,-0.7519063502550125,-0.7519063502550125,-0.524342492222786
246,80,6,2,0.3333333333333333,0.75,0.25,0.75,-0.01964728037516276,0.055495997269948326,0.13372490803400675
246,33,6,1,0.16666666666666666,0.4,0.8,0.19999999999999996,0.23304365078608194,0.168084184328715,0.168084184328715
246,1,6,1,0.16666666666666666,0.8,1.0,0.6,0.14457214282204708,0.21419521079709133,0.04930509626865387
246,147,6,2,0.3333333333333333,0.0,0.0,0.0,0.0544600635766983,0.03186813990275065,-0.016573727130889893
246,283,6,1,0.16666666666666666,0.4,0.19999999999999996,0.0,0.17633609916083515,0.26465046289376915,-0.052581220865249634
246,739,6,1,0.16666666666666666,1.0,0.8,0.6,0.04876114800572395,-0.15275988976160684,0.013247817754745483
246,786,6,1,0.16666666666666666,0.19999999999999996,0.0,0.6,0.01071057866041277,-0.05881558017184337,-0.020168223418295383
246,214,6,1,0.16666666666666666,0.6,0.19999999999999996,0.0,-0.07671581208705902,-0.031858877589305244,-0.017977309723695118
246,981,6,1,0.16666666666666666,0.4,0.6,0.19999999999999996,0.10098922376831372,0.1751686930656433,0.19042531152566275
246,816,6,1,0.16666666666666666,0.6,0.4,1.0,0.0907125116015474,0.16915213316679,0.05886400490999222
247,80,10,4,0.4,1.0,0.16666666666666663,0.4583333333333333,0.003738224506378174,0.04275111357371012,0.004208008448282878
247,33,10,2,0.2,0.375,1.0,0.625,0.020790000756581623,0.04732753833134969,0.02369503180185954
247,807,10,2,0.2,0.125,0.875,0.25,0.006799836953481038,0.5661785577734312,0.18531596660614014
247,650,10,1,0.1,0.0,1.0,0.6666666666666667,0.6476686609288057,0.5509687314430872,-0.0013739665349324544
247,893,10,1,0.1,0.0,0.8888888888888888,0.5555555555555556,0.2939572849621375,0.6421261759630094,0.3315547853708267
247,1,10,1,0.1,1.0,1.0,0.7777777777777778,0.4088743373285979,0.4071022323332727,0.20507768541574478
247,294,10,2,0.2,0.375,1.0,0.6875,-0.059039950370788574,0.28922466437021893,0.13613679011662802
247,794,10,2,0.2,0.625,0.625,0.875,0.018406371275583904,0.4948723117510478,0.06808098157246907
247,389,10,1,0.1,0.11111111111111116,0.2222222222222222,0.0,0.15098631679817723,0.20740104584729124,0.14320839817325273
247,820,10,1,0.1,0.4444444444444444,0.888888888888889,0.11111111111111116,0.043737087262949594,-0.08121971444537242,0.00490419512304167
247,739,10,2,0.2,0.875,0.75,0.875,0.3814665583583216,0.387541127934431,-0.04264239470163981
247,106,10,2,0.2,0.75,0.625,0.25,0.03216252716568609,-0.05793953935305277,0.02973109871769945
248,80,12,3,0.25,0.888888888888889,0.6296296296296297,0.4074074074074074,0.007676998774210612,0.04628668228785197,0.020337820053100586
248,33,12,3,0.25,0.5555555555555556,0.5555555555555556,0.9259259259259259,0.7996039513188103,0.7892439489563307,0.056292176246643066
248,294,12,1,0.08333333333333333,0.09090909090909094,0.2727272727272727,0.18181818181818177,0.4611762108300657,-0.0008356173833211263,0.2756250301996867
248,695,12,3,0.25,0.5185185185185185,0.8888888888888888,0.0,0.9059562472005686,0.9185896806787545,0.13980005184809366
248,13,12,1,0.08333333333333333,0.6363636363636364,0.18181818181818177,0.09090909090909094,0.345792903341741,0.3457772180602963,0.21659078697363535
248,116,12,1,0.08333333333333333,0.5454545454545454,0.9090909090909091,0.09090909090909094,0.48361399286659434,0.4852599078246082,0.2933224686809505
248,841,12,2,0.16666666666666666,0.5,0.19999999999999996,0.55,0.5593381737514088,0.5649360314127989,0.2741972903410594
248,192,12,1,0.08333333333333333,1.0,1.0,0.6363636363636364,0.9674531337513391,0.9674444286354932,0.3427712817986806
248,953,12,1,0.08333333333333333,0.09090909090909094,0.9090909090909091,0.09090909090909094,0.10422102321515088,0.10422423964246263,0.05097367583463589
248,692,12,1,0.08333333333333333,0.2727272727272727,0.4545454545454546,0.36363636363636365,0.7688708708267858,0.7688711298091183,0.768870253142874
248,97,12,1,0.08333333333333333,0.0,0.8181818181818181,0.09090909090909094,0.3764200431123754,0.3764069131496702,0.30243852610389393
248,940,12,1,0.08333333333333333,0.4545454545454546,0.5454545454545454,0.18181818181818177,0.14134384192084326,0.14136883201475334,0.07687008815507095
248,601,12,2,0.16666666666666666,0.30000000000000004,0.7,0.39999999999999997,0.54445432494947,0.544464770931349,0.5239662335334287
249,80,8,2,0.25,0.5,0.6666666666666667,0.6666666666666667,-0.06875157356262207,0.1570693850517273,0.03924192984898885
249,33,8,2,0.25,0.16666666666666663,0.5,0.5,0.15349066257476807,0.322829008102417,0.2361461321512858
249,807,8,1,0.125,0.4285714285714286,1.0,0.5714285714285714,0.08166821797688802,0.5598170955975851,0.17013335227966309
249,294,8,2,0.25,0.6666666666666666,1.0,0.8333333333333334,0.3748073875904083,0.35132930676142377,0.1894319256146749
249,128,8,2,0.25,0.8333333333333334,0.8333333333333334,0.5833333333333333,0.2942144547899564,0.2467559650540352,0.00022002061208089194
249,197,8,2,0.25,0.5,0.5,0.6666666666666667,0.09987594963361819,0.09832403087057173,0.03350796177983284
249,97,8,1,0.125,0.0,0.8571428571428571,0.7142857142857143,0.11050386478503545,0.103021955738465,0.02315513292948405
249,110,8,1,0.125,0.0,0.8571428571428572,0.2857142857142857,0.1729656532406807,0.2428420918683211,0.16787992417812347
250,80,9,5,0.5555555555555556,0.9,0.4,0.6000000000000001,0.006783465544382731,0.003018677234649658,0.024286508560180664
250,33,9,2,0.2222222222222222,0.1428571428571429,1.0,0.5,0.007173478603363037,0.025678396224975586,0.0207403302192688
250,807,9,1,0.1111111111111111,0.0,0.125,0.125,0.16597433388233185,0.29002705961465836,0.010152975718180338
250,1,9,1,0.1111111111111111,1.0,1.0,0.25,0.35333348779628676,0.3238351624459028,-0.09953957796096802
250,294,9,2,0.2222222222222222,0.2142857142857143,1.0,0.8571428571428572,-0.07460824648539226,0.04052946964899699,0.005713999271392822
250,887,9,1,0.1111111111111111,0.75,0.25,0.875,-0.04040098190307617,0.23389001687367758,0.02035890022913615
250,794,9,1,0.1111111111111111,0.5,0.5,1.0,-0.050279458363850914,0.13022446632385254,0.09967140356699626
250,591,9,1,0.1111111111111111,0.5,0.625,0.25,0.040427207946777344,0.4090110162893931,-0.019697149594624836
250,222,9,1,0.1111111111111111,0.0,0.25,0.375,0.06333638230959575,0.06433525184790294,-0.015725334485371906
250,739,9,1,0.1111111111111111,0.875,0.875,0.875,0.25954121599594754,0.2598510830818365,0.13761640340089798
250,520,9,1,0.1111111111111111,0.75,0.875,0.875,0.21353289308414483,0.18688208827128014,0.13155553489923477
250,482,9,1,0.1111111111111111,0.875,0.5,0.375,0.008811590688613554,-0.013537428341805935,-0.025273665164907772
251,80,14,11,0.7857142857142857,1.0,0.33333333333333337,0.5454545454545455,-0.00033243497212727863,0.001188496748606364,-0.00035303831100463867
251,33,14,1,0.07142857142857142,0.0,0.9230769230769231,0.9230769230769231,0.0023803114891052246,0.004902144273122151,0.000502169132232666
251,294,14,1,0.07142857142857142,0.15384615384615385,1.0,0.0,-0.004789511362711589,0.011140326658884684,0.0021472771962483725
251,887,14,9,0.6428571428571429,0.8666666666666667,0.4444444444444445,0.6888888888888889,0.039000133673350014,0.04533759752909342,0.0010276436805725098
251,694,14,1,0.07142857142857142,0.9230769230769231,1.0,0.15384615384615385,0.11029647787412007,0.21068082253138223,0.09480695923169453
251,794,14,1,0.07142857142857142,0.23076923076923073,0.6923076923076923,0.46153846153846156,0.034340739250183105,0.03370008865992228,0.00012922286987304688
251,591,14,1,0.07142857142857142,0.23076923076923073,0.6923076923076923,1.0,0.20712006092071533,0.24108248949050903,0.1477151314417521
251,342,14,1,0.07142857142857142,0.07692307692307687,0.07692307692307687,0.23076923076923073,0.05741411199172338,0.019750966380039852,0.03835747887690862
251,119,14,7,0.5,0.6530612244897959,0.5510204081632654,0.5714285714285714,0.5121768514315287,0.5079032331705093,0.18764766057332358
251,420,14,1,0.07142857142857142,0.46153846153846156,0.6923076923076923,0.5384615384615384,0.44238663216431934,0.42330795029799145,0.07136491934458415
251,401,14,1,0.07142857142857142,1.0,1.0,0.0,0.3088941325743993,0.30245570341746014,0.25198038667440414
251,621,14,1,0.07142857142857142,0.15384615384615385,0.9230769230769231,0.6923076923076923,0.017656960835059483,-0.011264738937218985,0.0006163616975148519
251,416,14,1,0.07142857142857142,0.9230769230769231,1.0,1.0,0.12384748769303162,0.05130817120273908,0.124387104374667
251,940,14,1,0.07142857142857142,0.15384615384615385,0.3846153846153846,1.0,0.09288607661922772,0.09579388797283173,0.09077142179012299
252,80,13,10,0.7692307692307693,1.0,0.33333333333333337,0.9,-0.0005233486493428549,0.0018687645594278972,0.0027652382850646973
252,33,13,1,0.07692307692307693,0.0,0.9166666666666666,1.0,0.003997544447580974,0.008212387561798096,0.0032674471537272134
252,294,13,1,0.07692307692307693,0.16666666666666663,1.0,0.08333333333333337,-0.006168961524963379,0.014039456844329834,0.008680681387583414
252,887,13,8,0.6153846153846154,0.875,0.45,0.27499999999999997,0.05899780988693237,0.06911043326059978,0.010912418365478516
252,694,13,1,0.07692307692307693,0.9166666666666666,1.0,0.16666666666666663,0.11035739382108052,0.21082343657811484,0.10904900232950847
252,794,13,1,0.07692307692307693,0.25,0.6666666666666667,0.9166666666666666,0.050906240940093994,0.05066215991973877,-0.00033917029698689777
252,591,13,1,0.07692307692307693,0.25,0.6666666666666667,0.8333333333333334,0.2724977234999339,0.31595268845558167,-0.0012580553690592449
252,342,13,1,0.07692307692307693,0.08333333333333337,0.08333333333333337,0.16666666666666663,0.05986389766136805,0.020926137765248615,0.08171467358867328
252,119,13,6,0.46153846153846156,0.6666666666666666,0.5714285714285714,0.7619047619047619,0.5720420579115549,0.5702526544531187,0.565342960258325
252,420,13,1,0.07692307692307693,0.41666666666666663,0.6666666666666667,0.33333333333333337,0.5198476215203603,0.5069404045740763,0.2576490143934886
252,401,13,1,0.07692307692307693,1.0,1.0,0.08333333333333337,0.2975988872349262,0.29157202566663426,0.2216296767195066
252,621,13,1,0.07692307692307693,0.16666666666666663,0.9166666666666666,0.9166666666666666,0.01987067113320033,-0.01235504945119222,0.026958658049503963
252,416,13,1,0.07692307692307693,0.9166666666666666,1.0,1.0,0.11702378001064062,0.04817137370506922,0.09700438690682252
252,940,13,1,0.07692307692307693,0.16666666666666663,0.41666666666666663,0.5,0.09532895187536876,0.09913016979893048,0.03284766525030136
253,80,20,6,0.3,0.7619047619047619,0.5238095238095238,0.6309523809523809,-0.00017384688059488931,-0.002333343029022217,0.010519146919250488
253,33,20,4,0.2,0.25,1.0,0.78125,-0.003125905990600586,-0.02906811237335205,-0.0021382967631022134
253,807,20,4,0.2,0.0,0.75,0.265625,-0.19345537821451822,0.43662985662619275,0.05001606543858846
253,1,20,4,0.2,1.0,1.0,0.3125,0.7814267153541247,0.7809631401917917,0.20341234157482782
253,881,20,2,0.1,0.5555555555555556,0.7777777777777778,0.6944444444444445,0.6933039545716989,0.6932444060109901,0.6247475811590751
253,283,20,4,0.2,0.5,0.0,0.328125,0.6584226119145266,0.658435961309948,0.4046759357055028
253,927,20,2,0.1,0.33333333333333337,0.4444444444444444,0.3055555555555555,0.5553374292370185,0.55578339196533,0.3878160621970892
253,251,20,2,0.1,0.4444444444444444,1.0,0.5277777777777778,0.05436793158878572,-0.32600828260183334,0.020946251306061942
253,227,20,4,0.2,0.0,0.375,0.234375,0.5707744292318845,0.5708794845726572,-0.16995825370152792
253,139,20,4,0.2,1.0,1.0,0.375,0.061068197363771524,0.06105401294401721,0.059184365081212796
253,913,20,4,0.2,1.0,1.0,0.46875,0.24606315231601053,0.24605751716099766,0.23599912272766232
253,836,20,4,0.2,0.75,0.625,0.46875,0.04161223979475966,-0.19395872702201208,-0.027546077966690063
254,80,8,2,0.25,0.8333333333333334,1.0,0.5833333333333333,-0.0957115888595581,0.0010716915130615234,0.08182366689046223
254,807,8,2,0.25,0.0,0.5,0.33333333333333337,0.06621632973353068,0.4929889440536499,0.06083498398462931
254,1,8,1,0.125,1.0,1.0,1.0,0.30079061165452003,0.30079061165452003,0.2910490830739339
254,725,8,1,0.125,0.4285714285714286,0.7142857142857143,0.0,0.07695390780766805,0.3316309203704198,0.34675044814745587
254,222,8,1,0.125,0.1428571428571429,0.7142857142857143,0.0,0.11518516639868419,0.12204359471797943,0.06033002336819967
254,227,8,1,0.125,0.5714285714285714,0.2857142857142857,1.0,0.09689675671203683,0.09689675671203683,-0.021546569963296253
254,144,8,1,0.125,0.4285714285714286,0.7142857142857143,0.1428571428571429,0.21573107223957777,0.22465448803268373,0.16126643183330694
254,953,8,1,0.125,0.7142857142857143,0.4285714285714286,0.5714285714285714,0.05862016824539751,0.05862016824539751,0.025173572202523548
254,487,8,1,0.125,0.8571428571428572,0.8571428571428572,0.5714285714285714,0.11304258927702904,0.04865973194440206,0.12094972282648087
254,482,8,1,0.125,0.7142857142857143,0.7142857142857143,0.4285714285714286,0.03584632215643069,0.03553107772798588,0.004990906765063603
254,814,8,1,0.125,0.5714285714285714,0.8571428571428572,1.0,0.17343616004412374,0.16980342334136367,0.12923758228619894
254,1014,8,1,0.125,1.0,1.0,0.7142857142857143,0.023874431354670378,0.006592917139641941,0.01608171748618285
254,740,8,1,0.125,0.1428571428571429,0.2857142857142857,1.0,0.24024059677806994,0.24277137587584244,-0.011516332626342773
254,312,8,1,0.125,0.5714285714285714,0.7142857142857143,0.0,0.20115194749087095,0.2045790133997798,0.14048892011245093
254,425,8,1,0.125,0.1428571428571429,0.5714285714285714,1.0,0.09598753492658336,-0.21761946628491083,0.08068147975912628
255,80,8,2,0.25,0.5,1.0,1.0,-0.016659855842590332,0.16533559560775757,0.06901615858078003
255,807,8,3,0.375,0.19999999999999996,0.6,0.6,0.0016280213991800945,0.2182158629099528,0.0016280213991800945
255,650,8,1,0.125,0.0,0.8571428571428572,0.4285714285714286,0.7484268943468729,0.7362481554349264,0.057124058405558266
255,893,8,1,0.125,0.0,0.8571428571428571,0.1428571428571429,0.0044547319412231445,0.8873089651266733,0.40570656458536786
255,128,8,2,0.25,0.5,0.8333333333333334,0.7500000000000001,0.18854697545369467,0.42130978405475616,0.19392022490501404
255,222,8,2,0.25,0.0,0.16666666666666663,0.4166666666666667,0.10099557787179947,-0.034561182061831154,0.04228208462397257
255,416,8,2,0.25,0.8333333333333334,0.5,1.0,0.06604032631730661,0.06482315670776491,0.004947088658809662
255,197,8,2,0.25,0.5,0.8333333333333334,0.6666666666666667,0.11720686032883047,0.11665557159479552,-0.23179098218679428
256,80,5,2,0.4,1.0,0.33333333333333337,0.5,0.0070918599764506025,0.09611781438191731,0.021403809388478596
256,33,5,2,0.4,0.0,0.33333333333333337,0.16666666666666669,0.19851364692052206,0.19851364692052206,0.09218357006708781
256,294,5,2,0.4,0.0,1.0,0.5,0.15101802349090576,0.2975874642531077,0.2975874642531077
256,128,5,1,0.2,0.5,1.0,0.5,0.06055579582850138,-0.09549039602279663,-0.059473911921183266
256,1004,5,1,0.2,1.0,0.5,0.75,0.004618336757024129,0.10058719416459401,0.05719783902168274
257,80,6,2,0.3333333333333333,0.75,0.625,0.75,0.06255926688512166,0.2051352063814799,0.09846560160319011
257,807,6,1,0.16666666666666666,0.4,0.4,0.6,0.14361662914355597,-0.36024052401383716,-0.27225232621033985
257,1,6,1,0.16666666666666666,1.0,1.0,0.4,0.40316686034202576,0.41197070479393005,-0.004445016384124756
257,222,6,1,0.16666666666666666,0.0,0.4,0.19999999999999996,0.07859392611620326,-0.2022160291671753,-0.10571325818697612
257,728,6,2,0.3333333333333333,0.625,1.0,0.75,0.35373098651568097,0.4720715483029683,0.09561018149058025
257,251,6,1,0.16666666666666666,0.19999999999999996,1.0,0.0,0.1376210649808248,0.2718992332617442,0.16319406032562256
257,190,6,1,0.16666666666666666,0.4,0.6,0.6,0.523092536876599,0.5212366717557112,-0.08141245444615682
257,482,6,1,0.16666666666666666,0.8,0.6,0.4,0.00262644914065883,-0.16470173792913556,-0.05481717409566045
258,80,8,2,0.25,0.5,1.0,1.0,0.011006315549214682,0.36194417874018353,0.15814208984375
258,807,8,2,0.25,0.5,0.5833333333333333,0.9166666666666667,0.2886007825533549,0.3894185622533162,0.003305832544962565
258,650,8,1,0.125,0.2857142857142857,0.8571428571428572,0.1428571428571429,-0.0008516311645507812,0.5458877682685852,0.5458877682685852
258,893,8,1,0.125,0.2857142857142857,0.7142857142857143,0.5714285714285714,0.8690264721711477,0.8817746223260959,0.0235676368077596
258,695,8,1,0.125,0.4285714285714286,0.5714285714285714,0.1428571428571429,0.5942328485349814,0.5942328485349814,0.16321084896723428
258,147,8,1,0.125,0.4285714285714286,0.5714285714285714,0.1428571428571429,0.537261093656222,0.6199496909976006,0.3725447158018748
258,694,8,1,0.125,0.5714285714285714,0.8571428571428572,1.0,0.002124647299448649,-0.32317952811717987,0.0055614858865737915
258,222,8,1,0.125,0.0,0.4285714285714286,0.1428571428571429,0.0877590657522281,-0.027866328756014507,0.005682056148846944
258,342,8,1,0.125,0.2857142857142857,0.4285714285714286,1.0,0.21650903082142273,0.04859440525372823,0.16324694454669952
258,13,8,1,0.125,0.8571428571428572,0.8571428571428572,0.0,0.35743065481074154,0.35743065481074154,0.29632870480418205
258,473,8,1,0.125,0.2857142857142857,0.5714285714285714,0.1428571428571429,0.15187948693831763,0.016835202773412068,0.13913770020008087
258,621,8,1,0.125,0.2857142857142857,0.5714285714285714,0.5714285714285714,0.09235803394888838,-0.02350923667351405,0.0767328292131424
258,959,8,1,0.125,0.7142857142857143,0.7142857142857143,0.5714285714285714,0.08317942649591714,-0.005788675198952357,0.07812523170529555
258,49,8,1,0.125,0.8571428571428572,1.0,1.0,0.06390301561138283,0.005172164800266425,0.07125404531446596
258,976,8,1,0.125,0.4285714285714286,0.5714285714285714,0.0,0.02046271413564682,0.005987612530589104,0.03009011596441269
258,345,8,1,0.125,0.8571428571428572,0.7142857142857143,0.4285714285714286,0.06587025274833043,0.08962497223789494,0.08962497223789494
258,500,8,1,0.125,0.5714285714285714,0.8571428571428572,1.0,0.06343964010011405,0.01319187025850018,0.05901220099379619
258,778,8,1,0.125,0.8571428571428572,1.0,0.7142857142857143,0.0536464972634955,-0.005469021387398243,0.03861992930372556
259,80,8,2,0.25,1.0,1.0,0.9166666666666667,0.2646281321843465,-0.13755100965499878,-0.024524589379628498
259,33,8,2,0.25,0.33333333333333337,1.0,0.5833333333333333,0.09343846638997395,0.1666258970896403,0.05982669194539388
259,807,8,2,0.25,0.6666666666666667,1.0,0.25,-0.007320543130238851,0.5705345869064331,0.10467511415481567
259,650,8,2,0.25,0.0,0.6666666666666667,0.5,-0.03297281265258789,0.8668773155659437,0.029595057169596355
259,893,8,2,0.25,0.0,0.6666666666666667,0.16666666666666663,-0.03888648748397827,0.8700513925092915,0.5032377044359843
259,1017,8,2,0.25,0.6666666666666667,0.33333333333333337,0.25,0.1761914292971293,0.6209562874185698,0.09569638967514038
259,540,8,2,0.25,1.0,0.6666666666666667,0.6666666666666667,0.23332805434862772,0.42263812779128784,0.10010333855946858
259,526,8,2,0.25,0.6666666666666667,1.0,0.41666666666666663,0.31240954731280607,0.38523037328711024,0.12568716208140054
260,33,9,2,0.2222222222222222,0.4285714285714286,0.8571428571428572,0.28571428571428575,0.05778665840625763,-0.2778484721978505,-0.10952982306480408
260,807,9,2,0.2222222222222222,0.28571428571428575,0.7857142857142857,0.4285714285714286,0.4430292795101802,0.413758118947347,0.0020294189453125
260,650,9,1,0.1111111111111111,0.125,0.875,0.625,0.6099967127956916,0.782963589959157,0.18627482652664185
260,893,9,1,0.1111111111111111,0.0,0.75,1.0,0.6400562303994471,0.8579890653005956,0.1464200218518575
260,1,9,1,0.1111111111111111,1.0,0.875,0.875,0.6894626701444698,0.7500836918479763,0.03807224829991659
260,147,9,1,0.1111111111111111,0.375,0.375,0.125,0.47533272687966627,0.5069391489960253,0.373882790406545
260,389,9,1,0.1111111111111111,0.125,0.5,0.125,0.16685439149538675,0.6452102262852417,0.06531419356664021
260,114,9,1,0.1111111111111111,0.875,1.0,0.875,0.5375357912851054,0.545655252921048,0.00846363107363383
260,820,9,1,0.1111111111111111,0.625,0.75,0.0,0.6235877424478531,0.8236417507820697,0.6206528743108114
260,392,9,2,0.2222222222222222,0.5714285714285714,0.2857142857142857,0.2857142857142857,0.5820991872502749,0.6027227769997229,0.504954549173514
260,786,9,1,0.1111111111111111,0.125,0.625,0.625,0.5252003595232964,0.6550987622109238,0.6540152362475359
260,753,9,1,0.1111111111111111,0.875,1.0,0.875,0.010073854113071453,-0.007520863164245384,0.010573749509982614
261,80,12,4,0.3333333333333333,0.84375,0.90625,0.34375,0.1656855344772339,0.276184876759847,0.033781846364339195
261,807,12,1,0.08333333333333333,0.6363636363636364,0.6363636363636364,0.4545454545454546,0.0080911914507548,0.20344183842341104,0.05593146880467733
261,650,12,2,0.16666666666666666,0.15000000000000002,0.9500000000000001,0.6,0.37617216259241104,0.3039968063433965,0.002657930056254069
261,893,12,1,0.08333333333333333,0.18181818181818177,1.0,0.6363636363636364,0.0916284720102946,0.60373638321956,0.02470274766286214
261,659,12,2,0.16666666666666666,0.04999999999999999,0.9,0.5,0.3966943124930064,0.5680162316809098,0.17459088563919067
261,881,12,1,0.08333333333333333,0.6363636363636364,1.0,0.8181818181818181,0.38108294767638046,0.4816388405888574,0.16665230691432953
261,128,12,1,0.08333333333333333,0.4545454545454546,0.5454545454545454,0.9090909090909091,0.31079317318896454,0.34500464618516463,0.1194872756799062
261,725,12,1,0.08333333333333333,0.9090909090909091,0.7272727272727273,0.9090909090909091,0.15534769743680954,-0.02737257381280263,0.1275529811779658
261,979,12,1,0.08333333333333333,0.0,0.7272727272727273,0.36363636363636365,0.2959475393096606,0.4364315905453016,0.1263269235690435
261,473,12,1,0.08333333333333333,0.6363636363636364,0.5454545454545454,0.09090909090909094,0.4669788060709834,0.49621366647382575,0.30653837819894153
261,815,12,1,0.08333333333333333,0.36363636363636365,0.6363636363636364,1.0,0.21915661729872227,0.2890638790947075,0.1507739114264647
261,85,12,2,0.16666666666666666,0.0,1.0,0.39999999999999997,0.4994677205880483,0.621231542628569,0.17487892508506775
261,927,12,1,0.08333333333333333,0.8181818181818181,0.5454545454545454,1.0,0.28105568994457525,0.3157721303772026,0.19797933101654053
261,401,12,1,0.08333333333333333,0.8181818181818181,1.0,0.09090909090909094,0.03971959031575049,-0.15485998212049404,-0.05807416016856829
261,432,12,2,0.16666666666666666,0.5,0.6,0.30000000000000004,0.14134337163219848,-0.0014718790383388598,0.061538991828759514
261,667,12,1,0.08333333333333333,0.8181818181818181,0.7272727272727273,0.5454545454545454,0.10620217400719412,0.10785889625549316,0.09194315015338361
261,197,12,1,0.08333333333333333,0.5454545454545454,0.6363636363636364,0.2727272727272727,0.16829787887400016,0.1944432764701105,0.1935144979506731
262,80,15,2,0.13333333333333333,0.6923076923076923,0.23076923076923073,0.1923076923076923,0.0691642165184021,0.10632179180781047,0.008373538653055826
262,33,15,3,0.2,0.38888888888888884,0.8333333333333334,0.7222222222222222,0.48131030549605686,0.5626423309246699,-0.039438068866729736
262,807,15,2,0.13333333333333333,0.6153846153846154,0.8076923076923076,0.5384615384615384,0.010602076848347982,0.4196225206057231,0.002255419890085856
262,650,15,2,0.13333333333333333,0.23076923076923078,0.9230769230769231,0.4615384615384615,0.17580580711364746,0.384240801135699,0.027920206387837727
262,893,15,2,0.13333333333333333,0.07692307692307687,0.7692307692307692,0.2692307692307692,0.12095580498377483,0.9461863028506438,0.08048063516616821
262,1,15,2,0.13333333333333333,0.7307692307692308,0.8076923076923077,0.2692307692307692,0.7344977526615063,0.7376814949093387,0.016277233759562176
262,695,15,1,0.06666666666666667,0.3571428571428571,0.5,0.3571428571428571,0.4902582621822755,0.6225240727265676,0.3587108602126439
262,147,15,1,0.06666666666666667,0.7857142857142857,1.0,0.2142857142857143,0.463567719484369,0.5182415445645651,0.3961560328801473
262,128,15,2,0.13333333333333333,0.23076923076923078,0.5,0.6538461538461539,0.20876370967986682,0.03927000487844149,0.13105818380912146
262,283,15,1,0.06666666666666667,0.2857142857142857,0.2142857142857143,0.7857142857142857,0.43919657152946456,0.43813034263697165,0.43091298018892604
262,1017,15,1,0.06666666666666667,0.7142857142857143,0.5714285714285714,0.1428571428571429,0.06494517422591646,0.06447645776400653,-0.2135952909787496
262,728,15,1,0.06666666666666667,0.9285714285714286,1.0,0.0714285714285714,0.31817512436706846,-0.23500540014356375,0.3161811536926204
262,116,15,1,0.06666666666666667,0.0,0.5,0.2142857142857143,0.4080065379287892,0.40980939060561167,0.2915492778023084
262,841,15,1,0.06666666666666667,0.3571428571428571,0.5714285714285714,0.5,0.011818899773061275,0.012141388297701875,0.017214353817204636
262,190,15,1,0.06666666666666667,0.2857142857142857,0.7142857142857143,0.5,0.07040682714341528,0.06876642171838891,-0.036028979967037834
262,69,15,2,0.13333333333333333,0.5769230769230769,0.5384615384615384,1.0,0.09811309651710569,0.10025531225915074,0.061884393294652305
262,953,15,1,0.06666666666666667,0.0714285714285714,0.6428571428571428,0.1428571428571429,0.0194218096963444,0.019422697041060626,0.011684820288792253
262,117,15,1,0.06666666666666667,0.6428571428571428,0.7142857142857143,0.4285714285714286,0.08861761431065436,0.08789870583537691,0.08838955463587202
262,798,15,1,0.06666666666666667,0.6428571428571428,0.7142857142857143,0.0,0.024809428107497904,0.02312701269693207,0.0023478597092131772
262,736,15,1,0.06666666666666667,0.9285714285714286,1.0,0.1428571428571429,0.15544352485691584,0.14860263337080445,0.14945389456503713
263,33,7,2,0.2857142857142857,0.4,0.8,0.3,0.618524506688118,0.6560089240471522,-0.004509329795837402
263,807,7,1,0.14285714285714285,0.5,0.16666666666666663,0.16666666666666663,-0.15715997417767844,-0.17336841424306235,-0.019107977549235027
263,650,7,1,0.14285714285714285,0.0,0.5,1.0,0.3754351735115051,0.4789327879746755,0.15786238511403403
263,695,7,2,0.2857142857142857,0.8,0.4,0.5,0.8467573517312607,0.8435077158113321,0.2020572821299235
263,841,7,2,0.2857142857142857,0.8,0.19999999999999996,0.2,0.6842080131173134,0.6894907411187887,0.6842080131173134
263,192,7,1,0.14285714285714285,1.0,1.0,0.5,0.8569223072217937,0.8569249285189168,0.14684098958969116
263,486,7,1,0.14285714285714285,0.0,0.0,0.6666666666666667,0.731641176835789,0.7314993922094194,0.22840874393781027
263,814,7,1,0.14285714285714285,0.16666666666666663,0.16666666666666663,0.16666666666666663,0.04167908942569435,-0.10939095169305801,-0.08700273682673772
263,601,7,2,0.2857142857142857,0.4,0.8,0.5,0.8569790697365534,0.8570293231108129,0.8569404425409933
264,80,4,1,0.25,1.0,1.0,0.0,0.15226933360099792,-0.19894534349441528,-0.19894534349441528
264,807,4,1,0.25,0.33333333333333337,0.0,1.0,0.06832146644592285,0.2399328351020813,-0.00287783145904541
264,725,4,1,0.25,0.6666666666666667,1.0,0.0,-0.16187715530395508,-0.16187715530395508,-0.03279668092727661
264,222,4,1,0.25,0.0,0.6666666666666667,0.33333333333333337,0.047495193779468536,-0.12888197600841522,0.047495193779468536
265,33,4,3,0.75,0.0,1.0,0.0,-0.10476338863372803,-0.10476338863372803,-0.10476338863372803
265,881,4,1,0.25,1.0,1.0,0.0,0.24594711512327194,0.24594711512327194,0.24594711512327194
265,139,4,3,0.75,0.0,0.0,0.6666666666666666,0.1703308066353202,0.1703308066353202,-0.06298638880252838
266,80,18,3,0.16666666666666666,0.7555555555555555,0.8222222222222223,0.2222222222222222,0.010352710882822672,0.09841986497243245,0.035706778367360435
266,33,18,3,0.16666666666666666,0.19999999999999996,0.8666666666666667,0.26666666666666666,0.06150891383488973,0.1472348173459371,-0.05058854818344116
266,807,18,4,0.2222222222222222,0.35714285714285715,0.8214285714285714,0.3928571428571429,0.00022896130879720053,0.1936696171760559,0.03156304359436035
266,650,18,2,0.1111111111111111,0.0625,0.9375,0.90625,0.04324189821879069,0.3036395311355591,0.0075749556223551435
266,893,18,2,0.1111111111111111,0.1875,0.9375,0.625,0.0008245110511779785,0.6422508955001831,0.10024986664454143
266,1,18,1,0.05555555555555555,1.0,1.0,0.7647058823529411,0.6017822284484282,0.6562082422412155,0.0832681655883789
266,294,18,2,0.1111111111111111,0.5,0.625,0.5,-0.20345646142959595,-0.01866324618458748,-0.24843902389208475
266,389,18,1,0.05555555555555555,0.11764705882352944,0.47058823529411764,0.47058823529411764,0.3777557586630185,0.5235559000600839,0.2668990169962247
266,881,18,1,0.05555555555555555,1.0,0.8823529411764706,0.17647058823529416,0.4457225920292937,0.45886367804905603,-0.06186064084370931
266,128,18,1,0.05555555555555555,0.47058823529411764,0.6470588235294117,0.9411764705882353,0.6047461541990439,0.6489805576638901,0.27317097783088684
266,1017,18,1,0.05555555555555555,0.7647058823529411,0.6470588235294117,0.0,0.29044174205046147,0.37664132511091947,0.015191704034805298
266,116,18,2,0.1111111111111111,0.09375,0.53125,0.34375,0.6338502221624367,0.6344303788417847,0.6306995139651311
266,820,18,1,0.05555555555555555,0.4117647058823529,0.8235294117647058,0.9411764705882353,0.6397318317904137,0.761341725798134,0.6566701280735288
266,486,18,1,0.05555555555555555,0.4117647058823529,0.7058823529411764,0.11764705882352944,0.16503430706764752,0.16566437165827116,0.10909775634111914
266,69,18,1,0.05555555555555555,0.3529411764705882,0.47058823529411764,0.0,0.4162739325450578,0.46330891167586746,0.45407684065867215
266,117,18,1,0.05555555555555555,0.6470588235294117,0.7058823529411764,0.9411764705882353,0.2472263245904287,0.2578514020449863,0.20696010115655858
266,798,18,1,0.05555555555555555,0.5882352941176471,0.5294117647058824,1.0,0.04728110308678879,0.04838618763225592,0.04638653376605362
266,97,18,1,0.05555555555555555,0.23529411764705888,0.6470588235294117,0.6470588235294117,0.08935648423600166,0.09016456235841967,-0.04099296281735102
266,736,18,1,0.05555555555555555,0.9411764705882353,1.0,0.8235294117647058,0.40223498469519353,0.40248444125841704,0.38849663447278243
266,932,18,2,0.1111111111111111,1.0,0.625,0.46875,0.04063632228050196,0.042697995673830126,0.0219589676707983
266,110,18,1,0.05555555555555555,0.11764705882352944,0.6470588235294117,0.7647058823529411,0.07636842813753712,0.07365077490603274,0.05743293153742949
267,80,13,8,0.6153846153846154,0.9,0.4,0.575,0.0014398892720540364,0.014012694358825684,0.001205464204152425
267,33,13,1,0.07692307692307693,0.25,1.0,0.6666666666666667,0.08102856079737346,0.011452694733937582,0.016559163729349773
267,807,13,1,0.07692307692307693,0.0,0.75,0.75,0.07508244117101033,0.36066389083862305,-0.11083755890528361
267,650,13,1,0.07692307692307693,0.0,0.8333333333333334,0.16666666666666663,0.020270228385925293,0.49359504630168277,-0.05541513363520304
267,294,13,1,0.07692307692307693,0.33333333333333337,1.0,0.16666666666666663,0.012938976287841797,0.10216027498245239,-0.05471301078796387
267,887,13,4,0.3076923076923077,0.9444444444444444,0.638888888888889,0.8888888888888888,0.3763929456472397,0.29377415776252747,0.0593369205792745
267,794,13,1,0.07692307692307693,0.8333333333333334,0.5,0.6666666666666667,0.38410451511542004,0.40053775906562805,0.006605029106140137
267,881,13,1,0.07692307692307693,0.33333333333333337,1.0,1.0,0.21987452109654745,0.3062784007440011,0.2458735884477695
267,591,13,1,0.07692307692307693,0.9166666666666666,0.75,0.8333333333333334,0.400661605099837,0.3000974307457606,0.2661879410346349
267,725,13,1,0.07692307692307693,0.33333333333333337,0.9166666666666666,0.5,0.03638918697834015,0.17444439604878426,0.0175380011399587
267,222,13,1,0.07692307692307693,0.0,0.9166666666666666,0.75,0.06707700341939926,0.08944662536183993,-0.013903225461641947
267,979,13,1,0.07692307692307693,0.0,0.8333333333333334,1.0,0.016862360139687855,0.13053752854466438,0.14725969669719538
267,473,13,1,0.07692307692307693,0.33333333333333337,0.5,0.0,0.14157090584437051,0.2311899463335673,0.18531640122334161
267,815,13,1,0.07692307692307693,0.16666666666666663,0.9166666666666666,0.25,0.08420828729867935,0.14876479158798853,0.08775322884321213
267,927,13,2,0.15384615384615385,1.0,0.4545454545454546,0.6818181818181819,0.2104982646803061,0.33642268367111683,0.11866931617259979
267,420,13,1,0.07692307692307693,0.8333333333333334,0.8333333333333334,0.16666666666666663,0.02204124171597262,-0.14955441808948913,0.007827321533113718
267,59,13,1,0.07692307692307693,0.16666666666666663,0.6666666666666667,0.33333333333333337,0.044561839972933136,-0.002327487493554751,-0.05535036325454712
267,696,13,1,0.07692307692307693,0.41666666666666663,1.0,0.9166666666666666,0.07997332513332367,0.08933302077154319,0.07309034125258525
267,798,13,2,0.15384615384615385,0.9545454545454545,0.5454545454545454,0.6818181818181819,0.024103062072147925,-0.010855816615124544,0.02566574331528197
267,106,13,1,0.07692307692307693,0.33333333333333337,0.5833333333333333,0.75,0.004224675164247553,-0.026482055739810068,0.0023562333857019744
268,80,8,3,0.375,0.9333333333333333,0.5333333333333333,0.5333333333333332,0.020515580972035725,0.09143233299255371,-0.009683171908060709
268,33,8,1,0.125,0.2857142857142857,1.0,0.8571428571428572,0.05344321330388387,0.15012019872665405,0.09506638844807942
268,650,8,1,0.125,0.1428571428571429,0.5714285714285714,0.7142857142857143,0.018163939317067463,0.5019063353538513,0.09458178281784058
268,294,8,1,0.125,0.5714285714285714,1.0,0.2857142857142857,-0.025494873523712158,0.4752160410086314,0.03130950530370077
268,887,8,2,0.25,0.6666666666666667,0.33333333333333337,0.16666666666666669,0.3000362316767375,0.5202109416325887,0.08265399932861328
268,794,8,1,0.125,0.8571428571428572,0.7142857142857143,0.4285714285714286,0.28579920530319214,0.6410927573839823,-0.014039695262908936
268,591,8,1,0.125,0.8571428571428572,0.7142857142857143,1.0,0.3830147882302602,0.5734453499317169,0.19353212912877402
268,715,8,1,0.125,0.0,0.7142857142857143,0.7142857142857143,0.12753728032112122,0.1852132153386871,0.16175610634187856
268,939,8,1,0.125,0.4285714285714286,1.0,0.5714285714285714,0.09494440257549286,0.17381731824328503,0.07868630687395732
268,838,8,1,0.125,0.0,0.5714285714285714,1.0,0.14160472651322684,0.18713352736085653,0.10633412500222524
268,753,8,1,0.125,0.1428571428571429,0.7142857142857143,0.8571428571428572,0.13429634645581245,0.1610075234590719,0.09288552155097325
268,1014,8,1,0.125,1.0,0.8571428571428572,0.4285714285714286,0.015514873589078585,-0.07608542342980702,0.012550746090710163
269,33,6,1,0.16666666666666666,0.6,0.6,1.0,0.49660817844172317,0.508680850888292,0.47266899049282074
269,807,6,1,0.16666666666666666,0.6,1.0,1.0,0.1306233604749044,0.4878336290518443,0.029375990231831867
269,650,6,1,0.16666666666666666,0.0,0.6,1.0,0.30403242508570355,0.7000262954582771,0.6117850740750631
269,893,6,1,0.16666666666666666,0.0,0.6,0.19999999999999996,0.43328627943992615,0.6094915316207334,0.04176242649555206
269,1,6,1,0.16666666666666666,1.0,1.0,0.19999999999999996,0.35515330110987026,0.35515330110987026,-0.16859209537506104
269,147,6,1,0.16666666666666666,0.4,0.4,0.6,0.32648012911279994,0.32648012911279994,0.28137214481830597
269,283,6,1,0.16666666666666666,0.6,0.6,0.4,0.37495286387517507,0.37495286387517507,0.37495286387517507
269,728,6,1,0.16666666666666666,0.8,1.0,0.0,0.34334424246723455,0.6643314013878504,0.6526651233434677
269,190,6,1,0.16666666666666666,0.19999999999999996,0.4,0.8,0.1239807140858223,-0.10151411592960358,0.03697963679830233
269,140,6,1,0.16666666666666666,0.6,0.6,0.0,0.09805438962454598,0.10533012418697278,0.09805438962454598
270,80,4,1,0.25,0.0,0.33333333333333337,0.6666666666666667,-0.4616972506046295,-0.4616972506046295,0.023850739002227783
270,807,4,1,0.25,1.0,1.0,0.33333333333333337,0.48081205785274506,0.48081205785274506,-0.08887910842895508
270,147,4,2,0.5,0.5,0.5,1.0,0.19386137276887894,0.19386137276887894,-0.045253485441207886
270,140,4,2,0.5,1.0,0.0,0.0,-0.12182044982910156,0.1498254667967558,-0.12182044982910156
271,80,5,1,0.2,1.0,1.0,0.0,0.3442082206408183,0.3442082206408183,0.33327487607796985
271,807,5,1,0.2,0.75,1.0,1.0,0.329023548712333,0.613146148622036,0.19784853855768839
271,650,5,1,0.2,0.25,0.75,0.25,0.09992332259813945,-0.1905039275685946,-0.06442506114641826
271,893,5,1,0.2,0.0,0.75,0.75,0.13670863987257084,-0.2885165996849537,0.11326109617948532
271,147,5,1,0.2,0.5,0.25,1.0,0.13377508086462817,-0.21047504742940268,0.09467293073733647
271,140,5,1,0.2,0.5,0.25,0.25,0.017524021367232006,-0.11769348786522944,-0.1760097617904345
271,487,5,1,0.2,0.75,0.0,1.0,-0.16836144464711347,-0.21541349527736506,-0.028891030078132946
272,80,7,2,0.2857142857142857,0.9,1.0,0.5,0.4137835005919139,0.4655789981285731,0.022890617450078327
272,33,7,1,0.14285714285714285,0.16666666666666663,0.5,0.0,0.3102563793460528,0.15744921565055847,0.10751038789749146
272,807,7,1,0.14285714285714285,0.5,1.0,0.5,0.09517858425776164,0.5472613871097565,0.31015976270039874
272,650,7,1,0.14285714285714285,0.16666666666666663,0.8333333333333334,0.6666666666666667,0.22282871107260385,0.7087846746047338,0.023795088132222492
272,893,7,1,0.14285714285714285,0.16666666666666663,0.6666666666666667,1.0,0.14137142896652222,0.7356382106275609,-0.02206176519393921
272,294,7,1,0.14285714285714285,0.33333333333333337,0.5,0.16666666666666663,0.10562726839755972,-0.3705514818429947,0.021074706067641575
272,695,7,1,0.14285714285714285,0.5,0.5,0.0,0.22213780973106623,-0.1866257240374883,0.10880451152722041
272,147,7,1,0.14285714285714285,0.5,0.5,0.16666666666666663,0.29136459591488045,0.3049672717849414,-0.23514757553736368
272,728,7,1,0.14285714285714285,0.33333333333333337,0.8333333333333334,0.33333333333333337,0.12716723951355866,-0.34280574321746826,-0.20655743281046549
272,251,7,1,0.14285714285714285,0.33333333333333337,0.5,1.0,0.12973816056425372,-0.09678207089503606,-0.03129145006338755
272,214,7,1,0.14285714285714285,0.6666666666666667,0.6666666666666667,0.16666666666666663,0.11910088700460619,-0.2625236163536708,0.11686259197692077
272,362,7,1,0.14285714285714285,0.8333333333333334,1.0,0.33333333333333337,0.038455515645788786,-0.11260192926662664,0.010686437444140514
272,698,7,1,0.14285714285714285,0.6666666666666667,0.6666666666666667,0.33333333333333337,0.07056043046092479,-0.19697672749559084,-0.06963684161504109
273,80,10,5,0.5,0.92,0.52,0.68,0.013599971930185953,0.023756206035614014,-0.007165968418121338
273,33,10,1,0.1,0.5555555555555556,1.0,1.0,0.1457491715749105,0.021230995655059814,0.025543848673502605
273,807,10,1,0.1,0.0,0.7777777777777778,0.7777777777777778,-0.014977872371673584,0.5337326725323995,0.30160585045814514
273,650,10,1,0.1,0.0,0.7777777777777778,0.8888888888888888,0.048250675201416016,0.7135072487095991,0.07262057065963745
273,294,10,1,0.1,0.6666666666666667,1.0,0.2222222222222222,0.12114765246709187,0.2221846878528595,0.0048245588938395185
273,887,10,1,0.1,0.8888888888888888,0.2222222222222222,0.33333333333333337,0.3612589165568352,0.4346732944250107,0.20470231771469116
273,794,10,1,0.1,1.0,0.6666666666666667,0.11111111111111116,0.36872664218147594,0.3883031407992045,0.13157270352045694
273,881,10,1,0.1,0.4444444444444444,1.0,0.2222222222222222,0.22785829504330954,0.39076319212714833,0.14245444536209106
273,591,10,1,0.1,1.0,0.7777777777777778,0.33333333333333337,0.3222631650666396,0.35134895766774815,0.21864503373702368
273,725,10,1,0.1,0.4444444444444444,0.8888888888888888,0.4444444444444444,0.017714003721872967,0.24985535194476446,-0.021599461634953816
273,222,10,1,0.1,0.11111111111111116,0.7777777777777778,0.5555555555555556,0.09886441628138225,0.10057133063673973,0.08588490386803944
273,979,10,1,0.1,0.0,0.7777777777777778,0.0,0.06622455020745595,0.309311938782533,0.22193065534035364
273,473,10,1,0.1,0.5555555555555556,0.6666666666666667,0.6666666666666667,0.12602326770623526,0.19699904322624207,0.10876449197530746
273,815,10,1,0.1,0.2222222222222222,0.8888888888888888,0.5555555555555556,0.11599225054184596,0.25244226058324176,0.06989791989326477
273,927,10,2,0.2,1.0,0.6875,0.6875,0.2023736536502838,0.35823107572893303,0.10831054051717122
273,59,10,1,0.1,0.2222222222222222,0.7777777777777778,0.11111111111111116,0.0815453523149093,0.10353622833887736,0.07089625648222864
273,696,10,1,0.1,0.5555555555555556,1.0,0.7777777777777778,0.12275328859686852,0.15998908380667368,0.04490880575031042
273,798,10,1,0.1,0.8888888888888888,0.5555555555555556,0.7777777777777778,0.05127709064011773,0.01198809469739596,-0.038980369766553245
273,348,10,1,0.1,0.6666666666666667,0.33333333333333337,0.2222222222222222,0.12404622913648684,0.031690647515157856,0.10218470109005769
274,650,4,2,0.5,0.0,0.0,0.5,0.22062093019485474,0.22062093019485474,0.1629684567451477
274,694,4,2,0.5,1.0,1.0,0.25,0.17666657269001007,-0.25468090176582336,0.17666657269001007
274,1004,4,2,0.5,0.0,0.0,0.0,0.08126440644264221,0.08126440644264221,0.08126440644264221
274,92,4,2,0.5,1.0,1.0,0.5,0.046285949647426605,-0.15285683423280716,-0.15285683423280716
275,807,6,4,0.6666666666666666,0.5,1.0,0.25,0.36526334285736084,0.36526334285736084,0.205086350440979
275,650,6,2,0.3333333333333333,0.5,0.0,0.375,0.26449131965637207,0.26449131965637207,0.008489827315012613
275,893,6,2,0.3333333333333333,0.0,0.0,0.625,0.8013766773510724,0.8013766872851799,-0.009282211462656656
275,389,6,2,0.3333333333333333,0.5,0.5,0.25,0.4833946137223393,0.4833946137223393,0.4031761586666107
276,80,7,3,0.42857142857142855,1.0,1.0,0.0,0.10430032014846802,-0.11121813456217448,-0.02353401978810628
276,650,7,2,0.2857142857142857,0.0,0.6,0.8,0.006819486618041992,0.38309328258037567,0.2770058910051982
276,887,7,1,0.14285714285714285,1.0,1.0,0.33333333333333337,0.06785170082002878,-0.12480131536722183,-0.0672591303785642
276,694,7,2,0.2857142857142857,0.4,1.0,0.4,-0.05095100402832031,0.16376752654711405,-0.07378380497296651
276,1004,7,2,0.2857142857142857,0.0,0.0,0.8,0.08309229214986165,0.11432247857252757,0.07227535049120586
276,401,7,2,0.2857142857142857,0.8,0.8,0.7,0.051765271152059235,-0.17504626760880151,0.016644567251205444
276,118,7,2,0.2857142857142857,0.4,0.4,0.5,0.014997484162449837,-0.06139889980355898,0.012660402959833542
276,232,7,2,0.2857142857142857,0.4,0.8,0.6,-0.008515023936827978,-0.014509465545415878,-0.005936371783415477
277,80,8,4,0.5,0.75,0.625,0.1875,0.008258998394012451,-0.11750318606694539,0.025317649046579998
277,33,8,1,0.125,0.0,0.4285714285714286,0.4285714285714286,0.21990901231765747,-0.19710995753606161,0.1482507586479187
277,659,8,2,0.25,0.0,1.0,0.0,0.16355247298876444,0.3785707379380862,0.3785707379380862
277,881,8,1,0.125,0.7142857142857143,1.0,0.2857142857142857,0.13646437351902327,0.10247786653538545,-0.02368881305058797
277,85,8,2,0.25,0.0,1.0,0.5833333333333333,0.0906306803226471,0.3894997189442317,0.21621122459570566
277,927,8,2,0.25,1.0,0.6666666666666667,0.3333333333333333,0.1390801394979159,0.1369043563803037,0.0871686985095342
277,432,8,2,0.25,0.6666666666666667,0.5,0.16666666666666669,0.07016113897164662,0.1411127969622612,0.07838227848211925
277,139,8,1,0.125,0.2857142857142857,0.2857142857142857,0.8571428571428572,0.04949023978163799,0.05634918032834927,-0.008333209902048111
277,677,8,1,0.125,0.7142857142857143,1.0,1.0,0.007962349569424987,-0.07058300667752822,-0.03186738087485234
278,33,12,4,0.3333333333333333,0.25,0.5,0.3125,0.4589586431781451,0.4589586729804675,0.36976424356301624
278,807,12,2,0.16666666666666666,0.4,0.8,0.9,-0.0018773078918457031,0.43665976263582706,0.07414066791534424
278,881,12,2,0.16666666666666666,0.8,0.8,0.6,0.21892823092571356,-0.17400165176271307,-0.0668752392133077
278,116,12,2,0.16666666666666666,0.19999999999999996,0.6,0.5,0.5621478300118762,0.5621478573306717,0.14267226813050607
278,139,12,4,0.3333333333333333,0.25,0.5,0.65625,0.0296783800019365,-0.17439687438309193,-0.0620670011267066
278,97,12,2,0.16666666666666666,0.0,0.4,0.4,0.6847039069980383,0.6873975645269942,0.4213830617566903
278,110,12,2,0.16666666666666666,0.0,0.6,0.65,0.7518187702145648,0.7518187702145648,0.4899793955264613
279,80,14,4,0.2857142857142857,1.0,0.575,0.525,0.014967143535614014,-0.0055753787358601885,0.006125291188557942
279,33,14,3,0.21428571428571427,0.393939393939394,0.7878787878787878,0.4242424242424242,-0.04448012510935465,-0.026955266793568928,0.035276174545288086
279,807,14,4,0.2857142857142857,0.325,0.7,0.4,0.051587422688802086,0.22164895137151083,0.04849666357040405
279,650,14,1,0.07142857142857142,0.23076923076923073,0.9230769230769231,0.46153846153846156,0.17818190654118857,0.5997558496892452,0.21331775188446045
279,893,14,1,0.07142857142857142,0.0,0.9230769230769231,0.8461538461538461,-0.16691489020983377,0.11625707795610651,-0.3219768802324931
279,1,14,1,0.07142857142857142,0.8461538461538461,0.8461538461538461,0.07692307692307687,0.42683472235997516,0.7882072363766687,0.10097660621007283
279,887,14,1,0.07142857142857142,1.0,0.8461538461538461,0.9230769230769231,0.13718193272749582,-0.13564066837231317,-0.1648501753807068
279,128,14,1,0.07142857142857142,0.46153846153846156,0.8461538461538461,0.6923076923076923,0.24503430599967638,0.22813478981455168,0.04731722176074982
279,114,14,1,0.07142857142857142,0.5384615384615384,1.0,0.3076923076923077,0.20306647631029287,0.05210003837407055,0.1674960864086946
279,222,14,2,0.14285714285714285,0.0,0.7500000000000001,0.8333333333333334,0.20812280972798666,0.29149804388483364,0.12757586439450583
279,473,14,1,0.07142857142857142,0.5384615384615384,0.6153846153846154,0.3076923076923077,0.1626736174027125,0.33124537269274396,0.1991539696852366
279,227,14,2,0.14285714285714285,0.5,0.7916666666666666,0.33333333333333337,0.47032101185747405,0.537208583992386,0.06396366159121196
279,392,14,2,0.14285714285714285,0.33333333333333337,0.25,0.5,0.3875237355629603,0.4784738718209182,0.0872165858745575
279,667,14,1,0.07142857142857142,0.9230769230769231,0.6153846153846154,0.23076923076923073,0.1602594256401062,0.15166231244802475,0.06685273845990498
279,197,14,1,0.07142857142857142,0.5384615384615384,0.7692307692307693,0.8461538461538461,0.04997525100088751,-0.004530713008231639,0.008524015545845032
279,106,14,1,0.07142857142857142,0.8461538461538461,0.8461538461538461,0.15384615384615385,0.00035216077230870724,-0.009084159197906653,-0.002256310312077403
280,80,6,1,0.16666666666666666,0.4,0.4,0.19999999999999996,0.0828345815340678,-0.13116639852523804,0.10589969158172607
280,33,6,3,0.5,0.33333333333333337,0.33333333333333337,0.3333333333333333,0.3887733668088913,0.1103131373723348,-0.012330571810404459
280,114,6,1,0.16666666666666666,0.8,1.0,0.6,0.1331349045767638,0.1991814158282068,0.06316928565502167
280,728,6,1,0.16666666666666666,0.8,1.0,0.19999999999999996,0.675215066949022,0.7485735629791938,0.22044429183006287
280,251,6,1,0.16666666666666666,0.0,1.0,0.6,0.3486838365594546,0.38878759493430454,-0.10396103064219157
280,392,6,3,0.5,0.33333333333333337,0.0,0.33333333333333337,0.20622775554007453,0.26833636486871154,0.005559181173642476
281,80,15,5,0.3333333333333333,0.9,0.26,0.72,0.00649110476175944,0.02387930949529012,0.002133627732594808
281,33,15,3,0.2,0.3055555555555555,0.9444444444444444,0.38888888888888884,0.1007927656173706,0.07015309731165568,0.02744028965632121
281,807,15,1,0.06666666666666667,0.5714285714285714,1.0,0.0714285714285714,-0.0030881365140279136,0.4148260752360026,0.20201802253723145
281,650,15,2,0.13333333333333333,0.038461538461538436,0.8846153846153846,0.7692307692307692,0.08002907037734985,0.4621359606583913,0.04404463370641073
281,893,15,1,0.06666666666666667,0.0,0.9285714285714286,0.2142857142857143,0.03392058610916138,0.8385676145553589,0.02059924602508545
281,1,15,1,0.06666666666666667,0.9285714285714286,0.9285714285714286,0.3571428571428571,0.4992955242438863,0.5344653723489804,0.1550003389517466
281,294,15,2,0.13333333333333333,0.5,1.0,0.8076923076923076,0.026391486326853435,0.589498390754064,0.04683311780293783
281,695,15,1,0.06666666666666667,0.2142857142857143,0.6428571428571428,0.4285714285714286,0.22055556749304137,0.21084286272525787,0.21046116451422373
281,887,15,1,0.06666666666666667,0.9285714285714286,0.5,0.8571428571428572,0.3707546095053355,0.7541213259100914,6.002187728881836e-05
281,794,15,2,0.13333333333333333,0.9615384615384616,0.6923076923076923,0.5769230769230769,0.30061423778533936,0.8701800322160125,0.01890122890472412
281,881,15,1,0.06666666666666667,0.7857142857142857,0.9285714285714286,0.0714285714285714,0.28123103578885394,0.3882751303414504,0.43909830662111443
281,591,15,1,0.06666666666666667,1.0,0.7142857142857143,0.7142857142857143,0.6187058463692665,0.7891052962901691,0.42865637441476184
281,725,15,1,0.06666666666666667,1.0,0.7857142857142857,0.1428571428571429,0.09557700157165527,0.3135248025258382,0.0949420432249705
281,1017,15,1,0.06666666666666667,0.4285714285714286,0.9285714285714286,0.2142857142857143,-0.015733461206158,0.028256553535660107,-0.014977755645910898
281,979,15,1,0.06666666666666667,0.0,0.7857142857142857,0.6428571428571428,-0.025175899267196655,0.2312284087141355,0.1291988492012024
281,1004,15,1,0.06666666666666667,0.7142857142857143,0.3571428571428571,0.0,-0.02041593411316474,-0.06428317942967017,-0.01090926273415486
281,815,15,1,0.06666666666666667,0.0714285714285714,0.7142857142857143,0.0714285714285714,0.24867984155813852,0.46051270863972604,0.10715689758459727
281,927,15,1,0.06666666666666667,0.8571428571428572,0.5714285714285714,0.6428571428571428,0.3682746247698863,0.24584150686860085,0.1360318511724472
281,739,15,1,0.06666666666666667,0.7857142857142857,0.6428571428571428,0.7142857142857143,0.37641957759236294,0.3911938789957882,0.1383993128935496
281,69,15,1,0.06666666666666667,0.1428571428571429,0.7857142857142857,0.2142857142857143,0.11715643915037315,0.13163636506783524,0.1310046321207968
281,263,15,1,0.06666666666666667,0.7857142857142857,0.4285714285714286,0.1428571428571429,0.08975065344323714,0.09003396766881148,0.07465007808059454
281,11,15,1,0.06666666666666667,0.3571428571428571,1.0,0.5,0.016873474543293316,0.043714549858123064,0.019877100363373756
281,710,15,1,0.06666666666666667,0.7142857142857143,0.9285714285714286,0.8571428571428572,0.017926883068867028,0.021881050811013363,0.00873557354013125
281,348,15,1,0.06666666666666667,0.9285714285714286,0.3571428571428571,0.8571428571428572,0.3266347721219063,0.3413313359057308,0.269201354123652
282,80,18,3,0.16666666666666666,0.8,0.6,0.7555555555555555,-0.03246903419494629,-0.021695971488952637,0.011230130990346273
282,33,18,1,0.05555555555555555,0.7647058823529411,0.7647058823529411,0.8823529411764706,0.07764645417531331,0.10209133227666219,0.06358122825622559
282,807,18,2,0.1111111111111111,0.0,0.34375,0.34375,0.2097534735997518,0.4569104015827179,0.09665544827779134
282,1,18,1,0.05555555555555555,1.0,1.0,0.8823529411764706,0.18754276105513176,0.16163230314850807,0.1418182092408339
282,294,18,1,0.05555555555555555,0.9411764705882353,1.0,0.23529411764705888,0.4359083299835523,0.40917858605583507,0.24772236744562784
282,694,18,10,0.5555555555555556,0.7375,0.6125,0.4,0.4256743714213371,-0.31115080912907916,-0.1897244652112325
282,222,18,1,0.05555555555555555,0.0,0.5294117647058824,0.17647058823529416,0.0558026401946942,0.04965294680247704,0.05405434841910998
282,116,18,1,0.05555555555555555,0.11764705882352944,1.0,0.6470588235294117,-6.309871484215061e-05,0.000454477397397568,0.000246478210707816
282,227,18,1,0.05555555555555555,0.05882352941176472,0.05882352941176472,0.6470588235294117,0.13092562086724988,0.12783450493589044,0.05605658531809846
282,432,18,8,0.4444444444444444,0.7875000000000001,0.8875000000000001,0.48750000000000004,0.46956417088707286,0.525765131538113,0.47835246349374455
282,139,18,6,0.3333333333333333,0.24999999999999997,0.33333333333333337,0.7083333333333334,0.4857227232241712,0.4854909815949213,0.33315416125697084
282,118,18,1,0.05555555555555555,0.8823529411764706,0.6470588235294117,0.23529411764705888,0.04365525686807814,-0.010000896950562796,0.013271388908227285
282,69,18,1,0.05555555555555555,0.2941176470588235,0.5294117647058824,0.0,3.893489425384662e-06,3.69686462657152e-06,-5.363739698320084e-07
282,953,18,1,0.05555555555555555,0.47058823529411764,0.3529411764705882,0.11764705882352944,0.07883088746651386,0.08065496664494276,0.06755898085733254
282,823,18,1,0.05555555555555555,0.47058823529411764,0.6470588235294117,1.0,0.08301099313719125,-0.020910758622145902,0.05901702865958214
282,585,18,1,0.05555555555555555,0.7647058823529411,0.7647058823529411,0.9411764705882353,0.03289115852421295,0.03277281558014996,0.018212513377269108
282,482,18,1,0.05555555555555555,0.7647058823529411,0.5882352941176471,0.11764705882352944,0.03144265881185978,0.03046433987522808,0.024550572464553017
282,332,18,1,0.05555555555555555,0.7647058823529411,0.8823529411764706,0.05882352941176472,0.14079744416934167,0.13511275220662355,0.09233720294044663
282,1014,18,1,0.05555555555555555,1.0,1.0,0.7647058823529411,0.027515885473481678,0.02052450884366408,0.02459276292938739
282,110,18,1,0.05555555555555555,0.8235294117647058,0.7647058823529411,0.8823529411764706,0.18878707922704052,0.08663979172706604,0.0035610819856325784
283,33,10,3,0.3,0.3333333333333333,0.47619047619047616,0.7142857142857142,0.6730664223432541,0.5024787187576294,0.7478352040052414
283,807,10,1,0.1,0.4444444444444444,1.0,0.0,0.04477993647257487,0.5871318876743317,0.15933213631312051
283,650,10,2,0.2,0.1875,0.6875,0.4375,0.06112281481424967,0.371443510055542,0.0299837589263916
283,893,10,1,0.1,0.11111111111111116,0.8888888888888888,0.11111111111111116,0.40909621740380925,0.8070555108909806,0.02528291940689087
283,695,10,1,0.1,0.4444444444444444,0.7777777777777778,0.33333333333333337,0.8899989892961457,0.8921770483138971,0.39183637003103894
283,128,10,1,0.1,0.8888888888888888,0.7777777777777778,0.33333333333333337,0.5040353351893524,0.507870253873989,0.15646291772524515
283,1017,10,1,0.1,0.8888888888888888,0.5555555555555556,0.8888888888888888,0.11912105424562469,0.12253814102101994,0.1132526231619219
283,116,10,1,0.1,0.2222222222222222,0.2222222222222222,0.11111111111111116,0.35228625933329266,0.4754617353028152,0.47520715900463983
283,841,10,1,0.1,0.2222222222222222,0.0,0.2222222222222222,0.6618457865746071,0.6679237845431393,0.3880576143662135
283,192,10,1,0.1,1.0,1.0,0.33333333333333337,0.8796686033959986,0.8796693632553646,0.4258602360884349
283,486,10,1,0.1,0.0,0.33333333333333337,0.2222222222222222,0.740762927354505,0.7407652903186014,0.56656542385781
283,601,10,1,0.1,0.33333333333333337,0.7777777777777778,0.11111111111111116,0.7696799506414322,0.769680087303738,0.535867982233564
284,33,4,1,0.25,0.6666666666666667,0.6666666666666667,1.0,0.23357058316469193,-0.29477864503860474,-0.29477864503860474
284,1,4,1,0.25,1.0,1.0,1.0,0.21869341284036636,0.21869341284036636,-0.024394482374191284
284,659,4,2,0.5,0.0,1.0,0.5,0.20268762111663818,0.26821082830429077,0.26821082830429077
284,283,4,1,0.25,0.6666666666666667,0.6666666666666667,0.0,0.07005323260091245,-0.15219134092330933,0.07005323260091245
284,914,4,2,0.5,0.0,0.5,1.0,0.21930256485939026,-0.25153374671936035,0.11138652265071869
285,33,6,2,0.3333333333333333,0.5,1.0,0.375,0.20493612190087637,0.11582581202189128,0.13082634409268698
285,807,6,2,0.3333333333333333,1.0,1.0,0.0,0.3846878707408905,0.3846878707408905,0.04329391320546468
285,650,6,2,0.3333333333333333,0.0,0.5,0.5,0.40663009509444237,0.40663009509444237,0.2345116933186849
285,893,6,2,0.3333333333333333,0.0,0.5,0.25,0.116606871287028,0.6656097099961092,0.20239279667536417
285,1017,6,2,0.3333333333333333,0.5,0.5,0.5,0.6625441953268213,0.6625442350632511,0.09794644514719646
286,807,8,4,0.5,0.5,0.75,0.375,0.1689400871594747,0.1689400871594747,0.054221649964650474
286,650,8,2,0.25,0.33333333333333337,0.6666666666666667,0.5833333333333333,0.12372436126073201,0.12372436126073201,0.005418817202250163
286,893,8,2,0.25,0.0,0.0,0.6666666666666667,0.6875607942541441,0.6875607942541441,0.026987353960673015
286,694,8,2,0.25,1.0,1.0,0.33333333333333337,0.2285630206267039,-0.12625505526860556,-0.029319604237874348
286,389,8,2,0.25,0.33333333333333337,0.33333333333333337,0.5833333333333334,0.155752162138621,0.5682967014921209,0.02397199471791585
286,976,8,2,0.25,0.6666666666666667,1.0,0.25,0.3264756550391515,0.46540411266808707,0.09203031659126282
287,80,5,3,0.6,1.0,0.6666666666666666,0.6666666666666666,0.10422807931900024,0.07043588161468506,0.01480029026667277
287,887,5,1,0.2,1.0,0.75,1.0,0.16725521193196377,-0.17443647483984628,0.1293548612544934
287,659,5,1,0.2,0.0,1.0,0.5,-0.019926100969314575,0.1812503015001615,0.03414568305015564
287,728,5,1,0.2,0.5,1.0,0.75,-0.0057220458984375,0.8412485998123884,-0.0057220458984375
287,85,5,1,0.2,0.0,1.0,0.0,0.15793761610984802,0.3195623954137166,0.2835300664107005
287,251,5,1,0.2,0.25,1.0,0.25,0.06207395593325297,0.4637834131717682,0.1802052358786265
287,432,5,1,0.2,0.5,0.5,1.0,0.18253985047340393,0.193641925851504,0.04514948030312856
287,786,5,1,0.2,1.0,0.75,0.75,0.0010634558275341988,-0.03142906197657188,-0.03142906197657188
287,375,5,1,0.2,0.5,1.0,0.75,0.0401293079679211,-0.13314045717318854,-0.16286630680163702
288,80,11,3,0.2727272727272727,0.7916666666666666,0.8333333333333334,0.625,0.06659003098805745,0.2766321102778117,0.01830764611562093
288,33,11,2,0.18181818181818182,0.2222222222222222,0.33333333333333337,0.3888888888888889,0.8434879134098688,0.8648265271137158,0.1342510978380839
288,294,11,2,0.18181818181818182,0.2222222222222222,0.5555555555555556,0.6111111111111112,0.284627205634024,0.28322305631202954,-0.10802592833836873
288,695,11,2,0.18181818181818182,0.6666666666666667,0.7777777777777778,0.1111111111111111,0.8596536237746477,0.8611592750918741,0.0064754486083984375
288,659,11,1,0.09090909090909091,0.30000000000000004,0.7999999999999999,0.6,-0.6521091411511103,-0.7532276858886083,-0.37770557900269824
288,85,11,1,0.09090909090909091,0.0,0.30000000000000004,0.09999999999999998,-0.14949721097946167,-0.03355760375658671,-0.27100228269894916
288,116,11,1,0.09090909090909091,0.4,0.6,0.4,0.396762825975505,0.3954942183336243,0.3008553683757782
288,820,11,2,0.18181818181818182,0.33333333333333337,0.7777777777777778,0.5,0.030459004893297486,0.04626029355373854,0.023234181416531403
288,192,11,1,0.09090909090909091,1.0,1.0,0.7,0.9201665327194254,0.9201595033240059,0.2275870144367218
288,214,11,2,0.18181818181818182,0.6666666666666667,0.5555555555555556,0.5555555555555556,0.3240461707270394,0.32389577604286995,-0.09511511027812958
288,692,11,2,0.18181818181818182,0.2222222222222222,0.5555555555555556,0.2777777777777778,0.5558785080412653,0.5558785080412653,0.2190368870894114
288,97,11,1,0.09090909090909091,0.09999999999999998,0.7000000000000001,0.8,0.3944921837149498,0.3940744537491507,0.23812741632961357
289,80,6,4,0.6666666666666666,1.0,0.0,0.5,-0.0033326148986816406,0.04641721645991007,0.03249361117680868
289,33,6,1,0.16666666666666666,0.19999999999999996,0.8,0.8,0.07438381512959798,0.06390037139256795,0.056134978930155434
289,807,6,1,0.16666666666666666,0.0,1.0,0.4,0.04664436479409536,-0.16310604413350424,-0.19138531883557638
289,294,6,1,0.16666666666666666,0.19999999999999996,1.0,0.8,-0.004282037417093913,0.1612975001335144,-0.0061783989270528155
289,887,6,2,0.3333333333333333,1.0,0.5,0.25,0.12933661540349325,0.3617179294427236,0.10487967729568481
289,794,6,1,0.16666666666666666,0.6,0.4,0.6,0.06408862272898357,0.2584832509358724,0.06408862272898357
289,591,6,1,0.16666666666666666,0.8,0.8,0.19999999999999996,0.29898996154467267,0.2746473749478658,0.2481715828180313
289,222,6,1,0.16666666666666666,0.0,1.0,0.19999999999999996,-0.00755155086517334,0.07343437274297078,-0.0738162100315094
289,473,6,1,0.16666666666666666,0.4,0.8,0.6,-0.06609351436297099,0.07286442319552104,-0.053604185581207275
289,420,6,1,0.16666666666666666,1.0,1.0,0.4,0.13844254581878582,-0.5756755918264389,0.08956651886304219
289,106,6,1,0.16666666666666666,0.4,0.19999999999999996,0.19999999999999996,0.04708412289619446,-0.1126111497481664,0.010042369365692139
290,33,3,1,0.3333333333333333,1.0,0.0,0.5,-0.17383494973182678,-0.17383494973182678,-0.0778760313987732
290,674,3,1,0.3333333333333333,1.0,1.0,1.0,0.6154977381229401,0.6154977381229401,0.42055341601371765
290,360,3,1,0.3333333333333333,0.0,0.5,1.0,0.6255260929465294,0.6255260929465294,0.3984842896461487
290,790,3,1,0.3333333333333333,0.0,0.5,1.0,0.6497272253036499,0.6497272253036499,-0.12778866291046143
291,80,24,4,0.16666666666666666,0.65,0.75,0.625,0.0022574663162231445,0.09137988090515137,0.002655506134033203
291,807,24,7,0.2916666666666667,0.5042016806722689,0.7521008403361344,0.6890756302521008,8.37246576944987e-05,0.03369267781575521,3.9855639139811196e-05
291,650,24,4,0.16666666666666666,0.0875,0.875,0.4625,0.04414123296737671,0.18903947869936624,5.563100179036459e-07
291,893,24,4,0.16666666666666666,0.09999999999999998,0.875,0.35,0.3345711720176041,0.5554351775596539,0.13799041509628296
291,1,24,2,0.08333333333333333,0.8181818181818182,0.8863636363636364,0.6818181818181819,0.9043011096073315,0.931677135018011,0.2525297204653422
291,147,24,1,0.041666666666666664,0.4782608695652174,0.3913043478260869,0.34782608695652173,0.7433859184384346,0.8182041441711286,0.17007577419281006
291,694,24,1,0.041666666666666664,0.26086956521739135,0.6521739130434783,0.4782608695652174,-0.01654360070824623,-0.06454004409412543,-0.010465246935685476
291,659,24,2,0.08333333333333333,0.0,0.75,0.4318181818181818,0.6035116439064344,0.7613854004788058,0.3158653471618891
291,389,24,2,0.08333333333333333,0.2727272727272727,0.4772727272727273,0.6136363636363635,0.695722509175539,0.9607511972994871,0.3354740838209788
291,128,24,2,0.08333333333333333,0.45454545454545453,0.3863636363636364,0.5454545454545454,0.7107753506861627,0.7212514465209097,0.07644177476565044
291,283,24,1,0.041666666666666664,0.6956521739130435,0.6086956521739131,0.04347826086956519,0.5199881724489899,0.5216066671569971,0.2661354715625445
291,540,24,1,0.041666666666666664,0.9130434782608696,0.6086956521739131,0.08695652173913049,0.6725417919803173,0.689963793193234,0.6055204247434934
291,116,24,1,0.041666666666666664,0.08695652173913049,0.4782608695652174,0.26086956521739135,0.8441394111760019,0.8924124867865354,0.6946039248335486
291,713,24,1,0.041666666666666664,0.5652173913043479,1.0,0.21739130434782605,0.6705169275325412,0.7785678869033367,0.47511396557092667
291,820,24,1,0.041666666666666664,0.6956521739130435,0.9565217391304348,0.30434782608695654,0.940514670509098,0.9861956378619632,0.545415848493576
291,739,24,1,0.041666666666666664,0.9130434782608696,0.6086956521739131,0.782608695652174,0.697266422625944,0.6998651580291025,0.3858500545223554
291,786,24,1,0.041666666666666664,0.4782608695652174,0.3913043478260869,1.0,0.8818134408581196,0.8890501247382291,0.3421637515227
291,69,24,1,0.041666666666666664,0.5652173913043479,0.34782608695652173,0.4782608695652174,0.9575007000361211,0.9674746511591565,0.6490201054839417
291,825,24,1,0.041666666666666664,0.9565217391304348,0.9565217391304348,0.04347826086956519,0.9209002661270157,0.9344620400054597,0.6890243517700583
291,268,24,1,0.041666666666666664,0.30434782608695654,0.4347826086956522,0.4782608695652174,0.24327620555588206,0.26044387651242357,0.2585710825987917
291,403,24,1,0.041666666666666664,0.6956521739130435,1.0,0.21739130434782605,0.8947591892422982,0.9034572114332167,0.8090622574090958
291,416,24,1,0.041666666666666664,1.0,0.782608695652174,0.13043478260869568,0.23752756806175057,0.23875630199747397,0.21474735671654344
291,144,24,1,0.041666666666666664,0.6086956521739131,0.26086956521739135,0.13043478260869568,0.8464077251943914,0.8751638057901133,0.8134101505080858
291,197,24,1,0.041666666666666664,0.6521739130434783,0.6521739130434783,0.04347826086956519,0.5464476519064073,0.5493948654497919,0.3142026043497026
291,117,24,1,0.041666666666666664,0.5217391304347826,0.4782608695652174,0.8260869565217391,0.8760904741858736,0.87830441727966,0.6654911116493167
291,736,24,1,0.041666666666666664,0.782608695652174,0.6956521739130435,0.5217391304347826,0.7953116297348023,0.8196126288632856,0.6187282800819958
291,767,24,1,0.041666666666666664,0.9565217391304348,0.9130434782608696,0.13043478260869568,0.6843879740502908,0.6860319807250295,0.4294567953135508
292,80,11,1,0.09090909090909091,0.6,0.8,0.7,-0.0580369234085083,0.24618030587832132,0.16681968172391257
292,807,11,3,0.2727272727272727,0.5416666666666666,0.8333333333333334,0.4583333333333333,0.04823146263758341,0.2190184791882833,0.021986544132232666
292,650,11,1,0.09090909090909091,0.6,0.9,0.8,0.4408135215441386,0.33865924676259357,0.03728012243906657
292,893,11,1,0.09090909090909091,0.19999999999999996,0.9,0.9,0.493960771864901,0.7259493923435608,0.1892362336317698
292,1,11,1,0.09090909090909091,1.0,1.0,0.8,0.7362729214752713,0.7372220464361211,0.560425192117691
292,147,11,1,0.09090909090909091,0.4,0.4,0.7,0.3929950275147955,0.39777642240126926,0.31855037435889244
292,694,11,1,0.09090909090909091,0.4,0.6,0.8,0.04565126200517019,0.08050130183498065,0.07886538778742154
292,659,11,2,0.18181818181818182,0.0,0.8333333333333334,0.5,0.11210308472315471,0.39002833763758343,0.13166596492131552
292,389,11,1,0.09090909090909091,0.30000000000000004,0.6,0.5,0.47933008273442584,0.6527951478613735,0.19364943106969199
292,116,11,1,0.09090909090909091,0.4,0.5,0.9,0.6177823412387321,0.6180428443282532,0.2967688242594401
292,820,11,2,0.18181818181818182,0.9444444444444444,1.0,0.6111111111111112,0.6692422275543018,0.6729760320592201,0.43540625646710396
292,786,11,1,0.09090909090909091,0.5,0.6,1.0,0.3993925719114486,0.400984253483936,0.09756755332152049
292,69,11,1,0.09090909090909091,0.9,0.6,0.9,0.5395999244210543,0.5411262113542913,0.05565746625264486
292,825,11,1,0.09090909090909091,1.0,1.0,0.30000000000000004,0.4316536632613861,0.4335129602231973,-0.044490426778793335
292,268,11,1,0.09090909090909091,0.4,0.4,0.30000000000000004,0.1950238447461743,0.3692271070716136,0.030405084292093914
292,403,11,1,0.09090909090909091,0.8,0.9,0.8,0.3909724333655807,0.3922429844740994,-0.0017417122920354207
292,144,11,1,0.09090909090909091,0.6,0.09999999999999998,0.19999999999999996,0.3950151696869095,0.5377324526557459,-0.03210991621017456
293,807,10,1,0.1,0.6666666666666667,0.6666666666666667,0.11111111111111116,0.8251135908067226,0.8251135908067226,-0.07278345028559367
293,1,10,1,0.1,1.0,1.0,0.8888888888888888,0.765063107246533,0.765063107246533,0.3855921799937884
293,114,10,2,0.2,0.875,1.0,0.625,0.5118376181926578,0.6600877239058415,0.15322722991307577
293,227,10,1,0.1,0.0,0.6666666666666667,0.5555555555555556,0.2500497863687298,-0.5695262551307678,-0.0011714758972326915
293,904,10,6,0.6,0.0,1.0,0.8333333333333334,0.32756347581744194,0.21460858980814615,0.014196077982584635
293,263,10,2,0.2,1.0,0.875,0.375,1.3858898274647646e-08,-8.814770580182578e-05,-3.123060799836708e-05
293,429,10,6,0.6,0.0,0.5,0.6666666666666666,0.37950043628613156,0.5325774401426315,0.03853700558344523
294,80,17,3,0.17647058823529413,0.7857142857142857,1.0,0.42857142857142855,0.1086547573407491,0.29928399125734967,0.0002743999163309733
294,33,17,1,0.058823529411764705,0.375,0.8125,0.375,-0.004535796741644542,-0.05547230442365011,0.055376494924227394
294,807,17,3,0.17647058823529413,1.0,0.5714285714285714,0.619047619047619,0.01903076966603597,0.09467907746632893,0.008473217487335205
294,650,17,3,0.17647058823529413,0.7857142857142857,0.1428571428571429,0.49999999999999994,0.000939647356669108,0.009821891784667969,0.00012461344401041666
294,695,17,3,0.17647058823529413,0.5,0.5,0.40476190476190477,0.1913012549824392,0.19169355212943628,-0.042834131668011345
294,114,17,1,0.058823529411764705,0.8125,1.0,0.125,0.12912248729844578,0.17604120280479574,0.08395598485852436
294,392,17,1,0.058823529411764705,0.5625,0.5625,0.5625,0.05765512991608546,-0.17837431214623697,0.016236310514310997
294,715,17,3,0.17647058823529413,0.0,0.7142857142857143,0.6428571428571428,-0.04884807268778483,0.9071915792155778,0.40469388167063397
294,939,17,3,0.17647058823529413,0.7142857142857142,0.9285714285714286,0.3571428571428571,0.5167219005525112,0.6088349303475601,0.3439365599770099
294,838,17,3,0.17647058823529413,0.0,0.7142857142857143,0.6904761904761905,-0.19637892643610635,0.7630538892165836,0.16082845131556192
294,692,17,3,0.17647058823529413,0.5,0.5,0.4761904761904762,0.0007926127693370644,-0.0060532374260825845,0.00013475316033388177
294,753,17,3,0.17647058823529413,0.2142857142857143,0.7142857142857143,0.5238095238095238,-0.11280908187230428,0.8540927051444669,0.6380640473216772
294,487,17,3,0.17647058823529413,0.7857142857142857,0.7142857142857143,0.6904761904761905,0.06269153112468,-0.40720841062041774,0.00459845984975497
294,740,17,1,0.058823529411764705,0.625,1.0,0.25,0.04303089746584495,-0.38582847147093463,-0.13768102725346884
295,80,4,2,0.5,1.0,1.0,0.0,0.21640992164611816,0.21640992164611816,0.21640992164611816
295,659,4,1,0.25,0.0,1.0,0.0,-0.025031328201293945,0.2320096790790558,-0.025031328201293945
295,728,4,1,0.25,0.33333333333333337,1.0,0.33333333333333337,0.04167240858078003,0.9055370837450027,0.13407254219055176
295,85,4,1,0.25,0.0,1.0,0.6666666666666667,0.1624605357646942,0.24944846332073212,-0.048568934202194214
295,251,4,1,0.25,0.33333333333333337,1.0,0.6666666666666667,0.14360469579696655,0.5132941901683807,-0.045705318450927734
295,820,4,1,0.25,0.6666666666666667,0.6666666666666667,0.0,0.01864835014566779,-0.031073065474629402,0.002939082682132721
295,432,4,1,0.25,0.6666666666666667,1.0,0.33333333333333337,0.1497543305158615,0.1582643687725067,-0.004045605659484863
296,80,11,4,0.36363636363636365,0.6071428571428572,0.8214285714285714,0.5,-0.021038711071014404,-0.03472342093785604,0.019527157147725422
296,33,11,3,0.2727272727272727,0.29166666666666663,1.0,0.5416666666666666,-0.0077588558197021484,0.04487635691960653,0.008981923262278238
296,807,11,2,0.18181818181818182,0.5,0.6666666666666667,0.4444444444444444,0.255022794008255,0.5875721157838901,0.1451313147942225
296,1,11,1,0.09090909090909091,0.7,1.0,0.5,0.020687649647394817,0.11903726821765304,-0.0164736012617747
296,694,11,1,0.09090909090909091,0.9,0.8,0.5,0.30120736360549927,0.01225888729095459,0.09673560659090678
296,283,11,1,0.09090909090909091,0.09999999999999998,0.19999999999999996,0.30000000000000004,0.09327676737060149,0.16608239143776396,0.1105897097537915
296,222,11,1,0.09090909090909091,0.0,0.7,1.0,0.044622222582499184,-0.08830442527929942,0.09087384243806203
296,1017,11,2,0.18181818181818182,0.5555555555555556,0.33333333333333337,0.2222222222222222,0.1725621836570402,0.2329741581561393,0.11880100770698239
296,473,11,1,0.09090909090909091,0.19999999999999996,0.5,0.6,-0.1430350181957086,-0.1430350181957086,-0.0038521351913611093
296,739,11,2,0.18181818181818182,0.5555555555555556,0.6666666666666667,0.5555555555555556,0.06967840281625588,0.021838319798310597,0.0760504447389394
296,401,11,1,0.09090909090909091,0.7,0.4,0.0,0.23334937170147896,0.0299710879723231,0.1818569414317608
297,80,6,1,0.16666666666666666,1.0,0.8,1.0,0.0891392429669698,0.22669767340024313,-0.012563268343607584
297,33,6,2,0.3333333333333333,0.25,0.5,0.625,0.20763992269833884,0.23853142062822977,-0.08065470059712727
297,807,6,1,0.16666666666666666,0.4,1.0,1.0,0.10261209805806477,0.5408682773510615,0.36723236242930096
297,650,6,1,0.16666666666666666,0.0,0.8,0.0,0.01216264565785726,0.8932618759572506,0.8932618759572506
297,893,6,1,0.16666666666666666,0.0,0.6,0.8,0.24456321199735007,0.9105406748130918,0.8923677355051041
297,294,6,1,0.16666666666666666,0.19999999999999996,0.6,0.19999999999999996,0.22957047075033188,-0.28350891669591266,-0.43083563446998596
297,695,6,1,0.16666666666666666,0.4,0.6,0.6,0.4367005762954553,0.4367005762954553,0.16054304440816244
297,147,6,1,0.16666666666666666,0.4,0.4,0.6,0.44930766026179,0.45924367134769756,0.24008475740750632
297,1017,6,1,0.16666666666666666,0.8,0.4,0.6,0.2960531177620093,0.4471034416346811,0.3554355014154377
297,227,6,1,0.16666666666666666,0.4,0.4,0.4,0.08799916100300227,-0.055591326827804245,-0.06642884636918704
297,214,6,1,0.16666666666666666,0.8,0.8,0.8,0.26904682799552876,0.26904682799552876,-0.07397373517354329
297,11,6,1,0.16666666666666666,0.8,1.0,0.6,0.18101592687889934,0.2823683248910432,0.11115983128547668
297,698,6,1,0.16666666666666666,0.8,0.8,0.8,0.2255178221190969,0.2255178221190969,0.08079060291250546
298,80,13,2,0.15384615384615385,0.5909090909090909,0.6818181818181819,0.6363636363636364,0.2179238200187683,0.04786501328150431,0.07427082459131877
298,33,13,2,0.15384615384615385,0.36363636363636365,1.0,0.45454545454545453,0.22329445679982504,0.31445127725601196,0.0841028094291687
298,807,13,1,0.07692307692307693,0.8333333333333334,0.41666666666666663,0.9166666666666666,0.032847702503204346,0.3251051108042399,0.030780911445617676
298,650,13,2,0.15384615384615385,0.36363636363636365,0.5454545454545454,0.5454545454545454,0.0053117672602335615,0.04988837242126465,0.016537845134735107
298,1,13,1,0.07692307692307693,0.5833333333333333,1.0,0.8333333333333334,0.1282997119706124,0.1333323035699626,0.08120316701630752
298,881,13,1,0.07692307692307693,0.5833333333333333,0.8333333333333334,0.75,0.5518228858709335,0.7190273815455536,0.11072697242101033
298,128,13,1,0.07692307692307693,0.75,0.8333333333333334,0.0,0.24416284511486688,0.10891334277888139,0.19738798961043358
298,283,13,2,0.15384615384615385,0.36363636363636365,0.2727272727272727,0.9090909090909091,0.01659420925958936,-0.11767438302437465,0.0019686579083402953
298,725,13,1,0.07692307692307693,0.6666666666666666,0.8333333333333334,0.8333333333333334,0.2844328085581462,0.43521738549073535,0.2135128378868103
298,979,13,1,0.07692307692307693,0.0,0.6666666666666666,0.5833333333333333,0.31733765204747516,0.6521080161134402,0.16334935029347739
298,473,13,1,0.07692307692307693,0.41666666666666663,0.6666666666666666,0.16666666666666663,0.5836801814536253,0.7187287760898471,0.6595899400611719
298,815,13,1,0.07692307692307693,0.08333333333333337,0.6666666666666666,0.41666666666666663,0.6070767020185789,0.7138493311746666,0.5269293387730917
298,401,13,1,0.07692307692307693,0.8333333333333334,0.8333333333333334,0.6666666666666667,0.48356079892255366,0.5868273292047282,0.2815202871958415
298,715,13,1,0.07692307692307693,0.16666666666666663,0.8333333333333334,0.0,0.2756359303991,0.3777267234399915,0.34129506908357143
298,939,13,1,0.07692307692307693,0.41666666666666663,1.0,0.0,0.24068709711233774,0.37193304595227045,0.3058415874838829
298,838,13,1,0.07692307692307693,0.16666666666666663,0.8333333333333334,0.33333333333333337,0.3352315699060758,0.48154009801025194,0.11878065764904022
298,753,13,1,0.07692307692307693,0.16666666666666663,0.8333333333333334,0.8333333333333334,0.3411992955952883,0.41187996943093214,0.18225361655155817
298,823,13,1,0.07692307692307693,0.6666666666666667,0.8333333333333333,0.08333333333333337,0.001757561480038324,-0.032885072054341435,0.0009403068106621504
298,836,13,1,0.07692307692307693,0.6666666666666667,0.5833333333333333,0.0,0.018988613707127417,0.008004868633027703,0.009804519126191735
299,80,4,1,0.25,1.0,0.33333333333333337,1.0,-0.08831894397735596,-0.32724529504776,-0.08831894397735596
299,33,4,1,0.25,0.6666666666666667,0.6666666666666667,0.0,0.03168916702270508,-0.11873635649681091,0.018499702215194702
299,294,4,1,0.25,0.6666666666666667,0.6666666666666667,1.0,0.11647127568721771,-0.48298732936382294,0.0968094915151596
299,674,4,1,0.25,0.6666666666666667,1.0,0.33333333333333337,-0.526511549949646,-0.526511549949646,0.2636013478040695
299,360,4,1,0.25,0.0,0.6666666666666667,1.0,-0.4370863139629364,-0.4370863139629364,0.27367423474788666
299,790,4,1,0.25,0.33333333333333337,0.6666666666666667,0.6666666666666667,-0.4114159345626831,0.46799685806035995,0.46799685806035995
