endpoint,model,primary,faith,null,faithful,consensus,stability
DILI,rf,shap,0.15631483756483744,0.0609451275618027,1,0.3854650360387616,0.37454347443294916
DILI,rf,shap,0.01921954421954421,-0.02111111111111112,1,0.3124830811670812,0.3725152937121738
DILI,rf,shap,0.20028592314118623,0.03555555555555556,1,0.4357289137922979,0.2766171625557475
DILI,rf,shap,0.07839822790525398,-0.005555555555555536,1,0.352829014329594,2.01472867506916
DILI,rf,shap,0.02541493296347665,-0.004444444444444455,1,0.38031961413654425,1.9966828885903332
DILI,rf,shap,0.08719927719927728,-0.01388888888888884,1,0.36430726318838647,0.13881081024371425
DILI,rf,shap,0.2866370049703382,0.033333333333333326,1,0.3446874793772612,0.2935459189529152
DILI,rf,shap,0.32120099807599806,0.02289081289081285,1,0.4351258153794267,0.4581883507369656
DILI,rf,shap,0.1423879021526294,0.02951621844478991,1,0.3649450089297478,0.41704150112494554
DILI,rf,shap,0.29726827335833467,0.027592592592592613,1,0.4295317399354046,0.308388395240251
DILI,rf,shap,0.26866436421290796,-0.0052393302393302825,1,0.407503673172785,0.35688757921477693
DILI,rf,shap,0.13865818285071166,0.028456790123456848,1,0.38555370970998215,0.23247842005106045
DILI,rf,shap,-0.013763327721661186,-0.011111111111111146,0,0.4671763559613961,0.15466836472684672
DILI,rf,shap,0.07394180146607325,-0.023217990717990727,1,0.43815481402946516,0.1826174933192436
DILI,rf,shap,0.38551260351260347,0.03250374359805697,1,0.3986216249793318,0.21071822987763272
DILI,rf,shap,0.20753784628784636,0.040444444444444394,1,0.4024269586846922,0.19153059773778808
DILI,rf,shap,0.11772328741304772,0.023182950634406934,1,0.4148612389126709,0.41813481655766754
DILI,rf,shap,0.2685444047944048,0.034246031746031726,1,0.3625719605495994,0.3631634431775343
DILI,rf,shap,0.2534248971193416,0.04575757575757574,1,0.3751113572487601,0.21284967683649977
DILI,rf,shap,0.28936784964484624,0.07333333333333347,1,0.4225182985089972,0.5365085550180068
DILI,rf,shap,0.036366008866008936,0.038888888888888896,0,0.35975260759906924,0.14833987647430688
DILI,rf,shap,0.08655269445625356,-0.00992063492063496,1,0.3832129596869009,0.6359899796123083
DILI,rf,shap,0.1560623123123124,0.01575503570649202,1,0.42303742119349386,0.2947645639746334
DILI,rf,shap,-0.01565485051011371,-0.02999999999999999,1,0.40559924459153746,0.5176257381585079
DILI,rf,shap,0.29360646942225893,0.0055555555555554985,1,0.40779024768639854,0.36030232104156296
DILI,rf,shap,0.20714814814814816,0.07883838383838389,1,0.35186065086043666,0.2657165849891034
DILI,rf,shap,0.030931608393945226,0.05894530894530899,0,0.3809039207780309,0.2114139122661106
DILI,rf,shap,0.17318198085552458,0.006464646464646469,1,0.39597081072840634,0.35124684856969485
DILI,rf,shap,0.389019094484305,0.028855218855219023,1,0.4957404357086857,0.3883521340906318
DILI,rf,shap,0.12452304086104411,-0.017777777777777743,1,0.28969453490624525,0.25447228207341127
DILI,rf,shap,0.04004262745910342,-0.04994949494949493,1,0.40188845698595527,1.9752631179555762
DILI,rf,shap,0.08743463739697421,-0.01557713052858678,1,0.3313482579085478,0.4665464017365242
DILI,rf,shap,0.18772815921091326,0.033539562289562265,1,0.39400178543302455,0.31087790249526737
DILI,rf,shap,0.27360967148920656,-0.003333333333333336,1,0.3503408663497156,0.4539567980685079
DILI,rf,shap,0.23229278872720194,-0.006576576576576509,1,0.4425691185762544,0.562713820602096
DILI,rf,shap,0.29316019326248205,0.13308464102611106,1,0.3818687607900537,0.24261866599806498
DILI,rf,shap,-0.10023963488437175,0.009831081081080975,0,0.31949710983634433,1.980145562940406
DILI,rf,shap,0.21659030784030783,0.011111111111111108,1,0.43312625345554523,0.23602721557575942
DILI,rf,shap,0.1501351042530922,-0.016622517693946254,1,0.3948885221452305,0.4199993253007759
DILI,rf,shap,0.2220609757057126,0.04248316498316499,1,0.4276261368684455,0.3090813147686703
DILI,rf,shap,0.24364889456556119,0.04757575757575753,1,0.2825730407943771,0.39145662657828356
DILI,rf,shap,0.06994458744458742,0.0438888888888889,1,0.37590648407546656,0.2860600637398742
DILI,rf,shap,0.2963200104866769,0.038346560846560705,1,0.5036723249615103,0.35625348020383757
DILI,rf,shap,0.2215551948051948,0.03339339339339342,1,0.3887858943881155,0.21660773953963394
DILI,rf,shap,0.11807566540680574,-0.01899638143891021,1,0.3343725586157401,1.9526948184471296
DILI,rf,shap,0.14032115326194278,0.04430555555555552,1,0.33719308605198184,0.30297724993242103
DILI,rf,shap,0.21902737910019465,0.04104069483480791,1,0.4219193107961164,0.5495458085293686
DILI,rf,shap,0.13993776930673066,-0.015125661375661478,1,0.4450995480417479,0.5509756733608829
DILI,rf,shap,0.268870502227645,-0.006582491582491541,1,0.30670050076635835,0.31082496599945586
DILI,rf,shap,0.23430014430014426,0.052962962962962955,1,0.33858485162014607,0.3150545115106338
DILI,rf,shap,0.23586496766170095,0.045555555555555606,1,0.38776644079050654,0.3351377805618593
DILI,rf,shap,0.06370193245193245,0.038194444444444496,1,0.4450737093560943,0.48345468156586846
DILI,rf,shap,0.22207802462656823,0.0412962962962962,1,0.3845189877981234,0.21281388332423673
DILI,rf,shap,0.18424369174369173,0.019592449592449546,1,0.337455583608509,0.17794442218196665
DILI,rf,shap,0.2536143099761366,0.03875000000000003,1,0.4068858936885197,0.45779588499294693
DILI,rf,shap,0.24709717604045664,0.01442286947141321,1,0.40324498798277353,0.41334556799334243
DILI,rf,shap,0.09803553878553876,-0.007528058361391736,1,0.4130877654882591,0.12195905370451937
DILI,rf,shap,0.2924588170421503,0.0477777777777777,1,0.451051841627787,0.4162583662698628
DILI,rf,shap,0.06806903349257716,0.006634304207119783,1,0.3088104643471238,0.44672161181429443
DILI,rf,shap,0.31311395897171307,0.03545683422657094,1,0.4280454282674621,0.29921113139188804
DILI,mlp,ig,-0.002873500188191732,0.02957729498545329,0,0.42556847147364446,0.05898932800848016
DILI,mlp,ig,0.1508932113647461,-0.0009847283363342285,1,0.4234733304623853,0.12418720817063678
DILI,mlp,ig,0.7062272230784098,0.0022782087326049805,1,0.393441410092475,0.06948817956480494
DILI,mlp,ig,0.7511393825213114,-1.7007191975911457e-05,1,0.38225166594714,0.06837369120565034
DILI,mlp,ig,0.19641206661860147,-0.008673012256622314,1,0.4249613033666821,0.07381029419624989
DILI,mlp,ig,-0.08411478996276855,0.4873688022295634,0,0.3153516055736087,0.05430686826047285
DILI,mlp,ig,0.5816186467806498,-8.950630823771159e-05,1,0.2686020101502934,0.0957362686291036
DILI,mlp,ig,0.009796500205993652,-0.01842913031578064,1,0.4489802629867902,2.143149571172046
DILI,mlp,ig,0.7644704381624857,0.03793261448542277,1,0.44285925684851507,0.0825415397150168
DILI,mlp,ig,0.058758934338887535,-9.059906005859375e-06,1,0.4270998974146098,0.18013647323829313
DILI,mlp,ig,0.06527459621429443,-0.030199249585469563,1,0.45841309516304235,0.08679261223251111
DILI,mlp,ig,0.19157467285792032,0.022901395956675213,1,0.4810767898016522,0.1611401021264683
DILI,mlp,ig,0.8353094061215719,0.31890589992205304,1,0.25347565576407227,0.08145840666615767
DILI,mlp,ig,0.21921565135320029,3.973642985026042e-07,1,0.3541187607202824,0.08511891320641425
DILI,mlp,ig,0.09447091817855835,1.5497207641601562e-06,1,0.4066675749292469,0.09138261173218169
DILI,mlp,ig,0.7719677090644836,0.0014315247535705566,1,0.3638404968700602,0.11880064174132185
DILI,mlp,ig,-0.013672053813934326,-0.05878921349843343,1,0.29439197461624167,0.09643842262123584
DILI,mlp,ig,-0.08092673619588216,0.28879393140474957,0,0.46643781406995605,0.1418216039482261
DILI,mlp,ig,0.1459075609842936,5.165735880533854e-07,1,0.2014106969904435,0.07582744195921368
DILI,mlp,ig,0.20059063037236533,1.9073486328125e-06,1,0.24969759038670636,0.08174754957003819
DILI,mlp,ig,0.2739529013633728,-0.013733983039855957,1,0.4259654208356431,0.09715438990907026
DILI,mlp,ig,0.085944930712382,4.178285598754883e-05,1,0.47151594732818736,0.15381157425597292
DILI,mlp,ig,0.01060938835144043,2.868970235188802e-05,1,0.2889027991192543,0.12410198409583593
DILI,mlp,ig,0.5684647162755331,0.0,1,0.19760327145316645,0.03368493187404812
DILI,mlp,ig,0.0216826597849528,0.3132168650627136,0,0.374342038867078,0.0565908065083583
DILI,mlp,ig,0.29102224111557007,0.15202693144480386,1,0.3976222968638218,1.9073083828239374
DILI,mlp,ig,0.7095673282941183,-0.0013019839922587078,1,0.1361841657318474,0.03738356951214939
DILI,mlp,ig,0.24406562248865762,-0.006809552510579427,1,0.37515355368702197,0.09524292326015016
DILI,mlp,ig,0.14479498068491617,1.1920928955078125e-07,1,0.3215043206845879,0.08019992780909406
DILI,mlp,ig,0.23332498470942178,0.015400071938832601,1,0.4010069360983784,0.08668771862211162
DILI,mlp,ig,0.8079594572385153,0.00247726837793986,1,0.3883456607382969,0.11898370224219032
DILI,mlp,ig,0.11967792113622029,0.0014483928680419922,1,0.44161790928747185,0.1335604186410958
DILI,mlp,ig,0.02063971757888794,-7.700920104980469e-05,1,0.42170232561654514,0.20358856416993285
DILI,mlp,ig,0.023559073607126873,-0.00791694720586141,1,0.4116646741461234,0.061082237001065465
DILI,mlp,ig,0.19446835915247598,0.0001917282740275065,1,0.3889998051011172,0.14369576764024003
DILI,mlp,ig,0.01658576726913452,0.019075433413187664,0,0.4764179196269519,0.11248922709909191
DILI,mlp,ig,0.47582298517227173,4.649162292480469e-06,1,0.3700049560450039,0.03489462538235359
DILI,mlp,ig,0.20043261845906576,0.027299880981445312,1,0.4849417612523551,0.10696400551653905
DILI,mlp,ig,0.16081027189890543,0.398914376894633,0,0.4178608422937712,0.11449783639201316
DILI,mlp,ig,0.1377026637395223,0.001947641372680664,1,0.3764500983486981,0.23676716210324977
DILI,mlp,ig,0.09173917770385742,1.5894571940104166e-07,1,0.3934120499325638,0.08416614870473021
DILI,mlp,ig,-0.0522308349609375,0.12282790740331014,0,0.4157574804377368,0.1039192120140265
DILI,mlp,ig,0.19104629755020142,1.702706019083659e-05,1,0.3454398974505484,0.20196072629208847
DILI,mlp,ig,0.01715618371963501,0.005777617295583089,1,0.3337862627786174,0.07594133071189622
DILI,mlp,ig,0.01222232977549235,0.992208460966746,0,0.20901497840742966,0.02976488581580913
DILI,mlp,ig,0.8370945851008097,0.0035589138666788736,1,0.43573295883488233,0.08790405629258874
DILI,mlp,ig,0.29198936621348065,0.00019152959187825522,1,0.34357846331218195,0.16138946487195324
DILI,mlp,ig,0.08619725704193115,4.633267720540365e-05,1,0.4504776311422586,0.07942923615390848
DILI,mlp,ig,-0.2064839800198873,0.016546010971069336,0,0.2307872985911371,0.07853129190916469
DILI,mlp,ig,0.7416341304779053,-0.021825591723124187,1,0.43756855603252703,0.14387590051522248
DILI,mlp,ig,-0.009825388590494791,0.13623533646265665,0,0.353922634852076,0.09444181481242513
DILI,mlp,ig,0.0005235671997070312,7.549921671549479e-07,1,0.23046903445770034,0.07719161661604855
DILI,mlp,ig,0.3579111099243164,4.76837158203125e-07,1,0.39156001104536886,0.057310106325621724
DILI,mlp,ig,0.4842564066251119,0.2225481073061625,1,0.3673026469267822,0.07081506646311304
DILI,mlp,ig,0.11979864041010539,0.00012117624282836914,1,0.3255595459715151,0.14323322973771116
DILI,mlp,ig,0.2604163885116577,0.20548692345619202,1,0.34316976988621883,1.9007837772109115
DILI,mlp,ig,0.018619239330291748,0.0,1,0.29039429524274046,0.04616797077274303
DILI,mlp,ig,0.9260511795679728,0.14104278882344565,1,0.32111676657376087,0.07065214546409375
DILI,mlp,ig,0.09481247266133626,-0.0006561875343322754,1,0.4587149176069289,0.04488804251310446
DILI,mlp,ig,-0.009595235188802084,-0.008837024370829264,0,0.4200123548120597,0.06635020412288903
hERG,rf,shap,-0.05846721677229957,0.0055742000820421245,0,0.22077176133199541,0.6031510515230946
hERG,rf,shap,0.014908843774720423,0.009211388615200175,1,0.22852045769746382,0.5064508188548533
hERG,rf,shap,-0.030124333342798848,0.001146953405017766,0,0.3934277073887641,0.4235105801157558
hERG,rf,shap,-0.03147995273890677,-0.004301103631349945,0,0.21606415366973603,0.14672477412725105
hERG,rf,shap,0.49063674642191496,0.04784025679108702,1,0.2778340284036049,0.14386724428697978
hERG,rf,shap,0.45276947490769165,-0.00257316278575892,1,0.25528756006159836,0.1745354058245344
hERG,rf,shap,0.02676520495925394,0.007091502077932484,1,0.42586579108200423,0.25489205669478
hERG,rf,shap,0.5351496400342323,0.04469780055256989,1,0.24085575259386824,0.16060294139915612
hERG,rf,shap,0.29798039457398484,0.019293015665231766,1,0.26100671007404624,0.518506212289339
hERG,rf,shap,0.056092317378490776,0.015196662461355315,1,0.390867130673043,0.4928481069806063
hERG,rf,shap,0.167882586781379,-0.04922098629073498,1,0.25930200862210256,0.30309573815838986
hERG,rf,shap,0.02305952737975714,-0.004220772196173746,1,0.32421107169476776,0.26063133899587076
hERG,rf,shap,-0.021465003877319866,0.007288436917785653,0,0.3835578266873313,0.27235208867858673
hERG,rf,shap,0.013915707119426357,0.005162683029437602,1,0.40060954059050896,0.44163363395999844
hERG,rf,shap,0.6405034025653751,0.005448028673835019,1,0.17645657265707043,0.18336135804766168
hERG,rf,shap,0.03350434087679851,0.003323911193871728,1,0.44766799452407524,0.21861223216613793
hERG,rf,shap,-0.19179978670384337,-0.04955764769938017,0,0.2501834418962163,0.19128656193741217
hERG,rf,shap,-0.09728582009159774,0.004458164261430271,0,0.3468121703727601,0.14583477714856366
hERG,rf,shap,-0.019430144042703268,0.00923429071548354,0,0.3123791982815872,1.2218340331445163
hERG,rf,shap,0.6922374548676208,0.10461256031503163,1,0.21454390302961535,0.22422649089667115
hERG,rf,shap,-0.08204949449312356,-0.025715495613481076,0,0.2867129265587147,0.6475391543334079
hERG,rf,shap,0.08571132257116047,0.09611385896480933,0,0.4217009622417972,0.18318629565147115
hERG,rf,shap,-0.16009536761718587,0.0049345002947857415,0,0.250185204165119,0.16125804568576946
hERG,rf,shap,-0.33126650028778676,-0.02573716811841546,0,0.31673141504845514,0.6739982085753972
hERG,rf,shap,-0.3526748002079619,-0.006410163010220682,0,0.31354582029521927,0.09162841622894095
hERG,rf,shap,-0.11696037018833842,-0.032984465578517974,0,0.26780848061576096,0.3810361114882696
hERG,rf,shap,0.3349698337178737,0.07840452068205776,1,0.355945422672836,0.2744001440013722
hERG,rf,shap,-0.4007885047623853,-0.0114058934210061,0,0.36022597383765814,0.10834566966517743
hERG,rf,shap,0.7439170694435768,0.10277314419414674,1,0.3304230695770229,0.1254699383247023
hERG,rf,shap,-0.2765602254031934,-0.03478036540718795,0,0.3244501528425765,0.24868314715297088
hERG,rf,shap,0.5021705940615434,0.07794965899766415,1,0.28394968891917544,0.15619223944825797
hERG,rf,shap,-0.107901216229085,-0.013266065877653813,0,0.2767308480704724,0.4142260298328844
hERG,rf,shap,0.08230440261899974,0.06903276916190153,1,0.2915133470498532,0.22120346363354446
hERG,rf,shap,-0.14932508694945434,-0.04583802462554779,0,0.3284951473973953,0.287231277998451
hERG,rf,shap,0.5866424174547816,0.11474453938870725,1,0.2902903324313326,0.14872554185299694
hERG,rf,shap,0.02905788513648751,0.009440329404200845,1,0.29577921264048557,0.2705812923200775
hERG,rf,shap,-0.14771935962074847,0.004896614736429587,0,0.34439962424487136,0.3323301667756425
hERG,rf,shap,-0.13553749799656264,0.0005482721465949192,0,0.29099876453024515,0.313002623181426
hERG,rf,shap,-0.061797666911273086,-0.0044811799416623055,0,0.366564267657945,0.2075387575721136
hERG,rf,shap,0.5475986329864063,0.06304157351936952,1,0.32855154000228387,0.3060820197800537
hERG,rf,shap,-0.05846721677229957,-0.007213878898892097,0,0.3207094433849689,0.6316775298351234
hERG,rf,shap,0.005546287746136673,0.033987249731070146,0,0.17863121248308544,0.12345996316980655
hERG,rf,shap,0.5015626083109082,0.14596626789427464,1,0.15128961045664877,0.17708573960742302
hERG,rf,shap,-0.08674096543950165,-0.0031196617758812994,0,0.3441781657860903,0.7186552666876622
hERG,rf,shap,0.5271075281108993,0.022638888888888875,1,0.3305382044786703,0.1571104115082294
hERG,rf,shap,0.01215977606506465,0.004498190670677767,1,0.4032529439446601,0.2951797218171509
hERG,rf,shap,0.022996322762064425,0.0003882495209767134,1,0.3030397605198874,0.2998210423701582
hERG,rf,shap,0.03437704765198076,0.017829505461747257,1,0.33456851345929955,0.4061162801681559
hERG,rf,shap,-0.128929262616575,-0.03024482536058722,0,0.3134770918080113,0.19569762609557148
hERG,rf,shap,-0.021523514349364465,-0.00474763126722096,0,0.3288164677606666,0.3164203482633416
hERG,rf,shap,0.02598680944092735,0.007540119823349604,1,0.35632548533286623,0.17968009246426134
hERG,rf,shap,0.480579744689649,0.08709658538287317,1,0.28188078522732646,0.1879332527342569
hERG,rf,shap,0.5151409963833326,0.0954770383937051,1,0.3824693319283886,0.1223947131472476
hERG,rf,shap,-0.09183464859566715,-0.04377939965272112,0,0.33409152600961717,0.3007000764123169
hERG,rf,shap,-0.024150914149970875,-0.003002459737309504,0,0.19404284146075423,0.39234510384928983
hERG,rf,shap,-0.21422459331897306,-0.02092184587753861,0,0.3099971981480132,0.2765032081796036
hERG,rf,shap,0.024416903961303138,0.018983348476785917,1,0.2720238278311806,0.4356072508533031
hERG,rf,shap,-0.16157412474155833,-0.01895292023953073,0,0.2964682597814676,0.24594546101392947
hERG,rf,shap,-0.2612662126720917,-0.04330571275849715,0,0.33775175852066514,2.1532902041912045
hERG,rf,shap,0.029295315150227836,0.007840785577694928,1,0.4444847494627097,0.10841046889972836
hERG,mlp,ig,0.02460038661956787,0.0001577138900756836,1,0.34957686339436467,0.0720336628546337
hERG,mlp,ig,0.5179509520530701,0.014160096645355225,1,0.1883075170731735,0.2066235590700384
hERG,mlp,ig,0.7456590334574381,0.08499519030253093,1,0.29481587985137614,0.14576687214275613
hERG,mlp,ig,0.8292346994082133,0.016535600026448567,1,0.2019422477263511,0.1309616307364402
hERG,mlp,ig,0.9893968105316162,0.12852720419565836,1,0.2602278628896441,0.05159995048127845
hERG,mlp,ig,0.020807266235351562,1.2715657552083333e-06,1,0.2288417568632782,0.10007315057017478
hERG,mlp,ig,-0.003534535566965739,0.0038724939028422036,0,0.1955656981035924,0.13477485332777214
hERG,mlp,ig,0.017751872539520264,3.2226244608561196e-05,1,0.3853553874195472,0.13130816133939563
hERG,mlp,ig,0.004855056603749593,5.960464477539062e-07,1,0.25911471386005447,0.06688503477803022
hERG,mlp,ig,0.04304031531016032,1.3987223307291666e-05,1,0.2605984131316321,0.0853267800150903
hERG,mlp,ig,0.011693179607391357,3.933906555175781e-06,1,0.16204769997622595,0.07526877137050249
hERG,mlp,ig,0.020098249117533367,0.0009355346361796061,1,0.3215706643600523,0.10966644963727033
hERG,mlp,ig,0.26278523604075116,0.0,1,0.3152525184748713,0.07228927796237854
hERG,mlp,ig,0.00432815154393514,0.0,1,0.23803427837219224,0.08754475411164703
hERG,mlp,ig,0.2738082806269328,0.022526144981384277,1,0.19555187096991095,0.11695109749991146
hERG,mlp,ig,0.004589279492696126,1.0291735331217447e-05,1,0.1537108174966192,0.0781958178270971
hERG,mlp,ig,-0.05629434188206991,0.04683566093444824,0,0.3606886727111594,0.09746837020515456
hERG,mlp,ig,0.3238212664922078,0.07623024781545003,1,0.2632194618699758,0.03584870141561557
hERG,mlp,ig,0.0030849575996398926,5.0067901611328125e-05,1,0.11810634316844404,0.10774294363924629
hERG,mlp,ig,0.003130237261454264,7.273753484090169e-05,1,0.2898871505629364,0.12018722074148146
hERG,mlp,ig,0.006795426209767659,7.947285970052083e-08,1,0.29624405447659785,0.05664036522642455
hERG,mlp,ig,0.9736268122990926,0.0002316435178120931,1,0.23440166446813307,0.08739311978784242
hERG,mlp,ig,0.7508727113405863,3.997484842936198e-05,1,0.056045371969512835,0.08426476670272214
hERG,mlp,ig,0.027671754360198975,7.947285970052084e-07,1,0.16003013786751172,0.09455127066639375
hERG,mlp,ig,0.04924494028091431,3.9736429850260414e-08,1,0.25184243927423666,0.09147225135548541
hERG,mlp,ig,0.014879624048868815,4.3710072835286457e-07,1,0.30541913685507804,0.10000354866599868
hERG,mlp,ig,0.04906666278839111,-0.0014112790425618489,1,0.1460209785618091,0.09365907101248137
hERG,mlp,ig,0.19411567846934,5.245208740234375e-06,1,0.30409138075819225,0.038899484002392806
hERG,mlp,ig,0.04934197664260864,0.0009160240491231283,1,0.21487450989601892,0.10544174262919588
hERG,mlp,ig,0.0014277100563049316,4.331270853678386e-06,1,0.21732262425060048,0.09902999989849887
hERG,mlp,ig,0.0015872716903686523,-0.00044029951095581055,1,0.2686572253280404,0.1162761619388114
hERG,mlp,ig,0.014783581097920736,7.947285970052083e-08,1,0.18668206035050366,0.08007499238885153
hERG,mlp,ig,0.0067729949951171875,7.033348083496094e-06,1,0.16423337552600095,0.08549674493589618
hERG,mlp,ig,0.009300132592519125,2.384185791015625e-07,1,0.11370563049514637,0.1087895308709982
hERG,mlp,ig,0.5332681139310201,0.3330414295196533,1,0.16787421067070946,0.09178900712580257
hERG,mlp,ig,0.0015068252881368,-3.9736429850260414e-08,1,0.14822362025234637,0.0707063796110792
hERG,mlp,ig,0.013206561406453451,2.173582712809245e-05,1,0.1107189712135355,0.15569933378611547
hERG,mlp,ig,0.1665597359339396,9.099642435709635e-06,1,0.3004428408953212,0.11542334211923808
hERG,mlp,ig,0.23362871011098227,-0.0009174148241678873,1,0.29090390252515935,0.09293301223785103
hERG,mlp,ig,-0.0020490090052286782,0.013036827246348063,0,0.1740247223632593,0.12202795660419638
hERG,mlp,ig,-0.17361998558044434,-0.1478948394457499,0,0.20106688256095195,0.11467163891185006
hERG,mlp,ig,0.43907487392425537,0.010668635368347168,1,0.2947972472040976,0.10376869948125714
hERG,mlp,ig,0.006737510363260905,2.8212865193684895e-05,1,0.23027201757419027,0.1028182631772339
hERG,mlp,ig,0.08487751086552937,0.4056790868441264,0,0.20025532866256693,0.10452795262297726
hERG,mlp,ig,0.002289454142252604,8.742014567057291e-07,1,0.3076893270052154,0.10481622343496846
hERG,mlp,ig,0.7514046231905619,4.3710072835286457e-07,1,0.3495107781884171,0.05015020484872624
hERG,mlp,ig,0.7867621779441833,-0.02223805586496989,1,0.24862805475970823,0.10571691115958139
hERG,mlp,ig,0.7845081488291422,0.2464911937713623,1,0.08227347856681293,0.061384194062640444
hERG,mlp,ig,0.008405168851216635,3.9736429850260414e-08,1,0.22455614155907136,0.061551467650805394
hERG,mlp,ig,0.14595282077789307,-0.000655968983968099,1,0.36114672213865656,0.05872515832892538
hERG,mlp,ig,0.003723899523417155,1.0887781778971354e-05,1,0.16863643712519846,0.1333331039981927
hERG,mlp,ig,0.008824606736501059,6.755193074544271e-07,1,0.23864734803204318,0.13991189763146958
hERG,mlp,ig,0.02529911200205485,0.03203282753626505,0,0.1892494363589981,0.07369776805388048
hERG,mlp,ig,0.005566636721293132,5.0067901611328125e-05,1,0.2206970228109338,0.09714828393549364
hERG,mlp,ig,0.5258754293123881,0.00016947587331136069,1,0.30720259340803785,0.10160874719860788
hERG,mlp,ig,0.1288438638051351,0.01800284783045451,1,0.33985199488839035,0.1298302029189867
hERG,mlp,ig,0.0025820136070251465,1.5894571940104166e-07,1,0.1901537728304257,0.08203235200893003
hERG,mlp,ig,0.23389087120691934,1.0728836059570312e-06,1,0.24479801050070069,0.09725700800999108
hERG,mlp,ig,0.0011748870213826497,0.0,1,0.13620834061534473,0.08377864433692273
hERG,mlp,ig,0.4251680572827657,0.0016170144081115723,1,0.22739276585237206,0.10853659252351903
AMES,rf,shap,0.1834871147550314,0.032763167884561795,1,0.33940338437443257,0.6999411340692958
AMES,rf,shap,0.5494347124250001,0.2629990134346047,1,0.32456374200063254,0.4805300109149776
AMES,rf,shap,0.495895416997429,0.11658120087175172,1,0.27975708835330804,0.5203875499707169
AMES,rf,shap,0.34597794958417327,0.04814319993538659,1,0.32550208279334114,0.30880877986501404
AMES,rf,shap,0.46493697339315254,0.11010036843029976,1,0.25650878505861463,0.448554897187112
AMES,rf,shap,0.03629072248782287,0.05559304648461424,0,0.14557318060199084,0.4869147511424804
AMES,rf,shap,0.04704357526708567,0.006960059308571687,1,0.2261283871029457,0.34938047289551194
AMES,rf,shap,0.12620032840968318,0.019847504873333865,1,0.20194526619749378,0.3517733588728402
AMES,rf,shap,0.10242387059448137,0.0259525490693725,1,0.25516880152359517,0.6371582497103306
AMES,rf,shap,0.4627462883791016,0.056694919098105166,1,0.2212499544960475,0.5587786760255586
AMES,rf,shap,0.09249592151536055,0.01636717064394348,1,0.15430245108034282,0.4958129110694649
AMES,rf,shap,0.21235238357697664,0.032407147502583666,1,0.22362692791837824,0.5900493921538339
AMES,rf,shap,0.06030096302774046,0.010587311522231246,1,0.17199352204575305,0.5481228442917038
AMES,rf,shap,0.05860388621584833,0.04604839830019262,1,0.27942121167406564,0.5525720237582289
AMES,rf,shap,0.2521814004702951,0.12789467719402225,1,0.317818022960184,0.4038350251400703
AMES,rf,shap,0.017180961111681343,-0.009241666558081322,1,0.012187860759361877,0.7725076421019901
AMES,rf,shap,0.38128825005198674,0.10876628534830972,1,0.3044158388220227,0.4034008892537301
AMES,rf,shap,0.2604528312293098,0.1186581173194395,1,0.4012093909309653,0.20388239833636243
AMES,rf,shap,0.13516066844242283,-0.01765445699134331,1,0.3261080700887575,0.6564621264324548
AMES,rf,shap,-0.007863361482468986,0.00945640659204435,0,0.3711860087462393,0.5224081552600599
AMES,rf,shap,0.02769859697752038,0.018840024145297285,1,0.09844475004955375,1.157623958912351
AMES,rf,shap,0.04727494036029308,-0.018781548138398125,1,0.26456982536043194,0.3153003068848554
AMES,rf,shap,0.36221285702221956,0.041687911074195415,1,0.23837496756147578,0.6024687874886167
AMES,rf,shap,0.15674691792296136,-0.010451443866759447,1,0.24771492291117758,0.7325490627216724
AMES,rf,shap,0.07810146326596629,-0.036182790856172854,1,0.23501972395100204,0.695088817351643
AMES,rf,shap,0.1697504030376978,0.04605565785814114,1,0.17200644037957005,1.8576432399064353
AMES,rf,shap,0.2539790231887871,0.0830294482826226,1,0.3398003295408099,0.16396314885104296
AMES,rf,shap,0.5688326918754126,0.1649333879749074,1,0.25963619623631556,0.4721998181193034
AMES,rf,shap,0.21173921559505307,0.07636829068870317,1,0.17397472469568978,0.24345268880844936
AMES,rf,shap,0.04116363507552615,0.04022351243862321,1,0.23111721274428015,0.4506488544762524
AMES,rf,shap,0.015554844505090704,0.05332926378974009,0,0.2308741131897236,0.5020206343885982
AMES,rf,shap,0.4922334214082089,0.08294447413175592,1,0.2430549275851853,0.524859785995259
AMES,rf,shap,0.35817359779921726,0.08054155855845173,1,0.2927036076259237,0.600758368937938
AMES,rf,shap,0.09418971211523212,0.050491646583796713,1,0.14159081060440018,0.35947121950040123
AMES,rf,shap,0.050788249662927686,0.028500368476759297,1,0.0720020951201076,0.2779366699414703
AMES,rf,shap,0.027263244575875405,0.02953132716714309,0,0.2711699195469432,0.36097041974305727
AMES,rf,shap,0.47546617116463513,0.15065392443333656,1,0.1043566493618131,0.3874910460240372
AMES,rf,shap,0.42843725603250277,0.056046726711967386,1,0.2210914113082932,0.49976687118277746
AMES,rf,shap,0.019158863567372175,-0.02630657192761669,1,0.28600251555684303,0.41685852240284305
AMES,rf,shap,0.11537617062579526,0.012404459513015423,1,0.20920536980265614,0.311119492709444
AMES,rf,shap,0.50711924590997,0.06892899642008832,1,0.2147297191004051,0.5041307355398507
AMES,rf,shap,0.0220719749075116,0.011728424456409647,1,0.27040891224572267,1.9047791452159983
AMES,rf,shap,0.16888604903660473,-0.012481225700039808,1,0.21976669489505754,0.22205553017710397
AMES,rf,shap,0.13468237876605912,0.03987546202482869,1,0.27700548325028385,0.34933663352758876
AMES,rf,shap,0.23615451806585072,0.1076391108679295,1,0.30089265687192773,0.8021211664299455
AMES,rf,shap,0.11309245599768276,0.025179145268421205,1,0.27293503370394073,0.34394820698341716
AMES,rf,shap,0.2300679419121658,0.08294741302480817,1,0.3215197127957504,0.265430595648644
AMES,rf,shap,0.09365617358069123,0.011187241846846016,1,0.2232769585113355,0.7502036912593472
AMES,rf,shap,0.3290564009623594,0.03068250226706663,1,0.21154593701150257,0.4618344165009901
AMES,rf,shap,0.240818808791316,0.026460551351719874,1,0.35292065912296366,0.45231400349272055
AMES,rf,shap,0.24439047811818707,0.054042709985149186,1,0.0,0.34874531664246466
AMES,rf,shap,0.2992456250478123,0.03235025555622036,1,0.21564574640742976,0.5343418997640705
AMES,rf,shap,0.17416427901711998,0.06325436120405988,1,0.2727612233944028,0.39819292943855933
AMES,rf,shap,0.3325645298286449,-0.021402366829179436,1,0.29544581757708094,0.5655002529800228
AMES,rf,shap,0.06575011983402174,0.035724690141710334,1,0.2712544759137454,0.3026979698329004
AMES,rf,shap,0.024690772739689597,0.005358699410553521,1,0.09250231649372688,0.4009218033635284
AMES,rf,shap,0.43308733774173164,0.06705011883670482,1,0.3171709318753499,0.5217848837620375
AMES,rf,shap,0.3312391383134951,0.01627062505978168,1,0.19642913765762843,0.492100168915207
AMES,rf,shap,-0.0383557645715065,0.0011464180683169827,0,0.2901140688926038,0.8857989749406627
AMES,rf,shap,0.18900420199696552,0.04443796521461322,1,0.24696800833775745,0.49983143132115526
AMES,mlp,ig,0.9395414590835571,-0.0017564892768859863,1,0.16934197016997932,0.2184900839497746
AMES,mlp,ig,0.20492587486902872,-0.07108199596405029,1,0.07171749170809384,0.12418607706658209
AMES,mlp,ig,0.49040398995081586,0.000774224599202474,1,0.16288871123017493,0.12760573732696706
AMES,mlp,ig,0.10321422417958577,-0.0004297892252604167,1,0.11152746407769522,0.17403246830667832
AMES,mlp,ig,0.07698357105255127,0.007529278596242269,1,0.1363158468023397,0.17176588463946282
AMES,mlp,ig,0.03721316655476888,0.022953967253367107,1,0.07495234189002126,0.16531918993930061
AMES,mlp,ig,0.012620508670806885,0.004184305667877197,1,0.09319938661744818,0.11094929536601303
AMES,mlp,ig,-0.3069775899251302,-0.20775469144185385,0,0.10216700904954036,0.13443690832631594
AMES,mlp,ig,0.34449716409047443,-0.0025037924448649087,1,0.003537254945712625,0.0901072794417557
AMES,mlp,ig,-0.019178181886672974,0.037415395180384316,0,0.12219090196184883,2.1727220069049844
AMES,mlp,ig,0.27272186676661175,-0.02127186457316081,1,0.05472116959593381,0.06741552253363016
AMES,mlp,ig,0.21194571256637573,-0.018591145674387615,1,0.18246868569312105,0.07932309534692317
AMES,mlp,ig,0.1252439816792806,0.0008712410926818848,1,0.1349600165118931,0.14376233614886705
AMES,mlp,ig,0.5406524439652761,0.38711432615915936,1,0.1389400155195359,0.05674578512262954
AMES,mlp,ig,0.6009759108225504,3.3577283223470054e-05,1,0.10958444007116086,0.08624419045924894
AMES,mlp,ig,0.8633348147074381,-0.0027257204055786133,1,0.12243047699801264,0.10889749546172059
AMES,mlp,ig,0.02771933873494466,3.735224405924479e-06,1,0.1602322468585939,0.15080464856312648
AMES,mlp,ig,0.10849736134211223,1.7325083414713543e-05,1,0.17558266498455996,0.09242004075344176
AMES,mlp,ig,0.30747127532958984,0.25475577513376874,1,0.16722631121091516,0.10928134098802811
AMES,mlp,ig,0.21292640765508017,0.058866143226623535,1,0.17841704905211556,0.1512472817116792
AMES,mlp,ig,0.4645185073216756,-0.0013666947682698567,1,0.1831650974404011,0.12671096304479887
AMES,mlp,ig,0.28953246275583905,-0.006895979245503743,1,0.17262966778635463,0.13455014264491397
AMES,mlp,ig,0.4583025376001994,-0.01833897829055786,1,0.12090729649848099,0.17486048816943114
AMES,mlp,ig,0.9968148469924927,0.0855764349301656,1,0.1878356362581631,0.10489410783213408
AMES,mlp,ig,0.03767003615697225,-0.0013614296913146973,1,0.12322906045189198,0.15715818614841767
AMES,mlp,ig,0.842917283376058,-0.003182371457417806,1,0.14892289588674382,0.1111317440306162
AMES,mlp,ig,0.07870116829872131,-0.12727075815200806,1,0.18954143400339804,0.1812339711870598
AMES,mlp,ig,0.8461829622586569,-0.007338047027587891,1,0.09828037384275552,0.07435103743555384
AMES,mlp,ig,0.2289226452509562,0.138358473777771,1,0.009594745320873886,0.1544323065636182
AMES,mlp,ig,-0.08376803000768025,-0.07571278015772502,0,0.3145126982109224,0.09444108571481917
AMES,mlp,ig,0.45012444257736206,0.0327153205871582,1,0.20468222397272076,2.1851501115209744
AMES,mlp,ig,0.3166336715221405,-0.12033253908157349,1,0.08248133971769843,0.09815562292463294
AMES,mlp,ig,0.40376267830530804,0.10856062173843384,1,0.12800529413854975,0.12371649165201247
AMES,mlp,ig,0.2006876269976298,-0.04760607083638509,1,0.05949975205745594,0.13138464656450177
AMES,mlp,ig,0.3563327689965566,0.4885374804337819,0,0.0827849188689158,0.127697126726488
AMES,mlp,ig,0.19414257009824118,0.13348793983459473,1,0.10395677549617582,0.11315940402241233
AMES,mlp,ig,0.8668732444445292,1.231829325358073e-06,1,0.12966587796764595,0.09813309095970447
AMES,mlp,ig,0.5762866735458374,-0.09229509035746257,1,0.1032873746598358,0.11317734799715407
AMES,mlp,ig,0.7679959138234457,-0.0026535590489705405,1,0.16284525889518442,0.1570119294704808
AMES,mlp,ig,0.018745362758636475,-0.06043553352355957,1,0.06350382600745834,0.12467530788998518
AMES,mlp,ig,0.9170403480529785,0.138379434744517,1,0.1526104724237749,0.0506935983068494
AMES,mlp,ig,-0.12720048427581787,0.053008705377578735,0,0.21474202671673615,1.83890543376255
AMES,mlp,ig,0.2825051546096802,-0.00022679567337036133,1,0.07949193650909568,0.21696189427190207
AMES,mlp,ig,0.7945074439048767,0.025585651397705078,1,0.25626836631846206,0.09394838678786327
AMES,mlp,ig,0.2700044314066569,-0.004719376564025879,1,0.09022348886431546,0.2161423128073416
AMES,mlp,ig,0.07077940305074056,0.00019860267639160156,1,0.1523174627594471,0.2709427315516782
AMES,mlp,ig,-0.010775705178578695,-0.0684349536895752,1,0.05207762348610674,0.14055268214772051
AMES,mlp,ig,0.2268699606259664,-0.011996169884999594,1,0.15757460809958074,0.19246612279026656
AMES,mlp,ig,0.31568576892217,0.010820368925730387,1,0.22080480183534218,0.17349184821510957
AMES,mlp,ig,0.5644690990447998,0.2745423714319865,1,0.029164150296930442,0.16079588096684092
AMES,mlp,ig,0.2718084454536438,0.00029830137888590497,1,0.22642600727945023,0.10484595194785833
AMES,mlp,ig,0.40213988224665326,0.16869104901949564,1,0.06259778610353493,0.17363730928979187
AMES,mlp,ig,0.6413717667261759,-0.060241878032684326,1,0.17852098233986308,0.19461712678759724
AMES,mlp,ig,0.2819235523541768,0.3180775245030721,0,0.13616376362987304,0.0763742228273082
AMES,mlp,ig,0.4759901762008667,0.3206459681193034,1,0.15051712682592203,0.09120420089267395
AMES,mlp,ig,0.8388345042864481,0.48347246646881104,1,0.15836731961629918,0.12807834752728023
AMES,mlp,ig,0.13844752311706543,0.014289836088816324,1,0.1305971672013611,0.34158631408240103
AMES,mlp,ig,0.025818824768066406,0.005920688311258952,1,-0.007082143409734391,0.18836812327809913
AMES,mlp,ig,0.11670511960983276,-0.00019617875417073569,1,0.1685991701191283,0.12610712055255363
AMES,mlp,ig,0.39505120118459064,1.990795135498047e-05,1,0.14923175978140596,0.13630312464595268
LD50,rf,shap,0.4214806771538108,0.16162110311882558,1,0.21011435074578066,0.4736189749980003
LD50,rf,shap,1.1658673850722217,0.7922573561339746,1,0.13940643779534126,0.13854434257006018
LD50,rf,shap,0.04336576671091021,0.022831752338144246,1,0.00017850788547147867,0.39732552674983873
LD50,rf,shap,0.9449055977556803,0.19917393875741565,1,0.21616717733604382,0.2009490891137974
LD50,rf,shap,0.4617584196822855,0.07914426975383763,1,0.05782128777097534,0.1269755597441595
LD50,rf,shap,0.11665206505096286,0.04179735059373766,1,0.04523883063320283,1.13014350872248
LD50,rf,shap,0.20361163678210356,0.05156863251502686,1,0.07072905204213996,1.0117555063738655
LD50,rf,shap,0.4839913409270498,0.013831111235190555,1,0.13181280629890324,0.41583670654658
LD50,rf,shap,0.28225510025480066,0.23213456106502092,1,0.1543001022923761,0.7193180573892468
LD50,rf,shap,0.9244631159704811,0.08735043737837493,1,0.04761932723748366,0.12002063295687498
LD50,rf,shap,0.02455452132813152,0.05919609029856685,0,0.5604114137099069,0.5105072472102512
LD50,rf,shap,1.336905586751298,0.4280053326005791,1,0.15622141084916122,0.1327557543902203
LD50,rf,shap,0.30152932260430876,0.0322129211373325,1,0.1447992549669533,0.29916067714870453
LD50,rf,shap,0.4220698494950735,0.026539315778168062,1,0.06103677849742868,0.4440291120391652
LD50,rf,shap,0.8803754294047224,0.023742388770549832,1,0.1743599259222335,0.596398519785092
LD50,rf,shap,0.026544776445552143,0.04967467714330571,0,0.10472188589063963,0.07022100470026331
LD50,rf,shap,0.3325507825926397,0.0837139203613055,1,-0.04699454963833348,0.09600642444889747
LD50,rf,shap,1.3546323695142968,0.04990458808952377,1,0.09163913691595363,0.06114777491311634
LD50,rf,shap,0.20018917040354597,0.03393060679797073,1,0.13732306286885176,0.1703449585918122
LD50,rf,shap,1.0162454587276812,0.08228623938556161,1,0.1039373907097518,0.42058787867171477
LD50,rf,shap,0.1637482960873239,0.07233229670896271,1,0.11096848748815802,0.29761415140656927
LD50,rf,shap,0.17893117854889365,0.23244448712890678,0,0.07164507934916466,0.37254826198372143
LD50,rf,shap,0.25052178899480737,0.05006502668786739,1,0.11744879348836604,0.21656934673607575
LD50,rf,shap,1.5053300689690854,0.20072897865372355,1,0.07540901206584945,0.37976171822791693
LD50,rf,shap,0.14067488026521285,0.04414871223787994,1,0.11657504436474248,0.30967629371653377
LD50,rf,shap,0.4139605880299597,0.17439871842988755,1,0.11577058448613746,0.5112391365045981
LD50,rf,shap,0.07031893695894897,0.03698474938040437,1,0.04049780212235836,0.1677903461052165
LD50,rf,shap,0.4183441586976168,0.16516801072229084,1,0.04031811984290352,0.2201003459049549
LD50,rf,shap,0.3379888573795053,0.14303364116395167,1,0.06996099837701926,0.2883435615151115
LD50,rf,shap,2.2512508791160353,0.15042728851431955,1,0.024059809537198575,0.6728566721303759
LD50,rf,shap,0.11998753182735938,0.09220692146985639,1,0.042584700230797946,0.19333185930199165
LD50,rf,shap,0.05970556419466696,0.031082435077997652,1,0.06547833654251509,0.4173454204431715
LD50,rf,shap,1.2706018172643185,0.03617797697473212,1,0.08892393802641377,0.09476917746957159
LD50,rf,shap,0.31818333756209866,0.15699620869389277,1,0.18538396224408066,0.3842274123942076
LD50,rf,shap,0.4635512941142217,0.06009891766139717,1,0.14114454089072145,0.2537845177204766
LD50,rf,shap,0.5441795727457547,0.16979267887395008,1,0.03975910830682178,0.17452659828735936
LD50,rf,shap,3.190640947813314,0.2929457876783869,1,0.24054407324875093,0.228225784056754
LD50,rf,shap,1.1636170049248917,0.2781014837313946,1,0.06914009698264711,0.32923557944931975
LD50,rf,shap,2.1091280601280675,1.1194433579093976,1,0.17631176872258614,0.16498476181032307
LD50,rf,shap,0.13146782903727203,0.28266175112880965,0,0.10226387928345669,1.2129648880541946
LD50,rf,shap,1.4958308198694905,0.20989376659891534,1,0.12246345579733453,0.08274791925409643
LD50,rf,shap,0.0670256071732759,0.08402056940947122,0,0.13959786401462979,0.5750138137440363
LD50,rf,shap,0.4908392768742065,0.3851973894297494,1,0.05578958617975391,0.17248957362518003
LD50,rf,shap,0.8169777094284084,0.2459956470779654,1,-0.048036237101578234,0.1164834017212077
LD50,rf,shap,0.5181670141250275,0.08176541870549142,1,0.16442220403499896,0.10498582845408803
LD50,rf,shap,1.9911416104646829,0.7155487745376603,1,0.12681106232375175,0.44576807921045314
LD50,rf,shap,0.4493531598221651,0.10458051143460269,1,0.025222459580729915,0.2349776261061192
LD50,rf,shap,0.3471283851062324,0.11702716614242677,1,0.1255450656096843,0.3681671937328042
LD50,rf,shap,0.6673225619950532,0.05713455235794726,1,0.2663513810331966,0.3344987333092187
LD50,rf,shap,0.28129045566319705,0.06697437832117524,1,0.06981419912909863,0.24724660891510558
LD50,rf,shap,0.23499198670891244,0.047339646980367904,1,0.14860664026102263,0.3322445944870687
LD50,rf,shap,0.5673757569390142,0.16207905531598688,1,0.1716423782447269,0.15805414498314604
LD50,rf,shap,0.04263971212140278,0.1866026142099654,0,0.14074524693637736,1.035396620688388
LD50,rf,shap,4.017723074779172,0.877879723788562,1,0.11089802384915612,0.23675951610182072
LD50,rf,shap,1.0009583427680877,0.33131465424730605,1,0.1899382621115701,0.13825902170850973
LD50,rf,shap,0.09206061677819573,0.036086403645037714,1,0.1655778077146301,0.16054054416332264
LD50,rf,shap,0.0951640898610195,0.08122618889413767,1,0.13203946433769267,0.30248213814271835
LD50,rf,shap,0.6710731266282423,0.018673863457208898,1,0.10647877928975366,0.15866084289043883
LD50,rf,shap,1.6552673114751393,0.034324795140726054,1,0.06659283643272845,0.19576356536165
LD50,rf,shap,0.35841328267430944,0.041925998776989555,1,0.08837667043016567,0.1298161268210609
LD50,mlp,ig,2.0256390968958535,0.45560168226559955,1,0.18639926577184068,0.0886254799861407
LD50,mlp,ig,0.6012515826150775,1.512043058872223,0,0.010544852616969238,0.09010151722447249
LD50,mlp,ig,1.8307788769404094,0.2908027035494645,1,0.12243256209202327,0.04560072803114304
LD50,mlp,ig,1.423804799715678,0.30133407066265744,1,0.14476653409817233,0.09509903133472272
LD50,mlp,ig,1.5644371906916301,0.256454162299633,1,0.044615096438207075,0.060775496397201145
LD50,mlp,ig,1.1857707500457764,0.20327903788226345,1,0.14967959690283775,0.058451775706747776
LD50,mlp,ig,3.4708282947540283,0.3496905242403348,1,0.45426130541924525,0.05809268737541118
LD50,mlp,ig,2.4944374561309814,0.8471989432970682,1,0.1338652539537223,0.05702869357739818
LD50,mlp,ig,2.9475419521331787,0.42087921500205994,1,0.2596824095686441,0.0919814130910189
LD50,mlp,ig,1.3030051390329997,0.19136088962356249,1,0.44631068149487935,0.1536762479241151
LD50,mlp,ig,1.0307466785113018,0.1342702955007553,1,0.41102083310267334,0.12848518877153398
LD50,mlp,ig,3.125855286916097,0.47657478352387744,1,0.32614997789350386,0.09528119041332954
LD50,mlp,ig,2.278832952181498,0.5645123620827993,1,0.21152300249472997,0.09621224239154798
LD50,mlp,ig,1.8989466428756714,0.20472107082605362,1,0.2440442251998321,0.05650315317211276
LD50,mlp,ig,1.5269909699757893,0.06816341706629221,1,0.20396932257131464,0.08604541072731489
LD50,mlp,ig,0.33519966155290604,0.3228432337443034,1,0.0870646167292161,0.12757346422983162
LD50,mlp,ig,0.8476020097732544,0.21649570018053055,1,0.12053592137742195,0.1325075011631022
LD50,mlp,ig,2.655871311823527,0.20315097520748773,1,0.14710474565406786,0.08060137078141497
LD50,mlp,ig,1.4695006211598713,0.17549109210570654,1,0.38594407200119835,0.11100615211791849
LD50,mlp,ig,1.8055709600448608,0.3452403321862221,1,0.30100334055517514,0.05496171218858283
LD50,mlp,ig,1.1627743641535442,0.20612775286038718,1,0.27101938860171143,0.12728461677226216
LD50,mlp,ig,0.8820309614141782,0.3202626295387745,1,0.01865108328726996,0.09034879379182911
LD50,mlp,ig,1.6619021495183308,0.31483624627192813,1,0.21238383075714656,0.09546489448007685
LD50,mlp,ig,0.6304926673571268,0.1637745269884666,1,0.051055454134104096,0.13559247341592498
LD50,mlp,ig,0.8375670711199442,0.12530002743005753,1,0.21822642367054693,0.15136477615252092
LD50,mlp,ig,3.019314686457316,0.8735822339852651,1,0.22904843245386036,0.0616853378421014
LD50,mlp,ig,1.7117128372192383,0.10027316957712173,1,0.18381325781298488,0.060963588955773015
LD50,mlp,ig,2.61710794766744,1.1597046256065369,1,0.31434794020843515,0.07764181003561187
LD50,mlp,ig,2.3481855392456055,0.2880077064037323,1,0.3592313848839712,0.0880765146132757
LD50,mlp,ig,2.523786783218384,0.27806304146846134,1,0.3171629543216855,0.05170891487915587
LD50,mlp,ig,1.8553451697031658,0.2881690221062551,1,0.17287087399979736,0.10598961660488493
LD50,mlp,ig,0.7103538711865743,0.2901027450958888,1,0.3248998391686165,0.1267019022694387
LD50,mlp,ig,2.9279068311055503,0.48464294771353406,1,0.2976128750795999,0.09331397937861423
LD50,mlp,ig,1.2017678022384644,0.29389186203479767,1,0.18460479703381538,0.0902609184235693
LD50,mlp,ig,0.8129306634267172,0.2652721181511879,1,0.08884616717135245,0.10264974952788711
LD50,mlp,ig,1.3404733339945476,0.6330087979634603,1,0.25346225009812645,0.07502061679947639
LD50,mlp,ig,1.4578099648157756,0.13314122955004373,1,0.08508753026294283,0.025127046871860265
LD50,mlp,ig,1.6473145484924316,0.19998282194137573,1,0.1034714397034191,0.09173319217574104
LD50,mlp,ig,0.356163889169693,0.2689243406057358,1,0.19388365665366997,0.1674664783723476
LD50,mlp,ig,2.037544767061869,0.18013408283392587,1,0.14052463548446337,0.06685162681232218
LD50,mlp,ig,1.5325778722763062,0.07712744424740474,1,0.128674447787445,0.08023195883934886
LD50,mlp,ig,2.149272163709005,0.4347255776325862,1,0.1407871117691156,0.04361413350137312
LD50,mlp,ig,0.36722156157096225,0.16984106103579202,1,0.08018327538729259,0.14362536309973425
LD50,mlp,ig,2.062627116839091,0.685018797715505,1,0.1702373032242596,0.11153345874594778
LD50,mlp,ig,1.3102284669876099,0.4441728889942169,1,0.20258589052066425,0.10523981713702338
LD50,mlp,ig,1.5273019472757976,0.06975594659646352,1,0.1468698675469965,0.14390647400006157
LD50,mlp,ig,0.7305161952972412,0.30334388216336566,1,0.08426486969292535,0.027960965020310164
LD50,mlp,ig,2.572500705718994,0.4343368758757909,1,0.20955589834800722,0.05547694656962201
LD50,mlp,ig,1.9161474307378132,0.14414494733015695,1,0.1726894306620847,0.0850529872012168
LD50,mlp,ig,1.8654157718022664,0.5103136301040649,1,0.13786053055500636,0.06336299809791397
LD50,mlp,ig,1.8011491696039836,0.1605056698123614,1,0.1908302412617421,0.0727276406817628
LD50,mlp,ig,1.3087249596913655,0.2580873519182205,1,0.14497029085605673,0.03342181066934649
LD50,mlp,ig,1.4310309092203777,0.3905738592147827,1,0.291214208247708,0.12452453518747213
LD50,mlp,ig,0.5365832050641378,1.1801712413628895,0,0.3163138699646225,0.04499313503734604
LD50,mlp,ig,1.3287367820739746,0.15023395822693905,1,0.2125781923907481,0.0842414885182109
LD50,mlp,ig,2.1721551020940146,0.2927576502164205,1,0.2533166256717422,0.0953332156392541
LD50,mlp,ig,2.7615713278452554,0.8306756118933359,1,0.3011225411945138,0.08270406419212276
LD50,mlp,ig,3.673568328221639,0.7038506666819254,1,0.36003584240069064,0.06062946887457432
LD50,mlp,ig,0.7741057475407919,0.3835228954752286,1,0.19204925863744252,0.09792236657229549
LD50,mlp,ig,1.4873202244440715,0.37805623064438504,1,0.07787618518058405,0.08707539945462196
Caco2,rf,shap,1.4036976135979604,0.12640931996421678,1,0.12170652053208623,0.3205398256425668
Caco2,rf,shap,0.17026950385565007,0.04449549331550667,1,0.15898789990471085,0.16053226153806333
Caco2,rf,shap,1.5214797131581204,0.02143782328294705,1,0.15658837063565811,0.18026949368846382
Caco2,rf,shap,1.5985802714790223,0.0420394808080909,1,0.1513077619260834,0.21959621346877686
Caco2,rf,shap,1.5674610300469698,0.03277040940014649,1,0.08796982022652043,0.08300255041513782
Caco2,rf,shap,0.5187612222383021,0.1492004931055797,1,0.07136925894957896,0.2797699238685435
Caco2,rf,shap,0.06786280382620409,0.10034890086894015,0,0.06624838395541843,0.10042286915056804
Caco2,rf,shap,1.2819202206634557,0.04425492840708045,1,0.11575291609506795,0.5821092169164042
Caco2,rf,shap,0.5504926306044023,0.036518245898219386,1,0.0691059731436736,0.6761820775010098
Caco2,rf,shap,0.21196299666062535,0.026790742132169688,1,0.177534628581956,0.13873455171053128
Caco2,rf,shap,0.0239471295194142,0.06376924432402782,0,0.17116994473026886,0.08766972916336083
Caco2,rf,shap,1.1565703172048074,0.36329526197526535,1,0.1712380664618426,0.01990983753036497
Caco2,rf,shap,1.4656568473442295,0.23726413151356754,1,0.2357105873458916,0.21135782287351346
Caco2,rf,shap,0.15410663617237974,0.06264810418823608,1,0.10355560260553652,0.11747166312962516
Caco2,rf,shap,0.11089583858583844,0.05663809116900473,1,0.06901436115983312,0.6069719518351016
Caco2,rf,shap,0.07655396254609163,0.02894436929736767,1,0.21456701128055264,0.2981037689891724
Caco2,rf,shap,1.0545231344120876,0.03615180339221331,1,0.20857347341468083,0.0785829307986019
Caco2,rf,shap,0.056295605574884756,0.029476422566305,1,0.13100513689189563,0.08111920142837471
Caco2,rf,shap,1.9206607701808316,1.3105791266884075,1,0.1598864020539156,0.5991159258081369
Caco2,rf,shap,2.093239704170271,1.0072018705382448,1,0.1816278050394444,0.35208223666163074
Caco2,rf,shap,1.3298800067726588,0.059299336942378045,1,0.16056879388226594,0.06703358680938226
Caco2,rf,shap,0.12004886921909648,0.07476116134584715,1,0.16378343490497632,0.8653651080188329
Caco2,rf,shap,0.8278690272119578,0.09868968164941955,1,0.11770965410889168,0.08327555828788451
Caco2,rf,shap,0.5523309063659759,0.11194543800518243,1,0.09323046222166836,0.14738717050665254
Caco2,rf,shap,0.33384077580494737,0.17031671145803798,1,0.03577095615186993,0.15115226525491876
Caco2,rf,shap,1.273238569131338,0.046898768009892865,1,-0.024042273195060995,0.6437270910668148
Caco2,rf,shap,1.4141096478675672,0.01900770032958665,1,0.03245530704441233,0.6540611494506738
Caco2,rf,shap,0.8190155599919411,0.3090866795237824,1,0.09812230725622768,0.08291093000577593
Caco2,rf,shap,0.2666417955493888,0.15732664455590092,1,0.08199507456246205,0.38142849927198147
Caco2,rf,shap,0.16068988487369976,0.0605498688799328,1,0.07965661994930295,0.44402572942173735
Caco2,rf,shap,0.38981549341217425,0.012740982488086023,1,0.20435462410756508,0.0738989409640936
Caco2,rf,shap,2.1902060054366106,0.18628850744539185,1,0.12720676310035545,0.028097961285662
Caco2,rf,shap,1.1756410025840445,0.3266616322867039,1,0.1530260738793992,0.506565897883964
Caco2,rf,shap,0.336824930095825,0.046012892120508485,1,0.01815796500222975,0.17876404400309073
Caco2,rf,shap,0.08791727694096557,0.16704881195716734,0,0.0656329393460285,0.11400071871396221
Caco2,rf,shap,1.9336834323405558,0.021802838605035086,1,0.14692095731526011,0.031691701093046386
Caco2,rf,shap,1.1600877467069965,0.04986948022043123,1,0.11352369115494947,0.21991353057199525
Caco2,rf,shap,0.26669288933548313,0.1343607345610374,1,0.10372355790924409,0.11169999360806858
Caco2,rf,shap,0.3251533116829394,0.007666847316613137,1,0.04280628670577395,0.07603818098513132
Caco2,rf,shap,0.5001461236797432,0.6295577192968647,0,0.1376951607374778,0.03560701303130346
Caco2,rf,shap,0.7929601068351051,0.04218399300588999,1,0.21651200416824296,0.39015656313249736
Caco2,rf,shap,1.5621900390947694,0.18883831406957272,1,0.19218432440814046,0.04745269317874135
Caco2,rf,shap,0.40445413222849447,0.047809338382852,1,0.23597250365866632,0.28941615872472004
Caco2,rf,shap,0.25740186795285624,0.16925700190860318,1,0.11800915482529327,0.9059078123153699
Caco2,rf,shap,0.405364109850413,0.02107603384098626,1,0.041442677561686715,0.0948927658903047
Caco2,rf,shap,1.1652173795350647,0.1069039912684805,1,0.12985059099298282,0.6201494547970514
Caco2,rf,shap,0.8209891581747182,0.26248233121826775,1,0.17034073882525114,0.16799309963031397
Caco2,rf,shap,0.19439689544212121,0.020228930229052807,1,0.06124143668475184,0.052173407145703156
Caco2,rf,shap,1.0119842783569661,0.019087624550420058,1,0.0846118886649826,0.4665831223914202
Caco2,rf,shap,0.4107304031438297,0.12708606264821778,1,0.13224659672419553,0.08153817056452875
Caco2,rf,shap,0.12669238090376198,0.08158183589807817,1,0.16215790944811437,0.093467283611607
Caco2,rf,shap,0.3740583653308313,0.12912731440718922,1,0.06587019089392308,0.36752518301326903
Caco2,rf,shap,0.16448084406882643,0.13725991864808823,1,0.09999800389973097,0.18307313676357734
Caco2,rf,shap,0.6009744223876826,0.1228925511779723,1,0.0675297772165719,0.04861384365635622
Caco2,rf,shap,0.09995837961681053,0.04908261168956052,1,-0.026245658857686024,0.07111309262401114
Caco2,rf,shap,0.20567475446118041,0.08009458443342253,1,0.13327664428609434,0.14108487312489176
Caco2,rf,shap,0.22194803837040047,0.0965042301936911,1,0.07567032413962846,0.03614837924232414
Caco2,rf,shap,0.8278690272119578,0.3625869261918573,1,0.0634988499275905,0.11127281287731566
Caco2,rf,shap,1.3316071426376175,0.02632768919781729,1,0.11680997744707357,0.041582925573003214
Caco2,rf,shap,1.0585704669875167,0.07473072501273417,1,0.086882221546568,0.40327838476870576
Caco2,mlp,ig,1.2086440324783325,0.10808122778932254,1,0.23199894785609232,0.13133646858880682
Caco2,mlp,ig,1.9496912558873494,0.37302062412103015,1,0.18892443504100542,0.13042492402832703
Caco2,mlp,ig,2.935340245564779,0.8379455208778381,1,0.2639903792458725,0.08729771109508933
Caco2,mlp,ig,2.7902143001556396,0.6998107309142748,1,0.14745654036619818,0.1019904011164495
Caco2,mlp,ig,1.5408790906270344,0.551853875319163,1,0.13798829808042704,0.135469305948256
Caco2,mlp,ig,2.997137268384298,0.3755083978176117,1,0.04571815129006471,0.0659828603784318
Caco2,mlp,ig,1.850134551525116,1.1540621717770894,1,0.2987499385279328,0.13042340880545214
Caco2,mlp,ig,3.546619097391764,0.6337942481040955,1,0.2582662149068935,0.09012331366537878
Caco2,mlp,ig,3.046457886695862,0.6686392029126486,1,0.38927371019066653,0.13299418645594582
Caco2,mlp,ig,2.90950338045756,0.9114359815915426,1,0.2002893792979402,0.0521208284614128
Caco2,mlp,ig,4.1449408531188965,0.6840442816416422,1,0.13276091698219236,0.06971242830281256
Caco2,mlp,ig,3.078280210494995,0.44728677968184155,1,0.2421013815130266,0.05760787222225808
Caco2,mlp,ig,2.6364362239837646,0.2774275168776512,1,0.21667970295710948,0.09135778218028869
Caco2,mlp,ig,1.4775303999582927,0.9106623530387878,1,0.2192669688657617,0.1194579195891898
Caco2,mlp,ig,3.0820771058400473,0.2903336783250173,1,0.0696459568383533,0.0564962413854058
Caco2,mlp,ig,2.714984973271688,0.19010470310846964,1,0.2793425081418786,0.08288682290179712
Caco2,mlp,ig,2.617379665374756,0.21464214473962784,1,0.2442834696012135,0.04686897631488258
Caco2,mlp,ig,2.1161890427271524,0.430330033103625,1,0.18580162975225997,0.1090191659320684
Caco2,mlp,ig,4.198317448298137,0.5826903084913889,1,0.11430125036748735,0.06198258746885421
Caco2,mlp,ig,1.8195693890253704,0.4449184834957123,1,0.17885371095262934,0.10770861643076354
Caco2,mlp,ig,2.271846055984497,1.0704718430836995,1,0.29103394351211587,0.11829886544549886
Caco2,mlp,ig,1.9181535243988037,0.32764649391174316,1,0.3190287948351037,0.12467891184632823
Caco2,mlp,ig,0.7021380191047987,0.14037642255425453,1,0.23213283270111562,0.035433775868495075
Caco2,mlp,ig,3.8532511393229165,1.2379298210144043,1,0.2316113864626038,0.08439073078475005
Caco2,mlp,ig,3.4785147507985434,0.8713374535242716,1,0.04993787276522917,0.04628387491953125
Caco2,mlp,ig,4.131296078364055,1.1426476736863453,1,0.1555002009237828,0.08308885962018539
Caco2,mlp,ig,5.845203240712483,0.8722466627756754,1,0.216624504819249,0.06533408997038807
Caco2,mlp,ig,3.3300016721089682,0.49283577998479206,1,0.3027007158845856,0.07045064712633922
Caco2,mlp,ig,2.311989188194275,0.756219208240509,1,0.13794249537028747,0.11182165472151713
Caco2,mlp,ig,1.600012719631195,0.6688972314198812,1,0.2465571631096795,0.12338381935453349
Caco2,mlp,ig,3.468107541402181,0.505728284517924,1,0.14501255473029026,0.05547351357164876
Caco2,mlp,ig,2.9039790630340576,0.8805964291095734,1,0.3147068980834741,0.09855313292425893
Caco2,mlp,ig,3.8046327431996665,0.35060877228776616,1,0.4100575707378376,0.07149024980020197
Caco2,mlp,ig,2.9758967558542886,0.319601242740949,1,0.2164565615487373,0.049053007699607284
Caco2,mlp,ig,1.8780918916066487,0.4318799615527193,1,0.2886428071571381,0.1072584047360279
Caco2,mlp,ig,2.0901822249094644,0.7815084060033163,1,0.16661851520304305,0.10863232983776
Caco2,mlp,ig,2.3435887495676675,0.27026601259907085,1,0.14065072741084667,0.06331503764511599
Caco2,mlp,ig,1.8116629123687744,0.15689113239447275,1,0.10579369056618164,0.10956752911489968
Caco2,mlp,ig,2.715742349624634,0.3712742477655411,1,0.20697422612138472,0.1069960480461699
Caco2,mlp,ig,5.265011787414551,1.3261327147483826,1,0.23254153380697626,0.05224814697716848
Caco2,mlp,ig,1.7388935883839924,0.30481134355068207,1,0.18003518598853677,0.10010700268194951
Caco2,mlp,ig,2.24925688902537,0.3017900089422862,1,0.2102285673982232,0.11535798262689927
Caco2,mlp,ig,3.0712548096974692,0.9402394890785217,1,0.2910128037997437,0.09989480803608225
Caco2,mlp,ig,2.9466516971588135,0.751908520857493,1,0.29868886824774676,0.0714091955501889
Caco2,mlp,ig,2.8964856465657554,0.4274996171394984,1,0.25846117003210284,0.01776723986279683
Caco2,mlp,ig,2.361037810643514,0.32376158734162647,1,0.29869943810393285,0.14921732044646707
Caco2,mlp,ig,1.3518894116083782,0.24433579792579016,1,0.1470560602595934,0.0869690191451418
Caco2,mlp,ig,1.5985502401987712,0.3007967670758565,1,0.10274252541380832,0.11438768287409601
Caco2,mlp,ig,3.4002834955851235,0.8617487549781799,1,0.17142075319690542,0.10284757337287262
Caco2,mlp,ig,3.667254606882731,1.2253609697024028,1,0.19390753501849575,0.08092117281992818
Caco2,mlp,ig,5.3333671887715655,1.203596293926239,1,0.16160370565699453,0.043431762870873664
Caco2,mlp,ig,2.917435963948568,0.550506241619587,1,0.20075797625552175,0.08232186010001126
Caco2,mlp,ig,3.4688512484232583,1.2446120580037434,1,0.21895926860790108,0.09635328069243267
Caco2,mlp,ig,3.8693482875823975,0.46530821671088535,1,0.2162933159920861,0.055354795440742066
Caco2,mlp,ig,2.8804354667663574,0.9796220858891805,1,0.24564345776381868,0.10815566168838855
Caco2,mlp,ig,3.320023854573568,0.5028021236260732,1,0.1625561671422042,0.061671893206581035
Caco2,mlp,ig,3.9502392609914145,1.15574715534846,1,0.11301407676971939,0.05059839418752636
Caco2,mlp,ig,3.157968282699585,0.618552049001058,1,0.32654161372645557,0.09665928297455259
Caco2,mlp,ig,3.2537716229756675,0.4450843334197998,1,0.12923998044377236,0.0655779632827218
Caco2,mlp,ig,2.283643444379171,0.41774294277032215,1,0.22041673433311096,0.10101300411871351
HIA,rf,shap,0.003717948717948801,0.002051282051282133,1,0.23925767705827633,0.2272122550079048
HIA,rf,shap,0.0011111111111110998,0.0022222222222221997,0,0.25360456323539166,2.181132314505072
HIA,rf,shap,-0.03677136752136748,-0.008958689458689531,0,0.15238840606302595,0.4073712244959844
HIA,rf,shap,-0.0011111111111112109,-1.4802973661668753e-16,0,0.160412815842575,0.16131989852775605
HIA,rf,shap,0.5998373281308065,0.19332689210950083,1,0.12722334818105835,0.08501105733900892
HIA,rf,shap,-0.2133333333333333,-0.0322222222222223,0,0.1394808019570406,0.14607968685871628
HIA,rf,shap,-0.05003904991948475,-0.008888888888888946,0,0.12269938546812016,0.44916766946830644
HIA,rf,shap,-0.02788247863247865,-0.005555555555555536,0,0.20675369398382815,0.45452665443822643
HIA,rf,shap,-0.0011111111111110998,0.0022222222222222734,0,0.21456963164669143,0.22360242345513862
HIA,rf,shap,-0.002257122507122511,0.0011111111111110998,0,0.12359687559758095,0.214986059128463
HIA,rf,shap,-0.04671497584541059,-0.0033333333333332993,0,0.18209744940360215,0.3156895519500226
HIA,rf,shap,-0.0011111111111110998,-3.4900284900274414e-05,0,0.1846627164665491,0.17132103512337807
HIA,rf,shap,-0.1661364468864469,-0.014444444444444482,0,0.2193067777105908,0.19680725387023307
HIA,rf,shap,-0.005555555555555573,0.0011111111111110998,0,0.1379991187774321,0.33741736238819064
HIA,rf,shap,-0.07655555555555545,-0.0033333333333332993,0,0.13971518586224102,0.2344884249216665
HIA,rf,shap,-0.006111111111111141,-0.0033333333333334103,0,0.20574666765746466,0.5437020644800143
HIA,rf,shap,-0.011111111111111219,-1.4802973661668753e-16,0,0.11957819276067777,2.0919028044816206
HIA,rf,shap,-0.004549145299145259,-0.0011460113960113742,0,0.23539799837816736,0.4013251920344131
HIA,rf,shap,-0.0011111111111110998,-0.0033333333333332993,1,0.28255863128333747,2.2693412142555762
HIA,rf,shap,-0.022222222222222254,-0.00888888888888902,0,0.22426299616829554,0.29094921455606776
HIA,rf,shap,-0.0022222222222221997,-0.010000000000000009,1,0.18755894773734186,0.22117487380763545
HIA,rf,shap,0.6354814814814814,0.038486312399355925,1,0.19265532541473934,0.035489976112420454
HIA,rf,shap,0.0033333333333333734,0.0,1,0.22813916416836835,0.20488919435547864
HIA,rf,shap,-0.08556723027375195,0.02439009661835752,0,0.2878281468203553,0.10007516183102513
HIA,rf,shap,-0.003504273504273477,-0.0022222222222221624,0,0.1530503344787175,3.9291503377253942
HIA,rf,shap,-0.024444444444444418,-0.006666666666666636,0,0.21154619705046326,0.15437340433336502
HIA,rf,shap,0.5336589867459431,0.036666666666666625,1,0.18312449847563597,0.12047044093636117
HIA,rf,shap,0.5432565650935216,0.0444444444444444,1,0.18617620047751646,0.12524878098879524
HIA,rf,shap,-0.38777777777777783,-3.700743415417188e-17,0,0.15936103279059535,0.07219985329925856
HIA,rf,shap,-0.02334943639291472,0.0022061191626408703,0,0.1172072641115904,0.10785495636782201
HIA,rf,shap,-0.02544444444444438,-0.00666666666666671,0,0.23446752960877887,0.4184271674338984
HIA,rf,shap,-0.0034210526315789913,0.0011111111111109517,0,0.22171539623388126,1.13858633625902
HIA,rf,shap,0.0033333333333332993,0.0010950080515297704,1,0.1735465591937788,0.3267042493953956
HIA,rf,shap,-0.004444444444444473,-0.003333333333333336,0,0.2685968885082348,3.95994521726357
HIA,rf,shap,0.49824430641821943,0.03111111111111109,1,0.18677217161335263,0.23693703066577193
HIA,rf,shap,3.700743415417188e-17,0.0,1,0.17270324825848493,0.16772220650823957
HIA,rf,shap,0.0006360398860400333,0.007638888888888751,0,0.18450960135259908,1.3088191582256843
HIA,rf,shap,0.0011111111111110998,-3.4900284900274414e-05,1,0.1983453186108352,2.1155685578108887
HIA,rf,shap,-0.02103864734299517,-0.0055555555555554985,0,0.17233577198500494,0.2629158285992588
HIA,rf,shap,0.6165362009166357,0.054444444444444406,1,0.23764643493609475,0.05291708982934101
HIA,rf,shap,0.5009935587761675,0.0355555555555556,1,0.20480913203666312,0.2777092956271936
HIA,rf,shap,-0.0033333333333333734,0.0,0,0.19295802221693278,0.2525449849367074
HIA,rf,shap,-0.00017094017094006672,1.4802973661668753e-16,0,0.17476441325396577,0.23892970184241202
HIA,rf,shap,-0.04563361301805243,-0.00666666666666671,0,0.18569918800713375,0.13784381806788848
HIA,rf,shap,-0.13614975845410615,-0.014999999999999866,0,0.2626513108526992,0.3311776468014444
HIA,rf,shap,-0.002564102564102407,1.4802973661668753e-16,0,0.11837093897761043,4.076870054250925
HIA,rf,shap,0.6057922705314011,0.01777777777777778,1,0.23375142199892038,0.026250535968534446
HIA,rf,shap,0.0,0.0,0,0.24035775026157866,0.27946364790005623
HIA,rf,shap,-0.11007249473553815,-0.02998389694041866,0,0.1308992887244273,0.2605752341575671
HIA,rf,shap,-0.1633816425120773,-0.0033333333333333734,0,0.16765987196668558,0.10422950148453108
HIA,rf,shap,0.5611046698872785,0.12555555555555553,1,0.5705504934947624,0.08420345677800166
HIA,rf,shap,-0.06666666666666672,-0.006757648953301221,0,0.13583077320218626,0.2158151403175235
HIA,rf,shap,-0.06975976800976791,-0.014444444444444407,0,0.25108169728092317,1.0916036666221656
HIA,rf,shap,-0.37579812618943037,-0.09925925925925934,0,0.26736136731951515,0.23656597411224128
HIA,rf,shap,7.401486830834377e-17,-2.4154589372179142e-05,1,0.14834381143760816,0.05222527940865836
HIA,rf,shap,-0.013437155691160182,7.401486830834377e-17,0,0.21227054932030368,1.1525911983263888
HIA,rf,shap,-0.018888888888888993,-0.0033333333333334845,0,0.1867203480363234,0.23635712413809007
HIA,rf,shap,-0.11471626180836703,-0.018888888888888844,0,0.1581584902418034,0.20314273662289595
HIA,rf,shap,0.5880545808966863,-0.0011111111111110628,1,0.11998218109979202,0.03746832679055924
HIA,rf,shap,-0.023333333333333355,-0.0011111111111111367,0,0.1941216970829528,0.06808836040127188
HIA,mlp,ig,0.01494439442952474,1.1761983235677084e-05,1,0.2442499486647861,0.06106752756674771
HIA,mlp,ig,0.029604156812032063,0.0002440810203552246,1,0.22030099648196122,0.09434047139114385
HIA,mlp,ig,0.046751181284586586,0.0009896556536356609,1,0.22363200326913588,0.07683233234380235
HIA,mlp,ig,0.009507417678833008,2.4636586507161457e-05,1,0.17778426545743997,0.11505509400550266
HIA,mlp,ig,0.005917191505432129,-3.2981236775716147e-06,1,0.2532910011134028,0.04547219468832781
HIA,mlp,ig,0.7901318868001302,0.17112632592519125,1,0.22775678792835602,0.07933057902120934
HIA,mlp,ig,0.01120509703954061,0.00012602408727010092,1,0.019329470626422245,0.13849474736143644
HIA,mlp,ig,0.004530608654022217,7.112820943196614e-06,1,0.13272875757449915,0.019122560957478038
HIA,mlp,ig,0.0333520770072937,0.00014001131057739258,1,0.2777015490886677,0.08324752202426074
HIA,mlp,ig,0.008757452170054117,1.1920928955078125e-07,1,0.27433413143745833,0.0765849322386612
HIA,mlp,ig,0.02448954184850057,0.00023333231608072916,1,0.09928302987062321,0.05279765578355917
HIA,mlp,ig,0.019525726636250813,0.00023186206817626953,1,0.19590101940270646,0.08440283795004859
HIA,mlp,ig,0.005535721778869629,7.152557373046875e-06,1,0.1373194628028744,0.040170098343765094
HIA,mlp,ig,0.06190520524978638,5.0226847330729164e-05,1,0.11035956707317986,0.0845738808512124
HIA,mlp,ig,0.05320521195729574,6.967782974243164e-05,1,0.14217150407149873,0.09067382986192578
HIA,mlp,ig,0.011231164137522379,-0.00018870830535888672,1,0.2166012671268568,0.0685174521870548
HIA,mlp,ig,0.006301482518513997,3.5484631856282554e-05,1,0.09039349359815088,0.1334557963713258
HIA,mlp,ig,0.016516069571177166,-1.7265478769938152e-05,1,0.18670962532194643,0.1193740374817658
HIA,mlp,ig,0.446053147315979,3.973642985026042e-07,1,0.18929186030840747,0.07152589897423199
HIA,mlp,ig,0.055989205837249756,2.5590260823567707e-05,1,0.0114024731628673,0.11372526250039292
HIA,mlp,ig,0.017844557762145996,-3.812710444132487e-05,1,0.22518651225461742,0.0368404884514482
HIA,mlp,ig,0.00768814484278361,6.755193074544271e-07,1,0.19848149257316577,0.07141408141646663
HIA,mlp,ig,0.011814117431640625,-0.0017888943354288738,1,0.24477555710528706,0.07176970447872456
HIA,mlp,ig,0.02330090602238973,1.5755494435628254e-05,1,0.13387212218105748,0.1215635312466012
HIA,mlp,ig,0.00672149658203125,1.6689300537109375e-05,1,0.2424575945190779,0.12078107780413283
HIA,mlp,ig,0.015597780545552572,9.800990422566731e-05,1,0.2173963491671929,0.10649869946871958
HIA,mlp,ig,0.008268793423970541,4.382928212483724e-05,1,0.13171747518953533,0.06687992527379023
HIA,mlp,ig,0.03203725814819336,0.0003782312075297038,1,0.15006209067101897,0.13886119290912866
HIA,mlp,ig,0.5776847998301188,0.017694731553395588,1,0.20676437686905993,0.08246081573820428
HIA,mlp,ig,-0.15615336100260416,0.027546405792236328,0,0.2705689471971967,0.04510160417868781
HIA,mlp,ig,0.008359412352244059,0.0007797479629516602,1,0.15517253161988956,0.09381697987858596
HIA,mlp,ig,0.007536013921101888,1.1126200358072917e-06,1,0.27853195169745915,0.09475843411651871
HIA,mlp,ig,-0.2558411955833435,0.0037286579608917236,0,0.056827375134160196,1.914497647180623
HIA,mlp,ig,0.00568010409673055,2.2292137145996094e-05,1,0.06175752357885895,0.101657798105451
HIA,mlp,ig,0.07229928175608318,0.00030114253362019855,1,0.14921172081420847,0.089009604375292
HIA,mlp,ig,0.005391101042429606,0.0002524256706237793,1,0.20330240842576044,0.07360588664357902
HIA,mlp,ig,-0.20465670029322305,0.2681276599566142,0,0.23648928920853574,0.05622695559499708
HIA,mlp,ig,0.057163516680399575,0.0010371605555216472,1,0.16591902195813163,0.1165766439660375
HIA,mlp,ig,0.005868852138519287,1.895427703857422e-05,1,0.2262242218796064,0.08333428853543297
HIA,mlp,ig,0.011356393496195475,0.0003707408905029297,1,0.27384082295698814,0.06322068702115413
HIA,mlp,ig,0.15581039587656656,-0.00018920501073201498,1,0.1776374474573001,0.11702987666161363
HIA,mlp,ig,0.01910078525543213,1.235802968343099e-05,1,0.27309322570027567,0.0854574824520424
HIA,mlp,ig,0.013498802979787191,6.731351216634114e-05,1,0.2414609939341281,0.0715937923297841
HIA,mlp,ig,0.16374611854553223,-0.20446711778640747,1,0.23445014079144627,0.03780621753330351
HIA,mlp,ig,0.021484871705373127,8.662541707356771e-06,1,0.21192591048197923,0.10299391745386187
HIA,mlp,ig,0.012761553128560385,-1.1006991068522135e-05,1,0.2403234480690439,0.031193944572286553
HIA,mlp,ig,0.6206730604171753,7.947285970052083e-08,1,0.22738995680071747,0.03259896573043996
HIA,mlp,ig,0.022554755210876465,6.7551930745442706e-06,1,0.21887510006460226,0.07643373102098631
HIA,mlp,ig,0.01453179121017456,4.331270853678386e-06,1,0.24678109098719847,0.07012213190181825
HIA,mlp,ig,0.039081732432047524,-0.00041492780049641925,1,0.19440288852927864,0.1135628740856162
HIA,mlp,ig,-0.44558145602544147,-0.45171477397282916,1,0.1520464827609102,1.9407395532451568
HIA,mlp,ig,0.011334856351216635,8.861223856608072e-06,1,0.2717078510509553,0.08765418155753216
HIA,mlp,ig,0.025099654992421467,-7.742643356323242e-05,1,0.25923771739107043,0.1447985689971108
HIA,mlp,ig,0.029429078102111816,0.00010540088017781575,1,0.1299063283398092,0.0654586019598042
HIA,mlp,ig,0.6360350052515665,-5.710124969482422e-05,1,0.1160302655105844,0.12970334174119036
HIA,mlp,ig,0.009549597899119059,0.0007195671399434408,1,0.05959342625679642,0.12067592739735229
HIA,mlp,ig,0.8827574054400126,-0.06444289286931355,1,0.22844763367372548,0.0628334157598004
HIA,mlp,ig,0.0044884880383809405,-2.7418136596679688e-06,1,0.23373425622276395,0.025876422964934837
HIA,mlp,ig,0.029865105946858723,-0.012232065200805664,1,0.13798777833951137,0.06256296654523015
HIA,mlp,ig,0.8148492574691772,0.023521641890207928,1,0.29158935735790364,0.08690358279292512
BBB,rf,shap,0.06591952897259934,0.011180670354746458,1,0.3179635882172428,0.35077860796689775
BBB,rf,shap,-0.009171535003346701,0.002019682736884613,0,0.2301386531673474,0.6556094747570819
BBB,rf,shap,-0.05515247251912162,-0.00043234783232607804,0,0.23896565751116486,0.911698451783097
BBB,rf,shap,-0.009794958492583125,-0.018178995264337933,1,0.3901463105402483,0.34609841951753184
BBB,rf,shap,0.08128018890915896,0.0016860654510003255,1,0.29260063108458156,0.2723102138493906
BBB,rf,shap,-0.009134017238307165,-0.007299154699142292,0,0.270413328521596,0.23518952708221016
BBB,rf,shap,0.05554241597230103,0.016378422786268294,1,0.2607383868259642,0.2998086148709674
BBB,rf,shap,0.0368246858731058,0.001006501599672453,1,0.3465914564829286,0.3986662557576992
BBB,rf,shap,0.5691912707070071,0.060120813683766615,1,0.35002665974339514,0.1371276050370252
BBB,rf,shap,0.0512692803685821,-0.025879314414196258,1,0.2128087867360847,0.6525926500367984
BBB,rf,shap,-0.0412239320454898,-0.028644957801137478,0,0.27269994074317827,0.6588291165586154
BBB,rf,shap,0.41707231183801396,0.01903103276832711,1,0.17910856192955965,0.15874150420019809
BBB,rf,shap,0.3571002262667453,0.06091891259930656,1,0.309454853987472,0.18268968868235047
BBB,rf,shap,0.055355637715200724,0.007627248486660521,1,0.30180932467956195,0.3597309194896661
BBB,rf,shap,0.13185685144455514,0.027396880658822287,1,0.35785187660646794,0.30809221900859596
BBB,rf,shap,0.5958535423927119,0.057294821406090844,1,0.33909507959008844,0.2920705820907047
BBB,rf,shap,0.037581008412669946,-0.002975397865085605,1,0.2843197359770434,0.38554050815919017
BBB,rf,shap,-0.12828352208829522,-0.021540573313872862,0,0.16371767689420466,0.5645754340343078
BBB,rf,shap,0.5346972076017564,0.07580147203234178,1,0.378625167297453,0.17465083035941184
BBB,rf,shap,0.03477991160013231,0.011877682099968903,1,0.24919727829926194,0.999221844934903
BBB,rf,shap,0.6728517191841238,0.05640089788029704,1,0.28217170631434485,0.16114210225857092
BBB,rf,shap,0.05724566998726569,0.012985697042511513,1,0.30995163722821634,0.35517158749609834
BBB,rf,shap,0.4942521845594581,0.014365203385764561,1,0.15581377332396898,0.08340755864315491
BBB,rf,shap,0.0004077764795379357,-0.001272760177348305,1,0.22065866659692498,0.41797670525440406
BBB,rf,shap,0.0655311439815706,0.015626799645065304,1,0.22390831015990306,0.35965224223065234
BBB,rf,shap,0.07916395285286752,0.02808942200433347,1,0.2875130069736958,0.3104582873543744
BBB,rf,shap,0.05984757033976081,0.019762528666658247,1,0.3791090318250811,0.6822034155372311
BBB,rf,shap,0.02287497349563054,-0.010423731861329314,1,0.24066505550018877,0.5072564568824899
BBB,rf,shap,0.04454698767127774,-0.0017365968082531842,1,0.2431196109922828,1.2949749216828985
BBB,rf,shap,0.610647741767378,0.13649808642333336,1,0.44746898949413155,0.07482538187471781
BBB,rf,shap,0.022909366238418327,0.008751381171221873,1,0.2703698746683867,0.414431600046868
BBB,rf,shap,0.4520223796657563,0.10538539833205769,1,0.31602930453519557,0.0746295006429741
BBB,rf,shap,0.08128018890915896,0.009684190509960241,1,0.35863874367809623,0.28897583574227836
BBB,rf,shap,-0.09034237807833685,-0.0005077982990724372,0,0.23378995126539537,0.3195321352377655
BBB,rf,shap,0.07458618211118344,0.035145574335239016,1,0.2706787493547123,0.2012967743446159
BBB,rf,shap,0.06348300771735342,0.01161306106672011,1,0.3115582553684961,0.34032023790470173
BBB,rf,shap,-0.0821248419753909,0.0023086130770906266,0,0.2733952023945274,0.33539132249083053
BBB,rf,shap,-0.06324557687077592,-0.012912789550722873,0,0.20796779260287346,0.6943903953363889
BBB,rf,shap,0.06924388556442691,-0.006076884603596418,1,0.2519701039054026,0.4202286642229554
BBB,rf,shap,-0.008387916835153756,0.010999662678164879,0,0.26423466036661675,0.3644547856463812
BBB,rf,shap,0.10781456296653957,0.040264433868380335,1,0.3582605777123286,0.23614550920878577
BBB,rf,shap,0.3263026800242849,0.028098910840353392,1,0.2390748793584207,0.13067034210695055
BBB,rf,shap,0.48651366870848195,0.08197738360839117,1,0.30021562525239853,0.21090177196540616
BBB,rf,shap,-0.0528704861100758,-0.014463061949601416,0,0.3279438813138049,0.5022551909122489
BBB,rf,shap,0.1493977643633726,0.026963877721137064,1,0.28543191973350895,0.2455245940206307
BBB,rf,shap,-0.14688146195940033,-0.0065393938151316515,0,0.1967155934785899,0.32977353108927676
BBB,rf,shap,0.044128480330688134,-0.0026789601055908405,1,0.25343813948679855,0.4419584212407006
BBB,rf,shap,0.05549034243986698,-0.0012020005686013135,1,0.25309520637498445,0.5024730058183434
BBB,rf,shap,0.04580815517017789,0.024350186426007354,1,0.3561771416152115,0.2821202131716647
BBB,rf,shap,-0.009868377957335047,0.004739145065171146,0,0.23403775567153498,0.5647658213805025
BBB,rf,shap,0.0516361423024763,0.020501315727395625,1,0.18749045788509786,0.45583511608049565
BBB,rf,shap,0.09567287629272418,0.01476126584168913,1,0.25646229278447413,0.3018443812210937
BBB,rf,shap,0.06352198788913888,0.006637762566261325,1,0.30547354149072625,0.34529127222315326
BBB,rf,shap,0.1493977643633726,0.073230392320135,1,0.2812039772590887,0.15221864668517762
BBB,rf,shap,0.04464731158242256,0.019706461186336493,1,0.2907732203928599,0.37996262411000126
BBB,rf,shap,-0.03217208245995795,-0.012307336749805184,0,0.2891067064008592,0.4304403667043881
BBB,rf,shap,0.6066887535614673,0.07880160688894926,1,0.2533805924920078,0.07903503364034488
BBB,rf,shap,-0.06281586178380676,-0.0005281311903534794,0,0.3080725516840296,0.39706823785550643
BBB,rf,shap,0.06349710676992071,0.012700468300901546,1,0.24140494543321236,0.31292125088359246
BBB,rf,shap,-0.0704318061321186,-0.015405035113733959,0,0.255696565425218,0.3243397043208053
BBB,mlp,ig,0.2385916312535604,0.2947813669840495,0,0.0522766168054173,0.10088267767089255
BBB,mlp,ig,0.04996985197067261,0.029690066973368328,1,0.26136722963848813,0.09276693611871753
BBB,mlp,ig,0.026726444562276203,-6.357828776041666e-07,1,0.11122616961201134,0.1147152318724573
BBB,mlp,ig,0.13413806756337485,0.0,1,0.28561446180115896,0.07126811236119587
BBB,mlp,ig,0.012143611907958984,8.185704549153646e-06,1,0.33137198889476144,0.1540964485573584
BBB,mlp,ig,0.21743659178415933,0.0029156009356180825,1,0.12654620659464963,0.0913456115170862
BBB,mlp,ig,0.04491891463597616,0.007639110088348389,1,0.292023157992363,0.1539337709545937
BBB,mlp,ig,0.5954100092252096,4.263718922932943e-05,1,0.16235363684383633,0.06420150848194513
BBB,mlp,ig,0.23217332363128662,0.005851308504740397,1,0.20802543279909208,0.06214138717300084
BBB,mlp,ig,0.01849361260732015,2.006689707438151e-05,1,0.21813642232780228,0.15247182020656552
BBB,mlp,ig,0.8148072560628256,0.649134894212087,1,0.03659838808037162,0.07381326961233083
BBB,mlp,ig,0.02567956844965617,0.0034223596254984536,1,0.2595263589623451,0.1630175293463342
BBB,mlp,ig,0.6183988054593405,0.0,1,0.32375777197050426,0.03143344346669646
BBB,mlp,ig,0.1293964982032776,-0.003803431987762451,1,0.12449864166715022,0.17792677645390273
BBB,mlp,ig,0.030253112316131592,3.8941701253255206e-06,1,0.18582635276349838,0.09423546548106261
BBB,mlp,ig,0.3217746416727702,0.0,1,0.20002894894974108,0.04207150471194573
BBB,mlp,ig,-0.07084145148595174,-0.15524792671203613,1,0.2124805159952315,0.061050218050832085
BBB,mlp,ig,-0.0007898608843485514,-0.06061824162801107,1,0.12036886703706608,0.18448147921761637
BBB,mlp,ig,0.0016655723253885906,0.0,1,0.15809761430454305,0.07068761823485953
BBB,mlp,ig,0.12538015842437744,-0.00014795859654744467,1,0.4094642479349318,0.10044652719645937
BBB,mlp,ig,0.02879112958908081,1.1920928955078125e-05,1,0.17580990236680064,0.10568972326038076
BBB,mlp,ig,0.0973161260286967,4.871686299641927e-05,1,0.21956918929743188,0.1525511617911411
BBB,mlp,ig,0.03211818138758341,-0.002192854881286621,1,0.22344177051247596,0.09225718873725174
BBB,mlp,ig,-0.02328238884607951,-0.02365976572036743,1,0.21717576381865714,0.11315237366332515
BBB,mlp,ig,0.13282988468805948,0.02394711971282959,1,0.2216842821763688,0.10310612627873243
BBB,mlp,ig,0.08772737781206767,-0.002900699774424235,1,0.20737011807035985,0.1242367706709235
BBB,mlp,ig,-0.3141255776087443,0.5405536492665609,0,0.21220453219370441,1.9888764264066612
BBB,mlp,ig,0.2003602385520935,0.23850005865097046,0,0.11254149666609758,0.06473133606500353
BBB,mlp,ig,0.05378164847691854,-7.947285970052083e-08,1,0.23202956433658806,0.052758835272004465
BBB,mlp,ig,0.22773639361063638,-0.1061164140701294,1,0.11657790656332469,0.11893945887178085
BBB,mlp,ig,-0.17252842585245767,0.25478583574295044,0,0.14592672865720138,0.11642759726131714
BBB,mlp,ig,0.5013323823610941,0.0045966903368632,1,0.2175738851323493,0.07873857551847348
BBB,mlp,ig,0.24935795863469443,-0.021642059087753296,1,0.24975300919082227,1.994954151070694
BBB,mlp,ig,0.05671219031016032,1.3510386149088541e-05,1,0.3151864197345682,0.1479866616771479
BBB,mlp,ig,0.0427627166112264,1.2874603271484375e-05,1,0.21654804747007758,0.1411552892063382
BBB,mlp,ig,0.04102251927057902,0.004851917425791423,1,0.20000839696452097,0.12238736840243032
BBB,mlp,ig,0.04021064440409342,8.823474248250325e-05,1,0.27430969553094997,0.09371068956376727
BBB,mlp,ig,0.09138087431589763,3.3577283223470054e-05,1,0.1738228189958061,0.101335509334753
BBB,mlp,ig,-0.19227091471354166,0.13753716150919595,0,0.20873124669150803,0.13344781142566003
BBB,mlp,ig,0.5816701650619507,3.2981236775716147e-06,1,0.34925104163709064,0.04590340292319546
BBB,mlp,ig,0.2934454679489136,0.0,1,0.3614894552358697,0.03039267990888901
BBB,mlp,ig,-0.17252842585245767,-0.11841847499211629,0,0.07561603842093756,0.18404414024337587
BBB,mlp,ig,-0.47052045663197833,-0.25866297880808514,0,0.0932889841114881,1.9933270091388722
BBB,mlp,ig,0.035687645276387535,8.662541707356771e-06,1,0.2881306119916766,0.07575962121993604
BBB,mlp,ig,0.1095893383026123,3.6557515462239585e-06,1,0.31680063137371234,0.10958818174262565
BBB,mlp,ig,0.004980266094207764,0.0010360280672709148,1,0.17652511145246003,0.11412304210487689
BBB,mlp,ig,0.024174471696217854,0.0004356702168782552,1,0.25002312099657215,0.032028185513909124
BBB,mlp,ig,0.004980266094207764,0.013906617959340414,0,0.2553290563808236,0.09495545939036429
BBB,mlp,ig,0.051452080408732094,0.0,1,0.24728148616821113,0.041020602197052544
BBB,mlp,ig,0.36808576186498004,0.05874315897623698,1,0.24548582985955236,0.06224244152559222
BBB,mlp,ig,0.07691754897435506,0.0005605618158976237,1,0.15449573209482653,0.0932054526061941
BBB,mlp,ig,0.04728476206461588,0.00013073285420735678,1,0.10395194124325231,0.09402720276884859
BBB,mlp,ig,0.004360377788543701,-0.004091183344523112,1,0.2172156933899419,0.17399826263807783
BBB,mlp,ig,0.07235836982727051,0.0,1,0.12733129243005734,0.02715406531067724
BBB,mlp,ig,-0.2769012451171875,0.03125913937886556,0,0.1998058131102086,0.1133554216840003
BBB,mlp,ig,0.04089214404424032,0.019811034202575684,1,0.19016282164493892,0.11507515323198016
BBB,mlp,ig,0.1325270732243856,3.123283386230469e-05,1,0.17649633867315187,0.11543645615208827
BBB,mlp,ig,0.13485340277353922,-1.3907750447591145e-06,1,0.21322625945893214,0.06417662283200652
BBB,mlp,ig,0.2388719916343689,0.22407070795694986,1,0.2532873634491013,0.05602363350265279
BBB,mlp,ig,0.06505982081095378,0.00032321612040201825,1,0.15295668200163012,0.14392879197227154
VDss,rf,shap,0.41211948270121185,0.050062098446480414,1,-0.10855910281963471,0.05433973953150507
VDss,rf,shap,0.038577820604176104,0.0653173126185524,0,-0.007444583094191251,0.14582637089725534
VDss,rf,shap,0.06441603023426916,0.0066404940504389545,1,-0.017418468287450483,0.09068035288980712
VDss,rf,shap,0.044192356925625766,0.005736120207412397,1,0.047039380096972054,0.05854088531782729
VDss,rf,shap,0.08496700463860007,0.025966391119938186,1,0.005599003160314898,0.0584828145435851
VDss,rf,shap,0.5535603987454929,0.03803656849366608,1,-0.016597296821008994,0.06742344445990137
VDss,rf,shap,0.09799406410331817,0.01796365658850946,1,0.022956382869432104,0.08624347115034672
VDss,rf,shap,0.04231116242241948,0.019031796520881012,1,0.138911902788803,0.5147224613636571
VDss,rf,shap,1.1491888123916614,0.06817493040037916,1,0.06245014876189249,0.18164693290468187
VDss,rf,shap,0.01142732020791541,0.004276229476113245,1,0.08794875631427077,0.022215294827338375
VDss,rf,shap,0.027097770934776222,0.0052991739564080985,1,0.0050586041981359525,0.5926482492761074
VDss,rf,shap,0.05724849292629202,0.016768783731431355,1,-0.041379288358323885,0.34439066638766785
VDss,rf,shap,0.012786660881977245,0.0030820528215529455,1,0.030915519758045917,0.1426985222786976
VDss,rf,shap,0.016467173729093853,0.0010111454224406829,1,0.000977417253332353,0.030802833925472384
VDss,rf,shap,1.0148251786282112,0.10454656776454115,1,0.11364942608728988,0.17230681538330192
VDss,rf,shap,0.043318783914265004,0.005428189056455791,1,0.04233790912601523,0.0704035071595042
VDss,rf,shap,0.13870503351102073,0.0027555942792237818,1,-0.006823124287685465,0.09888233829343114
VDss,rf,shap,0.010424183135340132,0.0031765816867910814,1,-0.05514536452965623,0.1067976190684214
VDss,rf,shap,0.09972318336247347,0.06272195800370481,1,0.12951600952900474,0.26442204573480943
VDss,rf,shap,0.5506519639228776,0.056932478749414504,1,-0.0007929767379799739,11.713618486905537
VDss,rf,shap,1.4169265823919348,0.4114439427198328,1,-0.047039380096972054,0.1293964489546234
VDss,rf,shap,0.02268148735288074,0.014627694347522579,1,-0.059295863515261046,0.00784992264091199
VDss,rf,shap,0.16305017458263937,0.04124866109482737,1,-0.01629772783110545,0.42393241295240575
VDss,rf,shap,0.4440382424945463,0.07197415645863607,1,0.21201026066632583,0.030923133741007917
VDss,rf,shap,0.5898807893721435,0.05334846040526512,1,0.1396367422663343,0.21712723430709474
VDss,rf,shap,0.07177756221636537,0.02580659324411456,1,0.10257947082508945,0.04096288595586339
VDss,rf,shap,0.18631271828144522,0.003694073175375625,1,-0.10737022510284104,0.03608177951625605
VDss,rf,shap,0.2521955698654045,0.001399192983544287,1,0.0,0.03241813392137899
VDss,rf,shap,0.023507600338377326,0.0058029856193017,1,0.09613932493233948,0.018083925800730424
VDss,rf,shap,0.042151621413088015,0.0104146081705544,1,-0.022075297605009914,0.09595352185231275
VDss,rf,shap,0.7274893486637337,2.6136487790421374,0,0.052775832558536816,0.24935264362254708
VDss,rf,shap,0.33107988259823357,0.021662961202775468,1,0.04513506114546755,0.042604201650343135
VDss,rf,shap,0.1336819690330923,0.009492802931426231,1,-0.06384696260108981,0.027523173701639862
VDss,rf,shap,0.2884788860914633,0.07857126884344544,1,0.09882017369688807,0.07352280578837117
VDss,rf,shap,0.07376830103397795,0.021054994636761543,1,0.04481787045027556,0.13843387059124754
VDss,rf,shap,3.5401025261901027,12.003840417256376,0,0.033355538550319114,2.857091967978018
VDss,rf,shap,0.0650885100023651,0.04546568052042457,1,-0.10258651950720481,0.05036505166678106
VDss,rf,shap,0.06996855645891752,0.0023585059362953614,1,0.019710464755300746,0.10971630681638507
VDss,rf,shap,0.6964033656777341,0.22362398040508605,1,-0.06134937957154104,0.1323846884369803
VDss,rf,shap,0.06416015909147982,0.4211330189603533,0,-0.09943458382127848,0.16082214077214185
VDss,rf,shap,0.0949375464215314,0.015128718614196747,1,0.09132037592612637,0.3358979692413072
VDss,rf,shap,0.029905464760998802,0.007821094811888573,1,0.006609314263519012,0.0922796958510995
VDss,rf,shap,0.09070872272417697,0.0002597089305887583,1,-0.031166922753494385,0.048799419076192924
VDss,rf,shap,0.7083950437972346,0.08402573988409869,1,0.13220860609707896,0.057441535732943465
VDss,rf,shap,0.12015796090663523,0.0037439318102216548,1,0.04626167550357539,0.0154718637366597
VDss,rf,shap,0.7857563765108054,0.08667562053444515,1,-0.0824977754783788,0.1529660069821702
VDss,rf,shap,0.039435722583679986,0.017964956846826915,1,0.15136457452597,0.023546131539215188
VDss,rf,shap,0.06500928345094271,0.00032608337538397224,1,0.06642208113390774,0.01353971286184489
VDss,rf,shap,0.042623834426963936,0.003794047372996698,1,-0.02769427203131838,0.10223551740552363
VDss,rf,shap,0.07112382820390446,0.009909774697981292,1,0.14587130159738576,0.11087960837072365
VDss,rf,shap,6.207947886064216,4.859627696478539,1,-0.06586406046644036,0.16756023687627142
VDss,rf,shap,0.07514863763749689,0.024310506386044307,1,-0.027683699008145313,0.11372790590100962
VDss,rf,shap,2.7614141867421904,0.054355979601307,1,0.06420644538897408,0.055965875536515365
VDss,rf,shap,0.07774905814921139,0.0308302822102354,1,0.16681176138181988,0.20100318874836204
VDss,rf,shap,0.043624811933566175,0.003159920462444147,1,0.001696382829100863,0.10394539221114027
VDss,rf,shap,0.039684356648046905,0.0015900755327273735,1,0.20219379604031004,0.1149241723622241
VDss,rf,shap,0.04721611700017433,0.03323072686333666,1,-0.07448107435248941,0.04116643451256479
VDss,rf,shap,0.02919220703870978,0.002265975240389838,1,0.10775555305848168,0.030056328343474468
VDss,rf,shap,0.18575874416349172,0.0466518475081291,1,0.10957411304424908,0.013033251281855047
VDss,rf,shap,0.27622996511558867,0.04545473757922373,1,0.15452473367436423,0.11388159273147344
VDss,mlp,ig,0.15431352953116098,0.04765326033035914,1,0.42172634474655485,0.1754899655237686
VDss,mlp,ig,0.03582010666529337,0.014389693193758527,1,0.1517586293616922,0.3599116478769363
VDss,mlp,ig,0.07878017673889796,0.23176899552345276,0,0.248438320331767,0.027529076913758842
VDss,mlp,ig,0.03517663044234117,0.017517301021143794,1,0.19980164118975438,0.5034874065573859
VDss,mlp,ig,2.833971897761027,0.3586252750828862,1,0.29959470911192143,0.051882515719110046
VDss,mlp,ig,0.19423346469799677,0.15846395368377367,1,0.25608083278583743,0.06366126605282244
VDss,mlp,ig,0.2158147863422831,0.0035278353607282043,1,0.2849844624882994,4.636851147548249
VDss,mlp,ig,0.16799598932266235,0.030071148959298927,1,0.15515680220623357,0.37325554358808444
VDss,mlp,ig,0.13519717256228128,0.03509342111647129,1,0.0880888375545503,0.16328406615575652
VDss,mlp,ig,0.1959016670783361,0.03952632596095403,1,0.2182558278124261,0.07166056004717322
VDss,mlp,ig,0.3532931146522363,0.007576406671432778,1,0.18642739119713747,0.08092949145197807
VDss,mlp,ig,0.3551122198502223,0.05154608764375249,1,0.5231054615460515,0.2867882783249789
VDss,mlp,ig,1.2203409373760223,0.439057578643163,1,0.4188590079572174,0.17836298755148886
VDss,mlp,ig,0.21201742192109427,0.21314231057961783,0,0.2830970996307759,0.14895740345690459
VDss,mlp,ig,2.0842891136805215,0.19917863855759302,1,0.18495016911505036,0.05803340579034242
VDss,mlp,ig,0.8486406604448954,0.6900468269983927,1,0.46529541862705165,0.2544225689717644
VDss,mlp,ig,0.24579270680745444,0.15645877023537955,1,0.16176700295117952,0.18866075010375927
VDss,mlp,ig,0.4382406175136566,0.5747881680727005,0,0.4474220123555269,0.5096584913995501
VDss,mlp,ig,0.10434699058532715,0.01976514949152867,1,0.08251416953063749,0.2702672125880181
VDss,mlp,ig,1.040839691956838,2.0407008727391562,0,0.43371889425477467,0.14064647499733102
VDss,mlp,ig,0.045658414562543236,0.13469293961922327,0,0.06270156132411797,0.04035241632003392
VDss,mlp,ig,0.7107672393321991,0.9384897152582804,0,0.4262834744118906,0.17830184949244457
VDss,mlp,ig,3.3108294010162354,1.6557948291301727,1,0.4230444007050986,0.0627313294812541
VDss,mlp,ig,0.0837299848596255,0.26209597041209537,0,0.2447347993138782,0.5081449446067656
VDss,mlp,ig,0.023054770814875763,0.038994429633021355,0,0.07991255300514753,0.08565887085532663
VDss,mlp,ig,0.15101907526453337,0.2531125331297517,0,0.418146724622082,0.4768871807045336
VDss,mlp,ig,0.10267643382151921,0.012517265044152737,1,-0.066292963570445,0.19162884897396265
VDss,mlp,ig,0.2090738664070765,0.03198504315999647,1,0.22398462931084417,0.07924847951385044
VDss,mlp,ig,0.7996656894683838,0.5327745676040649,1,0.3172401402827309,0.13165569188219683
VDss,mlp,ig,0.07098292807737987,0.014407847387095293,1,0.06904803011423614,0.11915616198779157
VDss,mlp,ig,0.08894679695367813,0.13271648436784744,0,0.21458452257534122,1.425870089121328
VDss,mlp,ig,0.38822706540425617,0.1350267951687177,1,0.1710812966543271,0.12270017630242291
VDss,mlp,ig,0.17272556324799856,0.02496140884856383,1,0.19926669467837074,0.12393617725552693
VDss,mlp,ig,0.6829273502031962,0.21578561762968698,1,0.0323226202169431,0.14949445963473132
VDss,mlp,ig,0.6843904455502828,6.983365376790364,0,0.32378640454729163,0.11811236525698206
VDss,mlp,ig,1.924200971921285,0.25944162408510846,1,0.4938143508096748,0.11689575394543447
VDss,mlp,ig,0.039234243954221405,0.08596676215529442,0,0.519362597590443,0.40711971387523843
VDss,mlp,ig,0.052230204145113625,0.004054992847765486,1,0.3071139078806016,0.2194968739204701
VDss,mlp,ig,0.14471857249736786,0.08833439298905432,1,0.4241556243487438,0.27988186099627654
VDss,mlp,ig,1.3075935890277226,0.23130344847838083,1,0.49883850267729113,0.4258171176954831
VDss,mlp,ig,1.0071646173795064,0.9117039541403452,1,0.3281940345768748,0.11767522093665185
VDss,mlp,ig,0.2425489624341329,0.05838731490075588,1,0.08230190246159107,0.1290480443248013
VDss,mlp,ig,0.40380019942919415,0.14535542329152426,1,0.14265547680080096,0.09121308545577847
VDss,mlp,ig,0.27553142607212067,0.09095639114578564,1,0.3105525980789141,0.35525588865180957
VDss,mlp,ig,0.04360100440680981,0.09194541598359744,0,0.22948801979767275,0.3968293701188534
VDss,mlp,ig,4.035313367843628,4.191002368927002,0,0.7108252976076845,0.02599165162904975
VDss,mlp,ig,0.36834126710891724,0.1172782617310683,1,0.3170782408681638,0.28857349714458413
VDss,mlp,ig,1.935900886853536,0.7614676157633463,1,0.4946663896549192,0.09934442833447113
VDss,mlp,ig,0.5060261785984039,0.14630479365587234,1,0.3009602128992826,0.5037347100293142
VDss,mlp,ig,0.973681171114246,0.01818200231840213,1,0.08323908647055737,0.14694214401418776
VDss,mlp,ig,0.8356322279820839,0.08048357690374057,1,0.21830397887053088,0.11910516938059729
VDss,mlp,ig,0.016751838537553947,0.011353693747272095,1,0.017185817287228598,0.24113156899714427
VDss,mlp,ig,0.047486402094364166,0.005646936459622036,1,0.21474138777880244,0.13648373285708282
VDss,mlp,ig,0.4269556899865468,0.007066814151282112,1,0.049334869484531994,0.12194303691837331
VDss,mlp,ig,0.3773113787174225,1.5343072414398193,0,0.4401764209130469,0.21772572505144122
VDss,mlp,ig,0.05318692450722059,0.10084772389382124,0,0.15508398841105073,0.28628167621528383
VDss,mlp,ig,0.6969084143638611,0.6179097990194956,1,0.5529450245784022,0.27243123866629215
VDss,mlp,ig,0.08392244670540094,0.10568132251501083,0,0.2702712226773168,0.3035888874073987
VDss,mlp,ig,4.763966719309489,1.6982827583948772,1,0.40122456373837845,0.06580538872549918
VDss,mlp,ig,0.4847980737686157,0.17080832148591676,1,0.30032602152811955,0.23038432973356007
CYP2C9-Sub,rf,shap,-0.16941826734129992,-0.0036731097687027203,0,0.24920008766170829,0.35335040627548164
CYP2C9-Sub,rf,shap,-0.06034081097497109,-0.018669413328927426,0,0.14448198301066492,0.6089138617947212
CYP2C9-Sub,rf,shap,-0.016865776307845654,0.0003033567958521388,0,0.23026929833794074,0.5697513967268538
CYP2C9-Sub,rf,shap,0.15269804879013646,0.029108240022968707,1,0.22471627463377972,0.3199402029314467
CYP2C9-Sub,rf,shap,-0.13276286779713198,0.003601007933940211,0,0.1907920276533726,0.3702017240144929
CYP2C9-Sub,rf,shap,-0.04550818109211966,-0.014727343001860738,0,0.1264603508200588,0.2982692706094274
CYP2C9-Sub,rf,shap,-0.06340746983439287,0.002106376745627525,0,0.21335415971250005,0.47700108181801065
CYP2C9-Sub,rf,shap,-0.16657760552697365,-0.015597100230351768,0,0.2991344273100614,0.5129826888559451
CYP2C9-Sub,rf,shap,-0.17403686596483284,-0.011157101249576215,0,0.1981780483940949,0.30478526294354447
CYP2C9-Sub,rf,shap,0.07691490984553251,0.00928718672536788,1,0.2710950346412031,0.23867670902041518
CYP2C9-Sub,rf,shap,-0.008763127911921317,-0.0026678774542312858,0,0.316121805165075,0.26950110103560354
CYP2C9-Sub,rf,shap,0.07926262774349879,0.004622874285887479,1,0.2917560416098631,0.2934213577358299
CYP2C9-Sub,rf,shap,-0.16713275339706346,-0.019109759688389277,0,0.23711616775550914,0.3996933062429375
CYP2C9-Sub,rf,shap,-0.0027206256206142956,0.002269223754326292,0,0.26820664007990597,0.4007315940866844
CYP2C9-Sub,rf,shap,-0.1518399344996444,-0.009088980574181468,0,0.2408637980311571,0.3587275841696222
CYP2C9-Sub,rf,shap,-0.09757795546339758,-0.03679396495434232,0,0.1809992072151726,0.43248755549661555
CYP2C9-Sub,rf,shap,-0.11769891258923589,0.025281714759036067,0,0.2285525888416676,0.5195425042626662
CYP2C9-Sub,rf,shap,-0.1448517704584321,-0.025275100591192534,0,0.17603466894216646,0.35879739907793806
CYP2C9-Sub,rf,shap,0.26254845986453007,0.09728644678415142,1,0.19924284289178332,1.9271310058427458
CYP2C9-Sub,rf,shap,-0.09042917774899843,-0.01329681642951038,0,0.23591746639324657,0.4463321098423433
CYP2C9-Sub,rf,shap,0.08787749894608321,0.02733901012630961,1,0.306016535376202,0.8035134876745869
CYP2C9-Sub,rf,shap,0.027668632908873187,-0.007642311830329891,1,0.19438813174016037,0.7184029778128698
CYP2C9-Sub,rf,shap,0.047288357969006545,0.008675231056984497,1,0.2574600268870198,0.2931755222604214
CYP2C9-Sub,rf,shap,-0.06097889729339919,0.01522107447955697,0,0.3041171722181632,0.385279061272935
CYP2C9-Sub,rf,shap,0.015850747858181413,0.029792496268662687,0,0.32883825881314427,0.4102496767937997
CYP2C9-Sub,rf,shap,0.029354336729759362,0.0582761123788453,0,0.39017406320701586,0.21083171034224374
CYP2C9-Sub,rf,shap,-0.0711879968667739,-0.0016438539989265626,0,0.16591589100467413,0.8400284747992574
CYP2C9-Sub,rf,shap,0.18607698936663544,0.08484604759798568,1,0.24030174158643133,0.1645290179394693
CYP2C9-Sub,rf,shap,-0.08883463769874682,-0.010107029591096106,0,0.2062224445523068,0.3797722128601364
CYP2C9-Sub,rf,shap,0.016188021892778088,-0.004658940594647776,1,0.2507417785367398,0.31950216704920253
CYP2C9-Sub,rf,shap,0.08771023936111015,0.029478342325371904,1,0.2022792397770834,0.5163047062685651
CYP2C9-Sub,rf,shap,-0.08111442996187161,0.01089596822654367,0,0.2588337468705241,0.3638730521265941
CYP2C9-Sub,rf,shap,0.0431370712545656,0.001033419986809725,1,0.23640434705435173,0.3841295120220159
CYP2C9-Sub,rf,shap,-0.0889944596933977,-0.020918565898949026,0,0.2961632219246198,0.3454297347340804
CYP2C9-Sub,rf,shap,-0.16201340272170708,-0.024941652333553055,0,0.3328607505476549,0.3509615035886826
CYP2C9-Sub,rf,shap,-0.10355982790897966,-0.024914446514765376,0,0.2856233421366903,0.3987601515009534
CYP2C9-Sub,rf,shap,-0.09641457870196153,-0.04358401952712854,0,0.18233005350958076,0.565235672083888
CYP2C9-Sub,rf,shap,0.27566847347593687,0.05731375323242097,1,0.3060429643626311,1.9640607710382145
CYP2C9-Sub,rf,shap,0.04031730298370828,-0.016332286488387433,1,0.35154428202060795,0.3564241546430332
CYP2C9-Sub,rf,shap,-0.01229121703838528,0.00239877390461866,0,0.30427574613673786,0.9254269392629049
CYP2C9-Sub,rf,shap,-0.1113208126359253,0.006113423963326777,0,0.236424315621876,0.6311003739351287
CYP2C9-Sub,rf,shap,0.44014440280263617,0.08344208903807859,1,0.27080431579048286,0.30098001790779294
CYP2C9-Sub,rf,shap,0.02486526792325805,-0.003508692367669116,1,0.2820988899686659,0.4157921555230499
CYP2C9-Sub,rf,shap,-6.037353725470614e-05,0.04978910818713448,0,0.0,0.6541196635560907
CYP2C9-Sub,rf,shap,0.05934747958452924,0.0008999321047478507,1,0.35401862246118226,0.7655089182760464
CYP2C9-Sub,rf,shap,-0.0067053302215472526,-0.0014333539229135865,0,0.25527816722959434,0.6129526177121236
CYP2C9-Sub,rf,shap,-0.02565166774302352,-0.019012467237425668,0,0.16725437233960622,0.33459405307528883
CYP2C9-Sub,rf,shap,-0.00999764641178976,-0.006025381665455927,0,0.22695921461539695,0.19547766523274548
CYP2C9-Sub,rf,shap,-0.04572645884811614,-0.04490509555314581,0,0.26429926126406433,0.2938328934402691
CYP2C9-Sub,rf,shap,-0.18833785607235845,-0.01825789790027395,0,0.13411301066831033,0.6219592443841115
CYP2C9-Sub,rf,shap,0.10065030204991084,0.04555852216800593,1,0.2116174816487027,0.34266335609024334
CYP2C9-Sub,rf,shap,-0.012970906807304764,0.03602203160219175,0,0.2625942979839819,0.3795959259296847
CYP2C9-Sub,rf,shap,-0.06372725674028157,0.04291372453722109,0,0.2904246080046454,0.4650421575535792
CYP2C9-Sub,rf,shap,0.06466985929901103,-0.010424384952762211,1,0.3422177863651794,0.4577540323859923
CYP2C9-Sub,rf,shap,-0.060574269225715884,-0.03179333292286398,0,0.2282413141126136,0.25944687280990153
CYP2C9-Sub,rf,shap,-0.17088867069550193,-0.050837560401280256,0,0.1695243286184621,0.3383535663634299
CYP2C9-Sub,rf,shap,0.1419792955686453,0.022926489754927688,1,0.2226260354626418,0.4583162383342191
CYP2C9-Sub,rf,shap,0.1464806400796452,0.01149477885209027,1,0.31498946992429,0.33373925871385524
CYP2C9-Sub,rf,shap,0.08386686712505502,-0.009039763441007764,1,0.29536506653446065,0.3407116228175162
CYP2C9-Sub,rf,shap,-0.021088610383860378,0.021288823099136083,0,0.24572144573682775,0.453689526063607
CYP2C9-Sub,mlp,ig,0.03048253059387207,-0.012076417605082193,1,0.20018156478236165,0.10354529964797568
CYP2C9-Sub,mlp,ig,0.28786468505859375,0.17495552698771158,1,0.29646254150300777,0.11786990194340742
CYP2C9-Sub,mlp,ig,0.003761629263559977,1.231829325358073e-06,1,0.034211326783449805,0.11388638573061727
CYP2C9-Sub,mlp,ig,0.011319398880004883,0.00021813313166300455,1,0.16441178789878866,0.13130044907400795
CYP2C9-Sub,mlp,ig,0.04982457558314005,0.00023857752482096353,1,0.2984097233161232,0.1084584312265449
CYP2C9-Sub,mlp,ig,0.0058181484540303545,0.024912357330322266,0,0.2503995951374985,0.09342909421870435
CYP2C9-Sub,mlp,ig,0.009357690811157227,-0.00011724233627319336,1,0.1326162349329375,0.10216942925302236
CYP2C9-Sub,mlp,ig,0.07270671923955281,-0.00675662358601888,1,0.2536345241509041,0.09984648563296454
CYP2C9-Sub,mlp,ig,0.2491005857785543,0.013166348139444986,1,0.3691741624893872,0.09065388403089013
CYP2C9-Sub,mlp,ig,0.39942989746729535,-0.003960450490315755,1,0.18548668394001716,0.08307498874566811
CYP2C9-Sub,mlp,ig,0.05661875009536743,-0.0034351348876953125,1,0.154370530659864,0.08088596648143416
CYP2C9-Sub,mlp,ig,0.0011402368545532227,0.00923985242843628,0,0.10758355679870593,0.03590675421970887
CYP2C9-Sub,mlp,ig,0.011353373527526855,0.0005148649215698242,1,0.17539433960285936,0.12765109228578533
CYP2C9-Sub,mlp,ig,0.019224663575490315,-0.00019427140553792319,1,0.25759935274021517,0.06773413980868341
CYP2C9-Sub,mlp,ig,0.01454546054204305,0.034587244192759194,0,0.23511339581330623,0.09044555789514035
CYP2C9-Sub,mlp,ig,0.44300172726313275,-0.03182701269785563,1,0.1856334859464342,0.13613805402533885
CYP2C9-Sub,mlp,ig,0.5685307383537292,0.1495098869005839,1,0.08892619619915303,0.11492301882454545
CYP2C9-Sub,mlp,ig,0.0012444853782653809,0.0002631346384684245,1,0.17416590041316166,0.08562471414943058
CYP2C9-Sub,mlp,ig,0.8317778706550598,0.30755615234375,1,0.245320832923495,0.11054452858288939
CYP2C9-Sub,mlp,ig,-0.45676616827646893,0.027119348446528118,0,0.15290896988397606,2.350065795591701
CYP2C9-Sub,mlp,ig,0.012940982977549234,3.4968058268229165e-06,1,0.1932401787109389,0.0927605262350119
CYP2C9-Sub,mlp,ig,0.8862090706825256,0.05301823218663534,1,0.3079313014523316,0.09573778630495222
CYP2C9-Sub,mlp,ig,0.04982457558314005,0.01990904410680135,1,0.37588242697461977,0.13759578234596687
CYP2C9-Sub,mlp,ig,0.023337403933207195,-1.8676122029622395e-06,1,0.13997101545443058,0.06582410657504797
CYP2C9-Sub,mlp,ig,0.08130089441935222,3.24249267578125e-05,1,0.20061198826517637,0.09460913783856378
CYP2C9-Sub,mlp,ig,0.01946834723154704,0.3005334536234538,0,0.20227672301794544,0.10919229505680302
CYP2C9-Sub,mlp,ig,0.14107654492060342,0.01932990550994873,1,0.1924909012701864,0.07229690836838794
CYP2C9-Sub,mlp,ig,0.457759161790212,0.07881502310434978,1,0.061511215104785945,0.14599763363678653
CYP2C9-Sub,mlp,ig,0.036182284355163574,0.0,1,0.1917745074788713,0.030098074280231743
CYP2C9-Sub,mlp,ig,-0.38564274708429974,-0.10750230153401692,0,0.1560493584052491,0.13555289074040824
CYP2C9-Sub,mlp,ig,0.02575095494588216,0.0005813042322794596,1,0.29111777405337663,0.11833430771455282
CYP2C9-Sub,mlp,ig,0.07177297274271648,0.0,1,0.18460176144533536,0.031137186397601317
CYP2C9-Sub,mlp,ig,0.05949715773264567,-0.03926432132720947,1,0.21395981389663818,0.07050535230121029
CYP2C9-Sub,mlp,ig,0.012532552083333334,2.1457672119140625e-06,1,0.21852359467213073,0.05108367345036013
CYP2C9-Sub,mlp,ig,0.04314253727595011,0.0,1,0.20189914825744087,0.05327507888035385
CYP2C9-Sub,mlp,ig,-0.06382125616073608,-0.012199223041534424,0,0.23062771370522753,0.13404869832657562
CYP2C9-Sub,mlp,ig,-0.02834882338841756,0.5939407149950663,0,0.24449463123137996,0.07411856384133951
CYP2C9-Sub,mlp,ig,0.8266585866610209,9.059906005859375e-06,1,0.28445237575401794,0.06584609484528514
CYP2C9-Sub,mlp,ig,0.4208046793937683,0.12954274813334146,1,0.11794366799556841,0.1084151282241407
CYP2C9-Sub,mlp,ig,0.9134091933568319,-0.03443934520085653,1,0.11789434252141227,0.1432436236425235
CYP2C9-Sub,mlp,ig,0.026614586512247723,2.384185791015625e-07,1,0.24599259890485933,0.06868645448628667
CYP2C9-Sub,mlp,ig,0.0038834412892659507,0.0,1,0.11130410684933906,0.03593924759543317
CYP2C9-Sub,mlp,ig,0.0022635459899902344,9.179115295410156e-06,1,0.2317439961620226,0.11543071973519038
CYP2C9-Sub,mlp,ig,0.040437658627827965,0.004493395487467448,1,0.24154860856660304,0.09753754396665976
CYP2C9-Sub,mlp,ig,0.17584139108657837,-0.0018751025199890137,1,0.20497083343971076,0.07807864981442546
CYP2C9-Sub,mlp,ig,0.00018950303395589194,3.9736429850260414e-08,1,0.06434684266073724,0.07910802607475044
CYP2C9-Sub,mlp,ig,-0.03875341018040975,-0.26446614662806195,1,0.17347358215089898,2.3490332401798177
CYP2C9-Sub,mlp,ig,0.004679401715596517,0.015773614247639973,0,0.23051144651614522,0.0958822648767256
CYP2C9-Sub,mlp,ig,-0.003931641578674316,-0.0020797053972880044,0,0.1680225300486219,0.07263567928605776
CYP2C9-Sub,mlp,ig,0.005344748497009277,1.986821492513021e-07,1,0.28874369200560046,0.07294791602303176
CYP2C9-Sub,mlp,ig,0.9960450530052185,0.00015437602996826172,1,0.17676253430266603,0.10617482665867303
CYP2C9-Sub,mlp,ig,0.014690240224202475,8.344650268554688e-07,1,0.21568033341184578,0.0358191923927409
CYP2C9-Sub,mlp,ig,-0.012395004431406656,-0.020591715971628826,1,0.19658315400106746,0.15682623864621625
CYP2C9-Sub,mlp,ig,0.002416988213857015,4.9114227294921875e-05,1,0.15147853113344853,0.09943801160959312
CYP2C9-Sub,mlp,ig,0.018309374650319416,1.2715657552083333e-06,1,0.11319021902778505,0.061075240545897386
CYP2C9-Sub,mlp,ig,0.0711250106493632,3.3696492513020836e-05,1,0.2543802783435026,0.05470446306662168
CYP2C9-Sub,mlp,ig,0.0026007692019144693,0.0,1,0.1539025258634065,0.034219884761767745
CYP2C9-Sub,mlp,ig,0.03081047534942627,0.01254268487294515,1,0.17573903071392655,0.13670402361671874
CYP2C9-Sub,mlp,ig,0.019398053487141926,0.0,1,0.25227513757148246,0.04087249675608725
CYP2C9-Sub,mlp,ig,0.7880716919898987,0.010189533233642578,1,0.27501711719758265,0.1207125099476466
CYP3A4-Sub,rf,shap,0.06959628347565851,-0.0030133904554238145,1,0.23917937974835055,0.3747712625659324
CYP3A4-Sub,rf,shap,0.17988698494312524,0.05042807590912257,1,0.3016572852944984,0.370611450737871
CYP3A4-Sub,rf,shap,0.24443123999837182,0.04180165331130803,1,0.13107711198720556,0.2652768709479047
CYP3A4-Sub,rf,shap,0.23702709748983353,0.08299418776186496,1,0.389929920609431,0.19418131200427852
CYP3A4-Sub,rf,shap,0.22966082480627303,0.04342742651937862,1,0.36031936071640175,0.26978265584844774
CYP3A4-Sub,rf,shap,-0.000825102681205836,0.003170250796044346,0,0.23288543279980445,0.19255885437641565
CYP3A4-Sub,rf,shap,0.05568217670542456,0.015742703036197254,1,0.1649133895739965,0.631245067131523
CYP3A4-Sub,rf,shap,0.23806542394147978,0.052664404732348236,1,0.34877204099292625,0.28708911388914476
CYP3A4-Sub,rf,shap,0.06382479802358187,-0.006154243795489604,1,0.19313338533433713,0.3705853291362565
CYP3A4-Sub,rf,shap,0.06683823957949013,-0.017312177734920924,1,0.20868210032814227,0.38174415490273333
CYP3A4-Sub,rf,shap,0.1281583446438239,0.021872291290143453,1,0.052439770713301505,0.4363384890287765
CYP3A4-Sub,rf,shap,0.12359219646120745,0.024667067049650198,1,0.31070534786057397,0.2561505125642532
CYP3A4-Sub,rf,shap,0.04193262634915651,-0.0024761904761903355,1,0.1550690411278847,0.33031433336869703
CYP3A4-Sub,rf,shap,0.023486437268048388,0.01588329576574321,1,0.22354023110740268,1.988185281886266
CYP3A4-Sub,rf,shap,-0.002612319017379979,0.006431784440260675,0,0.22018831384837104,0.4939675289881934
CYP3A4-Sub,rf,shap,0.2409835195126024,0.06580982578682008,1,0.26986339877759397,0.32648288076804177
CYP3A4-Sub,rf,shap,0.20234511996610002,-0.003965210002921049,1,0.2395599057441201,0.29403432285827985
CYP3A4-Sub,rf,shap,-0.03871497669740694,-0.011247956223479813,0,0.21738134739809578,0.46950286552667353
CYP3A4-Sub,rf,shap,0.11994526917603025,-0.0203729643244089,1,0.26429761885798947,0.32573764161462904
CYP3A4-Sub,rf,shap,0.10409812795874118,-0.02012427591819969,1,0.2781175243895331,0.43413037950692557
CYP3A4-Sub,rf,shap,0.0768914133165074,0.017303037039691455,1,0.24313966881543347,0.4137707056780136
CYP3A4-Sub,rf,shap,0.11604774114766074,-0.003743303149251531,1,0.21659328275870887,0.29294671409112477
CYP3A4-Sub,rf,shap,-0.0282139797233321,0.008448596239105618,0,0.13005180583193765,0.2627390983024509
CYP3A4-Sub,rf,shap,0.07409267129300053,0.020856537274333304,1,0.09723261315976525,0.3526586491382649
CYP3A4-Sub,rf,shap,-0.07224555821767557,-0.03179875178635979,0,0.1304746124939038,0.47162935065244893
CYP3A4-Sub,rf,shap,0.16261347446027324,0.025278075351213108,1,0.2218114216451411,0.30728332580183315
CYP3A4-Sub,rf,shap,0.02746386191664048,0.018983622233953706,1,0.16986022751900046,0.5022022913353077
CYP3A4-Sub,rf,shap,0.22559302608103274,0.03227063707010299,1,0.18513529264547746,0.2920881338795934
CYP3A4-Sub,rf,shap,-0.07727346826109723,-0.006343442446558045,0,0.2544556193377775,0.30945686730670646
CYP3A4-Sub,rf,shap,-0.06628901562032925,0.0115361943507154,0,0.18995646305484148,0.3837954427722441
CYP3A4-Sub,rf,shap,0.3333845027445035,0.08603199848414822,1,0.29551366960354025,0.32801944764844077
CYP3A4-Sub,rf,shap,0.36066741651934553,0.03499203328562724,1,0.2732023969441766,0.19163095926970852
CYP3A4-Sub,rf,shap,0.16705746331070612,-0.018191620035370115,1,0.24239153591634338,0.40556760661253044
CYP3A4-Sub,rf,shap,0.13277939493390847,0.032813741013740995,1,0.15158088616666396,0.3911814702036637
CYP3A4-Sub,rf,shap,0.11286040593945253,0.002414118820350882,1,0.12462108915157244,0.34371369047001993
CYP3A4-Sub,rf,shap,-0.03145894434814389,0.028260741828445807,0,0.03242927097280361,0.31159125235581026
CYP3A4-Sub,rf,shap,-0.01923962897867552,-0.012402270201554119,0,0.2435941859770471,0.3856146244597992
CYP3A4-Sub,rf,shap,-0.0511139297625934,-0.004024729181745605,0,0.24083654697066786,0.47909802683630476
CYP3A4-Sub,rf,shap,-0.009702300209220657,0.034831017898571015,0,0.07647398052017725,0.30849873296414676
CYP3A4-Sub,rf,shap,0.20672933844669805,0.03336889345038977,1,0.3795558893729116,0.16030866095933982
CYP3A4-Sub,rf,shap,0.1312242887552674,0.013380707350303389,1,0.23881059838208007,0.2906000399056861
CYP3A4-Sub,rf,shap,0.011126643657738078,-0.03344598887380797,1,0.20204755912412342,0.2339908250844439
CYP3A4-Sub,rf,shap,-0.016439846293582267,0.002981727900986867,0,0.1437202056429433,0.3917143804028894
CYP3A4-Sub,rf,shap,0.14383657151612625,0.056095274030398525,1,0.2690776830641068,0.38415441928959765
CYP3A4-Sub,rf,shap,0.0712619749974524,0.011423547217233524,1,0.15852666005240787,0.2889579332003904
CYP3A4-Sub,rf,shap,-0.03833807098128439,-0.015632145882145825,0,0.2983734868865613,0.4258251278231197
CYP3A4-Sub,rf,shap,-0.05517385843070962,-0.005051594565265456,0,0.21476112055685553,0.5415087310797692
CYP3A4-Sub,rf,shap,0.039887719052727956,0.008637521316843736,1,0.29385885130712275,0.2960094861268377
CYP3A4-Sub,rf,shap,0.07194032010351019,0.0036742605152860763,1,0.17970457596511227,0.3634410721039976
CYP3A4-Sub,rf,shap,-0.038915976188019195,-0.006511415752546064,0,0.25921689213669624,0.2898893217104264
CYP3A4-Sub,rf,shap,0.023764652402588776,-0.005623260884942842,1,0.25123993978093495,0.34753504486643216
CYP3A4-Sub,rf,shap,0.22280745460528942,0.05872307102124034,1,0.24777762300461212,0.24565666703629582
CYP3A4-Sub,rf,shap,0.12624476253534192,-0.010588032806492639,1,0.29637924879762095,0.3611345347904091
CYP3A4-Sub,rf,shap,0.0798153424826216,0.04546991349010219,1,0.1752181274964715,0.31162002346248613
CYP3A4-Sub,rf,shap,0.027975184911277706,-0.018178292435971428,1,0.21481044800075158,0.5053485527755487
CYP3A4-Sub,rf,shap,0.10349700391867751,-0.006609409670113364,1,0.13644793105712555,0.35012361907454503
CYP3A4-Sub,rf,shap,-0.040071930237720266,0.005491687517355366,0,0.1970208576985259,1.930678808850414
CYP3A4-Sub,rf,shap,0.11130696431758406,-0.011987701756592287,1,0.172814001838014,0.4038855262749972
CYP3A4-Sub,rf,shap,0.10018720856145776,0.014981217606127547,1,0.2385968461251972,0.5672283338691554
CYP3A4-Sub,rf,shap,0.13037951000806206,0.02562225996788962,1,0.2596314775580131,0.15463705380852574
CYP3A4-Sub,mlp,ig,0.742589553197225,0.0006618897120157877,1,0.29051484613053424,0.12230231112653796
CYP3A4-Sub,mlp,ig,0.7486848831176758,3.226598103841146e-05,1,0.26214535212717405,0.10409113307490346
CYP3A4-Sub,mlp,ig,0.030473371346791584,-0.00010830163955688477,1,0.19987245719282373,0.13917479480971467
CYP3A4-Sub,mlp,ig,0.013109286626180014,8.463859558105469e-06,1,0.06665233868077072,0.06527020589275806
CYP3A4-Sub,mlp,ig,0.8024549086888632,0.007832964261372885,1,0.3873159379393169,0.12495341509019896
CYP3A4-Sub,mlp,ig,0.03352689743041992,8.823474248250325e-05,1,0.236401880171815,0.07372677357677437
CYP3A4-Sub,mlp,ig,0.0008713603019714355,5.7756900787353516e-05,1,0.1479263117522449,0.15040864761582098
CYP3A4-Sub,mlp,ig,0.05672210454940796,0.0,1,0.17546078711690705,0.05956885397049419
CYP3A4-Sub,mlp,ig,0.6211827794710795,0.0002936124801635742,1,0.20800889759915256,0.11569819631478112
CYP3A4-Sub,mlp,ig,0.10754283269246419,0.10202444593111674,1,0.2860085641098813,0.08057398993109764
CYP3A4-Sub,mlp,ig,-0.002075672149658203,0.06914156675338745,0,0.14635610089438383,0.12437636138344697
CYP3A4-Sub,mlp,ig,0.5044916868209839,6.9141387939453125e-06,1,0.25228132744865855,0.13574719141906816
CYP3A4-Sub,mlp,ig,0.999999980131785,0.0,1,0.0,0.0009871284390853626
CYP3A4-Sub,mlp,ig,0.03220170736312866,-0.0011587142944335938,1,0.2721315173660618,0.07037970540204944
CYP3A4-Sub,mlp,ig,0.6161423325538635,0.001319269339243571,1,0.3027735304494228,0.13513686669181016
CYP3A4-Sub,mlp,ig,0.0015903910001118977,0.15229153633117676,0,0.2072044141005476,0.18023421082838198
CYP3A4-Sub,mlp,ig,0.00879967212677002,1.708666483561198e-06,1,0.243232356124934,0.08170241782316544
CYP3A4-Sub,mlp,ig,0.14807232220967612,-0.0003039638201395671,1,0.14415522195075506,0.08245128781636046
CYP3A4-Sub,mlp,ig,0.05260437726974487,0.0005284746487935384,1,0.15576092404303873,0.10305301781491824
CYP3A4-Sub,mlp,ig,0.03236287832260132,5.125999450683594e-06,1,0.30279936787565537,0.10464487867660889
CYP3A4-Sub,mlp,ig,0.12199183305104573,0.0001548329989115397,1,0.21991760223543635,0.09741672031757619
CYP3A4-Sub,mlp,ig,0.848231037457784,0.054064810276031494,1,0.24271913088567798,0.14827968745816922
CYP3A4-Sub,mlp,ig,0.22770400842030844,-0.020779212315877277,1,0.336364533408692,0.1047650990213058
CYP3A4-Sub,mlp,ig,-0.07154868046442668,0.5124222040176392,0,0.2118093481122703,0.062573451808526
CYP3A4-Sub,mlp,ig,0.22248186667760214,0.0006858905156453451,1,0.29780569804197893,0.15615550736692238
CYP3A4-Sub,mlp,ig,0.6666009624799093,2.8053919474283855e-05,1,0.29647976830486217,0.04149340532172933
CYP3A4-Sub,mlp,ig,0.00024692217508951825,-3.9736429850260414e-08,1,0.10770448567892658,0.028365568457049822
CYP3A4-Sub,mlp,ig,0.13517544666926065,0.321092814207077,0,0.2132292321265965,0.12457862387795066
CYP3A4-Sub,mlp,ig,0.113460640112559,3.178914388020833e-07,1,0.19985131748045162,0.09025515220607534
CYP3A4-Sub,mlp,ig,-0.003321389357248942,0.06142054001490275,0,0.19781955623579964,0.11207137778101708
CYP3A4-Sub,mlp,ig,0.12539555629094443,0.2562815348307292,0,0.15284951587801432,0.12194724837847887
CYP3A4-Sub,mlp,ig,0.0005847414334615072,0.0,1,0.06707395849974762,0.02658844432748723
CYP3A4-Sub,mlp,ig,0.7629666527112325,-0.0703877607981364,1,0.21605960472752786,0.12376956107639502
CYP3A4-Sub,mlp,ig,0.2025736172993978,0.385842223962148,0,0.12409128605270053,0.05981201294823566
CYP3A4-Sub,mlp,ig,0.5937983989715576,-0.02553504705429077,1,0.37103131284200813,2.1927620442843114
CYP3A4-Sub,mlp,ig,0.04976201057434082,1.6768773396809895e-05,1,0.18012444255188564,0.16736681544721815
CYP3A4-Sub,mlp,ig,0.21154304345448813,0.008074283599853516,1,0.32299483976180293,0.14100683412215143
CYP3A4-Sub,mlp,ig,-0.012982606887817383,0.7315894166628519,0,0.21350404838743378,0.12132270880328104
CYP3A4-Sub,mlp,ig,0.2974025209744771,0.13673704862594604,1,0.2517540090678211,0.08016199664438829
CYP3A4-Sub,mlp,ig,0.9287817279497782,-0.02023637294769287,1,0.19081056715598294,0.12289721604081397
CYP3A4-Sub,mlp,ig,0.6797743638356527,0.31363948186238605,1,0.18552446463449243,0.11546856745693825
CYP3A4-Sub,mlp,ig,0.5120013753573099,0.0,1,0.18876941048361,0.06876256517553987
CYP3A4-Sub,mlp,ig,0.002941389878590902,0.09953649838765462,0,0.26034025557628965,0.1151866949239541
CYP3A4-Sub,mlp,ig,0.23246610164642334,-1.629193623860677e-06,1,0.36047437536907373,0.10322926221140856
CYP3A4-Sub,mlp,ig,0.16688019037246704,2.6543935139973957e-05,1,0.1323369483062852,0.09531234864416968
CYP3A4-Sub,mlp,ig,0.20411490400632223,-0.26364394028981525,1,0.29358010442448895,1.8819644832428382
CYP3A4-Sub,mlp,ig,0.03994224468866984,3.9736429850260414e-08,1,0.23694681497962916,0.09379035372219477
CYP3A4-Sub,mlp,ig,0.0011827747027079265,1.2040138244628906e-05,1,0.21941259799543616,0.0888402920082038
CYP3A4-Sub,mlp,ig,0.03299244244893392,-7.152557373046875e-07,1,0.21834034480678458,0.11005057519009767
CYP3A4-Sub,mlp,ig,0.011168797810872396,-8.396307627360026e-05,1,0.3385982963493441,0.10343686775391356
CYP3A4-Sub,mlp,ig,0.07156572739283244,0.00019903977711995444,1,0.2649675037288496,0.07974165391029621
CYP3A4-Sub,mlp,ig,0.00491716464360555,6.755193074544271e-07,1,0.20814160801571074,0.09696373457152316
CYP3A4-Sub,mlp,ig,0.22942825158437094,-0.017213185628255207,1,0.27885864361425056,0.12365547842637635
CYP3A4-Sub,mlp,ig,-0.03682190179824829,0.29395615061124164,0,0.29859843725593277,0.15411843140551132
CYP3A4-Sub,mlp,ig,0.1429467797279358,0.0004970033963521322,1,0.09760205202199233,0.160252384867215
CYP3A4-Sub,mlp,ig,0.022290209929148357,2.3444493611653645e-05,1,0.29917038391844464,0.10038309318241458
CYP3A4-Sub,mlp,ig,0.990696370601654,1.629193623860677e-05,1,0.28204604246857734,0.06084710575375052
CYP3A4-Sub,mlp,ig,0.2861035068829854,0.57689235607783,0,0.27472465541703955,0.09055844366929319
CYP3A4-Sub,mlp,ig,0.05936350425084432,0.0035027464230855307,1,0.33602277472534303,0.14192353671497218
CYP3A4-Sub,mlp,ig,0.08021785815556844,0.004637718200683594,1,0.19742142498612508,0.1458925292519575
HalfLife,rf,shap,0.01792317265538274,0.0015903521820654664,1,0.17953971035320943,0.07199984525711131
HalfLife,rf,shap,0.0858243860929372,0.02637300025983561,1,0.08751321548707792,0.9927474415103692
HalfLife,rf,shap,0.012356080426298785,0.0032385824595852195,1,0.11969646861259614,0.18357961532143305
HalfLife,rf,shap,0.004958430427737711,0.0010232653715583741,1,0.07083922082120435,0.13740489506758494
HalfLife,rf,shap,5.280703689218214,0.02346578056151902,1,0.14332540095772184,0.008884469480163106
HalfLife,rf,shap,0.011645730398212218,0.0036975568408746575,1,0.18974510197359667,0.1423353456051503
HalfLife,rf,shap,0.01394880366017572,0.00028672871354619244,1,0.10044454797136258,0.12136165785402515
HalfLife,rf,shap,0.014128540603502613,0.0110047119950665,1,0.1178838735886816,0.06231474460871223
HalfLife,rf,shap,0.03998367422361476,0.01702839829549133,1,0.1773006914837466,0.4951896503508478
HalfLife,rf,shap,0.005726610449821316,0.0027641182311639733,1,0.09994235459953921,0.15521711609903022
HalfLife,rf,shap,0.051134699674127336,0.0014530837182878224,1,0.00580606021108075,0.10670189017305971
HalfLife,rf,shap,0.03343503388352437,0.004603627392300994,1,0.023354634912796438,0.35850252316154746
HalfLife,rf,shap,0.01801547354347643,0.00185781198936871,1,0.0913786360484459,0.04942845489912967
HalfLife,rf,shap,0.13547897853697344,0.013355930004587672,1,0.05548561293879151,0.053650536200128024
HalfLife,rf,shap,0.0036452923589215306,0.000508655920316575,1,0.06848507926065689,0.14214631017755414
HalfLife,rf,shap,0.0128678326727735,0.013991894931531466,0,0.1743580145330623,0.13229204193066055
HalfLife,rf,shap,2.393934702569861,0.04875060506523002,1,0.07753454508484718,0.5455792936205253
HalfLife,rf,shap,0.005726610449821319,0.0014307011451575927,1,0.16772318841830577,0.15935696845773498
HalfLife,rf,shap,0.12316751007439486,0.04358530089711462,1,0.21326302315231932,0.1388552550851114
HalfLife,rf,shap,0.008054560081497854,0.001366961534154185,1,0.11982392587772558,0.15521715463684355
HalfLife,rf,shap,0.007861512492839435,0.009733109649847922,0,0.016769147094219065,0.14897930740710183
HalfLife,rf,shap,5.416378537735231,0.025996579213996212,1,0.22203584210150515,0.006300191360279098
HalfLife,rf,shap,0.013980161665607638,0.004870795489308401,1,0.06636000836094114,0.35969402735498707
HalfLife,rf,shap,0.015079445062181942,0.02364591958067398,0,0.08154563109207738,0.07587158043990795
HalfLife,rf,shap,0.11237674576392342,0.02273568583734195,1,0.030058182225802466,0.1163760289987109
HalfLife,rf,shap,0.008555083696845068,0.001112920147959904,1,0.0588599999810433,0.13038390725866084
HalfLife,rf,shap,0.007470637475312303,0.0072351507890177115,1,0.12101039442870011,0.10693862260426691
HalfLife,rf,shap,0.015100093891944133,0.0024723755554503677,1,-0.005726766520792849,0.09088522720778602
HalfLife,rf,shap,0.016256331448455758,0.0011086069806016928,1,0.02762474697496711,0.16091606835717734
HalfLife,rf,shap,0.037321330367839,0.06212817259741871,0,0.19483164536539832,0.2159674147474128
HalfLife,rf,shap,0.22346925100262938,0.0368440711645135,1,0.14963541662263236,0.24092224837995657
HalfLife,rf,shap,0.013933271216360303,0.0011447090329932271,1,0.01266995698666898,0.1302192758781167
HalfLife,rf,shap,0.023248484652338582,0.007927600516657609,1,0.02962177324888461,0.16281889938580035
HalfLife,rf,shap,0.038274302516525104,0.037500069374831135,1,0.036303000856476274,0.08472778095559941
HalfLife,rf,shap,0.01475154664744304,0.012127293214980106,1,0.1451045164235148,0.30655180968705636
HalfLife,rf,shap,0.02298798968536725,0.0027399996142412064,1,0.11186107729081392,0.16462714859200506
HalfLife,rf,shap,0.029117665526353188,0.008496685393437732,1,0.1783291600148141,0.09909461495419095
HalfLife,rf,shap,0.052624386707428465,0.010287170747721003,1,-0.03006464319315926,0.1595070583158786
HalfLife,rf,shap,0.10194458282889879,0.05065167214460942,1,0.1645755225942105,0.20997637856301785
HalfLife,rf,shap,0.121641891395925,0.05012256033935291,1,0.09631481510903493,0.5515718404177311
HalfLife,rf,shap,0.0101951087765202,0.0003572302456808275,1,0.02019052298997479,0.3589384682184258
HalfLife,rf,shap,0.013332126338490102,0.001771512576631337,1,0.00893081896909285,0.17057183665165077
HalfLife,rf,shap,0.22209138294046737,0.018697832888625653,1,0.07099193459509215,0.3046680453604037
HalfLife,rf,shap,0.14426518514336448,0.03151447182368411,1,0.03406985559370146,0.18092030357139155
HalfLife,rf,shap,0.04722921018664977,0.012303192268219408,1,0.05112211053028177,0.17456488326279232
HalfLife,rf,shap,0.03488240293619535,0.003358612570300727,1,0.15471902321109,0.12178957337235946
HalfLife,rf,shap,0.042087500836889814,0.0018709265174339628,1,0.09089347613601771,0.18212704449151845
HalfLife,rf,shap,0.16021420118109672,0.010117726069735822,1,0.056086482902973175,0.6582488731044452
HalfLife,rf,shap,0.009150809335591524,0.0028942576783947127,1,0.1380691103326372,0.26840959634875367
HalfLife,rf,shap,0.054008849528524645,0.026259772373631734,1,0.11089721843331433,0.4248713034742442
HalfLife,rf,shap,0.03488240293619535,0.003602181322236686,1,0.08500577279197387,0.2076517952228467
HalfLife,rf,shap,0.36454201878903286,0.013264011947323845,1,-0.03719226490903836,0.38249386197193047
HalfLife,rf,shap,0.012298146037344805,0.0005289073086900105,1,0.06441584454721556,0.12900458666733475
HalfLife,rf,shap,0.11043549394333425,0.01777429945357985,1,0.08674553509295728,0.20864054103184612
HalfLife,rf,shap,0.01636620579536503,0.0004052001120263585,1,0.0334760339575454,0.09296779035024548
HalfLife,rf,shap,0.014486128105979207,0.010194859381606284,1,0.14426635274913824,0.15756295153968763
HalfLife,rf,shap,0.005543640055351007,0.006650754727408528,0,0.22052749990402865,0.13883185830215491
HalfLife,rf,shap,0.08793992913084182,0.018430674303936443,1,0.06187727173666513,0.19149830180823765
HalfLife,rf,shap,0.3977299974625228,0.020682884556784523,1,0.06787833568978725,0.08591140792431892
HalfLife,rf,shap,0.01951419709118014,0.0011318538451345341,1,0.14442082860503247,0.08839549767455575
HalfLife,mlp,ig,0.013370949464539686,0.01447229894498984,0,0.5134734883010175,0.14007415766347295
HalfLife,mlp,ig,7.693804899851481,0.03955048322677612,1,0.0,0.000357383133310455
HalfLife,mlp,ig,0.010424299165606499,0.011446516262367368,0,0.46446804251888524,0.12835178835961042
HalfLife,mlp,ig,0.0073002846135447426,0.0010618909145705402,1,0.2952775557072095,0.09449576201631558
HalfLife,mlp,ig,0.016707601336141426,0.011943499557673931,1,0.42993316411329235,0.08333256142850096
HalfLife,mlp,ig,0.010279131199543675,0.004424252806529694,1,0.356060632860167,0.12857249757265032
HalfLife,mlp,ig,0.012801173143088818,0.00024370587281434078,1,0.18740979022408022,0.33221648065345477
HalfLife,mlp,ig,0.010408897418528795,0.00034608836479795474,1,0.37855657232351236,0.5971851103162221
HalfLife,mlp,ig,0.007648067238430182,0.0037967336053649583,1,0.4049374800846779,0.09893289166187437
HalfLife,mlp,ig,0.05178501829504967,0.007099716463320267,1,0.4181848931437504,0.2186277806158248
HalfLife,mlp,ig,0.007746427319943905,0.009962798096239567,0,0.3817920885449437,0.07193451910250011
HalfLife,mlp,ig,0.0007266075917868875,0.00022700610376584032,1,0.2952640499226192,0.6203888447637621
HalfLife,mlp,ig,0.002306604893722882,0.0005483021074420927,1,0.39859563340746224,0.2234893153793179
HalfLife,mlp,ig,0.054747493316729866,7.762516891792377e-05,1,0.38723080927868164,0.1540686659370296
HalfLife,mlp,ig,0.006312831382577618,0.00028371815763724345,1,0.5508369477662538,0.27093896019667985
HalfLife,mlp,ig,0.02156862438035508,0.008080053065593043,1,0.4812539711406339,0.16824017759294194
HalfLife,mlp,ig,0.006257066658387582,0.0012112077238271013,1,0.4630088305751,0.5986053027760777
HalfLife,mlp,ig,0.010457944357767701,0.005022400699090213,1,0.5358349571264848,0.07821203358676666
HalfLife,mlp,ig,0.07243605330586433,0.07660978784163792,0,0.3972738281416833,0.024523616983915215
HalfLife,mlp,ig,0.01672500278800726,0.011420565424486995,1,0.5034128531972457,0.11307304579319177
HalfLife,mlp,ig,0.02590416061381499,1.0960408379408667e-05,1,0.4269019962847936,1.4027535974383105
HalfLife,mlp,ig,0.0014970099437050521,0.0025305299592825272,0,0.18379904807424702,0.11149596887214694
HalfLife,mlp,ig,0.0054905714156727,0.0038937461019183197,1,0.20872309272373,0.08674428554813396
HalfLife,mlp,ig,0.0019962734077125788,0.0012121696684819956,1,0.2644127274620423,0.22192655117062893
HalfLife,mlp,ig,0.03451990336179733,0.004925017070490867,1,0.4695967174150706,0.24528252252855773
HalfLife,mlp,ig,0.011953619696820775,0.0010843054042197764,1,0.3989321036061701,0.3292582763463982
HalfLife,mlp,ig,0.02306923208137353,0.02000726169596116,1,0.43725388656929665,0.13392180680125298
HalfLife,mlp,ig,0.04863434595366319,0.019246305183817942,1,0.5350269588831654,0.06167718581254193
HalfLife,mlp,ig,0.009984231864412626,0.0019728265469893813,1,0.4106251770212992,0.1979418573826686
HalfLife,mlp,ig,0.0073806716439624625,0.00022042623216596743,1,0.4268115662488407,0.9256933670475549
HalfLife,mlp,ig,0.008815962355583906,0.004818697149554889,1,0.46684036294258446,0.10045191723941198
HalfLife,mlp,ig,0.022694435591499012,0.004621577138702075,1,0.4951643420606858,0.08639781373792124
HalfLife,mlp,ig,0.00583324806454281,0.0024821131179730096,1,0.2626270278559856,0.5087997131380779
HalfLife,mlp,ig,0.054438998301823936,0.0013865358535743628,1,0.17431211521155301,0.20347681299508869
HalfLife,mlp,ig,0.01441496176024278,0.004926340421661735,1,0.3463229621705127,0.08144122162907888
HalfLife,mlp,ig,0.011155626736581326,0.004025809932500124,1,0.4702273788346381,0.17951580791487234
HalfLife,mlp,ig,0.02475864626467228,0.015606061555445194,1,0.5040399913686593,0.045274453343197955
HalfLife,mlp,ig,0.01108793425373733,0.0027480163844302297,1,0.5403053718258961,0.22961734966708913
HalfLife,mlp,ig,0.023389652060965698,0.01124487832809488,1,0.45769753398293195,0.1610717244074956
HalfLife,mlp,ig,0.009091749166448912,0.0003843128815788077,1,0.4450754974711959,0.19821505658996427
HalfLife,mlp,ig,0.044464800506830215,0.006036537466570735,1,0.4741998411282829,0.05844300413353414
HalfLife,mlp,ig,0.1231076568365097,9.730174497235566e-05,1,0.25429102272360105,0.1113221095698337
HalfLife,mlp,ig,0.04328693946202596,0.0033070732630828084,1,0.36930687150318825,0.7641663922279031
HalfLife,mlp,ig,0.040865237514177956,0.005457088351249695,1,0.3535420976380765,0.18316985586355358
HalfLife,mlp,ig,0.01301049425577124,0.0024414853348086276,1,0.4810190879303667,0.09920040200838677
HalfLife,mlp,ig,0.006372297803560893,0.0063639225748678046,1,0.46281505192662953,0.08024019378713207
HalfLife,mlp,ig,0.017868502996861935,0.007553372299298644,1,0.47671778914234775,0.07317208392808834
HalfLife,mlp,ig,0.007874073150257269,0.000757312421531727,1,0.5413752648486634,0.3531226681288592
HalfLife,mlp,ig,0.010478682350367308,0.0003345185001914312,1,0.5724385694065065,0.04267676827118872
HalfLife,mlp,ig,0.1072601502140363,6.153514368634205e-05,1,0.3482237545496004,0.056260626631983585
HalfLife,mlp,ig,0.01595429206887881,0.0015981336085436244,1,0.47452750320660564,0.2196542511582445
HalfLife,mlp,ig,0.0055055430469413595,0.002303502037345121,1,0.37148893652657095,0.22014886053111668
HalfLife,mlp,ig,0.017095248214900494,0.0006164234752456347,1,0.4644234147089345,0.5563383611184178
HalfLife,mlp,ig,0.010198187238226334,0.006601581194748481,1,0.5950384446903951,0.0896744203837731
HalfLife,mlp,ig,0.0027270916616544127,0.00965394964441657,0,0.43919108584597577,0.060185216004398065
HalfLife,mlp,ig,0.04396660501758257,0.012970020063221455,1,0.19799891255095325,0.22546794782980603
HalfLife,mlp,ig,0.013823780386398235,0.0007747869700930702,1,0.449848911511852,0.23589446964020402
HalfLife,mlp,ig,0.0031057674787007272,0.0018100591065982978,1,0.3979303267143803,0.1152608338529177
HalfLife,mlp,ig,0.002470973714177186,0.004745459960152705,0,0.41195167995128346,0.16453052837513346
HalfLife,mlp,ig,0.021301245937744778,0.0120924711227417,1,0.5457358716472748,0.15750729311030784
CL-Hepa,rf,shap,1.1296560354175629,0.09845259395906429,1,0.17921143311094562,0.271949090718603
CL-Hepa,rf,shap,0.9539160739384189,0.21357005664904025,1,0.18744846721468528,0.21553084753438118
CL-Hepa,rf,shap,2.566638766532084,0.6032056484490451,1,0.06486378042675324,0.228280381128766
CL-Hepa,rf,shap,2.9452242886214965,0.35772782695546673,1,0.15797779810298818,0.5047509030858255
CL-Hepa,rf,shap,0.16746450487623935,0.015727903225201345,1,0.3400371013293729,0.39227330311574354
CL-Hepa,rf,shap,0.10887749946139753,0.04344953223322121,1,0.20149517984635312,0.36309549830582755
CL-Hepa,rf,shap,0.4856863230264845,0.1286315124492652,1,0.2810605244574066,0.22050195287841767
CL-Hepa,rf,shap,1.5754339592351032,0.505729303739083,1,0.254362549677528,0.5882805018290337
CL-Hepa,rf,shap,2.1456834808082723,0.4099438361636692,1,0.1759219052667356,0.2599203222049764
CL-Hepa,rf,shap,1.858885446731124,0.11230465644187583,1,0.03234849207842253,0.0526564365284446
CL-Hepa,rf,shap,0.24327662875274192,0.09131757052376072,1,0.2592836269506285,1.5503818353132632
CL-Hepa,rf,shap,3.015770185256988,0.28846748190211535,1,0.08607744686718648,0.40342600223448305
CL-Hepa,rf,shap,1.532337318500029,0.060670366319533355,1,0.3544115333927617,0.19135664583169132
CL-Hepa,rf,shap,0.8743644777064601,0.09974102760196324,1,0.18032262516258737,0.5686932472846564
CL-Hepa,rf,shap,0.9075999158463274,0.052610591309013015,1,0.15481160552878068,0.19353966249734583
CL-Hepa,rf,shap,0.42640682282090614,0.1215586638346912,1,0.21388273944108227,0.1866297932296629
CL-Hepa,rf,shap,1.9001942505532394,0.44693378189957533,1,0.1528059391142159,0.2995540507948992
CL-Hepa,rf,shap,0.6252057401149919,0.03657943083156986,1,0.2113161912034108,0.2660694915812505
CL-Hepa,rf,shap,2.824171349910453,1.536094618434756,1,0.1716368856003624,0.5892572132114662
CL-Hepa,rf,shap,0.9382656847458234,0.08422342516939503,1,0.2087584526278824,0.25819135726588205
CL-Hepa,rf,shap,1.5754339592351032,0.20370027913958735,1,0.11685135866524353,0.4180673676387096
CL-Hepa,rf,shap,0.3127861589930649,0.05545058490176679,1,0.16924476867312305,0.24757577248149293
CL-Hepa,rf,shap,1.3037495040107405,0.4087078489300455,1,0.1500467529310167,0.21113328055895325
CL-Hepa,rf,shap,0.8861278172179116,0.15907969142547745,1,0.23670857405369128,0.2852374606197661
CL-Hepa,rf,shap,1.041857264008698,0.1691074674481321,1,0.14041191910058182,0.4049678651842842
CL-Hepa,rf,shap,2.576631381114503,0.7183344866558996,1,0.09307173129794835,0.13380350167582367
CL-Hepa,rf,shap,0.4898822982801044,0.007081740218442355,1,0.20186401103474158,1.3286497650968403
CL-Hepa,rf,shap,3.0315740325284373,1.331059260915864,1,0.13078354568905187,0.3285532473480333
CL-Hepa,rf,shap,2.6212660557086758,0.06291552592133781,1,0.13837806176715933,0.07319436362948742
CL-Hepa,rf,shap,2.2134200166689335,0.7024408535623974,1,0.03275784771266899,0.24387638694178382
CL-Hepa,rf,shap,0.7807310606882615,0.3153434609849745,1,-0.0032495907091616024,1.1036068130992878
CL-Hepa,rf,shap,0.5525832314468798,0.021057549514392603,1,0.20530976355428815,0.4687835691646356
CL-Hepa,rf,shap,1.5188721464815031,0.11863640134326937,1,0.2879943158747863,0.3724676673687108
CL-Hepa,rf,shap,0.1512923704806163,0.015902440674673432,1,0.25213722902019686,0.1873525483806178
CL-Hepa,rf,shap,0.8906984437115916,0.047269039249105915,1,0.15530377198717168,0.3506227133678791
CL-Hepa,rf,shap,2.958994374553939,0.06411477529763807,1,0.22341009539337206,0.314241965965671
CL-Hepa,rf,shap,0.6788671110517305,0.054609010379040764,1,0.2930586969854135,0.19661565752902047
CL-Hepa,rf,shap,0.961294331336668,0.062345610561297476,1,0.12005690106368994,0.528141881333904
CL-Hepa,rf,shap,0.21797046886457946,0.12252225925344669,1,0.2077465161030522,0.2149647138841609
CL-Hepa,rf,shap,1.307881759594209,0.939478678823293,1,0.02368448301615036,0.5605160173834238
CL-Hepa,rf,shap,1.4097400401554963,0.02979476438833183,1,0.06877409579664262,0.7384649653458698
CL-Hepa,rf,shap,1.9702524938094796,0.24471553441854907,1,0.11965341853753884,0.21837568937798155
CL-Hepa,rf,shap,0.044437903981350474,0.019650499386260793,1,0.0545271101789231,0.7277254489742147
CL-Hepa,rf,shap,1.0393460796978964,0.20567159158913942,1,0.2654903275858029,0.2812796250018108
CL-Hepa,rf,shap,1.1831052496849266,0.024768672462884275,1,0.07490562064819642,0.3167710967461712
CL-Hepa,rf,shap,2.2134200166689335,0.21927460407206142,1,0.24653487120803483,0.3258504210160954
CL-Hepa,rf,shap,0.4789390578550712,0.06489659496317862,1,0.18182437890257042,0.44100348071498907
CL-Hepa,rf,shap,1.4141155574063073,0.14745267705126,1,0.29072942231479454,0.47932637851572507
CL-Hepa,rf,shap,0.5284415556601391,0.026578050372913217,1,0.08081044352726939,1.5285075520763962
CL-Hepa,rf,shap,1.7531461418139855,0.055946570672090135,1,0.1532141201268433,0.14621237264279335
CL-Hepa,rf,shap,0.5381764275843008,0.050970025191711184,1,0.13828526665925267,0.22095678880819258
CL-Hepa,rf,shap,0.18014314396944453,0.03413969203360118,1,0.17695733422394722,0.3949129504623344
CL-Hepa,rf,shap,2.665927890219996,0.11379765052171498,1,0.19342846587737886,0.10338250828409044
CL-Hepa,rf,shap,0.09074739634822003,0.009635139148472938,1,0.1980864279078073,0.6491528522589007
CL-Hepa,rf,shap,0.303206082338686,0.06363004808671864,1,0.16682857200269274,0.4365152300694061
CL-Hepa,rf,shap,0.4667513003695534,0.048321555543610145,1,0.20978448461214141,0.16144879753575786
CL-Hepa,rf,shap,0.8624056752030377,0.034160700914921786,1,0.10567307202734856,0.5422794259823412
CL-Hepa,rf,shap,0.6788671110517305,0.09574577251907561,1,0.014248747550148136,0.188321698107377
CL-Hepa,rf,shap,0.09606037236973074,0.08908759892854756,1,0.16188458960802038,0.6865710824972454
CL-Hepa,rf,shap,2.347580109439257,0.046213943346705054,1,0.1336026375748237,0.19496230844062526
CL-Hepa,mlp,ig,0.6648303667704264,0.17563206950823465,1,0.40625569136586376,0.08352143695066619
CL-Hepa,mlp,ig,0.4417123297850291,0.07486527226865292,1,0.31958488208969693,0.10509020445283637
CL-Hepa,mlp,ig,0.22966158048560223,0.07889456798632939,1,0.35485549586828424,0.09986479197067574
CL-Hepa,mlp,ig,1.5008084774017334,0.2550182069341342,1,0.43696919620469354,0.07357537174346723
CL-Hepa,mlp,ig,0.19725698481003442,0.031035445009668667,1,0.43746718955274955,0.07708355993249186
CL-Hepa,mlp,ig,0.3608516901731491,0.04860838155339783,1,0.31731220018288486,0.07199501103618161
CL-Hepa,mlp,ig,0.43801415463288623,0.19658579180637994,1,0.286335604518667,0.06293829094619333
CL-Hepa,mlp,ig,0.20424694009125233,0.2805815190076828,0,0.3555320151335678,0.10431579811379939
CL-Hepa,mlp,ig,1.0241028269131978,0.35054441293080646,1,0.44860391815243533,0.06180869628090913
CL-Hepa,mlp,ig,0.20141583681106567,0.0709153488278389,1,0.20375092462430855,0.0808093059018436
CL-Hepa,mlp,ig,0.23670510947704315,0.1723408723870913,1,0.45520233001417704,0.06981222445176948
CL-Hepa,mlp,ig,1.198517918586731,0.14511808132131895,1,0.5730141667204292,0.11053684470463093
CL-Hepa,mlp,ig,0.16744901984930038,0.49456723282734555,0,0.15274771439003776,0.04636716725424739
CL-Hepa,mlp,ig,0.8766137560208639,0.23471118013064066,1,0.49893060912142256,0.07483373901838004
CL-Hepa,mlp,ig,0.8026077349980673,0.10848418623209,1,0.4051810123246581,0.06568099861802663
CL-Hepa,mlp,ig,2.454371690750122,0.5260955591996511,1,0.5103374756221765,0.03460802132179647
CL-Hepa,mlp,ig,0.1867783833295107,0.1131810521086057,1,0.21089900838909315,0.027985416432692194
CL-Hepa,mlp,ig,0.09229447816809018,0.05080096609890461,1,0.3781754438061414,0.1186158420324912
CL-Hepa,mlp,ig,0.8572796682516733,0.22061420480410257,1,0.5476611374488812,0.13225340674050418
CL-Hepa,mlp,ig,0.26976833244164783,0.1112598218023777,1,0.4422509794268816,0.054598084693811666
CL-Hepa,mlp,ig,0.2783779750267665,0.20554873843987784,1,0.23930811948055067,0.06976830934724731
CL-Hepa,mlp,ig,0.5130583842595419,0.11360756307840347,1,0.2355062221511705,0.0890463259708867
CL-Hepa,mlp,ig,0.19725698481003442,0.023420315546294052,1,0.41157388447906534,0.09477082017985435
CL-Hepa,mlp,ig,1.9958391189575195,0.3300689879494409,1,0.25943926567319087,0.053603845818198666
CL-Hepa,mlp,ig,0.16492284522852665,0.2267573649684588,0,0.4233871323440348,0.04742027428891593
CL-Hepa,mlp,ig,1.2861844499905903,0.3618857612212499,1,0.47229266305088113,0.12102709553281187
CL-Hepa,mlp,ig,0.4007777273654938,0.14936257153749466,1,0.267495247688087,0.09068053905102605
CL-Hepa,mlp,ig,0.3549153506755829,0.16999855389197668,1,0.31818956110504953,0.08722284702841503
CL-Hepa,mlp,ig,0.11783226455251376,0.03344160442550977,1,0.40472882496852236,0.1270856938067282
CL-Hepa,mlp,ig,1.4053704738616943,0.232926016052564,1,0.4920890731487196,0.07930783227984653
CL-Hepa,mlp,ig,0.14610105069975057,0.13223261137803397,1,0.21685026380088476,0.07331155517378984
CL-Hepa,mlp,ig,0.31942375004291534,0.03180724165091912,1,0.5056758350598317,0.09307642420166837
CL-Hepa,mlp,ig,0.4387218157450358,0.02194210048764944,1,0.4184353871661951,0.08920770402100457
CL-Hepa,mlp,ig,1.6753907998402913,0.36797376225392026,1,0.3914356912107451,0.06145087647200921
CL-Hepa,mlp,ig,0.7584872245788574,0.12192746500174205,1,0.4685612364783013,0.06364174207043344
CL-Hepa,mlp,ig,0.5837366978327433,0.11820329477389653,1,0.5623554647543727,0.07641551805027612
CL-Hepa,mlp,ig,1.557349960009257,0.5054622441530228,1,0.43169328554557224,0.06373161427340121
CL-Hepa,mlp,ig,0.5689156452814738,0.06380916899070144,1,0.49973280123633346,0.1480806393876588
CL-Hepa,mlp,ig,0.17038588194797435,0.05227590724825859,1,0.33903246194137354,0.10060676107115596
CL-Hepa,mlp,ig,0.1656757046778997,0.04510346272339424,1,0.4604242130930848,0.11654486273145367
CL-Hepa,mlp,ig,0.32834858012696105,0.26047372321287793,1,0.22986034001884717,0.06742180884208487
CL-Hepa,mlp,ig,0.13327334821224213,0.11038532728950183,1,0.3740810928360397,0.09186977898943063
CL-Hepa,mlp,ig,1.1170705358187358,0.06587775548299153,1,0.35704596189216253,0.12233803502401489
CL-Hepa,mlp,ig,0.43344996372858685,0.19750994692246118,1,0.2898838071235659,0.10592946676484008
CL-Hepa,mlp,ig,0.9691505034764608,0.12638481333851814,1,0.49449330046822565,0.06404383014488198
CL-Hepa,mlp,ig,0.8494983514149984,0.2104475498199463,1,0.22868465289289427,0.08130405204523215
CL-Hepa,mlp,ig,0.2123282216489315,0.15420943995316824,1,0.4310226388433553,0.08979107844473444
CL-Hepa,mlp,ig,1.3660914897918701,0.13182547315955162,1,0.5014487641644226,0.080557718413937
CL-Hepa,mlp,ig,0.16744901984930038,0.19278478622436523,0,0.14835033916569437,0.03248980030368251
CL-Hepa,mlp,ig,0.1656082272529602,0.06912425408760707,1,0.28363774904582606,0.05289757635692137
CL-Hepa,mlp,ig,0.6420258184274038,0.13080444931983948,1,0.27586717359597146,0.08060552574077304
CL-Hepa,mlp,ig,0.3314698860049248,0.09685034925738971,1,0.4344710078761203,0.08948675166192141
CL-Hepa,mlp,ig,0.776660273472468,0.23646273960669836,1,0.5042699434616643,0.07123934333053493
CL-Hepa,mlp,ig,0.20246064166227976,0.05361287606259187,1,0.2574390706926736,0.069538351821583
CL-Hepa,mlp,ig,1.1856451431910198,0.34714796642462414,1,0.5281947653953913,0.10655602745311957
CL-Hepa,mlp,ig,0.20131524900595346,0.02301900244007508,1,0.242702460933102,0.07424170486638622
CL-Hepa,mlp,ig,0.38221846024195355,0.029630888253450394,1,0.4035331711281427,0.0964277668299722
CL-Hepa,mlp,ig,1.7095948855082195,0.3033024917046229,1,0.46629325262194254,0.08382346429860371
CL-Hepa,mlp,ig,1.1340314348538716,0.3492239663998286,1,0.30929380257161565,0.1071031593204191
CL-Hepa,mlp,ig,0.15055409694711366,0.06611692408720653,1,0.44436980018134614,0.08867808615369942
