cell,faith,faithful,consensus,stability,conf,margin,knn_dist,attr_l2,attr_entropy
DILI-rf,0.1563148375648374,1,0.3854650360387616,0.37454347443294916,0.721058201058201,0.442116402116402,10.35079777932057,0.08884925677110367,4.262426669072987
DILI-rf,0.019219544219544266,1,0.3124830811670812,0.3725152937121738,0.5410606060606061,0.08212121212121226,10.043667729007566,0.08319596773402389,4.244149289037445
DILI-rf,0.2002859231411862,1,0.4357289137922979,0.2766171625557475,0.7733333333333333,0.5466666666666666,13.44170725272617,0.08020720775289189,4.271798364782106
DILI-rf,0.07839822790525393,1,0.352829014329594,2.01472867506916,0.5646385357113513,0.12927707142270256,7.939292281679539,0.07285830162720178,4.395800803410571
DILI-rf,0.02541493296347665,1,0.38031961413654425,1.9966828885903332,0.513978978978979,0.02795795795795808,24.97035870409434,0.08024224872727201,4.2739187889544095
DILI-rf,0.08719927719927724,1,0.36430726318838647,0.13881081024371425,0.5954166666666667,0.19083333333333335,12.674304418709621,0.10165327626306363,4.162561568339801
DILI-rf,0.2866370049703382,1,0.3446874793772612,0.2935459189529152,0.8965765765765765,0.793153153153153,11.650083585002799,0.08852259074144811,4.2623243172443495
DILI-rf,0.32120099807599806,1,0.4351258153794267,0.4581883507369656,0.88,0.76,14.683240196915994,0.08689584771597404,4.212621522230631
DILI-rf,0.1423879021526294,1,0.3649450089297478,0.41704150112494554,0.6192189768779993,0.23843795375599863,7.407299223760054,0.08323112756245021,4.3175346629497104
DILI-rf,0.29726827335833467,1,0.4295317399354046,0.308388395240251,0.8696717171717171,0.7393434343434342,5.928147565910779,0.0977252257704947,4.221125398071463
DILI-rf,0.26866436421290785,1,0.407503673172785,0.35688757921477693,0.8290303131689183,0.6580606263378365,10.680031160991572,0.07340236239101344,4.305211374626738
DILI-rf,0.13865818285071166,1,0.38555370970998215,0.23247842005106045,0.628510101010101,0.257020202020202,8.03976631545766,0.08471530081104713,4.2650783200211615
DILI-rf,-0.013763327721661186,0,0.4671763559613961,0.15466836472684672,0.5812936507936507,0.16258730158730145,17.077085601888903,0.08376253040640312,4.330039134693367
DILI-rf,0.07394180146607328,1,0.43815481402946516,0.1826174933192436,0.6754953796217934,0.3509907592435868,16.565609858642755,0.0701762878154805,4.394527823887948
DILI-rf,0.38551260351260347,1,0.3986216249793318,0.21071822987763272,0.8722811447811447,0.7445622895622894,6.539676696734178,0.08690544419403018,4.210165902643977
DILI-rf,0.20753784628784636,1,0.4024269586846922,0.19153059773778808,0.8066666666666666,0.6133333333333333,11.190780037996031,0.08557262498371944,4.174752241046806
DILI-rf,0.11772328741304783,1,0.4148612389126709,0.41813481655766754,0.7714820813230588,0.5429641626461178,7.018713316406005,0.08514911154199611,4.306569848039077
DILI-rf,0.2685444047944048,1,0.3625719605495994,0.3631634431775343,0.77,0.54,10.978016046813385,0.08620162896180995,4.226165226299122
DILI-rf,0.25342489711934163,1,0.3751113572487601,0.21284967683649977,0.8747305220463116,0.7494610440926232,8.702719474351673,0.07705277568297442,4.357583044195235
DILI-rf,0.2893678496448462,1,0.4225182985089972,0.5365085550180068,0.8567947330447332,0.7135894660894663,7.709093482258041,0.08968980039950128,4.25933358410715
DILI-rf,0.036366008866008936,0,0.35975260759906924,0.14833987647430688,0.5633333333333334,0.1266666666666667,30.20514873045795,0.06636690677353242,4.459699039375852
DILI-rf,0.08655269445625356,1,0.3832129596869009,0.6359899796123083,0.600354377104377,0.20070875420875411,9.86136226078483,0.06610980913190843,4.464892981426146
DILI-rf,0.1560623123123123,1,0.42303742119349386,0.2947645639746334,0.6690386002886003,0.3380772005772006,27.348892054687497,0.07332597555134039,4.3563222413479075
DILI-rf,-0.01565485051011371,1,0.40559924459153746,0.5176257381585079,0.5463600288600288,0.09272005772005765,9.03637510509014,0.08286118714136836,4.329006856863412
DILI-rf,0.293606469422259,1,0.40779024768639854,0.36030232104156296,0.8501280663780664,0.7002561327561327,8.080223093101955,0.09499371210999721,4.173223345204562
DILI-rf,0.20714814814814816,1,0.35186065086043666,0.2657165849891034,0.7266666666666667,0.45333333333333337,10.857170747438632,0.08146574299120059,4.235480071888208
DILI-rf,0.030931608393945226,0,0.3809039207780309,0.2114139122661106,0.6064206450592501,0.21284129011850017,19.081018603677162,0.0862030070157538,4.326246725116075
DILI-rf,0.1731819808555246,1,0.39597081072840634,0.35124684856969485,0.8268549056185107,0.6537098112370213,7.576595980768926,0.06416989291238553,4.40532664605956
DILI-rf,0.389019094484305,1,0.4957404357086857,0.3883521340906318,0.9350583114052499,0.8701166228104996,5.4627339440450715,0.0818370152226881,4.26312718895046
DILI-rf,0.12452304086104411,1,0.28969453490624525,0.25447228207341127,0.6435374129645974,0.2870748259291948,8.326447608551216,0.09827402343888136,4.146816881542625
DILI-rf,0.040042627459103385,1,0.40188845698595527,1.9752631179555762,0.521551724137931,0.043103448275862044,7.997265062659399,0.0775285434918073,4.285210339750383
DILI-rf,0.08743463739697425,1,0.3313482579085478,0.4665464017365242,0.6630323093551249,0.3260646187102498,15.588883676816971,0.08685386494770889,4.302132395097646
DILI-rf,0.18772815921091332,1,0.39400178543302455,0.31087790249526737,0.7719766562994719,0.5439533125989438,8.665906297267687,0.07469672195781621,4.33475936204026
DILI-rf,0.27360967148920656,1,0.3503408663497156,0.4539567980685079,0.8157828282828283,0.6315656565656567,7.629479071526987,0.08799709636609256,4.291801490468439
DILI-rf,0.23229278872720197,1,0.4425691185762544,0.562713820602096,0.8191496360974516,0.6382992721949032,8.890587511351374,0.07171426395994653,4.348428650196642
DILI-rf,0.29316019326248205,1,0.3818687607900537,0.24261866599806498,0.8029654654654654,0.6059309309309309,9.390298552619054,0.09114527620435374,4.104103300732528
DILI-rf,-0.10023963488437171,0,0.31949710983634433,1.980145562940406,0.5034523809523809,0.0069047619047618025,8.86321106052924,0.09346934446242093,4.169812409932501
DILI-rf,0.21659030784030783,1,0.43312625345554523,0.23602721557575942,0.75,0.5,18.326897687700402,0.08586926238565827,4.190902626500111
DILI-rf,0.15013510425309232,1,0.3948885221452305,0.4199993253007759,0.781248166163373,0.562496332326746,15.379018740508695,0.06808712735312769,4.373765221597207
DILI-rf,0.2220609757057126,1,0.4276261368684455,0.3090813147686703,0.692723063973064,0.38544612794612804,10.172084110316401,0.07641769479851183,4.2761125232635155
DILI-rf,0.24364889456556135,1,0.2825730407943771,0.39145662657828356,0.706055091141298,0.4121101822825961,6.709471574894964,0.07483472823829969,4.324384508549734
DILI-rf,0.06994458744458742,1,0.37590648407546656,0.2860600637398742,0.6003777030619135,0.20075540612382708,11.336982137977536,0.07749930725505591,4.322563816141632
DILI-rf,0.29632001048667717,1,0.5036723249615103,0.35625348020383757,0.9238773474431368,0.8477546948862736,7.087836650673607,0.07441979233459795,4.358378920869069
DILI-rf,0.2215551948051948,1,0.3887858943881155,0.21660773953963394,0.7933333333333333,0.5866666666666667,12.342963877138397,0.08489092503572397,4.243928109602059
DILI-rf,0.11807566540680574,1,0.3343725586157401,1.9526948184471296,0.5431005456867526,0.08620109137350518,11.353417305755968,0.08183335698315111,4.283654737832011
DILI-rf,0.14032115326194275,1,0.33719308605198184,0.30297724993242103,0.6236708981708982,0.24734179634179626,9.198298942332787,0.09236024454035853,4.212391303014778
DILI-rf,0.21902737910019465,1,0.4219193107961164,0.5495458085293686,0.8153700598419983,0.6307401196839965,23.5982662331843,0.07919554061777424,4.304102653511811
DILI-rf,0.1399377693067306,1,0.4450995480417479,0.5509756733608829,0.6440485209235209,0.2880970418470419,9.100280500763086,0.07733602433873642,4.319395099924526
DILI-rf,0.268870502227645,1,0.30670050076635835,0.31082496599945586,0.7188797842369271,0.43775956847385417,7.227797149966025,0.07931566357557641,4.233878649367335
DILI-rf,0.23430014430014426,1,0.33858485162014607,0.3150545115106338,0.7966666666666666,0.5933333333333333,16.206728763018525,0.0842195962837732,4.2732163996379935
DILI-rf,0.23586496766170095,1,0.38776644079050654,0.3351377805618593,0.8333333333333334,0.6666666666666667,12.035901855931566,0.09136226421153783,4.151064926256751
DILI-rf,0.06370193245193245,1,0.4450737093560943,0.48345468156586846,0.6243888888888889,0.24877777777777776,13.717526027003832,0.07769906977028375,4.304662769413512
DILI-rf,0.22207802462656823,1,0.3845189877981234,0.21281388332423673,0.8317434129682248,0.6634868259364497,8.622887881383594,0.08739899327858747,4.254047134989159
DILI-rf,0.18424369174369182,1,0.337455583608509,0.17794442218196665,0.6902525252525252,0.3805050505050505,13.65732846077708,0.0877561461392236,4.187898299818887
DILI-rf,0.2536143099761368,1,0.4068858936885197,0.45779588499294693,0.8649996584296167,0.7299993168592335,6.647055708189105,0.08063746144347146,4.306834750068736
DILI-rf,0.24709717604045653,1,0.40324498798277353,0.41334556799334243,0.7487519088247244,0.4975038176494488,13.526542577561864,0.08424462776238177,4.284398972493596
DILI-rf,0.09803553878553872,1,0.4130877654882591,0.12195905370451937,0.6407436433298502,0.2814872866597005,25.08349681941784,0.08412433302201078,4.34489731256848
DILI-rf,0.2924588170421504,1,0.451051841627787,0.4162583662698628,0.8733754208754209,0.7467508417508417,6.848501242934885,0.09219591959737782,4.1639711307876714
DILI-rf,0.0680690334925772,1,0.3088104643471238,0.44672161181429443,0.7365931036333105,0.47318620726662103,7.2361935606097685,0.06209461606702334,4.404189929949348
DILI-rf,0.31311395897171307,1,0.4280454282674621,0.29921113139188804,0.8836043018021175,0.7672086036042348,7.931967564721023,0.0767782119519857,4.332420496969126
DILI-mlp,-0.002873500188191732,0,0.42556847147364446,0.05898932800848016,0.9926683902740479,0.9853367805480957,12.674304418709621,4.744359137717328,4.470607064994888
DILI-mlp,0.1508932113647461,1,0.4234733304623853,0.12418720817063678,0.9982757568359375,0.996551513671875,9.100280500763086,3.227667804596229,4.6711317300642525
DILI-mlp,0.7062272230784098,1,0.393441410092475,0.06948817956480494,0.9992184638977051,0.9984369277954102,8.56951048402998,4.644197706216373,4.555631726155047
DILI-mlp,0.7511393825213114,1,0.38225166594714,0.06837369120565034,0.9999388456344604,0.9998776316642761,10.043667729007566,4.39631136407458,4.362298630189677
DILI-mlp,0.19641206661860147,1,0.4249613033666821,0.07381029419624989,0.9520151019096375,0.9040302038192749,11.336982137977536,4.595771955679603,4.350155530545166
DILI-mlp,-0.08411478996276855,0,0.3153516055736087,0.05430686826047285,0.9154228568077087,0.8308457136154175,16.565609858642755,5.995497659876888,4.151311706738577
DILI-mlp,0.5816186467806498,1,0.2686020101502934,0.0957362686291036,0.9996738433837891,0.9993476867675781,10.367503860477063,3.705008770546009,4.588920277441565
DILI-mlp,0.009796500205993652,1,0.4489802629867902,2.143149571172046,0.515256941318512,0.0305139422416687,7.407299223760054,2.2898476171804094,4.844783820961187
DILI-mlp,0.7644704381624857,1,0.44285925684851507,0.0825415397150168,0.9946651458740234,0.9893302917480469,23.5982662331843,5.03656704860759,4.320799526829063
DILI-mlp,0.058758934338887535,1,0.4270998974146098,0.18013647323829313,0.9999656677246094,0.999931275844574,5.928147565910779,2.19549037324436,4.704534701454293
DILI-mlp,0.06527459621429443,1,0.45841309516304235,0.08679261223251111,0.9503230452537537,0.9006461501121521,8.080223093101955,3.5133930578148234,4.54979542780922
DILI-mlp,0.19157467285792032,1,0.4810767898016522,0.1611401021264683,0.9812590479850769,0.9625181555747986,9.03637510509014,2.1094040492273587,4.773478227540091
DILI-mlp,0.8353094061215719,1,0.25347565576407227,0.08145840666615767,0.8396841883659363,0.6793684363365173,7.293323288588096,2.8148052750960972,4.6598530718739415
DILI-mlp,0.21921565135320029,1,0.3541187607202824,0.08511891320641425,0.9999998807907104,0.9999997615814209,8.45675628386652,4.27081239710339,4.462531567091803
DILI-mlp,0.09447091817855835,1,0.4066675749292469,0.09138261173218169,0.9999923706054688,0.9999846816062927,7.293029354485393,3.7548555283992693,4.5844641627471
DILI-mlp,0.7719677090644836,1,0.3638404968700602,0.11880064174132185,0.9968157410621643,0.9936314821243286,7.629479071526987,3.572482924798252,4.743194575748417
DILI-mlp,-0.013672053813934326,1,0.29439197461624167,0.09643842262123584,0.8318379521369934,0.663675844669342,7.811443406682791,2.7544952906650515,4.756680441416615
DILI-mlp,-0.08092673619588216,0,0.46643781406995605,0.1418216039482261,0.7101345658302307,0.4202691316604614,8.415080474108702,2.2426629744559667,4.740725169165124
DILI-mlp,0.1459075609842936,1,0.2014106969904435,0.07582744195921368,0.9999986886978149,0.9999973773956299,11.190780037996031,3.7312075555570843,4.371745535519251
DILI-mlp,0.20059063037236533,1,0.24969759038670636,0.08174754957003819,0.9999996423721313,0.9999992251396179,12.342963877138397,3.8461182026442096,4.55336963870071
DILI-mlp,0.2739529013633728,1,0.4259654208356431,0.09715438990907026,0.9686351418495178,0.9372702836990356,10.172084110316401,2.969388957822315,4.595468590142388
DILI-mlp,0.085944930712382,1,0.47151594732818736,0.15381157425597292,0.9999284744262695,0.9998569488525391,6.848501242934885,2.3636034396744665,4.701831161313535
DILI-mlp,0.01060938835144043,1,0.2889027991192543,0.12410198409583593,0.99997878074646,0.9999576210975647,7.931967564721023,1.3043542234907002,4.814019394619779
DILI-mlp,0.5684647162755331,1,0.19760327145316645,0.03368493187404812,1.0,1.0,18.326897687700402,5.624524950409677,4.249545219670592
DILI-mlp,0.0216826597849528,0,0.374342038867078,0.0565908065083583,0.9999698400497437,0.9999396800994873,25.08349681941784,6.461834934257525,4.105024683719929
DILI-mlp,0.29102224111557007,1,0.3976222968638218,1.9073083828239374,0.6109116673469543,0.22182339429855347,8.86321106052924,3.67087916557216,4.650201127957741
DILI-mlp,0.7095673282941183,1,0.1361841657318474,0.03738356951214939,0.99869304895401,0.99738609790802,24.97035870409434,8.014730511132344,4.470439670832899
DILI-mlp,0.24406562248865762,1,0.37515355368702197,0.09524292326015016,0.9848815202713013,0.9697630405426025,15.238601877461795,3.4462616990877653,4.509760150059717
DILI-mlp,0.14479498068491617,1,0.3215043206845879,0.08019992780909406,1.0,1.0,9.536720807701098,3.6073316924540135,4.378300018727387
DILI-mlp,0.23332498470942178,1,0.4010069360983784,0.08668771862211162,0.9915818572044373,0.9831636548042297,7.543558755658043,3.544353562251719,4.611491869803462
DILI-mlp,0.8079594572385153,1,0.3883456607382969,0.11898370224219032,0.984060525894165,0.9681210517883301,10.35079777932057,3.49072686449502,4.349651022009746
DILI-mlp,0.11967792113622029,1,0.44161790928747185,0.1335604186410958,0.9979557991027832,0.9959116578102112,7.018713316406005,2.7074605231498587,4.787842217327173
DILI-mlp,0.02063971757888794,1,0.42170232561654514,0.20358856416993285,0.9998811483383179,0.999762237071991,8.622887881383594,2.848100642279562,4.578918503787648
DILI-mlp,0.023559073607126873,1,0.4116646741461234,0.061082237001065465,0.9919643402099609,0.9839286804199219,11.650083585002799,6.256436678154938,4.383353276145206
DILI-mlp,0.19446835915247598,1,0.3889998051011172,0.14369576764024003,0.999862551689148,0.9997251033782959,5.873586541952241,2.2020152373023447,4.848603000295552
DILI-mlp,0.01658576726913452,0,0.4764179196269519,0.11248922709909191,0.9956648945808411,0.9913298487663269,9.835862343429435,2.079832030670779,4.586873621921594
DILI-mlp,0.47582298517227173,1,0.3700049560450039,0.03489462538235359,1.0,0.9999999403953552,14.683240196915994,5.0765331980407495,4.0084491921311525
DILI-mlp,0.20043261845906576,1,0.4849417612523551,0.10696400551653905,0.9511169195175171,0.9022338390350342,5.820535424061854,3.754916331051399,4.6942266147042595
DILI-mlp,0.16081027189890543,0,0.4178608422937712,0.11449783639201316,0.9872828722000122,0.9745658040046692,7.280842571022555,3.532682633372923,4.698747185955942
DILI-mlp,0.1377026637395223,1,0.3764500983486981,0.23676716210324977,0.99985671043396,0.9997134208679199,6.007619593992028,2.1039771096868396,4.815008603897474
DILI-mlp,0.09173917770385742,1,0.3934120499325638,0.08416614870473021,1.0,1.0,7.237372467448357,2.525902812817484,4.506267102846013
DILI-mlp,-0.0522308349609375,0,0.4157574804377368,0.1039192120140265,0.890741765499115,0.78148353099823,7.576595980768926,2.1634064658047274,4.728957192164604
DILI-mlp,0.19104629755020142,1,0.3454398974505484,0.20196072629208847,0.9997968077659607,0.9995935559272766,7.227797149966025,1.9357551577798626,4.814586831320689
DILI-mlp,0.01715618371963501,1,0.3337862627786174,0.07594133071189622,0.9999055862426758,0.9998112320899963,8.702719474351673,2.238931935318885,4.585113123892154
DILI-mlp,0.01222232977549235,0,0.20901497840742966,0.02976488581580913,0.9996609687805176,0.9993218779563904,27.348892054687497,7.531540493437734,3.941708145390849
DILI-mlp,0.8370945851008097,1,0.43573295883488233,0.08790405629258874,0.9978628754615784,0.9957257509231567,14.623031844913854,3.7412873587190325,4.3591513329312015
DILI-mlp,0.29198936621348065,1,0.34357846331218195,0.16138946487195324,0.999945878982544,0.9998918175697327,6.539676696734178,1.5132692550546778,4.787960524919841
DILI-mlp,0.08619725704193115,1,0.4504776311422586,0.07942923615390848,0.9999809265136719,0.9999618530273438,12.035901855931566,3.4934705416627834,4.243246056771134
DILI-mlp,-0.2064839800198873,0,0.2307872985911371,0.07853129190916469,0.790008544921875,0.5800171494483948,7.2361935606097685,2.90917301771646,4.600050280299761
DILI-mlp,0.7416341304779053,1,0.43756855603252703,0.14387590051522248,0.9486339688301086,0.8972678780555725,13.526542577561864,2.051298781447619,4.790817640295353
DILI-mlp,-0.009825388590494791,0,0.353922634852076,0.09444181481242513,0.9849024415016174,0.9698048233985901,7.472055117997662,3.808424236860006,4.605887723049525
DILI-mlp,0.0005235671997070312,1,0.23046903445770034,0.07719161661604855,0.9999992847442627,0.9999986290931702,10.401622482500807,1.5845684452519093,4.778573854689643
DILI-mlp,0.3579111099243164,1,0.39156001104536886,0.057310106325621724,0.9999998807907104,0.9999997615814209,19.081018603677162,4.7936079285297435,3.913327251697295
DILI-mlp,0.4842564066251119,1,0.3673026469267822,0.07081506646311304,0.9673504829406738,0.9347009658813477,10.978016046813385,4.324969218346543,4.57724954991212
DILI-mlp,0.11979864041010539,1,0.3255595459715151,0.14323322973771116,0.9969876408576965,0.9939752817153931,7.939292281679539,1.3050355358687071,4.650301057439289
DILI-mlp,0.2604163885116577,1,0.34316976988621883,1.9007837772109115,0.6906100511550903,0.3812200427055359,10.857170747438632,5.409297976835447,4.618314603106734
DILI-mlp,0.018619239330291748,1,0.29039429524274046,0.04616797077274303,1.0,1.0,42.8470324729465,10.019298678482185,3.2377195111038133
DILI-mlp,0.9260511795679728,1,0.32111676657376087,0.07065214546409375,0.9495889544487,0.8991779088973999,13.44170725272617,4.74549796044364,4.302942135452419
DILI-mlp,0.09481247266133626,1,0.4587149176069289,0.04488804251310446,0.9993425011634827,0.9986850023269653,17.589690858067833,6.592315832617955,4.224738151246672
DILI-mlp,-0.009595235188802084,0,0.4200123548120597,0.06635020412288903,0.9883809089660645,0.9767618179321289,15.228301895419794,3.435768015055771,4.178754145971275
hERG-rf,-0.05846721677229971,0,0.22077176133199541,0.6031510515230946,0.8193486390162765,0.638697278032553,10.806771610204782,0.041370281257875834,4.547374870127485
hERG-rf,0.014908843774720645,1,0.22852045769746382,0.5064508188548533,0.9608367475093305,0.9216734950186608,9.371601928670398,0.0423048454691708,4.559979960431805
hERG-rf,-0.030124333342798737,0,0.3934277073887641,0.4235105801157558,0.9286852391593262,0.8573704783186522,3.8722869698494278,0.04804084527346653,4.348472024829162
hERG-rf,-0.031479952738906546,0,0.21606415366973603,0.14672477412725105,0.8075959680999529,0.6151919361999059,15.37759401530289,0.05890163815993115,4.443052994035456
hERG-rf,0.49063674642191485,1,0.2778340284036049,0.14386724428697978,0.7337394099483765,0.467478819896753,13.076887690978031,0.1288811630191983,3.8175167223713515
hERG-rf,0.45276947490769176,1,0.25528756006159836,0.1745354058245344,0.5778581936139152,0.1557163872278305,10.172322696602453,0.12487544418411699,3.8070623628439346
hERG-rf,0.026765204959254014,1,0.42586579108200423,0.25489205669478,0.9754211747883956,0.950842349576791,7.174709501675172,0.04190428690355936,4.4907928022948385
hERG-rf,0.5351496400342323,1,0.24085575259386824,0.16060294139915612,0.6196469820655394,0.23929396413107873,7.705997102623125,0.13467450785894736,3.781686105520203
hERG-rf,0.2979803945739849,1,0.26100671007404624,0.518506212289339,0.5256123537258511,0.05122470745170221,11.062067715260614,0.07682848724225827,4.208508739534633
hERG-rf,0.05609231737849093,1,0.390867130673043,0.4928481069806063,0.9774526670517841,0.9549053341035683,7.053636604766773,0.039924531556162005,4.4415140900651195
hERG-rf,0.167882586781379,1,0.25930200862210256,0.30309573815838986,0.5566666666666666,0.11333333333333329,22.31766458636538,0.07949860418590428,4.266374763144326
hERG-rf,0.023059527379756733,1,0.32421107169476776,0.26063133899587076,0.9688920506258347,0.9377841012516691,14.633779048977107,0.040547967280712145,4.482137057670069
hERG-rf,-0.021465003877320015,0,0.3835578266873313,0.27235208867858673,0.9125340528803404,0.8250681057606803,8.159007404253074,0.04545634029915369,4.382714008083549
hERG-rf,0.013915707119426394,1,0.40060954059050896,0.44163363395999844,0.9658824288031618,0.9317648576063235,6.615749705472562,0.038938278047178254,4.4383041696746774
hERG-rf,0.6405034025653752,1,0.17645657265707043,0.18336135804766168,0.8634184397163122,0.7268368794326242,18.78298780466482,0.13982293390242934,3.7984825320000253
hERG-rf,0.03350434087679829,1,0.44766799452407524,0.21861223216613793,0.9747223179434062,0.9494446358868124,7.9541095473524,0.04229862626288457,4.466179262599073
hERG-rf,-0.19179978670384382,0,0.2501834418962163,0.19128656193741217,0.7137127636327542,0.4274255272655082,8.863238304274804,0.0743765573041305,4.303634106240756
hERG-rf,-0.09728582009159743,0,0.3468121703727601,0.14583477714856366,0.8146110475193703,0.6292220950387405,13.920878589897253,0.056467951518747735,4.392177171376236
hERG-rf,-0.01943014404270334,0,0.3123791982815872,1.2218340331445163,0.904187016160188,0.8083740323203759,6.9561815339623365,0.04917193944482046,4.515927750939916
hERG-rf,0.6922374548676208,1,0.21454390302961535,0.22422649089667115,0.91,0.8200000000000001,11.654624145633006,0.14670693320373335,3.7353947550701605
hERG-rf,-0.08204949449312356,0,0.2867129265587147,0.6475391543334079,0.8297177840086379,0.6594355680172757,9.183401096253,0.04302546281093913,4.591776483426809
hERG-rf,0.08571132257116021,0,0.4217009622417972,0.18318629565147115,0.9279823212761259,0.8559646425522518,8.837706357591317,0.07607907682333749,4.3703189474596
hERG-rf,-0.16009536761718587,0,0.250185204165119,0.16125804568576946,0.7713705036690299,0.5427410073380596,10.822471802201694,0.05459844664364661,4.373568878589971
hERG-rf,-0.3312665002877868,0,0.31673141504845514,0.6739982085753972,0.5554957735656908,0.11099154713138171,14.000726099320485,0.06868701909801332,4.267058085086535
hERG-rf,-0.3526748002079618,0,0.31354582029521927,0.09162841622894095,0.5408302430978899,0.08166048619577959,11.736854006972118,0.13246290968437252,3.8772233884389125
hERG-rf,-0.11696037018833849,0,0.26780848061576096,0.3810361114882696,0.7272078596635704,0.4544157193271406,11.021478114466124,0.06363477369397486,4.413907076537421
hERG-rf,0.3349698337178737,1,0.355945422672836,0.2744001440013722,0.6154814611595844,0.2309629223191686,12.504242782140727,0.09645426898300571,4.17413354367069
hERG-rf,-0.4007885047623851,0,0.36022597383765814,0.10834566966517743,0.529848978996458,0.059697957992916106,11.205173948528094,0.1472521074115499,3.7886220469219394
hERG-rf,0.7439170694435768,1,0.3304230695770229,0.1254699383247023,0.8660587492572787,0.7321174985145573,13.467262258105112,0.15851689319590245,3.645018061750263
hERG-rf,-0.2765602254031933,0,0.3244501528425765,0.24868314715297088,0.6209277224215269,0.24185544484305382,12.890953934249001,0.07678901936695352,4.184997150442864
hERG-rf,0.5021705940615434,1,0.28394968891917544,0.15619223944825797,0.8733333333333333,0.7466666666666666,12.939687957427589,0.1131707457454307,4.0174868152577785
hERG-rf,-0.10790121622908515,0,0.2767308480704724,0.4142260298328844,0.5833713421245621,0.1667426842491243,13.322259965578255,0.06530343021192189,4.391819410382601
hERG-rf,0.08230440261899948,1,0.2915133470498532,0.22120346363354446,0.9145193583131629,0.8290387166263258,9.381055940309611,0.07507764398407261,4.368197859612074
hERG-rf,-0.14932508694945423,0,0.3284951473973953,0.287231277998451,0.7308505890233947,0.4617011780467894,6.70010011689571,0.05045117765564407,4.417159331331465
hERG-rf,0.5866424174547819,1,0.2902903324313326,0.14872554185299694,0.6477820348156313,0.29556406963126286,10.23728563559216,0.1688008844366639,3.4536140475033745
hERG-rf,0.029057885136487587,1,0.29577921264048557,0.2705812923200775,0.946623394320236,0.8932467886404719,7.860944836550692,0.04110722197176613,4.491527358033916
hERG-rf,-0.14771935962074847,0,0.34439962424487136,0.3323301667756425,0.7754939931237615,0.5509879862475233,10.128316249475244,0.06035621957622999,4.267487531899043
hERG-rf,-0.1355374979965626,0,0.29099876453024515,0.313002623181426,0.7870241769122696,0.5740483538245391,11.374703497240846,0.07108492921759417,4.3080468038537605
hERG-rf,-0.061797666911272676,0,0.366564267657945,0.2075387575721136,0.8750179087927102,0.7500358175854204,7.359819967197173,0.05422125154117043,4.2913010063523584
hERG-rf,0.5475986329864063,1,0.32855154000228387,0.3060820197800537,0.7346818319493714,0.46936366389874284,9.024225401371737,0.1018886803789695,4.0648199385719925
hERG-rf,-0.05846721677229971,0,0.3207094433849689,0.6316775298351234,0.8193486390162765,0.638697278032553,10.954795741974456,0.041370281257875834,4.547374870127485
hERG-rf,0.005546287746136673,0,0.17863121248308544,0.12345996316980655,0.9104332733270909,0.8208665466541816,12.0238088975625,0.0540920184413549,4.4161450601566585
hERG-rf,0.501562608310908,1,0.15128961045664877,0.17708573960742302,0.5895625680411302,0.17912513608226044,11.77867441085569,0.14968126008500993,3.7167697046091375
hERG-rf,-0.08674096543950167,0,0.3441781657860903,0.7186552666876622,0.8705785513082998,0.7411571026165993,7.7510143282836355,0.07010842441450424,4.220436784938302
hERG-rf,0.5271075281108993,1,0.3305382044786703,0.1571104115082294,0.8147222222222222,0.6294444444444445,11.948604168964739,0.11994304226277437,4.002671511807347
hERG-rf,0.012159776065064798,1,0.4032529439446601,0.2951797218171509,0.953698762941071,0.9073975258821418,5.997548803382413,0.04217428814262702,4.524401923065253
hERG-rf,0.022996322762064425,1,0.3030397605198874,0.2998210423701582,0.9518401231237515,0.903680246247503,8.39786283035312,0.041621195081445704,4.451962981786716
hERG-rf,0.03437704765198054,1,0.33456851345929955,0.4061162801681559,0.9474050282247936,0.8948100564495873,11.127158624762279,0.0397848233348806,4.487656647765765
hERG-rf,-0.12892926261657503,0,0.3134770918080113,0.19569762609557148,0.770431501229751,0.5408630024595023,10.057052556336282,0.06281348974329383,4.372886094973186
hERG-rf,-0.02152351434936454,0,0.3288164677606666,0.3164203482633416,0.9379531011202281,0.8759062022404562,6.972589568979035,0.039243208837476666,4.510358352902179
hERG-rf,0.025986809440926795,1,0.35632548533286623,0.17968009246426134,0.9691029568761792,0.938205913752358,9.374508703138792,0.03826298368952957,4.425641840777473
hERG-rf,0.4805797446896489,1,0.28188078522732646,0.1879332527342569,0.7038554607660179,0.40771092153203586,8.870228580840323,0.11159745890279979,4.029538457424255
hERG-rf,0.5151409963833326,1,0.3824693319283886,0.1223947131472476,0.9133333333333333,0.8266666666666667,17.554724651727803,0.11765618979063033,3.9970350234284124
hERG-rf,-0.09183464859566726,0,0.33409152600961717,0.3007000764123169,0.8000785830555717,0.6001571661111433,11.721978684096522,0.05945051157956997,4.375734531259612
hERG-rf,-0.024150914149970875,0,0.19404284146075423,0.39234510384928983,0.9067788417600421,0.813557683520084,5.295507692334003,0.04361972518525493,4.533807797828858
hERG-rf,-0.214224593318973,0,0.3099971981480132,0.2765032081796036,0.7193396391607474,0.438679278321495,8.064612846940173,0.07036644867717218,4.2652294980585275
hERG-rf,0.024416903961303693,1,0.2720238278311806,0.4356072508533031,0.9059998728261793,0.8119997456523586,8.257266555554683,0.039758653549692324,4.534754886954713
hERG-rf,-0.1615741247415583,0,0.2964682597814676,0.24594546101392947,0.5419495063805172,0.0838990127610344,14.22711884399302,0.07608301351784029,4.293458413189344
hERG-rf,-0.26126621267209166,0,0.33775175852066514,2.1532902041912045,0.505721534484625,0.01144306896925018,15.727214915150403,0.06242227877127368,4.398800316400817
hERG-rf,0.02929531515022754,1,0.4444847494627097,0.10841046889972836,0.9920323050876122,0.9840646101752244,12.329267861007114,0.039841769660246745,4.443702863391351
hERG-mlp,0.02460038661956787,1,0.34957686339436467,0.0720336628546337,1.0,0.9999999403953552,9.83623007946145,4.0666976924499165,4.4231980400859925
hERG-mlp,0.5179509520530701,1,0.1883075170731735,0.2066235590700384,0.9952846169471741,0.9905691742897034,11.948604168964739,2.411133020573738,4.767653228403492
hERG-mlp,0.7456590334574381,1,0.29481587985137614,0.14576687214275613,0.979486346244812,0.9589727520942688,12.504242782140727,3.368726953989235,4.714400566784758
hERG-mlp,0.8292346994082133,1,0.2019422477263511,0.1309616307364402,0.9003863334655762,0.8007727265357971,7.469772150560489,2.4784120634833626,4.662727179176358
hERG-mlp,0.9893968105316162,1,0.2602278628896441,0.05159995048127845,1.0,1.0,13.467262258105112,3.464499022301751,4.166723791432393
hERG-mlp,0.020807266235351562,1,0.2288417568632782,0.10007315057017478,0.9999920129776001,0.999984085559845,12.348472126507815,2.893636331706867,4.7181124694509755
hERG-mlp,-0.003534535566965739,0,0.1955656981035924,0.13477485332777214,0.9922211766242981,0.9844423532485962,5.624897493366072,2.1193590367020656,4.705779496823139
hERG-mlp,0.017751872539520264,1,0.3853553874195472,0.13130816133939563,0.99993896484375,0.9998778700828552,9.292090287648673,2.067804865548124,4.657873669327405
hERG-mlp,0.004855056603749593,1,0.25911471386005447,0.06688503477803022,0.9999998807907104,0.9999997019767761,10.424277599438849,3.899663991237922,4.472170856786729
hERG-mlp,0.04304031531016032,1,0.2605984131316321,0.0853267800150903,0.99998939037323,0.9999787211418152,4.607674361563918,2.925404203060158,4.590662399326528
hERG-mlp,0.011693179607391357,1,0.16204769997622595,0.07526877137050249,0.9999979734420776,0.9999959468841553,8.257266555554683,2.7053498638427746,4.6203517974590635
hERG-mlp,0.020098249117533367,1,0.3215706643600523,0.10966644963727033,0.9997302889823914,0.9994605779647827,7.359819967197173,3.1072011416395786,4.563672252341437
hERG-mlp,0.26278523604075116,1,0.3152525184748713,0.07228927796237854,0.9999998807907104,0.9999997615814209,9.371601928670398,2.7468096685702528,4.458280280027011
hERG-mlp,0.00432815154393514,1,0.23803427837219224,0.08754475411164703,0.9999994039535522,0.9999987483024597,8.603896275528344,2.2973098842698003,4.613781723408769
hERG-mlp,0.2738082806269328,1,0.19555187096991095,0.11695109749991146,0.9988849759101868,0.9977699518203735,11.021478114466124,3.05917990855061,4.643471624512058
hERG-mlp,0.004589279492696126,1,0.1537108174966192,0.0781958178270971,0.9999948740005493,0.9999896883964539,16.62443038748724,5.684418244641342,4.216137866848905
hERG-mlp,-0.05629434188206991,0,0.3606886727111594,0.09746837020515456,0.9095087051391602,0.8190173506736755,10.23728563559216,3.151703986206535,4.560965458506486
hERG-mlp,0.3238212664922078,1,0.2632194618699758,0.03584870141561557,0.929673433303833,0.859346866607666,20.487346343644845,5.192901378045908,4.401935434604596
hERG-mlp,0.0030849575996398926,1,0.11810634316844404,0.10774294363924629,0.9999892711639404,0.9999785423278809,8.39786283035312,2.245737755827985,4.6647269754977625
hERG-mlp,0.003130237261454264,1,0.2898871505629364,0.12018722074148146,0.9999591112136841,0.9999182224273682,9.430477907612543,2.0042153107901814,4.618048281027276
hERG-mlp,0.006795426209767659,1,0.29624405447659785,0.05664036522642455,1.0,1.0,11.156478556272004,3.764787018908318,4.456954604529031
hERG-mlp,0.9736268122990926,1,0.23440166446813307,0.08739311978784242,0.9999446868896484,0.9998893737792969,14.042454186919006,4.290489776358575,4.480397363452953
hERG-mlp,0.7508727113405863,1,0.056045371969512835,0.08426476670272214,0.9999961853027344,0.9999923706054688,13.812163776842727,4.98100272246582,4.608592075730578
hERG-mlp,0.027671754360198975,1,0.16003013786751172,0.09455127066639375,0.9999982118606567,0.9999963641166687,6.615749705472562,2.6033759171252413,4.6430991108420825
hERG-mlp,0.04924494028091431,1,0.25184243927423666,0.09147225135548541,0.9999996423721313,0.9999992251396179,6.972589568979035,2.1209703407038134,4.522344665164811
hERG-mlp,0.014879624048868815,1,0.30541913685507804,0.10000354866599868,1.0,0.9999999403953552,9.058634558767698,1.990649962138817,4.6116143840885755
hERG-mlp,0.04906666278839111,1,0.1460209785618091,0.09365907101248137,0.9982977509498596,0.9965955018997192,12.374167286925054,3.289029145314566,4.76077115196976
hERG-mlp,0.19411567846934,1,0.30409138075819225,0.038899484002392806,0.9999995231628418,0.9999991059303284,22.31766458636538,4.166030694969239,4.194537866944983
hERG-mlp,0.04934197664260864,1,0.21487450989601892,0.10544174262919588,0.9995825886726379,0.9991651773452759,9.024225401371737,2.711734680143987,4.632061450686318
hERG-mlp,0.0014277100563049316,1,0.21732262425060048,0.09902999989849887,0.9999970197677612,0.9999940991401672,7.053636604766773,2.515521409142165,4.677064483998037
hERG-mlp,0.0015872716903686523,1,0.2686572253280404,0.1162761619388114,0.9992676377296448,0.9985352754592896,9.985322259877446,2.5243736441839446,4.669455285366762
hERG-mlp,0.014783581097920736,1,0.18668206035050366,0.08007499238885153,1.0,1.0,3.8722869698494278,2.1703879951032374,4.539315815287071
hERG-mlp,0.0067729949951171875,1,0.16423337552600095,0.08549674493589618,0.9999994039535522,0.9999988079071045,10.504351717961251,2.328458655810499,4.7253886985199
hERG-mlp,0.009300132592519125,1,0.11370563049514637,0.1087895308709982,0.9999979734420776,0.9999959468841553,9.374508703138792,2.0080912536334714,4.7151910986950885
hERG-mlp,0.5332681139310201,1,0.16787421067070946,0.09178900712580257,0.9905686974525452,0.9811373353004456,15.727214915150403,4.4174501764446905,4.432063999477402
hERG-mlp,0.0015068252881368,1,0.14822362025234637,0.0707063796110792,0.9999996423721313,0.9999992847442627,11.78056928366519,4.099817578016616,4.542458811000527
hERG-mlp,0.013206561406453451,1,0.1107189712135355,0.15569933378611547,0.9998204112052917,0.9996408224105835,5.554681363756981,2.023206362163776,4.722461207808269
hERG-mlp,0.1665597359339396,1,0.3004428408953212,0.11542334211923808,0.9999996423721313,0.9999992251396179,10.057052556336282,4.609692172478581,4.461850143755026
hERG-mlp,0.23362871011098227,1,0.29090390252515935,0.09293301223785103,0.9956589937210083,0.9913179874420166,11.062067715260614,2.959140243399398,4.686599998433723
hERG-mlp,-0.0020490090052286782,0,0.1740247223632593,0.12202795660419638,0.9911312460899353,0.9822624921798706,5.295507692334003,2.3975295342041414,4.652400207638263
hERG-mlp,-0.17361998558044434,0,0.20106688256095195,0.11467163891185006,0.8102119565010071,0.6204239130020142,10.128316249475244,3.355154265953286,4.68754528796595
hERG-mlp,0.43907487392425537,1,0.2947972472040976,0.10376869948125714,0.980951189994812,0.9619024395942688,11.053806293368723,3.5522191087265833,4.38533505534478
hERG-mlp,0.006737510363260905,1,0.23027201757419027,0.1028182631772339,0.9999985694885254,0.9999971389770508,11.721978684096522,4.340907530141588,4.55257319865086
hERG-mlp,0.08487751086552937,0,0.20025532866256693,0.10452795262297726,0.9475088715553284,0.8950177431106567,10.862284790232144,2.569307036556329,4.747473497919154
hERG-mlp,0.002289454142252604,1,0.3076893270052154,0.10481622343496846,0.9999992847442627,0.9999985694885254,10.853686332464862,2.616517296082555,4.658888804884826
hERG-mlp,0.7514046231905619,1,0.3495107781884171,0.05015020484872624,0.9999936819076538,0.9999873638153076,10.940390733217331,4.182596602055611,4.3112276670506455
hERG-mlp,0.7867621779441833,1,0.24862805475970823,0.10571691115958139,0.8045387864112854,0.609077513217926,6.308450608686353,2.028335762435704,4.619307487409747
hERG-mlp,0.7845081488291422,1,0.08227347856681293,0.061384194062640444,0.9999895095825195,0.9999789595603943,13.602610455213087,5.714115718090378,4.618102684292081
hERG-mlp,0.008405168851216635,1,0.22455614155907136,0.061551467650805394,1.0,1.0,11.127158624762279,3.6404406760067536,4.569103822546054
hERG-mlp,0.14595282077789307,1,0.36114672213865656,0.05872515832892538,0.9993270635604858,0.9986540675163269,14.000726099320485,4.302465482325166,4.459917529529674
hERG-mlp,0.003723899523417155,1,0.16863643712519846,0.1333331039981927,0.999997615814209,0.9999952912330627,8.80478576890918,1.6694354214954934,4.673284721243503
hERG-mlp,0.008824606736501059,1,0.23864734803204318,0.13991189763146958,0.9999974966049194,0.9999950528144836,7.174709501675172,1.7917056586774494,4.709223495646894
hERG-mlp,0.02529911200205485,0,0.1892494363589981,0.07369776805388048,0.998768150806427,0.9975363612174988,15.37759401530289,6.080200518744449,4.468647228866365
hERG-mlp,0.005566636721293132,1,0.2206970228109338,0.09714828393549364,0.9999947547912598,0.9999895095825195,7.7510143282836355,2.291314251512215,4.571569272986702
hERG-mlp,0.5258754293123881,1,0.30720259340803785,0.10160874719860788,0.999901294708252,0.9998025894165039,9.183401096253,2.976474258575125,4.61570398944869
hERG-mlp,0.1288438638051351,1,0.33985199488839035,0.1298302029189867,0.9990248680114746,0.998049795627594,10.192004428048069,3.104982624657057,4.652571358578249
hERG-mlp,0.0025820136070251465,1,0.1901537728304257,0.08203235200893003,1.0,1.0,14.633779048977107,2.604993377635287,4.6468162498716925
hERG-mlp,0.23389087120691934,1,0.24479801050070069,0.09725700800999108,0.999997615814209,0.9999952912330627,8.530784842142308,3.099595820176543,4.606228367136968
hERG-mlp,0.0011748870213826497,1,0.13620834061534473,0.08377864433692273,1.0,1.0,9.171109355198748,2.539742451329361,4.71887108421525
hERG-mlp,0.4251680572827657,1,0.22739276585237206,0.10853659252351903,0.9975716471672058,0.9951432347297668,6.043455078872626,2.6573858726278727,4.6653135132684
AMES-rf,0.18348711475503152,1,0.33940338437443257,0.6999411340692958,0.7566563162843396,0.5133126325686791,7.8408522434813674,0.06453658655099608,4.424289634348493
AMES-rf,0.5494347124249997,1,0.32456374200063254,0.4805300109149776,0.9448869372157342,0.8897738744314682,4.413169737909632,0.10070824335504676,4.061940565189726
AMES-rf,0.4958954169974286,1,0.27975708835330804,0.5203875499707169,0.9519121954053149,0.9038243908106293,3.080730367829688,0.09169814444876064,4.1513757707341705
AMES-rf,0.3459779495841732,1,0.32550208279334114,0.30880877986501404,0.8476873548450924,0.6953747096901842,6.916163581748596,0.08540955800117137,4.2779410775911115
AMES-rf,0.46493697339315193,1,0.25650878505861463,0.448554897187112,0.9104462211616485,0.820892442323297,4.417978668263091,0.08293716078555585,4.145377618131455
AMES-rf,0.03629072248782302,0,0.14557318060199084,0.4869147511424804,0.6495529590041712,0.2991059180083427,10.510445335148653,0.04929321438466916,4.538208097977627
AMES-rf,0.04704357526708586,1,0.2261283871029457,0.34938047289551194,0.5347493886463709,0.06949877729274156,7.632146985456548,0.04308807057287141,4.49577341978635
AMES-rf,0.1262003284096829,1,0.20194526619749378,0.3517733588728402,0.6239405047153229,0.24788100943064617,5.449407032425437,0.060734139572232844,4.360799062058884
AMES-rf,0.1024238705944814,1,0.25516880152359517,0.6371582497103306,0.6452444578711322,0.29048891574226393,9.242177273883627,0.05101121010289012,4.511148848395838
AMES-rf,0.46274628837910153,1,0.2212499544960475,0.5587786760255586,0.8928994502871529,0.7857989005743053,5.50603856168663,0.09101909191604222,4.113092455624782
AMES-rf,0.09249592151536061,1,0.15430245108034282,0.4958129110694649,0.6171310088947812,0.23426201778956263,7.631297768297538,0.054252165524422226,4.451762666819893
AMES-rf,0.21235238357697692,1,0.22362692791837824,0.5900493921538339,0.7801156157042285,0.560231231408457,10.307802409649844,0.06687693842736434,4.323393519999636
AMES-rf,0.060300963027740496,1,0.17199352204575305,0.5481228442917038,0.6199217478193786,0.23984349563875723,9.767898952395623,0.0617228137287709,4.433698083017116
AMES-rf,0.05860388621584833,1,0.27942121167406564,0.5525720237582289,0.6568330981055687,0.3136661962111374,11.103177266225185,0.07219624375307647,4.318713013352635
AMES-rf,0.25218140047029497,1,0.317818022960184,0.4038350251400703,0.7658810691472054,0.5317621382944108,8.420506617571823,0.05240392285355748,4.373253780191296
AMES-rf,0.01718096111168138,1,0.012187860759361877,0.7725076421019901,0.5169558758112861,0.03391175162257232,9.049669574271478,0.05049514867672281,4.498543784806498
AMES-rf,0.3812882500519865,1,0.3044158388220227,0.4034008892537301,0.9596833858712053,0.9193667717424107,4.30195962950763,0.07505007626571804,4.40205130279299
AMES-rf,0.2604528312293099,1,0.4012093909309653,0.20388239833636243,0.8496702651388416,0.6993405302776831,8.014049048247298,0.07966988982146847,4.247127517923963
AMES-rf,0.1351606684424229,1,0.3261080700887575,0.6564621264324548,0.7532126418148974,0.5064252836297946,9.225580037001354,0.057732042862367126,4.426962458650275
AMES-rf,-0.007863361482468911,0,0.3711860087462393,0.5224081552600599,0.6016580045151187,0.20331600903023733,10.879401415421283,0.060880886465097386,4.372121338241617
AMES-rf,0.0276985969775206,1,0.09844475004955375,1.157623958912351,0.6390428069356715,0.2780856138713432,6.18840458262379,0.05366517710190553,4.438339236127549
AMES-rf,0.04727494036029315,1,0.26456982536043194,0.3153003068848554,0.6585937518940259,0.3171875037880521,8.259862749131631,0.05596549684425634,4.46036862529221
AMES-rf,0.36221285702221956,1,0.23837496756147578,0.6024687874886167,0.8440837745101213,0.6881675490202424,7.604350039775005,0.07112345921394189,4.258682986676194
AMES-rf,0.15674691792296128,1,0.24771492291117758,0.7325490627216724,0.5618500056972792,0.12370001139455844,6.198773964063043,0.0784190550580662,4.180571264004536
AMES-rf,0.07810146326596627,1,0.23501972395100204,0.695088817351643,0.5644472014013249,0.12889440280264935,9.564130964022336,0.05689491489001149,4.411513357712895
AMES-rf,0.16975040303769792,1,0.17200644037957005,1.8576432399064353,0.6202890756951646,0.24057815139032884,10.073108335761448,0.05127668951023031,4.463341359822239
AMES-rf,0.2539790231887871,1,0.3398003295408099,0.16396314885104296,0.8379431539060327,0.6758863078120654,14.425331651630945,0.06495765478462648,4.408513869863203
AMES-rf,0.5688326918754126,1,0.25963619623631556,0.4721998181193034,0.9324935823606216,0.8649871647212428,3.555408328763849,0.10218986378371513,4.0810151686861245
AMES-rf,0.21173921559505318,1,0.17397472469568978,0.24345268880844936,0.7237599265294262,0.44751985305885233,5.975930444168197,0.05416090775451226,4.448655488890059
AMES-rf,0.04116363507552626,1,0.23111721274428015,0.4506488544762524,0.6081768037150014,0.21635360743000293,8.381118119005931,0.05892669112367475,4.416360184974391
AMES-rf,0.01555484450509074,0,0.2308741131897236,0.5020206343885982,0.6148741300417998,0.22974826008359972,6.004408356673209,0.06514148723387496,4.356648458372803
AMES-rf,0.49223342140820875,1,0.2430549275851853,0.524859785995259,0.8752469890466653,0.7504939780933304,5.548762814914815,0.09440395853435744,4.036743266161452
AMES-rf,0.35817359779921726,1,0.2927036076259237,0.600758368937938,0.8713742864203556,0.7427485728407102,7.563313519845285,0.0741189596194828,4.216465170692612
AMES-rf,0.09418971211523215,1,0.14159081060440018,0.35947121950040123,0.6694114217875776,0.33882284357515513,12.975030959243032,0.06345977812495164,4.384916429663332
AMES-rf,0.050788249662927686,1,0.0720020951201076,0.2779366699414703,0.5972338076195858,0.19446761523917128,14.01244324738613,0.07298461746259013,4.2738108328681115
AMES-rf,0.02726324457587544,0,0.2711699195469432,0.36097041974305727,0.6229787170286041,0.2459574340572076,16.566164138735505,0.05111660081787417,4.564976736180719
AMES-rf,0.4754661711646356,1,0.1043566493618131,0.3874910460240372,0.8718133131426652,0.7436266262853302,4.258104370362945,0.09451839107139086,4.065067256708671
AMES-rf,0.4284372560325022,1,0.2210914113082932,0.49976687118277746,0.8695558392867122,0.7391116785734245,6.631105909000465,0.07828818667011338,4.129116906002521
AMES-rf,0.019158863567372286,1,0.28600251555684303,0.41685852240284305,0.5800134757388031,0.1600269514776061,6.952103875710643,0.05998164431272082,4.362370534900192
AMES-rf,0.11537617062579514,1,0.20920536980265614,0.311119492709444,0.6171171466503323,0.23423429330066464,5.177143368234425,0.04936244231526568,4.482170422471831
AMES-rf,0.5071192459099698,1,0.2147297191004051,0.5041307355398507,0.9133922112444737,0.8267844224889468,2.0469604538967507,0.09506751430486558,4.0977835002287515
AMES-rf,0.022071974907511522,1,0.27040891224572267,1.9047791452159983,0.5529000942219097,0.10580018844381911,6.617916024048637,0.04468042699065613,4.503231132765993
AMES-rf,0.16888604903660442,1,0.21976669489505754,0.22205553017710397,0.6322085858641658,0.26441717172833173,5.9834256124189835,0.07260075524246949,4.312172292096783
AMES-rf,0.1346823787660589,1,0.27700548325028385,0.34933663352758876,0.6587138010921053,0.3174276021842105,8.178337209748989,0.06434369449094234,4.2888184446185065
AMES-rf,0.23615451806585072,1,0.30089265687192773,0.8021211664299455,0.7117447597124387,0.4234895194248774,9.529086765330494,0.053847375662857536,4.467914400560564
AMES-rf,0.1130924559976829,1,0.27293503370394073,0.34394820698341716,0.6278129845984591,0.2556259691969183,7.454022899606673,0.06740213431985821,4.386771933340143
AMES-rf,0.2300679419121658,1,0.3215197127957504,0.265430595648644,0.8163155840793025,0.6326311681586052,6.40214758598573,0.07015502344818288,4.281539042815955
AMES-rf,0.09365617358069116,1,0.2232769585113355,0.7502036912593472,0.6827149193152846,0.3654298386305694,8.586702175608863,0.061567766626421806,4.43389716295317
AMES-rf,0.32905640096235905,1,0.21154593701150257,0.4618344165009901,0.8030054581406503,0.6060109162813005,6.129071178947206,0.08236322472532633,4.107485959536801
AMES-rf,0.2408188087913159,1,0.35292065912296366,0.45231400349272055,0.8445380478629164,0.6890760957258322,8.134396031097236,0.07512128729202103,4.276162672606281
AMES-rf,0.24439047811818707,1,0.0,0.34874531664246466,0.7300693257051711,0.4601386514103423,37.2227864973674,0.0535231015417384,4.441779567786203
AMES-rf,0.29924562504781255,1,0.21564574640742976,0.5343418997640705,0.8157030696070563,0.6314061392141124,6.657944606140148,0.07302824275014676,4.331192052379935
AMES-rf,0.17416427901712014,1,0.2727612233944028,0.39819292943855933,0.7130001296559615,0.426000259311923,4.585625788321259,0.046985158840008895,4.514576349962108
AMES-rf,0.332564529828645,1,0.29544581757708094,0.5655002529800228,0.7876357812574328,0.5752715625148656,7.026275290083513,0.08123686582168695,4.15552144183359
AMES-rf,0.06575011983402196,1,0.2712544759137454,0.3026979698329004,0.5505253895975947,0.10105077919518929,8.163750156406945,0.05786638836331773,4.259944748291059
AMES-rf,0.02469077273968971,1,0.09250231649372688,0.4009218033635284,0.5610614778760765,0.12212295575215287,8.435495184203486,0.04244724108419274,4.527969735183736
AMES-rf,0.4330873377417314,1,0.3171709318753499,0.5217848837620375,0.9525555554107967,0.9051111108215933,4.706139728770725,0.08005289714034915,4.124158879445371
AMES-rf,0.33123913831349494,1,0.19642913765762843,0.492100168915207,0.7347149679216904,0.4694299358433806,5.865657054341009,0.08259334725405373,4.188322655134712
AMES-rf,-0.03835576457150658,0,0.2901140688926038,0.8857989749406627,0.5372938432986889,0.07458768659737786,5.4506893175131,0.07397754960032615,4.236085399165104
AMES-rf,0.18900420199696544,1,0.24696800833775745,0.49983143132115526,0.7952473625656289,0.5904947251312576,11.999772887727923,0.0634147028593016,4.424190960811743
AMES-mlp,0.9395414590835571,1,0.16934197016997932,0.2184900839497746,0.9959452748298645,0.9918904900550842,14.335078410518552,3.076035315660658,4.58967495444641
AMES-mlp,0.20492587486902872,1,0.07171749170809384,0.12418607706658209,0.8675503134727478,0.7351006865501404,4.710895293894602,2.875964027280148,4.778462848602729
AMES-mlp,0.49040398995081586,1,0.16288871123017493,0.12760573732696706,0.9972895383834839,0.994579017162323,6.959423942351881,4.267330438070286,4.524727647891631
AMES-mlp,0.10321422417958577,1,0.11152746407769522,0.17403246830667832,0.9989928603172302,0.9979857206344604,5.885466036863752,2.0565724211759573,4.630811335524301
AMES-mlp,0.07698357105255127,1,0.1363158468023397,0.17176588463946282,0.9983527660369873,0.9967054724693298,4.142364015118735,2.9148146501325622,4.766591100579992
AMES-mlp,0.03721316655476888,1,0.07495234189002126,0.16531918993930061,0.93208909034729,0.8641782402992249,8.645368053249792,2.928983802428548,4.433510295262324
AMES-mlp,0.012620508670806885,1,0.09319938661744818,0.11094929536601303,0.9976995587348938,0.9953991770744324,5.4318615610431085,4.0127183456705655,4.549625679092527
AMES-mlp,-0.3069775899251302,0,0.10216700904954036,0.13443690832631594,0.6071949005126953,0.2143898904323578,8.882764704305817,3.208736432903934,4.7172101122139996
AMES-mlp,0.34449716409047443,1,0.003537254945712625,0.0901072794417557,0.9953739047050476,0.9907477498054504,7.563313519845285,3.838197468052075,4.430113216692421
AMES-mlp,-0.019178181886672974,0,0.12219090196184883,2.1727220069049844,0.5015815496444702,0.0031630396842956543,7.647824858108699,3.6218223624939356,4.502992731254735
AMES-mlp,0.27272186676661175,1,0.05472116959593381,0.06741552253363016,0.9408926963806152,0.8817853927612305,17.113617922060513,6.714739383137217,4.5797284006603585
AMES-mlp,0.21194571256637573,1,0.18246868569312105,0.07932309534692317,0.9603110551834106,0.9206221103668213,7.633697332542977,3.848692131996082,4.557214627339322
AMES-mlp,0.1252439816792806,1,0.1349600165118931,0.14376233614886705,0.9999303817749023,0.9998607039451599,10.428009141543138,3.0013091066394444,4.690064696590429
AMES-mlp,0.5406524439652761,1,0.1389400155195359,0.05674578512262954,0.9419775605201721,0.883955180644989,10.649716642152502,5.697031772181193,4.409113361070303
AMES-mlp,0.6009759108225504,1,0.10958444007116086,0.08624419045924894,1.0,1.0,14.615236066267567,4.293624593615984,4.44978322249762
AMES-mlp,0.8633348147074381,1,0.12243047699801264,0.10889749546172059,0.987121045589447,0.9742420315742493,8.792010226680784,2.8101722996222867,4.48823956443895
AMES-mlp,0.02771933873494466,1,0.1602322468585939,0.15080464856312648,0.9999961853027344,0.999992311000824,10.060244786329473,2.1678147888752353,4.702628651081616
AMES-mlp,0.10849736134211223,1,0.17558266498455996,0.09242004075344176,0.9999936819076538,0.9999874234199524,14.76655520282915,7.69558699799065,4.174276562091719
AMES-mlp,0.30747127532958984,1,0.16722631121091516,0.10928134098802811,0.9583253264427185,0.9166507124900818,11.103177266225185,3.2937575864750146,4.559702918970396
AMES-mlp,0.21292640765508017,1,0.17841704905211556,0.1512472817116792,0.9980469942092896,0.9960939884185791,1.8706228634679234,2.872087632642999,4.6911046500988975
AMES-mlp,0.4645185073216756,1,0.1831650974404011,0.12671096304479887,0.9950237274169922,0.9900473952293396,4.269423827659027,3.5306091963265063,4.650815009396698
AMES-mlp,0.28953246275583905,1,0.17262966778635463,0.13455014264491397,0.9903338551521301,0.9806677103042603,10.32717009428021,3.225686212457771,4.467023670466225
AMES-mlp,0.4583025376001994,1,0.12090729649848099,0.17486048816943114,0.8146573901176453,0.6293147802352905,5.3565238196483085,2.1858611296163337,4.697155410064078
AMES-mlp,0.9968148469924927,1,0.1878356362581631,0.10489410783213408,0.9996480941772461,0.999296247959137,13.909341344980367,3.3530991195064446,4.620112741339584
AMES-mlp,0.03767003615697225,1,0.12322906045189198,0.15715818614841767,0.9890185594558716,0.9780371189117432,5.456765539360676,2.4983901109868705,4.636485101441165
AMES-mlp,0.842917283376058,1,0.14892289588674382,0.1111317440306162,0.9962078332901001,0.9924156665802002,11.421739617682894,5.003158934851599,4.294858402531018
AMES-mlp,0.07870116829872131,1,0.18954143400339804,0.1812339711870598,0.7191765308380127,0.4383530616760254,14.360382079013567,6.24218031958287,4.368335745155361
AMES-mlp,0.8461829622586569,1,0.09828037384275552,0.07435103743555384,0.9889532327651978,0.9779064655303955,8.548948435004007,4.334119611388492,4.262832574145956
AMES-mlp,0.2289226452509562,1,0.009594745320873886,0.1544323065636182,0.664031445980072,0.32806292176246643,10.73503505294834,3.932523466004038,4.457726822684716
AMES-mlp,-0.08376803000768025,0,0.3145126982109224,0.09444108571481917,0.9064131379127502,0.8128262758255005,8.014049048247298,3.7337490040050585,4.538832522214947
AMES-mlp,0.45012444257736206,1,0.20468222397272076,2.1851501115209744,0.5070604681968689,0.014121025800704956,7.857919393252925,3.6496007665680725,4.448900360982113
AMES-mlp,0.3166336715221405,1,0.08248133971769843,0.09815562292463294,0.7019708752632141,0.4039417505264282,8.362167534143413,3.993524940360775,4.360987211688653
AMES-mlp,0.40376267830530804,1,0.12800529413854975,0.12371649165201247,0.9363296031951904,0.8726592659950256,6.3292590252138625,2.932888994801309,4.732900714732118
AMES-mlp,0.2006876269976298,1,0.05949975205745594,0.13138464656450177,0.9449986219406128,0.8899971842765808,4.4820326790363465,3.5955663301858953,4.492909392574234
AMES-mlp,0.3563327689965566,0,0.0827849188689158,0.127697126726488,0.6525842547416687,0.3051685690879822,10.532286248733318,2.9279285508209405,4.55848641297376
AMES-mlp,0.19414257009824118,1,0.10395677549617582,0.11315940402241233,0.6576834917068481,0.3153669536113739,4.585625788321259,2.939713462657809,4.730743687312732
AMES-mlp,0.8668732444445292,1,0.12966587796764595,0.09813309095970447,0.9999992847442627,0.9999985098838806,21.23644864938661,5.331008317424422,4.509983699409467
AMES-mlp,0.5762866735458374,1,0.1032873746598358,0.11317734799715407,0.8834977746009827,0.7669955492019653,13.392760345288625,5.7693409962486975,4.361006778365814
AMES-mlp,0.7679959138234457,1,0.16284525889518442,0.1570119294704808,0.9891758561134338,0.9783517122268677,9.015912917301533,2.798616423498362,4.4186477376180395
AMES-mlp,0.018745362758636475,1,0.06350382600745834,0.12467530788998518,0.8899815082550049,0.7799630761146545,5.021651612496418,3.021173438440013,4.744614912205591
AMES-mlp,0.9170403480529785,1,0.1526104724237749,0.0506935983068494,0.9997338652610779,0.9994677305221558,10.133241161023637,5.317838683833888,3.9761901599155145
AMES-mlp,-0.12720048427581787,0,0.21474202671673615,1.83890543376255,0.5790479183197021,0.15809577703475952,3.4715562688417863,3.682541852345335,4.656031269311127
AMES-mlp,0.2825051546096802,1,0.07949193650909568,0.21696189427190207,0.9995545744895935,0.9991092085838318,14.464764706496084,2.6723869872679678,4.61456955511241
AMES-mlp,0.7945074439048767,1,0.25626836631846206,0.09394838678786327,0.8032570481300354,0.6065140962600708,10.012559808150513,4.120458798356047,4.313701839659862
AMES-mlp,0.2700044314066569,1,0.09022348886431546,0.2161423128073416,0.9676153659820557,0.9352307319641113,4.019005323522231,1.9756078269700275,4.718289908807419
AMES-mlp,0.07077940305074056,1,0.1523174627594471,0.2709427315516782,0.9978406429290771,0.9956812858581543,6.147086866129728,2.0343695615789223,4.772277730630619
AMES-mlp,-0.010775705178578695,1,0.05207762348610674,0.14055268214772051,0.8947667479515076,0.7895334362983704,3.264212041468434,4.021897792852093,4.6457103674778
AMES-mlp,0.2268699606259664,1,0.15757460809958074,0.19246612279026656,0.9721273183822632,0.9442546963691711,6.804034750327704,1.735706277832657,4.765291482065265
AMES-mlp,0.31568576892217,1,0.22080480183534218,0.17349184821510957,0.984178364276886,0.968356728553772,14.010593253136118,4.8661567417374245,4.472875357331395
AMES-mlp,0.5644690990447998,1,0.029164150296930442,0.16079588096684092,0.8554115891456604,0.710823118686676,8.158445731867506,2.9614642624257272,4.768264043576146
AMES-mlp,0.2718084454536438,1,0.22642600727945023,0.10484595194785833,0.9997207522392273,0.9994415044784546,7.613672150326671,3.371339530083126,4.502375926968884
AMES-mlp,0.40213988224665326,1,0.06259778610353493,0.17363730928979187,0.9538477063179016,0.907695472240448,8.09415231259906,3.081509286434944,4.659270732079586
AMES-mlp,0.6413717667261759,1,0.17852098233986308,0.19461712678759724,0.868102490901947,0.736204981803894,5.30090284955885,3.3997102153265364,4.615021976488544
AMES-mlp,0.2819235523541768,0,0.13616376362987304,0.0763742228273082,0.9774138927459717,0.9548277854919434,11.31917190133701,7.0650755863154915,4.112209620151507
AMES-mlp,0.4759901762008667,1,0.15051712682592203,0.09120420089267395,0.865967869758606,0.7319356799125671,9.58981257314954,5.598649190794048,4.429438853265976
AMES-mlp,0.8388345042864481,1,0.15836731961629918,0.12807834752728023,0.8599905967712402,0.7199811935424805,7.738085248669577,3.1705648659094052,4.590089168602238
AMES-mlp,0.13844752311706543,1,0.1305971672013611,0.34158631408240103,0.9973610043525696,0.9947219491004944,8.511961054963496,2.2853455457323384,4.617463903311389
AMES-mlp,0.025818824768066406,1,-0.007082143409734391,0.18836812327809913,0.999649167060852,0.9992983341217041,11.21778063758732,3.0298265750886118,4.728705625786236
AMES-mlp,0.11670511960983276,1,0.1685991701191283,0.12610712055255363,0.9960838556289673,0.9921676516532898,3.9987100797977817,3.068065109952685,4.64741371342353
AMES-mlp,0.39505120118459064,1,0.14923175978140596,0.13630312464595268,1.0,0.9999999403953552,5.455317318472951,5.722806514357808,4.256129654835767
LD50-rf,0.4214806771538114,1,0.21011435074578066,0.4736189749980003,0.0,0.0,15.137915932174138,0.17620971551090164,3.936383669584165
LD50-rf,1.1658673850722225,1,0.13940643779534126,0.13854434257006018,0.0,0.0,5.0344460394230595,0.2645434732078144,3.493700720786244
LD50-rf,0.04336576671091147,1,0.00017850788547147867,0.39732552674983873,0.0,0.0,7.591788816862135,0.1937258484391205,3.6692213308583197
LD50-rf,0.9449055977556803,1,0.21616717733604382,0.2009490891137974,0.0,0.0,5.747296443889501,0.2678268183656876,3.601573470603243
LD50-rf,0.4617584196822824,1,0.05782128777097534,0.1269755597441595,0.0,0.0,19.158004219708296,0.7450676849560486,3.074654660492641
LD50-rf,0.11665206505096255,1,0.04523883063320283,1.13014350872248,0.0,0.0,11.913909365798808,0.16444456793895523,3.9719491194602528
LD50-rf,0.2036116367821076,1,0.07072905204213996,1.0117555063738655,0.0,0.0,18.424084439906917,0.12235896989877522,4.240618637063868
LD50-rf,0.4839913409270515,1,0.13181280629890324,0.41583670654658,0.0,0.0,5.987791274969133,0.1671457962323276,3.8523110470081416
LD50-rf,0.2822551002548029,1,0.1543001022923761,0.7193180573892468,0.0,0.0,10.694674955842485,0.13267286973504797,4.002608672740415
LD50-rf,0.9244631159704784,1,0.04761932723748366,0.12002063295687498,0.0,0.0,10.987019485426146,0.4445089795771438,3.3943357737046047
LD50-rf,0.024554521328132153,0,0.5604114137099069,0.5105072472102512,0.0,0.0,38.44718326480659,0.1263378556822453,3.944745133647631
LD50-rf,1.336905586751299,1,0.15622141084916122,0.1327557543902203,0.0,0.0,8.461961323691664,0.47051997119095534,3.408504885399344
LD50-rf,0.301529322604311,1,0.1447992549669533,0.29916067714870453,0.0,0.0,12.546037091797546,0.17551665901912344,3.8462969832791205
LD50-rf,0.4220698494950726,1,0.06103677849742868,0.4440291120391652,0.0,0.0,18.58229634542786,0.14805556175214435,4.001528569256549
LD50-rf,0.8803754294047222,1,0.1743599259222335,0.596398519785092,0.0,0.0,11.32354464893094,0.18642272109060215,3.9374789851604746
LD50-rf,0.026544776445552143,0,0.10472188589063963,0.07022100470026331,0.0,0.0,15.65090391886955,0.24875382205777488,3.697325017682339
LD50-rf,0.332550782592642,1,-0.04699454963833348,0.09600642444889747,0.0,0.0,23.67993978804328,0.4019003144398906,3.501200514420913
LD50-rf,1.354632369514296,1,0.09163913691595363,0.06114777491311634,0.0,0.0,13.820150665419089,0.4938913768062239,3.4208510084223143
LD50-rf,0.20018917040354878,1,0.13732306286885176,0.1703449585918122,0.0,0.0,18.25242971699298,0.16814349839278717,3.9348445272921952
LD50-rf,1.0162454587276828,1,0.1039373907097518,0.42058787867171477,0.0,0.0,6.739214904500633,0.2012777947460434,3.779399517791695
LD50-rf,0.16374829608732458,1,0.11096848748815802,0.29761415140656927,0.0,0.0,9.200987165492185,0.13363822375728132,4.001915650100123
LD50-rf,0.1789311785488943,0,0.07164507934916466,0.37254826198372143,0.0,0.0,9.14358323952074,0.2240792549366211,3.5926263959513616
LD50-rf,0.25052178899480865,1,0.11744879348836604,0.21656934673607575,0.0,0.0,7.20365573387779,0.2110930472470938,3.6213443483434506
LD50-rf,1.5053300689690843,1,0.07540901206584945,0.37976171822791693,0.0,0.0,16.727427693388204,0.17918976292488858,4.268233927879766
LD50-rf,0.1406748802652119,1,0.11657504436474248,0.30967629371653377,0.0,0.0,6.59263589102172,0.12798469640722648,4.084884143394509
LD50-rf,0.41396058802996194,1,0.11577058448613746,0.5112391365045981,0.0,0.0,10.502714944441648,0.14821524368335837,3.9692134227427878
LD50-rf,0.07031893695894992,1,0.04049780212235836,0.1677903461052165,0.0,0.0,8.972957968970086,0.21829631241266653,3.64541718914722
LD50-rf,0.4183441586976165,1,0.04031811984290352,0.2201003459049549,0.0,0.0,7.462474366418607,0.19422426965405093,3.8209615632000613
LD50-rf,0.3379888573795034,1,0.06996099837701926,0.2883435615151115,0.0,0.0,8.423255344723675,0.2201496304845433,3.5577906004012525
LD50-rf,2.251250879116035,1,0.024059809537198575,0.6728566721303759,0.0,0.0,16.183328392969834,0.568682648072503,3.322088539864261
LD50-rf,0.1199875318273594,1,0.042584700230797946,0.19333185930199165,0.0,0.0,11.013066855912477,0.19815937246817789,3.861084054206845
LD50-rf,0.05970556419466728,1,0.06547833654251509,0.4173454204431715,0.0,0.0,10.236552102249735,0.21168125424937423,3.6619675907766296
LD50-rf,1.2706018172643168,1,0.08892393802641377,0.09476917746957159,0.0,0.0,9.67152499527448,0.5596123932275354,3.419623537768489
LD50-rf,0.31818333756210054,1,0.18538396224408066,0.3842274123942076,0.0,0.0,18.41035927426794,0.19665154327633838,4.063799096223663
LD50-rf,0.4635512941142221,1,0.14114454089072145,0.2537845177204766,0.0,0.0,18.94718716916019,0.24647931240016627,3.550931289621454
LD50-rf,0.5441795727457545,1,0.03975910830682178,0.17452659828735936,0.0,0.0,8.52546112875929,0.22487937383545945,3.660747425572441
LD50-rf,3.1906409478133164,1,0.24054407324875093,0.228225784056754,0.0,0.0,8.784929819259743,0.7923403957610545,2.7903728818904865
LD50-rf,1.16361700492489,1,0.06914009698264711,0.32923557944931975,0.0,0.0,12.480290049848866,0.26019162497925197,3.6409517829430427
LD50-rf,2.109128060128067,1,0.17631176872258614,0.16498476181032307,0.0,0.0,11.073780714670571,0.5956783570556747,3.2994941848572603
LD50-rf,0.1314678290372733,0,0.10226387928345669,1.2129648880541946,0.0,0.0,14.640733841948236,0.234018055006654,3.8236415569027264
LD50-rf,1.4958308198694918,1,0.12246345579733453,0.08274791925409643,0.0,0.0,18.837610719203848,0.5017867456264518,3.619544344425428
LD50-rf,0.06702560717327559,0,0.13959786401462979,0.5750138137440363,0.0,0.0,12.146214979502217,0.12360525954765057,4.025172344813265
LD50-rf,0.49083927687420975,1,0.05578958617975391,0.17248957362518003,0.0,0.0,3.4719760041168386,0.18074164502544096,3.751498115763423
LD50-rf,0.8169777094284058,1,-0.048036237101578234,0.1164834017212077,0.0,0.0,10.147810733006057,0.4846753698471184,3.4963358356648557
LD50-rf,0.5181670141250282,1,0.16442220403499896,0.10498582845408803,0.0,0.0,8.800923135354378,0.2143289065832316,3.67420942492824
LD50-rf,1.9911416104646842,1,0.12681106232375175,0.44576807921045314,0.0,0.0,5.400124585277143,0.5287862652064663,3.182307356209637
LD50-rf,0.4493531598221711,1,0.025222459580729915,0.2349776261061192,0.0,0.0,6.009937745445744,0.14616108379169268,3.900812218750246
LD50-rf,0.34712838510622995,1,0.1255450656096843,0.3681671937328042,0.0,0.0,7.8124907392280845,0.21486299738902687,3.746729972011137
LD50-rf,0.6673225619950518,1,0.2663513810331966,0.3344987333092187,0.0,0.0,8.39510310844451,0.23007304462364317,3.6267154603055856
LD50-rf,0.28129045566320116,1,0.06981419912909863,0.24724660891510558,0.0,0.0,11.341443742832334,0.11448653059083072,4.120248202598391
LD50-rf,0.2349919867089131,1,0.14860664026102263,0.3322445944870687,0.0,0.0,14.165435656108855,0.12365679022283652,4.1702105726776875
LD50-rf,0.5673757569390147,1,0.1716423782447269,0.15805414498314604,0.0,0.0,7.121855387699557,0.1933346861570358,3.677777402508713
LD50-rf,0.04263971212140216,0,0.14074524693637736,1.035396620688388,0.0,0.0,17.59047105623249,0.15190709673804628,4.088306562879316
LD50-rf,4.017723074779172,1,0.11089802384915612,0.23675951610182072,0.0,0.0,9.818859443756319,0.9129254926814494,2.859076516320912
LD50-rf,1.000958342768087,1,0.1899382621115701,0.13825902170850973,0.0,0.0,10.340029032315659,0.5031871530741784,3.3675072757790536
LD50-rf,0.09206061677819417,1,0.1655778077146301,0.16054054416332264,0.0,0.0,15.834804697721982,0.22076454914196011,3.8013606328577154
LD50-rf,0.09516408986101983,1,0.13203946433769267,0.30248213814271835,0.0,0.0,9.926009428979766,0.15903145799132223,3.938644193051774
LD50-rf,0.671073126628241,1,0.10647877928975366,0.15866084289043883,0.0,0.0,15.473462462761677,0.17726650685706077,3.8524770819482255
LD50-rf,1.6552673114751384,1,0.06659283643272845,0.19576356536165,0.0,0.0,5.224105865480152,0.2469274384087377,3.464925727113727
LD50-rf,0.35841328267430983,1,0.08837667043016567,0.1298161268210609,0.0,0.0,12.436629679307373,0.19623231199810423,3.8512327289544235
LD50-mlp,2.0256390968958535,1,0.18639926577184068,0.0886254799861407,0.0,0.0,10.987019485426146,0.6707547562761872,4.574096902316935
LD50-mlp,0.6012515826150775,0,0.010544852616969238,0.09010151722447249,0.0,0.0,28.0974040156426,0.4581053737176515,4.495577357402643
LD50-mlp,1.8307788769404094,1,0.12243256209202327,0.04560072803114304,0.0,0.0,13.148728752062093,0.9352547810483738,4.372044843022377
LD50-mlp,1.423804799715678,1,0.14476653409817233,0.09509903133472272,0.0,0.0,11.02124774854674,0.5760712505179177,4.713313993732639
LD50-mlp,1.5644371906916301,1,0.044615096438207075,0.060775496397201145,0.0,0.0,16.637441801908636,0.9135781490811911,4.546483782669957
LD50-mlp,1.1857707500457764,1,0.14967959690283775,0.058451775706747776,0.0,0.0,13.176449668277964,0.8021494329241362,4.39394363996032
LD50-mlp,3.4708282947540283,1,0.45426130541924525,0.05809268737541118,0.0,0.0,4.24758250598863,1.0743224736285495,4.162973542849774
LD50-mlp,2.4944374561309814,1,0.1338652539537223,0.05702869357739818,0.0,0.0,11.511095238120564,0.726344908410426,4.518864331993123
LD50-mlp,2.9475419521331787,1,0.2596824095686441,0.0919814130910189,0.0,0.0,7.562668720474109,0.6752150151585972,4.6685508511578515
LD50-mlp,1.3030051390329997,1,0.44631068149487935,0.1536762479241151,0.0,0.0,10.321744583182504,0.4767928887669438,4.502790277000496
LD50-mlp,1.0307466785113018,1,0.41102083310267334,0.12848518877153398,0.0,0.0,8.374431180471102,0.3948586307525287,4.560099728857416
LD50-mlp,3.125855286916097,1,0.32614997789350386,0.09528119041332954,0.0,0.0,7.645808237834736,0.7280119611237403,4.618013459529544
LD50-mlp,2.278832952181498,1,0.21152300249472997,0.09621224239154798,0.0,0.0,7.427554190691097,0.6161101435338411,4.6742985993899975
LD50-mlp,1.8989466428756714,1,0.2440442251998321,0.05650315317211276,0.0,0.0,13.070171678625357,1.0356770986590464,4.374036060369268
LD50-mlp,1.5269909699757893,1,0.20396932257131464,0.08604541072731489,0.0,0.0,6.826629070377462,0.6498669948859473,4.5580194801616845
LD50-mlp,0.33519966155290604,1,0.0870646167292161,0.12757346422983162,0.0,0.0,7.538165348153575,0.3644781552938396,4.785217069950685
LD50-mlp,0.8476020097732544,1,0.12053592137742195,0.1325075011631022,0.0,0.0,7.8124907392280845,0.28464021972541453,4.812277260847733
LD50-mlp,2.655871311823527,1,0.14710474565406786,0.08060137078141497,0.0,0.0,11.64931728859445,0.8653987133059284,4.251642194474112
LD50-mlp,1.4695006211598713,1,0.38594407200119835,0.11100615211791849,0.0,0.0,6.250206936515219,0.5961556083139029,4.60197511260311
LD50-mlp,1.8055709600448608,1,0.30100334055517514,0.05496171218858283,0.0,0.0,10.838495831121305,0.7502444876273396,4.331795195052324
LD50-mlp,1.1627743641535442,1,0.27101938860171143,0.12728461677226216,0.0,0.0,8.244819080571563,0.5532125916396523,4.506730523609053
LD50-mlp,0.8820309614141782,1,0.01865108328726996,0.09034879379182911,0.0,0.0,20.651423022935212,0.7518884253579635,4.492942037417791
LD50-mlp,1.6619021495183308,1,0.21238383075714656,0.09546489448007685,0.0,0.0,13.62976103064427,0.5209768444840613,4.5887939521181735
LD50-mlp,0.6304926673571268,1,0.051055454134104096,0.13559247341592498,0.0,0.0,10.289257725029172,0.6802567967616333,4.511936326591491
LD50-mlp,0.8375670711199442,1,0.21822642367054693,0.15136477615252092,0.0,0.0,9.611806548803298,0.39877785479486255,4.701503366899786
LD50-mlp,3.019314686457316,1,0.22904843245386036,0.0616853378421014,0.0,0.0,6.96593693271808,0.6935496334008523,4.481951894115722
LD50-mlp,1.7117128372192383,1,0.18381325781298488,0.060963588955773015,0.0,0.0,10.88733904597587,0.7232968133640978,4.464475931170996
LD50-mlp,2.61710794766744,1,0.31434794020843515,0.07764181003561187,0.0,0.0,4.412057156275234,0.9660176327294276,4.096475838028068
LD50-mlp,2.3481855392456055,1,0.3592313848839712,0.0880765146132757,0.0,0.0,8.232360967556778,0.6232807375185361,4.469785285099171
LD50-mlp,2.523786783218384,1,0.3171629543216855,0.05170891487915587,0.0,0.0,5.987791274969133,0.9757496087507809,4.113553214608998
LD50-mlp,1.8553451697031658,1,0.17287087399979736,0.10598961660488493,0.0,0.0,12.135094516621383,0.5889409719703527,4.560377184030525
LD50-mlp,0.7103538711865743,1,0.3248998391686165,0.1267019022694387,0.0,0.0,8.833264304960807,0.4468454434915123,4.702846036216286
LD50-mlp,2.9279068311055503,1,0.2976128750795999,0.09331397937861423,0.0,0.0,5.847982229129587,0.6488332507592719,4.680028492481888
LD50-mlp,1.2017678022384644,1,0.18460479703381538,0.0902609184235693,0.0,0.0,9.71112948098999,0.7292361662957811,4.321374645707371
LD50-mlp,0.8129306634267172,1,0.08884616717135245,0.10264974952788711,0.0,0.0,7.517559972620495,0.5152520015708258,4.787751531762098
LD50-mlp,1.3404733339945476,1,0.25346225009812645,0.07502061679947639,0.0,0.0,8.954085124513727,0.8175588478352983,4.416715067493011
LD50-mlp,1.4578099648157756,1,0.08508753026294283,0.025127046871860265,0.0,0.0,14.974108981941834,1.0726343818079782,3.6111189620457598
LD50-mlp,1.6473145484924316,1,0.1034714397034191,0.09173319217574104,0.0,0.0,11.469344411626363,0.5637100927405746,4.731507737468763
LD50-mlp,0.356163889169693,1,0.19388365665366997,0.1674664783723476,0.0,0.0,8.298753055462862,0.5205033211669695,4.6138414625188995
LD50-mlp,2.037544767061869,1,0.14052463548446337,0.06685162681232218,0.0,0.0,14.729654247622346,0.709172565349644,4.4795958026589915
LD50-mlp,1.5325778722763062,1,0.128674447787445,0.08023195883934886,0.0,0.0,14.421981757088883,0.9719963698033752,4.551835589383936
LD50-mlp,2.149272163709005,1,0.1407871117691156,0.04361413350137312,0.0,0.0,8.04759750973414,0.9230637876464065,4.391458651638048
LD50-mlp,0.36722156157096225,1,0.08018327538729259,0.14362536309973425,0.0,0.0,5.474955742904113,0.349676666880584,4.832477073177893
LD50-mlp,2.062627116839091,1,0.1702373032242596,0.11153345874594778,0.0,0.0,10.147810733006057,0.7475066826950684,4.294507409126835
LD50-mlp,1.3102284669876099,1,0.20258589052066425,0.10523981713702338,0.0,0.0,12.146214979502217,0.600891409979955,4.546375510814711
LD50-mlp,1.5273019472757976,1,0.1468698675469965,0.14390647400006157,0.0,0.0,11.258811520709749,0.38841294836872153,4.679032673023085
LD50-mlp,0.7305161952972412,1,0.08426486969292535,0.027960965020310164,0.0,0.0,18.54127020712762,1.411851173726782,3.4373696402675757
LD50-mlp,2.572500705718994,1,0.20955589834800722,0.05547694656962201,0.0,0.0,6.366713147975036,0.8503350067050973,4.233087899304621
LD50-mlp,1.9161474307378132,1,0.1726894306620847,0.0850529872012168,0.0,0.0,14.041996451472832,1.328559123911825,4.024315514579873
LD50-mlp,1.8654157718022664,1,0.13786053055500636,0.06336299809791397,0.0,0.0,13.040114632206876,0.7135208232126805,4.553904745806483
LD50-mlp,1.8011491696039836,1,0.1908302412617421,0.0727276406817628,0.0,0.0,14.820075425365161,0.7914646839469298,4.441599986297667
LD50-mlp,1.3087249596913655,1,0.14497029085605673,0.03342181066934649,0.0,0.0,20.542328316034116,1.2004362396608983,4.090996964880759
LD50-mlp,1.4310309092203777,1,0.291214208247708,0.12452453518747213,0.0,0.0,5.404050343601368,0.40316817188353815,4.597560809409812
LD50-mlp,0.5365832050641378,0,0.3163138699646225,0.04499313503734604,0.0,0.0,36.41771457488002,0.7318799067608653,4.229969234625665
LD50-mlp,1.3287367820739746,1,0.2125781923907481,0.0842414885182109,0.0,0.0,13.484646950103544,0.6373291043731151,4.521826877255455
LD50-mlp,2.1721551020940146,1,0.2533166256717422,0.0953332156392541,0.0,0.0,9.185962609816599,0.5250156896272912,4.573649261110418
LD50-mlp,2.7615713278452554,1,0.3011225411945138,0.08270406419212276,0.0,0.0,7.379788057391811,0.6960773520508143,4.628299900114127
LD50-mlp,3.673568328221639,1,0.36003584240069064,0.06062946887457432,0.0,0.0,5.912706483503899,1.0368500304397503,4.215029674082624
LD50-mlp,0.7741057475407919,1,0.19204925863744252,0.09792236657229549,0.0,0.0,22.593219905083135,0.5303878357091315,4.483687391786553
LD50-mlp,1.4873202244440715,1,0.07787618518058405,0.08707539945462196,0.0,0.0,10.944782818925082,0.5626683950781246,4.713518594055856
Caco2-rf,1.4036976135979593,1,0.12170652053208623,0.3205398256425668,0.0,0.0,10.621512416527125,0.31600726530696627,3.2481958154890713
Caco2-rf,0.1702695038556551,1,0.15898789990471085,0.16053226153806333,0.0,0.0,7.43949730741295,0.26722197800359904,3.5672815852719397
Caco2-rf,1.5214797131581215,1,0.15658837063565811,0.18026949368846382,0.0,0.0,7.009290162584366,0.3803746761992408,3.029501757753588
Caco2-rf,1.598580271479021,1,0.1513077619260834,0.21959621346877686,0.0,0.0,7.9776524106952795,0.36235843884546143,2.985496918867193
Caco2-rf,1.5674610300469685,1,0.08796982022652043,0.08300255041513782,0.0,0.0,14.757460164267552,0.49607206037568674,2.7401460719386077
Caco2-rf,0.5187612222382983,1,0.07136925894957896,0.2797699238685435,0.0,0.0,5.810989493787821,0.22095074730719164,3.6746680883825418
Caco2-rf,0.06786280382620284,0,0.06624838395541843,0.10042286915056804,0.0,0.0,7.473792701487068,0.2766917052776057,3.383843072648008
Caco2-rf,1.2819202206634557,1,0.11575291609506795,0.5821092169164042,0.0,0.0,26.13064144077162,0.39011641052955964,2.879504790072942
Caco2-rf,0.5504926306044025,1,0.0691059731436736,0.6761820775010098,0.0,0.0,10.102326881971903,0.2827540062996914,3.2831613969852675
Caco2-rf,0.21196299666062599,1,0.177534628581956,0.13873455171053128,0.0,0.0,8.99119837714158,0.23749042412134175,3.693226952870582
Caco2-rf,0.023947129519415456,0,0.17116994473026886,0.08766972916336083,0.0,0.0,12.083497426384117,0.2486992334814565,3.5944251711540987
Caco2-rf,1.1565703172048067,1,0.1712380664618426,0.01990983753036497,0.0,0.0,15.037489416232024,0.5438164015024622,2.94154316329795
Caco2-rf,1.4656568473442253,1,0.2357105873458916,0.21135782287351346,0.0,0.0,9.048293492157196,0.3380333299607724,3.1121420141359333
Caco2-rf,0.15410663617238163,1,0.10355560260553652,0.11747166312962516,0.0,0.0,23.87820752018804,0.409996784848866,3.080488558183284
Caco2-rf,0.11089583858584033,1,0.06901436115983312,0.6069719518351016,0.0,0.0,7.801921245735616,0.2316654756588246,3.578286575046738
Caco2-rf,0.07655396254609037,1,0.21456701128055264,0.2981037689891724,0.0,0.0,6.400091424032055,0.23447924840668907,3.5895877933189175
Caco2-rf,1.0545231344120856,1,0.20857347341468083,0.0785829307986019,0.0,0.0,11.260440361096212,0.2893221854142907,3.3586421460126727
Caco2-rf,0.056295605574884756,1,0.13100513689189563,0.08111920142837471,0.0,0.0,13.175145993400283,0.23778824590391182,3.687416881360675
Caco2-rf,1.9206607701808327,1,0.1598864020539156,0.5991159258081369,0.0,0.0,9.03022236412857,0.5736059706974727,2.786932097449544
Caco2-rf,2.093239704170273,1,0.1816278050394444,0.35208223666163074,0.0,0.0,6.7855016266215475,0.5462912263623624,2.9996935830481926
Caco2-rf,1.3298800067726555,1,0.16056879388226594,0.06703358680938226,0.0,0.0,14.654455189106878,0.5129874019310757,3.064295334483698
Caco2-rf,0.12004886921909773,1,0.16378343490497632,0.8653651080188329,0.0,0.0,12.167948871610122,0.2438636058316003,3.58186153365198
Caco2-rf,0.8278690272119539,1,0.11770965410889168,0.08327555828788451,0.0,0.0,8.575753845788688,0.3063802823351673,3.184604229594173
Caco2-rf,0.5523309063659759,1,0.09323046222166836,0.14738717050665254,0.0,0.0,12.098777427068155,0.4474312458618694,3.113582827271025
Caco2-rf,0.3338407758049493,1,0.03577095615186993,0.15115226525491876,0.0,0.0,5.757869580939005,0.2622604093752679,3.5959744050837767
Caco2-rf,1.2732385691313455,1,-0.024042273195060995,0.6437270910668148,0.0,0.0,7.114297258471295,0.3797218250367466,2.937961421396679
Caco2-rf,1.4141096478675665,1,0.03245530704441233,0.6540611494506738,0.0,0.0,10.018112375807663,0.39610908288105035,2.906658499911664
Caco2-rf,0.8190155599919393,1,0.09812230725622768,0.08291093000577593,0.0,0.0,10.510771294706503,0.4168000372117722,3.1700288065883844
Caco2-rf,0.2666417955493882,1,0.08199507456246205,0.38142849927198147,0.0,0.0,9.633696328291794,0.2328700805884032,3.5817608822407667
Caco2-rf,0.16068988487370164,1,0.07965661994930295,0.44402572942173735,0.0,0.0,6.917809252809667,0.24049627654582292,3.444602089090788
Caco2-rf,0.38981549341217675,1,0.20435462410756508,0.0738989409640936,0.0,0.0,10.102302827476283,0.2972729269980353,3.3680441033814965
Caco2-rf,2.1902060054366106,1,0.12720676310035545,0.028097961285662,0.0,0.0,14.271675925297824,0.636301630544753,2.744088529073421
Caco2-rf,1.1756410025840462,1,0.1530260738793992,0.506565897883964,0.0,0.0,6.6023824138331975,0.2747396752149866,3.230419794960972
Caco2-rf,0.33682493009582437,1,0.01815796500222975,0.17876404400309073,0.0,0.0,4.211871450448473,0.24206229923591596,3.6006642370771553
Caco2-rf,0.08791727694096808,0,0.0656329393460285,0.11400071871396221,0.0,0.0,12.410406551823966,0.3064836677347411,3.34800538806473
Caco2-rf,1.9336834323405547,1,0.14692095731526011,0.031691701093046386,0.0,0.0,5.399101978752295,0.6420824212032181,2.776659369513334
Caco2-rf,1.1600877467069977,1,0.11352369115494947,0.21991353057199525,0.0,0.0,4.7985300983600405,0.30770244602401536,3.2026961128014717
Caco2-rf,0.2666928893354869,1,0.10372355790924409,0.11169999360806858,0.0,0.0,6.288623375144793,0.2801002384485516,3.3612506140178695
Caco2-rf,0.3251533116829413,1,0.04280628670577395,0.07603818098513132,0.0,0.0,8.528607784064093,0.35077893164570595,3.22372367095941
Caco2-rf,0.5001461236797489,0,0.1376951607374778,0.03560701303130346,0.0,0.0,6.237337712722699,0.365705405943793,3.2477600003631295
Caco2-rf,0.7929601068350975,1,0.21651200416824296,0.39015656313249736,0.0,0.0,8.518668893325897,0.30557931317626297,3.220915695315438
Caco2-rf,1.562190039094767,1,0.19218432440814046,0.04745269317874135,0.0,0.0,9.895889442855747,0.5598101352306941,2.782255896494699
Caco2-rf,0.4044541322284907,1,0.23597250365866632,0.28941615872472004,0.0,0.0,6.24896831368266,0.2270937759792654,3.724330540471283
Caco2-rf,0.25740186795285563,1,0.11800915482529327,0.9059078123153699,0.0,0.0,7.915193042814657,0.24234270463956603,3.6592745512323903
Caco2-rf,0.4053641098504161,1,0.041442677561686715,0.0948927658903047,0.0,0.0,8.681872143135953,0.2538345129291083,3.5240634635322285
Caco2-rf,1.1652173795350664,1,0.12985059099298282,0.6201494547970514,0.0,0.0,10.05262158320833,0.37748212556630306,2.9754887273620785
Caco2-rf,0.8209891581747187,1,0.17034073882525114,0.16799309963031397,0.0,0.0,24.86806699860064,0.3184185068713538,3.2114960698158077
Caco2-rf,0.19439689544211802,1,0.06124143668475184,0.052173407145703156,0.0,0.0,12.451754513041232,0.2464942695748582,3.6130697818838247
Caco2-rf,1.011984278356968,1,0.0846118886649826,0.4665831223914202,0.0,0.0,10.89403975194848,0.3579048046562926,2.952295304914654
Caco2-rf,0.4107304031438272,1,0.13224659672419553,0.08153817056452875,0.0,0.0,9.335814810688209,0.28780773655445624,3.3662195641940786
Caco2-rf,0.1266923809037651,1,0.16215790944811437,0.093467283611607,0.0,0.0,10.560053331583104,0.2175070114782829,3.5730398269349024
Caco2-rf,0.3740583653308338,1,0.06587019089392308,0.36752518301326903,0.0,0.0,7.288655357703098,0.2275131676328526,3.4952564904538965
Caco2-rf,0.1644808440688208,1,0.09999800389973097,0.18307313676357734,0.0,0.0,11.420803876211883,0.27776163034560525,3.4355526893135924
Caco2-rf,0.6009744223876851,1,0.0675297772165719,0.04861384365635622,0.0,0.0,15.129753901682557,0.37299566801064915,3.283155245343866
Caco2-rf,0.09995837961681116,1,-0.026245658857686024,0.07111309262401114,0.0,0.0,6.420279888596329,0.2597467520683634,3.5811586997122005
Caco2-rf,0.2056747544611779,1,0.13327664428609434,0.14108487312489176,0.0,0.0,30.15313456908092,0.28647461609128627,3.562370640885039
Caco2-rf,0.22194803837040236,1,0.07567032413962846,0.03614837924232414,0.0,0.0,20.453283771605786,0.29048997076218513,3.5053073521608313
Caco2-rf,0.8278690272119539,1,0.0634988499275905,0.11127281287731566,0.0,0.0,8.575753845788688,0.3063802823351673,3.184604229594173
Caco2-rf,1.3316071426376161,1,0.11680997744707357,0.041582925573003214,0.0,0.0,7.014814333517589,0.4687767061171756,2.9516717779460535
Caco2-rf,1.0585704669875218,1,0.086882221546568,0.40327838476870576,0.0,0.0,10.758563397491434,0.3187975859037371,3.2701210626431534
Caco2-mlp,1.2086440324783325,1,0.23199894785609232,0.13133646858880682,0.0,0.0,7.080954314270649,0.7457918890065026,4.7639031472027185
Caco2-mlp,1.9496912558873494,1,0.18892443504100542,0.13042492402832703,0.0,0.0,7.297948924076783,0.6948682741111848,4.776207199979279
Caco2-mlp,2.935340245564779,1,0.2639903792458725,0.08729771109508933,0.0,0.0,6.6023824138331975,0.8658501418032111,4.590316549960953
Caco2-mlp,2.7902143001556396,1,0.14745654036619818,0.1019904011164495,0.0,0.0,7.7475815360479405,0.8187654874840273,4.570093870832578
Caco2-mlp,1.5408790906270344,1,0.13798829808042704,0.135469305948256,0.0,0.0,9.67393695168436,0.8131500936874358,4.8146577998170175
Caco2-mlp,2.997137268384298,1,0.04571815129006471,0.0659828603784318,0.0,0.0,20.90853287194336,1.2120050965785298,4.628192293475251
Caco2-mlp,1.850134551525116,1,0.2987499385279328,0.13042340880545214,0.0,0.0,4.7985300983600405,0.763938811219605,4.779402245228951
Caco2-mlp,3.546619097391764,1,0.2582662149068935,0.09012331366537878,0.0,0.0,11.927336085384187,1.0354279628054048,4.616857445923788
Caco2-mlp,3.046457886695862,1,0.38927371019066653,0.13299418645594582,0.0,0.0,7.0089757527712635,0.8537873162747305,4.6477902216877425
Caco2-mlp,2.90950338045756,1,0.2002893792979402,0.0521208284614128,0.0,0.0,15.129753901682557,1.3944478338823727,4.3655263442522845
Caco2-mlp,4.1449408531188965,1,0.13276091698219236,0.06971242830281256,0.0,0.0,13.41982383505092,1.1780016285864874,4.4920412068628535
Caco2-mlp,3.078280210494995,1,0.2421013815130266,0.05760787222225808,0.0,0.0,7.320434582411954,1.6031222326920904,4.288327318534915
Caco2-mlp,2.6364362239837646,1,0.21667970295710948,0.09135778218028869,0.0,0.0,7.801921245735616,0.8697103776574728,4.681140898679945
Caco2-mlp,1.4775303999582927,1,0.2192669688657617,0.1194579195891898,0.0,0.0,10.758563397491434,0.8124833582858407,4.703479616659537
Caco2-mlp,3.0820771058400473,1,0.0696459568383533,0.0564962413854058,0.0,0.0,15.642143950173752,1.1797152927940657,4.466140316055498
Caco2-mlp,2.714984973271688,1,0.2793425081418786,0.08288682290179712,0.0,0.0,8.63850780193757,0.9988614169602865,4.428078023882904
Caco2-mlp,2.617379665374756,1,0.2442834696012135,0.04686897631488258,0.0,0.0,12.410406551823966,1.6277721365647078,4.3169946145495315
Caco2-mlp,2.1161890427271524,1,0.18580162975225997,0.1090191659320684,0.0,0.0,6.364553510093161,0.779220307981635,4.721343255633398
Caco2-mlp,4.198317448298137,1,0.11430125036748735,0.06198258746885421,0.0,0.0,7.761503246782686,1.3492219914396129,4.547681631229385
Caco2-mlp,1.8195693890253704,1,0.17885371095262934,0.10770861643076354,0.0,0.0,7.476783890950325,0.9078396155265175,4.799272930711398
Caco2-mlp,2.271846055984497,1,0.29103394351211587,0.11829886544549886,0.0,0.0,8.084340466161757,0.9995887498700884,4.761179685953677
Caco2-mlp,1.9181535243988037,1,0.3190287948351037,0.12467891184632823,0.0,0.0,8.186177506737245,0.7729868932897952,4.719205652305334
Caco2-mlp,0.7021380191047987,1,0.23213283270111562,0.035433775868495075,0.0,0.0,25.501247781031815,1.746132066094533,3.964118770692507
Caco2-mlp,3.8532511393229165,1,0.2316113864626038,0.08439073078475005,0.0,0.0,11.354011291464571,1.1566690737603944,4.553604709739113
Caco2-mlp,3.4785147507985434,1,0.04993787276522917,0.04628387491953125,0.0,0.0,17.51486442819178,1.6382503585444244,4.442712361212828
Caco2-mlp,4.131296078364055,1,0.1555002009237828,0.08308885962018539,0.0,0.0,12.742809192952347,1.3439432861314047,4.452325686227514
Caco2-mlp,5.845203240712483,1,0.216624504819249,0.06533408997038807,0.0,0.0,14.271675925297824,1.6777301348815812,4.3767857934495495
Caco2-mlp,3.3300016721089682,1,0.3027007158845856,0.07045064712633922,0.0,0.0,7.473792701487068,1.588641468230475,4.312199599029916
Caco2-mlp,2.311989188194275,1,0.13794249537028747,0.11182165472151713,0.0,0.0,10.621512416527125,0.8285641135707044,4.681581094956517
Caco2-mlp,1.600012719631195,1,0.2465571631096795,0.12338381935453349,0.0,0.0,5.250819603981911,0.7645731573335407,4.740118931104409
Caco2-mlp,3.468107541402181,1,0.14501255473029026,0.05547351357164876,0.0,0.0,9.633696328291794,1.2851444973800519,4.363456254536516
Caco2-mlp,2.9039790630340576,1,0.3147068980834741,0.09855313292425893,0.0,0.0,6.988577826995119,0.9391318506257791,4.624115170111171
Caco2-mlp,3.8046327431996665,1,0.4100575707378376,0.07149024980020197,0.0,0.0,5.757869580939005,1.290740606342551,4.301272745209882
Caco2-mlp,2.9758967558542886,1,0.2164565615487373,0.049053007699607284,0.0,0.0,9.992132932955979,1.4938492762917792,4.304114390919278
Caco2-mlp,1.8780918916066487,1,0.2886428071571381,0.1072584047360279,0.0,0.0,7.009290162584366,0.8975156025075093,4.696391988628678
Caco2-mlp,2.0901822249094644,1,0.16661851520304305,0.10863232983776,0.0,0.0,8.575753845788688,0.7993629622578645,4.790198700247084
Caco2-mlp,2.3435887495676675,1,0.14065072741084667,0.06331503764511599,0.0,0.0,7.915193042814657,1.4089033488428055,4.342617232821546
Caco2-mlp,1.8116629123687744,1,0.10579369056618164,0.10956752911489968,0.0,0.0,7.810779605012728,0.7804879128372235,4.788513243552457
Caco2-mlp,2.715742349624634,1,0.20697422612138472,0.1069960480461699,0.0,0.0,7.553701943215431,0.8537880224442176,4.692576336434483
Caco2-mlp,5.265011787414551,1,0.23254153380697626,0.05224814697716848,0.0,0.0,13.743956445645818,1.6028228636869222,4.447127986350964
Caco2-mlp,1.7388935883839924,1,0.18003518598853677,0.10010700268194951,0.0,0.0,8.717514130411688,0.9596440321658557,4.724332807060323
Caco2-mlp,2.24925688902537,1,0.2102285673982232,0.11535798262689927,0.0,0.0,7.727596124081785,0.6065872138820503,4.746159005809088
Caco2-mlp,3.0712548096974692,1,0.2910128037997437,0.09989480803608225,0.0,0.0,6.990634292893821,0.9052240534171474,4.656771866644293
Caco2-mlp,2.9466516971588135,1,0.29868886824774676,0.0714091955501889,0.0,0.0,10.018112375807663,1.224272942574281,4.427159569149646
Caco2-mlp,2.8964856465657554,1,0.25846117003210284,0.01776723986279683,0.0,0.0,26.27857432251711,3.432522662129119,3.519534926655193
Caco2-mlp,2.361037810643514,1,0.29869943810393285,0.14921732044646707,0.0,0.0,9.226372612176963,0.6996782603355686,4.677467247023101
Caco2-mlp,1.3518894116083782,1,0.1470560602595934,0.0869690191451418,0.0,0.0,12.083497426384117,1.0595253486594154,4.397594220667116
Caco2-mlp,1.5985502401987712,1,0.10274252541380832,0.11438768287409601,0.0,0.0,10.102326881971903,0.6719148586363425,4.666403213952989
Caco2-mlp,3.4002834955851235,1,0.17142075319690542,0.10284757337287262,0.0,0.0,11.411404302576354,1.0226009104088323,4.579307229476829
Caco2-mlp,3.667254606882731,1,0.19390753501849575,0.08092117281992818,0.0,0.0,14.757460164267552,1.2222663840699253,4.4710692049844845
Caco2-mlp,5.3333671887715655,1,0.16160370565699453,0.043431762870873664,0.0,0.0,12.129327932812682,1.6690684744738973,4.398271349913935
Caco2-mlp,2.917435963948568,1,0.20075797625552175,0.08232186010001126,0.0,0.0,6.0200863107275495,0.8564005409556154,4.615660853339083
Caco2-mlp,3.4688512484232583,1,0.21895926860790108,0.09635328069243267,0.0,0.0,12.221467167250001,1.0124931686415306,4.63115538483426
Caco2-mlp,3.8693482875823975,1,0.2162933159920861,0.055354795440742066,0.0,0.0,6.288623375144793,1.3191717279232864,4.538444050195476
Caco2-mlp,2.8804354667663574,1,0.24564345776381868,0.10815566168838855,0.0,0.0,5.621338301251271,0.8765018970572631,4.62086331445735
Caco2-mlp,3.320023854573568,1,0.1625561671422042,0.061671893206581035,0.0,0.0,4.857153840036301,1.089968775850576,4.484588680619634
Caco2-mlp,3.9502392609914145,1,0.11301407676971939,0.05059839418752636,0.0,0.0,6.4283367043712545,1.4116594731532315,4.622784458209424
Caco2-mlp,3.157968282699585,1,0.32654161372645557,0.09665928297455259,0.0,0.0,6.434520672351259,1.0227705700071,4.538238949095466
Caco2-mlp,3.2537716229756675,1,0.12923998044377236,0.0655779632827218,0.0,0.0,15.037489416232024,1.0495297312307394,4.68904852176957
Caco2-mlp,2.283643444379171,1,0.22041673433311096,0.10101300411871351,0.0,0.0,9.134735683272051,0.819296159175174,4.5548318723311
HIA-rf,0.003717948717948801,1,0.23925767705827633,0.2272122550079048,0.9978108509847641,0.9956217019695282,7.498934690847446,0.021935958182073174,4.241479895514911
HIA-rf,0.0011111111111110998,0,0.25360456323539166,2.181132314505072,0.9955458937198068,0.9910917874396136,7.2728097970386925,0.019718108281475143,4.246767986937343
HIA-rf,-0.03677136752136756,0,0.15238840606302595,0.4073712244959844,0.9358673271173271,0.8717346542346542,9.905373663919562,0.024968616278943062,4.292398423260455
HIA-rf,-0.0011111111111112109,0,0.160412815842575,0.16131989852775605,0.9965845410628018,0.9931690821256037,10.685027344816232,0.019473425174328294,4.231483612334388
HIA-rf,0.5998373281308065,1,0.12722334818105835,0.08501105733900892,0.6056038647342995,0.211207729468599,8.474085709994771,0.3392975397389474,2.025837473920925
HIA-rf,-0.2133333333333333,0,0.1394808019570406,0.14607968685871628,0.7565458937198067,0.5130917874396135,14.818706608875521,0.08161223155832309,3.8336736156049263
HIA-rf,-0.05003904991948475,0,0.12269938546812016,0.44916766946830644,0.9466086956521739,0.8932173913043477,23.014782604503676,0.02900245305680355,4.282739618552622
HIA-rf,-0.02788247863247865,0,0.20675369398382815,0.45452665443822643,0.9698856373095504,0.9397712746191007,12.376586926204046,0.02556503110260635,4.25741656449722
HIA-rf,-0.0011111111111110998,0,0.21456963164669143,0.22360242345513862,0.9966570048309179,0.9933140096618358,8.671114025684004,0.019412742892480357,4.250443483238869
HIA-rf,-0.002257122507122511,0,0.12359687559758095,0.214986059128463,0.9898856373095504,0.9797712746191007,8.376665110229444,0.0201021709722745,4.266108045502097
HIA-rf,-0.04671497584541059,0,0.18209744940360215,0.3156895519500226,0.9499420289855073,0.8998840579710146,23.428476196693484,0.028911607900126937,4.263912375940423
HIA-rf,-0.0011111111111110998,0,0.1846627164665491,0.17132103512337807,0.9965523039762171,0.993104607952434,6.852697238943558,0.019579458875084554,4.224272561992493
HIA-rf,-0.1661364468864469,0,0.2193067777105908,0.19680725387023307,0.8160761135000265,0.632152227000053,9.597239379155052,0.0664826871400887,3.810144352389939
HIA-rf,-0.005555555555555573,0,0.1379991187774321,0.33741736238819064,0.9899903381642512,0.9799806763285024,9.510999805115935,0.02031281604918411,4.254102467185123
HIA-rf,-0.07655555555555545,0,0.13971518586224102,0.2344884249216665,0.9049903381642512,0.8099806763285025,11.744693815008112,0.04185728826391937,4.237755968755301
HIA-rf,-0.006111111111111141,0,0.20574666765746466,0.5437020644800143,0.9883236714975845,0.976647342995169,9.59829004221237,0.02074548656934212,4.279900680887447
HIA-rf,-0.011111111111111219,0,0.11957819276067777,2.0919028044816206,0.9865845410628018,0.9731690821256037,10.55864507558566,0.02050397264999419,4.288262656231437
HIA-rf,-0.004549145299145259,0,0.23539799837816736,0.4013251920344131,0.9898856373095504,0.9797712746191007,10.946138708526188,0.020475996163454874,4.261519918162994
HIA-rf,-0.0011111111111110998,1,0.28255863128333747,2.2693412142555762,0.9966570048309179,0.9933140096618358,9.544255767704488,0.018856859641684782,4.270410035607368
HIA-rf,-0.022222222222222254,0,0.22426299616829554,0.29094921455606776,0.95987922705314,0.9197584541062801,10.917641518575465,0.029726704122350695,4.253380679527009
HIA-rf,-0.0022222222222221997,1,0.18755894773734186,0.22117487380763545,0.9866570048309179,0.9733140096618358,7.976003314488847,0.023443289652917164,4.287357810483197
HIA-rf,0.6354814814814814,1,0.19265532541473934,0.035489976112420454,0.65,0.30000000000000004,15.49487495645728,0.330599769774756,2.295539210997018
HIA-rf,0.0033333333333333734,1,0.22813916416836835,0.20488919435547864,0.9966570048309179,0.9933140096618358,7.990916256999699,0.01982824486114897,4.286017725320056
HIA-rf,-0.08556723027375195,0,0.2878281468203553,0.10007516183102513,0.8783961352657006,0.7567922705314011,10.312790015160076,0.06473432733846446,3.901109539461405
HIA-rf,-0.003504273504273477,0,0.1530503344787175,3.9291503377253942,0.9928108509847641,0.9856217019695281,9.627188961759268,0.019727699985354587,4.258659334529501
HIA-rf,-0.024444444444444418,0,0.21154619705046326,0.15437340433336502,0.96656038647343,0.9331207729468599,9.590335739893968,0.02739849021740294,4.236626266987972
HIA-rf,0.5336589867459431,1,0.18312449847563597,0.12047044093636117,0.5838373015873015,0.1676746031746031,11.973991732171582,0.13484497773145412,3.6437799139041456
HIA-rf,0.5432565650935216,1,0.18617620047751646,0.12524878098879524,0.6171428571428571,0.2342857142857142,11.730810406026318,0.15009685831911637,3.6345626841307768
HIA-rf,-0.38777777777777783,0,0.15936103279059535,0.07219985329925856,0.5366570048309178,0.07331400966183571,16.100625881735137,0.14624760180141644,3.7573472851035943
HIA-rf,-0.02334943639291472,0,0.1172072641115904,0.10785495636782201,0.9765603864734299,0.9531207729468598,8.629240987613608,0.03109952649465166,3.993322089869344
HIA-rf,-0.02544444444444438,0,0.23446752960877887,0.4184271674338984,0.9566570048309179,0.9133140096618357,9.24835679998749,0.024236389366698922,4.281380373406893
HIA-rf,-0.0034210526315789913,0,0.22171539623388126,1.13858633625902,0.9965692855326722,0.9931385710653444,8.024648286278389,0.020531103924008084,4.245100586131013
HIA-rf,0.0033333333333332993,1,0.1735465591937788,0.3267042493953956,0.9965603864734299,0.9931207729468599,10.441215247500626,0.020605265715488805,4.334399309883699
HIA-rf,-0.004444444444444473,0,0.2685968885082348,3.95994521726357,0.9899903381642512,0.9799806763285024,10.164874029864276,0.020075102874319507,4.249499873336197
HIA-rf,0.49824430641821943,1,0.18677217161335263,0.23693703066577193,0.6171428571428571,0.2342857142857142,19.878520129345375,0.14030509023050808,3.6273883322813854
HIA-rf,3.700743415417188e-17,1,0.17270324825848493,0.16772220650823957,0.9966570048309179,0.9933140096618358,9.28009292831423,0.019262953168489774,4.246385798016602
HIA-rf,0.0006360398860399593,0,0.18450960135259908,1.3088191582256843,0.9550341880341882,0.9100683760683762,10.074292136784228,0.03039061322571051,4.306850188950604
HIA-rf,0.0011111111111110998,1,0.1983453186108352,2.1155685578108887,0.9998856373095504,0.9997712746191008,10.142315703544119,0.01952070293744037,4.216305508233992
HIA-rf,-0.02103864734299521,0,0.17233577198500494,0.2629158285992588,0.9699420289855073,0.9398840579710146,18.183227981488564,0.024112502704714753,4.355016057979617
HIA-rf,0.6165362009166357,1,0.23764643493609475,0.05291708982934101,0.6205555555555555,0.24111111111111105,8.439476565405252,0.3560116930658362,1.9173442201008446
HIA-rf,0.5009935587761675,1,0.20480913203666312,0.2777092956271936,0.56,0.12000000000000005,28.105154098322622,0.17000329558300953,3.4810622175683603
HIA-rf,-0.0033333333333333734,0,0.19295802221693278,0.2525449849367074,0.9933236714975845,0.986647342995169,9.243094596201763,0.020340131232131995,4.307175325986568
HIA-rf,-0.00017094017094006672,0,0.17476441325396577,0.23892970184241202,0.9994775176514308,0.9989550353028614,7.897483937447946,0.019925357288924576,4.198384445446636
HIA-rf,-0.04563361301805243,0,0.18569918800713375,0.13784381806788848,0.9531973048563437,0.9063946097126875,15.730142328497172,0.040712573003435844,4.058684214996005
HIA-rf,-0.13614975845410615,0,0.2626513108526992,0.3311776468014444,0.8515072463768116,0.7030144927536233,21.597701811843603,0.06300988892210865,3.9770318984743747
HIA-rf,-0.002564102564102407,0,0.11837093897761043,4.076870054250925,0.9961441843180975,0.9922883686361949,10.025703363481743,0.01942683008607052,4.312743535012108
HIA-rf,0.6057922705314011,1,0.23375142199892038,0.026250535968534446,0.6248985507246377,0.24979710144927542,11.083678086714917,0.3470062090347696,2.1424405792503443
HIA-rf,0.0,0,0.24035775026157866,0.27946364790005623,0.9999903381642512,0.9999806763285024,8.611731964868834,0.020039080562641986,4.268650625540028
HIA-rf,-0.11007249473553815,0,0.1308992887244273,0.2605752341575671,0.885441192865106,0.770882385730212,12.122473903332082,0.08072048454736472,3.5086685138391838
HIA-rf,-0.1633816425120773,0,0.16765987196668558,0.10422950148453108,0.8332753623188406,0.6665507246376812,24.853946504020108,0.10384015151895751,3.5103675719073255
HIA-rf,0.5611046698872785,1,0.5705504934947624,0.08420345677800166,0.87,0.74,30.44043931215116,0.18013431790175177,3.801676837895913
HIA-rf,-0.0666666666666667,0,0.13583077320218626,0.2158151403175235,0.9198900966183574,0.8397801932367149,10.192339276843644,0.040205178496992525,4.196551555845396
HIA-rf,-0.06975976800976784,0,0.25108169728092317,1.0916036666221656,0.9131237325476457,0.8262474650952912,10.00513486383355,0.03611978162138495,4.12922235744431
HIA-rf,-0.3757981261894306,0,0.26736136731951515,0.23656597411224128,0.5887070707070707,0.17741414141414147,12.475569159056331,0.1105957262400298,3.733874414112091
HIA-rf,0.0,1,0.14834381143760816,0.05222527940865836,0.9964734299516906,0.9929468599033815,10.866076088097776,0.01969460496931459,4.283681805533325
HIA-rf,-0.013437155691160182,0,0.21227054932030368,1.1525911983263888,0.9830154866745255,0.9660309733490511,9.438542853476687,0.022991081248781464,4.23256485194818
HIA-rf,-0.018888888888888993,0,0.1867203480363234,0.23635712413809007,0.9765845410628018,0.9531690821256037,11.043727198836738,0.023508239010613448,4.221528393619016
HIA-rf,-0.11471626180836703,0,0.1581584902418034,0.20314273662289595,0.8429244851258582,0.6858489702517163,10.54139826356957,0.05269822097936744,3.9694595489806757
HIA-rf,0.5880545808966863,1,0.11998218109979202,0.03746832679055924,0.6336842105263158,0.26736842105263164,10.855912433026345,0.31715124641708065,2.420360967331037
HIA-rf,-0.023333333333333355,0,0.1941216970829528,0.06808836040127188,0.9731515151515151,0.9463030303030302,12.419664354321524,0.027040093375166146,4.134225105151552
HIA-mlp,0.01494439442952474,1,0.2442499486647861,0.06106752756674771,0.9999899864196777,0.9999799132347107,13.022379668747096,1.7953748276127373,4.438645089827558
HIA-mlp,0.029604156812032063,1,0.22030099648196122,0.09434047139114385,0.9999219179153442,0.9998438954353333,9.905373663919562,1.7971717690967486,4.663466989194548
HIA-mlp,0.046751181284586586,1,0.22363200326913588,0.07683233234380235,0.9995549321174622,0.9991098642349243,6.735653829586272,2.165694059272637,4.657797393483444
HIA-mlp,0.009507417678833008,1,0.17778426545743997,0.11505509400550266,0.9999880790710449,0.9999761581420898,10.685027344816232,1.0552935456908075,4.643042833823623
HIA-mlp,0.005917191505432129,1,0.2532910011134028,0.04547219468832781,0.999990701675415,0.9999813437461853,23.428476196693484,3.504998652613256,3.7355264528279273
HIA-mlp,0.7901318868001302,1,0.22775678792835602,0.07933057902120934,0.8890190720558167,0.7780381441116333,10.94437621126302,1.8969562738279127,4.6714190332794665
HIA-mlp,0.01120509703954061,1,0.019329470626422245,0.13849474736143644,0.9999613761901855,0.9999226927757263,9.28009292831423,0.86150699858411,4.795934813998713
HIA-mlp,0.004530608654022217,1,0.13272875757449915,0.019122560957478038,0.9999998807907104,0.9999997615814209,21.15223489429761,4.562575755008128,3.542081575525115
HIA-mlp,0.0333520770072937,1,0.2777015490886677,0.08324752202426074,0.9995718598365784,0.9991437196731567,7.686198865950786,1.5892472880371993,4.586634533996564
HIA-mlp,0.008757452170054117,1,0.27433413143745833,0.0765849322386612,1.0,1.0,10.866076088097776,1.6313917069162738,4.447466158434017
HIA-mlp,0.02448954184850057,1,0.09928302987062321,0.05279765578355917,0.9999805688858032,0.9999611973762512,15.730142328497172,1.7749517246224888,4.2820646041851305
HIA-mlp,0.019525726636250813,1,0.19590101940270646,0.08440283795004859,0.9989522695541382,0.9979045391082764,10.54139826356957,2.350754633709898,4.67847520414168
HIA-mlp,0.005535721778869629,1,0.1373194628028744,0.040170098343765094,0.9999994039535522,0.9999987483024597,21.597701811843603,4.610492434307607,4.004447598502975
HIA-mlp,0.06190520524978638,1,0.11035956707317986,0.0845738808512124,0.9999779462814331,0.9999558925628662,8.111138099215662,1.4959206965932603,4.4453940183529905
HIA-mlp,0.05320521195729574,1,0.14217150407149873,0.09067382986192578,0.9999649524688721,0.9999299645423889,9.392796585581692,1.716713816188502,4.644724037491387
HIA-mlp,0.011231164137522379,1,0.2166012671268568,0.0685174521870548,0.9996071457862854,0.9992142915725708,11.257225175843383,2.4421174773662613,4.696450239530792
HIA-mlp,0.006301482518513997,1,0.09039349359815088,0.1334557963713258,0.9999730587005615,0.9999461770057678,8.671114025684004,0.9276437407810941,4.702939735675678
HIA-mlp,0.016516069571177166,1,0.18670962532194643,0.1193740374817658,0.9996391534805298,0.9992783665657043,5.608663479161853,1.3312160624504104,4.687862626473444
HIA-mlp,0.446053147315979,1,0.18929186030840747,0.07152589897423199,0.9999997615814209,0.999999463558197,10.192339276843644,2.8478512097517914,4.286318857847755
HIA-mlp,0.055989205837249756,1,0.0114024731628673,0.11372526250039292,0.9999920129776001,0.9999840259552002,22.42854318910151,1.7216482690264467,4.33011701842055
HIA-mlp,0.017844557762145996,1,0.22518651225461742,0.0368404884514482,0.9998099207878113,0.9996197819709778,17.40320538101431,3.7566437109894957,4.151304435643902
HIA-mlp,0.00768814484278361,1,0.19848149257316577,0.07141408141646663,1.0,0.9999999403953552,4.649587578249743,1.6322289647542532,4.468497093520092
HIA-mlp,0.011814117431640625,1,0.24477555710528706,0.07176970447872456,0.9898356795310974,0.9796713590621948,8.629240987613608,2.463978550298114,4.366106098078702
HIA-mlp,0.02330090602238973,1,0.13387212218105748,0.1215635312466012,0.9998941421508789,0.9997883439064026,11.95230895586285,1.6061274442857525,4.609929136940842
HIA-mlp,0.00672149658203125,1,0.2424575945190779,0.12078107780413283,0.9999972581863403,0.9999944567680359,8.376665110229444,1.2574547251370816,4.693356771456758
HIA-mlp,0.015597780545552572,1,0.2173963491671929,0.10649869946871958,0.9999644756317139,0.9999289512634277,8.024648286278389,1.2840228946476981,4.525062109115833
HIA-mlp,0.008268793423970541,1,0.13171747518953533,0.06687992527379023,0.9999902248382568,0.9999804496765137,12.419664354321524,1.4832167713269098,4.480398052363386
HIA-mlp,0.03203725814819336,1,0.15006209067101897,0.13886119290912866,0.9999384880065918,0.9998769760131836,6.852697238943558,1.1355284654472269,4.730791068107342
HIA-mlp,0.5776847998301188,1,0.20676437686905993,0.08246081573820428,0.9851223230361938,0.9702445864677429,12.475569159056331,1.8202943416334783,4.6294649552924465
HIA-mlp,-0.15615336100260416,0,0.2705689471971967,0.04510160417868781,0.8412048816680908,0.6824098229408264,15.49487495645728,3.3494448672073203,4.345408187111483
HIA-mlp,0.008359412352244059,1,0.15517253161988956,0.09381697987858596,0.9998363256454468,0.9996726512908936,10.00513486383355,2.122290627345769,4.6783340518345335
HIA-mlp,0.007536013921101888,1,0.27853195169745915,0.09475843411651871,0.9999994039535522,0.9999988079071045,8.282146067312263,1.3305277508135096,4.688998558859739
HIA-mlp,-0.2558411955833435,0,0.056827375134160196,1.914497647180623,0.5972415208816528,0.19448304176330566,13.013584061247059,1.8058296694182208,4.682641840433254
HIA-mlp,0.00568010409673055,1,0.06175752357885895,0.101657798105451,0.9999088048934937,0.9998176097869873,7.415890721936362,1.6775326526266556,4.697162070567931
HIA-mlp,0.07229928175608318,1,0.14921172081420847,0.089009604375292,0.9999608993530273,0.9999218583106995,10.651435021931253,1.9150588654301295,4.556191959907226
HIA-mlp,0.005391101042429606,1,0.20330240842576044,0.07360588664357902,0.9999418258666992,0.9998835921287537,9.510999805115935,1.5537095220793165,4.511859092852783
HIA-mlp,-0.20465670029322305,0,0.23648928920853574,0.05622695559499708,0.7870163321495056,0.5740326642990112,15.175184927472117,3.4034051041260573,4.265873367983836
HIA-mlp,0.057163516680399575,1,0.16591902195813163,0.1165766439660375,0.9998190999031067,0.9996381402015686,6.935229287430741,1.4481006933508287,4.520634786985065
HIA-mlp,0.005868852138519287,1,0.2262242218796064,0.08333428853543297,0.9999853372573853,0.9999707341194153,10.917641518575465,2.061823106951411,4.519191407793685
HIA-mlp,0.011356393496195475,1,0.27384082295698814,0.06322068702115413,0.9999454021453857,0.9998908042907715,12.271733502842324,1.697914826500075,4.506059446814915
HIA-mlp,0.15581039587656656,1,0.1776374474573001,0.11702987666161363,0.9994814991950989,0.9989629983901978,10.164874029864276,1.4327300976999136,4.638035547398095
HIA-mlp,0.01910078525543213,1,0.27309322570027567,0.0854574824520424,0.999972939491272,0.9999459385871887,11.156860348858121,1.3957844385582368,4.485668789541124
HIA-mlp,0.013498802979787191,1,0.2414609939341281,0.0715937923297841,0.9998584985733032,0.9997169971466064,18.183227981488564,1.964240909523267,4.378967998411788
HIA-mlp,0.16374611854553223,1,0.23445014079144627,0.03780621753330351,0.7584332227706909,0.5168663859367371,23.430987808180106,4.208185500927017,4.6084908290035775
HIA-mlp,0.021484871705373127,1,0.21192591048197923,0.10299391745386187,0.9999951124191284,0.9999902844429016,9.59829004221237,1.1645596267495768,4.628354622644434
HIA-mlp,0.012761553128560385,1,0.2403234480690439,0.031193944572286553,0.9999843835830688,0.9999688267707825,24.853946504020108,3.3992162392346197,4.020973961562374
HIA-mlp,0.6206730604171753,1,0.22738995680071747,0.03259896573043996,1.0,1.0,14.19602648284426,2.159099785903604,4.427335290350512
HIA-mlp,0.022554755210876465,1,0.21887510006460226,0.07643373102098631,0.9999967813491821,0.9999935626983643,7.897483937447946,1.9613309548297804,4.311571488319545
HIA-mlp,0.01453179121017456,1,0.24678109098719847,0.07012213190181825,0.9999988079071045,0.999997615814209,10.267703280287472,1.6369208547769796,4.448156213185495
HIA-mlp,0.039081732432047524,1,0.19440288852927864,0.1135628740856162,0.9980535507202148,0.9961071014404297,11.18771110875718,2.325386319597399,4.614764119183477
HIA-mlp,-0.44558145602544147,1,0.1520464827609102,1.9407395532451568,0.5419520735740662,0.08390408754348755,9.695894068125728,1.927232365795278,4.5708719116281005
HIA-mlp,0.011334856351216635,1,0.2717078510509553,0.08765418155753216,0.9999935626983643,0.9999871253967285,11.043727198836738,1.1720009203535453,4.646178037885292
HIA-mlp,0.025099654992421467,1,0.25923771739107043,0.1447985689971108,0.9993959665298462,0.9987919926643372,10.488494830840361,1.3232449614947437,4.759548674117411
HIA-mlp,0.029429078102111816,1,0.1299063283398092,0.0654586019598042,0.9998761415481567,0.9997522234916687,14.985422050692293,1.9587079351198313,4.395422834876054
HIA-mlp,0.6360350052515665,1,0.1160302655105844,0.12970334174119036,0.9993754029273987,0.9987508058547974,11.973991732171582,2.1028994128079894,4.475580677033978
HIA-mlp,0.009549597899119059,1,0.05959342625679642,0.12067592739735229,0.999737560749054,0.9994751214981079,10.441215247500626,1.1799237834123377,4.537768597380116
HIA-mlp,0.8827574054400126,1,0.22844763367372548,0.0628334157598004,0.8990690112113953,0.7981380224227905,11.083678086714917,3.240174681914216,4.370912920091552
HIA-mlp,0.0044884880383809405,1,0.23373425622276395,0.025876422964934837,0.9999947547912598,0.9999894499778748,23.014782604503676,4.2324242027859675,3.853509873838114
HIA-mlp,0.029865105946858723,1,0.13798777833951137,0.06256296654523015,0.974442720413208,0.948885440826416,22.800024639903437,4.811582317407264,4.067714952734346
HIA-mlp,0.8148492574691772,1,0.29158935735790364,0.08690358279292512,0.8496348261833191,0.6992696523666382,8.439476565405252,2.554209390172465,4.285352908983019
BBB-rf,0.06591952897259934,1,0.3179635882172428,0.35077860796689775,0.9733587018241214,0.9467174036482428,5.519847127555651,0.037780564961248354,4.35741998116207
BBB-rf,-0.009171535003346554,0,0.2301386531673474,0.6556094747570819,0.8924833978912988,0.7849667957825974,5.480699227365976,0.03883722415402159,4.44534384672675
BBB-rf,-0.055152472519121365,0,0.23896565751116486,0.911698451783097,0.817331516292112,0.6346630325842241,7.440914970268172,0.046265099451188695,4.384731322257116
BBB-rf,-0.009794958492583087,1,0.3901463105402483,0.34609841951753184,0.8921249743509966,0.7842499487019926,5.849156381434173,0.03943983855075635,4.4164646282079545
BBB-rf,0.0812801889091594,1,0.29260063108458156,0.2723102138493906,0.943241005844441,0.8864820116888819,7.860399379469226,0.03991129076138054,4.314548949615844
BBB-rf,-0.009134017238306721,0,0.270413328521596,0.23518952708221016,0.8620696462335646,0.724139292467129,15.689266866570971,0.048175410857045596,4.294948824371593
BBB-rf,0.05554241597230114,1,0.2607383868259642,0.2998086148709674,0.8978113212245576,0.7956226424491155,9.09706317475282,0.04863972586882652,4.286744737878996
BBB-rf,0.03682468587310631,1,0.3465914564829286,0.3986662557576992,0.942186770987594,0.8843735419751878,5.987982109152138,0.03700193700426776,4.383553431523903
BBB-rf,0.5691912707070073,1,0.35002665974339514,0.1371276050370252,0.8110673360634233,0.6221346721268465,12.638382326930886,0.14364194743916603,3.9017438162738864
BBB-rf,0.05126928036858236,1,0.2128087867360847,0.6525926500367984,0.8767896780218721,0.7535793560437439,11.506335985809423,0.0405722180815943,4.507385702838278
BBB-rf,-0.0412239320454895,0,0.27269994074317827,0.6588291165586154,0.8286545009776273,0.6573090019552547,8.238921993065976,0.048076695189332504,4.323899154077659
BBB-rf,0.41707231183801396,1,0.17910856192955965,0.15874150420019809,0.6440732294986645,0.28814645899732894,12.810231437668028,0.12739390176901078,3.931995927167419
BBB-rf,0.3571002262667453,1,0.309454853987472,0.18268968868235047,0.5570093339095475,0.11401866781909503,16.22976940593849,0.11374228405185917,3.939454868179402
BBB-rf,0.055355637715200655,1,0.30180932467956195,0.3597309194896661,0.9591692275819995,0.9183384551639988,6.712767973039388,0.04350618649603604,4.23932122424713
BBB-rf,0.1318568514445552,1,0.35785187660646794,0.30809221900859596,0.9830587686932616,0.9661175373865227,5.957946396822259,0.03851891416260061,4.399901360285102
BBB-rf,0.5958535423927119,1,0.33909507959008844,0.2920705820907047,0.851446919192403,0.7028938383848059,5.686438198940747,0.14302068004133398,3.9075178568058337
BBB-rf,0.03758100841266976,1,0.2843197359770434,0.38554050815919017,0.8933031410320158,0.7866062820640317,7.614207651463491,0.042606063315854606,4.368811659245989
BBB-rf,-0.1282835220882951,0,0.16371767689420466,0.5645754340343078,0.7384780593344463,0.4769561186688928,12.53918763733538,0.05925843953218206,4.269443364055687
BBB-rf,0.5346972076017563,1,0.378625167297453,0.17465083035941184,0.9116757690518982,0.8233515381037962,9.369349688471667,0.12387263749826224,4.104674304048155
BBB-rf,0.03477991160013213,1,0.24919727829926194,0.999221844934903,0.9021781389411251,0.80435627788225,8.16790177466448,0.04030720981133502,4.332524925354347
BBB-rf,0.6728517191841238,1,0.28217170631434485,0.16114210225857092,0.9386664627612754,0.8773329255225508,7.018341693073735,0.1399107116697144,3.94145647901708
BBB-rf,0.05724566998726569,1,0.30995163722821634,0.35517158749609834,0.8671553909031047,0.7343107818062098,8.279244788937513,0.05113263782879603,4.266355495033768
BBB-rf,0.4942521845594581,1,0.15581377332396898,0.08340755864315491,0.8195896609012524,0.6391793218025048,14.158892096341225,0.13250144244567147,3.9378487183801347
BBB-rf,0.00040777647953812074,1,0.22065866659692498,0.41797670525440406,0.8676055364825156,0.7352110729650312,7.579981125607037,0.04382605972776103,4.4444645318338285
BBB-rf,0.06553114398157067,1,0.22390831015990306,0.35965224223065234,0.915812370348684,0.8316247406973678,9.953773814853403,0.04549455607996969,4.364458464706317
BBB-rf,0.07916395285286752,1,0.2875130069736958,0.3104582873543744,0.8934014057283006,0.7868028114566008,8.238242727404815,0.04179548684423686,4.334737769322363
BBB-rf,0.059847570339761104,1,0.3791090318250811,0.6822034155372311,0.9234456788061537,0.8468913576123074,9.099385838756493,0.039125678822450036,4.416324868759588
BBB-rf,0.02287497349563043,1,0.24066505550018877,0.5072564568824899,0.9292452660184399,0.8584905320368797,7.650891506675883,0.04193862107204934,4.270577771552331
BBB-rf,0.04454698767127774,1,0.2431196109922828,1.2949749216828985,0.9350865880258014,0.8701731760516034,6.359954269998303,0.03245075651213552,4.440868682543164
BBB-rf,0.610647741767378,1,0.44746898949413155,0.07482538187471781,0.9661196905811074,0.9322393811622145,13.52331571503619,0.13765909940185886,4.030999603376832
BBB-rf,0.02290936623841881,1,0.2703698746683867,0.414431600046868,0.9270968490629785,0.8541936981259565,7.188481847478545,0.03787095775243889,4.360014237794408
BBB-rf,0.45202237966575637,1,0.31602930453519557,0.0746295006429741,0.8608690918213017,0.7217381836426033,22.6018423332895,0.1261943547956564,4.047380620823618
BBB-rf,0.0812801889091594,1,0.35863874367809623,0.28897583574227836,0.943241005844441,0.8864820116888819,7.860399379469226,0.03991129076138054,4.314548949615844
BBB-rf,-0.09034237807833652,0,0.23378995126539537,0.3195321352377655,0.8115501197354196,0.623100239470839,9.665701232727054,0.055794157773117636,4.1882065891550235
BBB-rf,0.07458618211118333,1,0.2706787493547123,0.2012967743446159,0.9377802108042963,0.8755604216085925,8.110888328589434,0.037514983798666676,4.365222745703967
BBB-rf,0.06348300771735398,1,0.3115582553684961,0.34032023790470173,0.9377631076541,0.8755262153081997,5.769792182155529,0.03958420416833404,4.346187325948849
BBB-rf,-0.08212484197539083,0,0.2733952023945274,0.33539132249083053,0.7807483834976519,0.5614967669953039,8.073727886541125,0.07569551185532712,4.209016136932361
BBB-rf,-0.06324557687077603,0,0.20796779260287346,0.6943903953363889,0.8337020042578104,0.6674040085156207,10.751099498050554,0.04615796748246214,4.416623919071157
BBB-rf,0.06924388556442695,1,0.2519701039054026,0.4202286642229554,0.953604084475564,0.9072081689511277,6.8025739838831045,0.03740481887977385,4.332010956002865
BBB-rf,-0.0083879168351542,0,0.26423466036661675,0.3644547856463812,0.8823457808620778,0.7646915617241556,9.373257423411724,0.04449701267963794,4.331217797571292
BBB-rf,0.10781456296653968,1,0.3582605777123286,0.23614550920878577,0.8778653662449691,0.755730732489938,8.276428579064856,0.044722438709038075,4.342131056624023
BBB-rf,0.3263026800242849,1,0.2390748793584207,0.13067034210695055,0.5957438550573375,0.19148771011467502,14.1784086435539,0.09796651193921203,4.153994495169344
BBB-rf,0.48651366870848195,1,0.30021562525239853,0.21090177196540616,0.7802435124960971,0.5604870249921943,18.275882391807826,0.12685493096815428,4.105124428109701
BBB-rf,-0.05287048611007553,0,0.3279438813138049,0.5022551909122489,0.8234122202952815,0.6468244405905628,9.981481277060208,0.042148384643808184,4.386791513969336
BBB-rf,0.14939776436337293,1,0.28543191973350895,0.2455245940206307,0.9378575901823205,0.8757151803646406,6.667233931370137,0.04418961658689989,4.278005969299134
BBB-rf,-0.14688146195940022,0,0.1967155934785899,0.32977353108927676,0.704491089699239,0.4089821793984781,12.005457413910488,0.07318884888273416,4.241140196537467
BBB-rf,0.04412848033068795,1,0.25343813948679855,0.4419584212407006,0.9552852390711011,0.9105704781422024,7.388257320811887,0.039038675803393534,4.358174759151814
BBB-rf,0.055490342439867134,1,0.25309520637498445,0.5024730058183434,0.9564535015072875,0.9129070030145751,7.47748876428071,0.03828430622518826,4.378009000882826
BBB-rf,0.045808155170178076,1,0.3561771416152115,0.2821202131716647,0.9538989653557862,0.9077979307115724,7.7713018099042035,0.03781529544620682,4.341702115593907
BBB-rf,-0.009868377957335306,0,0.23403775567153498,0.5647658213805025,0.8988254084981575,0.7976508169963149,6.4792493412785515,0.03761450054636179,4.402123264810342
BBB-rf,0.05163614230247674,1,0.18749045788509786,0.45583511608049565,0.9378095239392303,0.8756190478784605,7.354958782263712,0.036294507725354266,4.457856517636216
BBB-rf,0.09567287629272443,1,0.25646229278447413,0.3018443812210937,0.9515781422417932,0.9031562844835859,10.40773899156812,0.042072789021045054,4.237018508205417
BBB-rf,0.06352198788913917,1,0.30547354149072625,0.34529127222315326,0.9498579133905423,0.8997158267810847,6.84840749181725,0.03544249219408231,4.439478495298947
BBB-rf,0.14939776436337293,1,0.2812039772590887,0.15221864668517762,0.9378575901823205,0.8757151803646406,6.667233931370137,0.04418961658689989,4.278005969299134
BBB-rf,0.04464731158242278,1,0.2907732203928599,0.37996262411000126,0.9483431711240832,0.8966863422481663,8.211561719064548,0.03825838014365103,4.3688008190235585
BBB-rf,-0.032172082459957695,0,0.2891067064008592,0.4304403667043881,0.8261645355819399,0.6523290711638801,13.410999625421923,0.04529965351508726,4.3951204733287135
BBB-rf,0.6066887535614675,1,0.2533805924920078,0.07903503364034488,0.9329788421046622,0.8659576842093243,17.597439251631947,0.14153123178347535,3.994474393915749
BBB-rf,-0.06281586178380687,0,0.3080725516840296,0.39706823785550643,0.8518940997128612,0.7037881994257223,7.048117483294318,0.05151904975705915,4.333030844344472
BBB-rf,0.063497106769921,1,0.24140494543321236,0.31292125088359246,0.9014647728418733,0.8029295456837466,8.337722437386192,0.04375063131783213,4.317510551382785
BBB-rf,-0.07043180613211875,0,0.255696565425218,0.3243397043208053,0.8302894729558762,0.6605789459117526,9.21709095311954,0.04562653103050075,4.36713927047763
BBB-mlp,0.2385916312535604,0,0.0522766168054173,0.10088267767089255,0.9792399406433105,0.9584798812866211,5.686438198940747,2.5237944482519388,4.601539229424586
BBB-mlp,0.04996985197067261,1,0.26136722963848813,0.09276693611871753,0.9942629933357239,0.9885259866714478,10.174534696233248,3.6767983911341164,4.343312138183912
BBB-mlp,0.026726444562276203,1,0.11122616961201134,0.1147152318724573,0.9999959468841553,0.9999919533729553,7.11935649841021,2.5267308566586233,4.5766062513925565
BBB-mlp,0.13413806756337485,1,0.28561446180115896,0.07126811236119587,1.0,1.0,7.571861258683336,3.5794749249043565,4.4485126582369166
BBB-mlp,0.012143611907958984,1,0.33137198889476144,0.1540964485573584,0.9999979734420776,0.9999959468841553,6.1891938718540045,1.8833487837207217,4.689371167740137
BBB-mlp,0.21743659178415933,1,0.12654620659464963,0.0913456115170862,0.9999125003814697,0.9998250603675842,19.500977797923053,5.633204608631597,4.178808181274556
BBB-mlp,0.04491891463597616,1,0.292023157992363,0.1539337709545937,0.9992349147796631,0.9984698295593262,6.80096494604481,2.209877196658357,4.616351997913839
BBB-mlp,0.5954100092252096,1,0.16235363684383633,0.06420150848194513,0.9999637603759766,0.9999275803565979,13.242101152194047,3.316089537730459,4.579372981276082
BBB-mlp,0.23217332363128662,1,0.20802543279909208,0.06214138717300084,0.9939524531364441,0.9879049062728882,12.810231437668028,5.2286512081420815,4.487541518514876
BBB-mlp,0.01849361260732015,1,0.21813642232780228,0.15247182020656552,0.9999868869781494,0.999973714351654,4.812397539766079,1.7781676134604092,4.807298703424296
BBB-mlp,0.8148072560628256,1,0.03659838808037162,0.07381326961233083,0.9997900128364563,0.9995800256729126,14.253879710288093,4.778214746472331,4.321975219690854
BBB-mlp,0.02567956844965617,1,0.2595263589623451,0.1630175293463342,0.9983709454536438,0.9967418909072876,6.385069977784699,1.8310536364015078,4.836441596931366
BBB-mlp,0.6183988054593405,1,0.32375777197050426,0.03143344346669646,1.0,1.0,19.31933653300344,7.100872008243242,4.190863504351433
BBB-mlp,0.1293964982032776,1,0.12449864166715022,0.17792677645390273,0.9933470487594604,0.9866940975189209,8.10826435126079,2.2740091792504225,4.592412978533919
BBB-mlp,0.030253112316131592,1,0.18582635276349838,0.09423546548106261,0.9999996423721313,0.9999992251396179,8.465634809252606,2.9908713079688907,4.513097931053138
BBB-mlp,0.3217746416727702,1,0.20002894894974108,0.04207150471194573,1.0,1.0,5.582059594237569,6.806409278360559,3.8450265429742814
BBB-mlp,-0.07084145148595174,1,0.2124805159952315,0.061050218050832085,0.5859897136688232,0.17197942733764648,10.362701716998762,3.676823734216341,4.535521825359744
BBB-mlp,-0.0007898608843485514,1,0.12036886703706608,0.18448147921761637,0.9275251626968384,0.8550503253936768,8.107622092179502,2.265838431436985,4.7675076977918325
BBB-mlp,0.0016655723253885906,1,0.15809761430454305,0.07068761823485953,1.0,1.0,10.61368669928655,3.9417266421485024,4.262427687382926
BBB-mlp,0.12538015842437744,1,0.4094642479349318,0.10044652719645937,0.9995988011360168,0.9991976022720337,7.579981125607037,2.8477564798728796,4.6743959862648445
BBB-mlp,0.02879112958908081,1,0.17580990236680064,0.10568972326038076,0.9999788999557495,0.999957799911499,8.25595676488524,2.539553986159424,4.648657186670723
BBB-mlp,0.0973161260286967,1,0.21956918929743188,0.1525511617911411,0.999997615814209,0.999995231628418,4.349985244081435,2.561965434078856,4.50222036389257
BBB-mlp,0.03211818138758341,1,0.22344177051247596,0.09225718873725174,0.9963095784187317,0.9926192164421082,8.507081404037137,3.5293100374371646,4.428027414931261
BBB-mlp,-0.02328238884607951,1,0.21717576381865714,0.11315237366332515,0.9665954113006592,0.9331908226013184,9.953773814853403,2.4798787106923776,4.590249486880946
BBB-mlp,0.13282988468805948,1,0.2216842821763688,0.10310612627873243,0.9999648332595825,0.9999297261238098,10.861347048254412,2.778161778895772,4.491117819956987
BBB-mlp,0.08772737781206767,1,0.20737011807035985,0.1242367706709235,0.8349891901016235,0.6699783802032471,7.033284448930016,1.521359007122803,4.634178743128673
BBB-mlp,-0.3141255776087443,0,0.21220453219370441,1.9888764264066612,0.6327047944068909,0.26540958881378174,9.981481277060208,2.9142240063272373,4.521021807471525
BBB-mlp,0.2003602385520935,0,0.11254149666609758,0.06473133606500353,0.9734281897544861,0.9468563795089722,7.477397646367114,3.64219510213091,4.367733031359083
BBB-mlp,0.05378164847691854,1,0.23202956433658806,0.052758835272004465,0.9999998807907104,0.9999997615814209,7.87977703233634,6.530975198311052,4.001501158093125
BBB-mlp,0.22773639361063638,1,0.11657790656332469,0.11893945887178085,0.7419705986976624,0.48394110798835754,8.289784765497416,2.075185903573905,4.707046647610112
BBB-mlp,-0.17252842585245767,0,0.14592672865720138,0.11642759726131714,0.8240270018577576,0.6480540037155151,8.337722437386192,2.246070462642945,4.802105581877272
BBB-mlp,0.5013323823610941,1,0.2175738851323493,0.07873857551847348,0.9983299374580383,0.9966598749160767,12.638382326930886,3.1445911697979967,4.673563153299188
BBB-mlp,0.24935795863469443,1,0.24975300919082227,1.994954151070694,0.5696582794189453,0.13931649923324585,9.613387678767518,4.666119238239604,4.420843702970028
BBB-mlp,0.05671219031016032,1,0.3151864197345682,0.1479866616771479,0.9999985694885254,0.9999971985816956,4.618445388815687,2.931436130822875,4.511533867129288
BBB-mlp,0.0427627166112264,1,0.21654804747007758,0.1411552892063382,0.999961256980896,0.999922513961792,7.026495744349447,2.2360162474341525,4.672022708748772
BBB-mlp,0.04102251927057902,1,0.20000839696452097,0.12238736840243032,0.9940528273582458,0.9881057143211365,10.751099498050554,2.8205424366512983,4.576196833851079
BBB-mlp,0.04021064440409342,1,0.27430969553094997,0.09371068956376727,0.999995231628418,0.9999904632568359,7.354958782263712,3.078117779872643,4.500931329561421
BBB-mlp,0.09138087431589763,1,0.1738228189958061,0.101335509334753,0.9999945163726807,0.9999890923500061,4.973313573917114,2.7764697119357313,4.533536924389753
BBB-mlp,-0.19227091471354166,0,0.20873124669150803,0.13344781142566003,0.7014821171760559,0.4029642939567566,9.212301133934654,2.6609281950049297,4.576179648407862
BBB-mlp,0.5816701650619507,1,0.34925104163709064,0.04590340292319546,0.9999991655349731,0.9999983310699463,7.930614009526411,5.710271252067568,3.7622947251545833
BBB-mlp,0.2934454679489136,1,0.3614894552358697,0.03039267990888901,1.0,1.0,7.437613517326534,7.096785899421526,3.7545162024745666
BBB-mlp,-0.17252842585245767,0,0.07561603842093756,0.18404414024337587,0.8240270018577576,0.6480540037155151,8.337722437386192,2.246070462642945,4.802105581877272
BBB-mlp,-0.47052045663197833,0,0.0932889841114881,1.9933270091388722,0.503679633140564,0.007359236478805542,10.134897939411733,2.610785120477115,4.539844728120516
BBB-mlp,0.035687645276387535,1,0.2881306119916766,0.07575962121993604,0.9999990463256836,0.9999980330467224,9.09706317475282,3.581101103659433,4.440947961990915
BBB-mlp,0.1095893383026123,1,0.31680063137371234,0.10958818174262565,0.9999973773956299,0.9999947547912598,10.15738632614133,2.447135936583215,4.521148873656287
BBB-mlp,0.004980266094207764,1,0.17652511145246003,0.11412304210487689,0.9978874325752258,0.9957749247550964,7.315199938235985,2.6109672040262835,4.636381395687872
BBB-mlp,0.024174471696217854,1,0.25002312099657215,0.032028185513909124,1.0,1.0,7.2926297360035734,5.9114060492630625,3.946025497645076
BBB-mlp,0.004980266094207764,0,0.2553290563808236,0.09495545939036429,0.9978874325752258,0.9957749247550964,7.315199938235985,2.6109672040262835,4.636381395687872
BBB-mlp,0.051452080408732094,1,0.24728148616821113,0.041020602197052544,1.0,1.0,10.635050708005334,4.10550005099179,4.188999959383472
BBB-mlp,0.36808576186498004,1,0.24548582985955236,0.06224244152559222,0.9886797070503235,0.9773593544960022,12.448644892314727,4.07908390860283,4.470036914201623
BBB-mlp,0.07691754897435506,1,0.15449573209482653,0.0932054526061941,0.9998162388801575,0.9996324181556702,8.656316411469064,3.1395707098295444,4.467818837789645
BBB-mlp,0.04728476206461588,1,0.10395194124325231,0.09402720276884859,0.9997437596321106,0.9994875192642212,8.110888328589434,2.231644097749669,4.6544234017298916
BBB-mlp,0.004360377788543701,1,0.2172156933899419,0.17399826263807783,0.9958620071411133,0.9917240738868713,6.1912560223638,2.3819739825659134,4.810813221145696
BBB-mlp,0.07235836982727051,1,0.12733129243005734,0.02715406531067724,1.0,1.0,5.849156381434173,6.6857647645687415,3.830290921114572
BBB-mlp,-0.2769012451171875,0,0.1998058131102086,0.1133554216840003,0.6691305041313171,0.3382609486579895,11.030882956877816,4.10592855520463,4.466042254447124
BBB-mlp,0.04089214404424032,1,0.19016282164493892,0.11507515323198016,0.9917689561843872,0.9835379123687744,5.769792182155529,3.3606816835544895,4.361744482889209
BBB-mlp,0.1325270732243856,1,0.17649633867315187,0.11543645615208827,0.9998904466629028,0.9997808933258057,9.661189987503917,2.137677259701235,4.559263518289112
BBB-mlp,0.13485340277353922,1,0.21322625945893214,0.06417662283200652,0.9999818801879883,0.9999637007713318,12.790003850865869,3.505868103242979,4.629549589700401
BBB-mlp,0.2388719916343689,1,0.2532873634491013,0.05602363350265279,0.9179931879043579,0.8359864354133606,9.366871965548489,3.9461259959214914,4.436445960042944
BBB-mlp,0.06505982081095378,1,0.15295668200163012,0.14392879197227154,0.9999525547027588,0.9999051094055176,10.332064509210712,3.0311134503388915,4.34303638233307
VDss-rf,0.4121194827012115,1,-0.10855910281963471,0.05433973953150507,0.0,0.0,16.88491568839741,8.229060894554701,2.658862047330477
VDss-rf,0.038577820604176034,0,-0.007444583094191251,0.14582637089725534,0.0,0.0,18.488777585101737,2.077440424304542,3.381108042982966
VDss-rf,0.06441603023426912,1,-0.017418468287450483,0.09068035288980712,0.0,0.0,7.018686171101751,9.248951252225911,2.411786135167632
VDss-rf,0.044192356925625786,1,0.047039380096972054,0.05854088531782729,0.0,0.0,7.321661071796699,9.26841471183184,2.4199681305466862
VDss-rf,0.08496700463860007,1,0.005599003160314898,0.0584828145435851,0.0,0.0,9.501798173768513,8.552852104441815,2.465823772771067
VDss-rf,0.5535603987454927,1,-0.016597296821008994,0.06742344445990137,0.0,0.0,24.490728886508222,9.450483640185347,2.809246943051642
VDss-rf,0.09799406410331829,1,0.022956382869432104,0.08624347115034672,0.0,0.0,5.335258802620906,7.702366237701207,2.5628983348476546
VDss-rf,0.04231116242241945,1,0.138911902788803,0.5147224613636571,0.0,0.0,4.6234745880820265,6.657817597018069,2.798312625248807
VDss-rf,1.1491888123916612,1,0.06245014876189249,0.18164693290468187,0.0,0.0,11.219213435597933,9.445520311621806,3.008955853507734
VDss-rf,0.011427320207915455,1,0.08794875631427077,0.022215294827338375,0.0,0.0,9.976349601687424,9.529299302267987,2.5453909283905887
VDss-rf,0.02709777093477621,1,0.0050586041981359525,0.5926482492761074,0.0,0.0,10.66287230247402,5.622876561730611,2.6343540125456526
VDss-rf,0.05724849292629214,1,-0.041379288358323885,0.34439066638766785,0.0,0.0,9.198960917821307,9.114026071828246,2.440692922100436
VDss-rf,0.012786660881977219,1,0.030915519758045917,0.1426985222786976,0.0,0.0,12.275987497058036,7.8560354302143605,2.5264376803738973
VDss-rf,0.016467173729093842,1,0.000977417253332353,0.030802833925472384,0.0,0.0,14.592327767617707,7.894492535812446,2.231084443249815
VDss-rf,1.014825178628211,1,0.11364942608728988,0.17230681538330192,0.0,0.0,10.799082316598733,9.79543638878881,3.15100115890272
VDss-rf,0.04331878391426505,1,0.04233790912601523,0.0704035071595042,0.0,0.0,7.1903810100709915,8.960117643393891,2.7025599701405767
VDss-rf,0.13870503351102073,1,-0.006823124287685465,0.09888233829343114,0.0,0.0,9.242451127483864,8.098427503661242,2.436060741576412
VDss-rf,0.010424183135340067,1,-0.05514536452965623,0.1067976190684214,0.0,0.0,5.964091187257005,8.737450648286522,2.6314028261738267
VDss-rf,0.0997231833624735,1,0.12951600952900474,0.26442204573480943,0.0,0.0,7.587702859734982,6.318339422243515,2.9040724057844405
VDss-rf,0.5506519639228773,1,-0.0007929767379799739,11.713618486905537,0.0,0.0,9.689166203444302,5.386403740827418,3.280472906398255
VDss-rf,1.416926582391934,1,-0.047039380096972054,0.1293964489546234,0.0,0.0,13.940494113585567,12.680457909784158,2.49792514017979
VDss-rf,0.022681487352880735,1,-0.059295863515261046,0.00784992264091199,0.0,0.0,13.322046126722398,9.55543056717868,2.277933312041416
VDss-rf,0.16305017458263932,1,-0.01629772783110545,0.42393241295240575,0.0,0.0,6.802307647509335,7.2890803714969605,2.5445648785240174
VDss-rf,0.44403824249454643,1,0.21201026066632583,0.030923133741007917,0.0,0.0,12.121816950706794,8.336125149944815,2.649015146858562
VDss-rf,0.5898807893721433,1,0.1396367422663343,0.21712723430709474,0.0,0.0,6.410714944693285,7.990839763544786,2.9049150964568566
VDss-rf,0.07177756221636518,1,0.10257947082508945,0.04096288595586339,0.0,0.0,9.88370261980081,9.112502965016356,2.5000345522509413
VDss-rf,0.18631271828144516,1,-0.10737022510284104,0.03608177951625605,0.0,0.0,12.766806681952648,9.444465769207188,2.5165324627942907
VDss-rf,0.2521955698654044,1,0.0,0.03241813392137899,0.0,0.0,22.48429049772107,10.638219062084595,2.885186820998453
VDss-rf,0.023507600338377288,1,0.09613932493233948,0.018083925800730424,0.0,0.0,10.544307779611303,8.090085917425439,2.2146633101831448
VDss-rf,0.04215162141308801,1,-0.022075297605009914,0.09595352185231275,0.0,0.0,17.92371850715201,8.920170302235636,2.3313337010845103
VDss-rf,0.7274893486637337,0,0.052775832558536816,0.24935264362254708,0.0,0.0,6.276165035926592,6.630101433772437,3.3230124960908154
VDss-rf,0.33107988259823345,1,0.04513506114546755,0.042604201650343135,0.0,0.0,17.45578648031242,9.87539060067243,2.6883604761364097
VDss-rf,0.1336819690330923,1,-0.06384696260108981,0.027523173701639862,0.0,0.0,15.750348506326215,7.965819692505597,2.408677880743107
VDss-rf,0.2884788860914635,1,0.09882017369688807,0.07352280578837117,0.0,0.0,7.0201048796433225,7.700360914952043,2.515897458346204
VDss-rf,0.07376830103397797,1,0.04481787045027556,0.13843387059124754,0.0,0.0,12.235615170187916,9.651799390096508,2.423364598261728
VDss-rf,3.5401025261901022,0,0.033355538550319114,2.857091967978018,0.0,0.0,6.977532348887867,18.242448015460702,2.662741370370638
VDss-rf,0.06508851000236505,1,-0.10258651950720481,0.05036505166678106,0.0,0.0,8.392589978291621,8.361070234606936,2.243424649003145
VDss-rf,0.06996855645891752,1,0.019710464755300746,0.10971630681638507,0.0,0.0,12.909401523520287,8.482917768137543,2.3091782088430546
VDss-rf,0.6964033656777345,1,-0.06134937957154104,0.1323846884369803,0.0,0.0,13.380504734472499,9.28494697678639,2.8625491341786153
VDss-rf,0.06416015909147982,0,-0.09943458382127848,0.16082214077214185,0.0,0.0,10.790676186783646,10.237604279249767,2.7718685840250834
VDss-rf,0.09493754642153135,1,0.09132037592612637,0.3358979692413072,0.0,0.0,9.450437585186023,9.084107063861762,2.441274873560403
VDss-rf,0.029905464760998784,1,0.006609314263519012,0.0922796958510995,0.0,0.0,7.49932618072946,9.212803775275823,2.352067508836228
VDss-rf,0.09070872272417696,1,-0.031166922753494385,0.048799419076192924,0.0,0.0,7.2000429799616255,8.11032014864425,2.18315683877571
VDss-rf,0.7083950437972343,1,0.13220860609707896,0.057441535732943465,0.0,0.0,12.865950184421484,10.067682911850826,2.6268758552139264
VDss-rf,0.12015796090663522,1,0.04626167550357539,0.0154718637366597,0.0,0.0,8.022613809958271,8.250123641235296,2.337570672146675
VDss-rf,0.7857563765108052,1,-0.0824977754783788,0.1529660069821702,0.0,0.0,9.740252980686616,6.633172021792627,3.387726956721454
VDss-rf,0.03943572258368006,1,0.15136457452597,0.023546131539215188,0.0,0.0,12.07953934808724,4.948461898802851,2.8946341864435365
VDss-rf,0.06500928345094258,1,0.06642208113390774,0.01353971286184489,0.0,0.0,7.934321050317858,9.355284891525686,2.375607892708061
VDss-rf,0.04262383442696397,1,-0.02769427203131838,0.10223551740552363,0.0,0.0,9.392847475466871,8.519107046396773,2.343591126884504
VDss-rf,0.07112382820390455,1,0.14587130159738576,0.11087960837072365,0.0,0.0,12.75904497657152,8.945316104264046,2.3360623230824005
VDss-rf,6.207947886064216,1,-0.06586406046644036,0.16756023687627142,0.0,0.0,7.037985048219878,28.495876056569983,2.5744596851175157
VDss-rf,0.07514863763749675,1,-0.027683699008145313,0.11372790590100962,0.0,0.0,4.922659807710682,3.1959956316073534,3.358046363971479
VDss-rf,2.7614141867421895,1,0.06420644538897408,0.055965875536515365,0.0,0.0,7.911189272872152,12.468021199949366,3.0824486443307486
VDss-rf,0.07774905814921142,1,0.16681176138181988,0.20100318874836204,0.0,0.0,6.594908329863193,8.94874027042497,2.7350527988321494
VDss-rf,0.04362481193356613,1,0.001696382829100863,0.10394539221114027,0.0,0.0,16.03694561961948,8.13950826448158,2.7203129428555615
VDss-rf,0.0396843566480469,1,0.20219379604031004,0.1149241723622241,0.0,0.0,7.737110704117282,8.160510807642163,2.3251832743540155
VDss-rf,0.04721611700017431,1,-0.07448107435248941,0.04116643451256479,0.0,0.0,5.9706081603969645,7.943505661575023,2.511140606209208
VDss-rf,0.029192207038709783,1,0.10775555305848168,0.030056328343474468,0.0,0.0,12.355419333788092,7.706327010741211,2.487623425054117
VDss-rf,0.1857587441634916,1,0.10957411304424908,0.013033251281855047,0.0,0.0,12.893090847745821,9.431621705941707,2.499382010009532
VDss-rf,0.27622996511558867,1,0.15452473367436423,0.11388159273147344,0.0,0.0,7.668496208465352,5.442775466337553,3.3911892941076296
VDss-mlp,0.15431352953116098,1,0.42172634474655485,0.1754899655237686,0.0,0.0,9.50043811681436,4.454877942248037,4.57751075545496
VDss-mlp,0.03582010666529337,1,0.1517586293616922,0.3599116478769363,0.0,0.0,5.20394421895775,0.6497732110326782,4.681959397342858
VDss-mlp,0.07878017673889796,0,0.248438320331767,0.027529076913758842,0.0,0.0,14.063087685157535,6.693498016349612,4.272414800873355
VDss-mlp,0.03517663044234117,1,0.19980164118975438,0.5034874065573859,0.0,0.0,7.4461747106276714,0.6360101827839344,4.8027174471207665
VDss-mlp,2.833971897761027,1,0.29959470911192143,0.051882515719110046,0.0,0.0,12.927626775012541,3.49927397131451,4.283157087785711
VDss-mlp,0.19423346469799677,1,0.25608083278583743,0.06366126605282244,0.0,0.0,13.380504734472499,3.6974862095263963,4.548124558001464
VDss-mlp,0.2158147863422831,1,0.2849844624882994,4.636851147548249,0.0,0.0,6.544649306036352,0.3525912090787336,4.817877116753843
VDss-mlp,0.16799598932266235,1,0.15515680220623357,0.37325554358808444,0.0,0.0,10.65196320677025,0.7933131163107772,4.726658714141242
VDss-mlp,0.13519717256228128,1,0.0880888375545503,0.16328406615575652,0.0,0.0,6.869460480979848,1.3443939248121115,4.771164351124446
VDss-mlp,0.1959016670783361,1,0.2182558278124261,0.07166056004717322,0.0,0.0,8.370040100129529,1.103619847568574,4.169077014205607
VDss-mlp,0.3532931146522363,1,0.18642739119713747,0.08092949145197807,0.0,0.0,9.74633546056905,1.160448179322346,4.465719409656206
VDss-mlp,0.3551122198502223,1,0.5231054615460515,0.2867882783249789,0.0,0.0,8.080497106833166,10.45850472010246,4.674260852825261
VDss-mlp,1.2203409373760223,1,0.4188590079572174,0.17836298755148886,0.0,0.0,15.122550903249522,7.498510518181625,4.549056381188468
VDss-mlp,0.21201742192109427,0,0.2830970996307759,0.14895740345690459,0.0,0.0,16.240965989589387,3.736510352021813,4.531230438498779
VDss-mlp,2.0842891136805215,1,0.18495016911505036,0.05803340579034242,0.0,0.0,12.129844596360059,6.331923141817104,4.540219024822212
VDss-mlp,0.8486406604448954,1,0.46529541862705165,0.2544225689717644,0.0,0.0,15.27072813349958,22.067413507343762,4.515486777312023
VDss-mlp,0.24579270680745444,1,0.16176700295117952,0.18866075010375927,0.0,0.0,9.975139134236649,2.26607390646643,4.716570676587855
VDss-mlp,0.4382406175136566,0,0.4474220123555269,0.5096584913995501,0.0,0.0,4.922659807710682,8.779710256253377,4.787803581014812
VDss-mlp,0.10434699058532715,1,0.08251416953063749,0.2702672125880181,0.0,0.0,12.275987497058036,0.7824952855881004,4.6457060295207295
VDss-mlp,1.040839691956838,0,0.43371889425477467,0.14064647499733102,0.0,0.0,9.88370261980081,28.724907865660704,4.459556407612105
VDss-mlp,0.045658414562543236,0,0.06270156132411797,0.04035241632003392,0.0,0.0,19.30258815657234,3.2821138133465015,4.524849199429309
VDss-mlp,0.7107672393321991,0,0.4262834744118906,0.17830184949244457,0.0,0.0,24.049247635362917,37.35541690844952,4.214659531951669
VDss-mlp,3.3108294010162354,1,0.4230444007050986,0.0627313294812541,0.0,0.0,12.235615170187916,46.72872182179105,4.558560851181273
VDss-mlp,0.0837299848596255,0,0.2447347993138782,0.5081449446067656,0.0,0.0,6.594908329863193,1.8251746160979854,4.789622856456967
VDss-mlp,0.023054770814875763,0,0.07991255300514753,0.08565887085532663,0.0,0.0,12.355419333788092,1.1352892615406283,4.302854708317286
VDss-mlp,0.15101907526453337,0,0.418146724622082,0.4768871807045336,0.0,0.0,7.737110704117282,1.8395726685258071,4.698407368915765
VDss-mlp,0.10267643382151921,1,-0.066292963570445,0.19162884897396265,0.0,0.0,8.435674300236757,0.47450476338884967,4.7064001053690205
VDss-mlp,0.2090738664070765,1,0.22398462931084417,0.07924847951385044,0.0,0.0,10.656169240206527,2.4080841875398056,4.415063022872087
VDss-mlp,0.7996656894683838,1,0.3172401402827309,0.13165569188219683,0.0,0.0,9.689166203444302,11.734493055179646,4.5606263603579045
VDss-mlp,0.07098292807737987,1,0.06904803011423614,0.11915616198779157,0.0,0.0,5.565501473431865,0.4487017117292289,4.6066990388692
VDss-mlp,0.08894679695367813,0,0.21458452257534122,1.425870089121328,0.0,0.0,7.587702859734982,2.754535904198658,4.749895638736796
VDss-mlp,0.38822706540425617,1,0.1710812966543271,0.12270017630242291,0.0,0.0,5.361009880349991,3.478519531794491,4.591533919856991
VDss-mlp,0.17272556324799856,1,0.19926669467837074,0.12393617725552693,0.0,0.0,7.399971014836329,0.7948647534096568,4.524149810386383
VDss-mlp,0.6829273502031962,1,0.0323226202169431,0.14949445963473132,0.0,0.0,11.383508487719897,8.112933631394997,4.347541981613453
VDss-mlp,0.6843904455502828,0,0.32378640454729163,0.11811236525698206,0.0,0.0,24.490728886508222,67.65489624473932,4.240871588930752
VDss-mlp,1.924200971921285,1,0.4938143508096748,0.11689575394543447,0.0,0.0,7.235087619824166,21.401360878601274,4.69964747634652
VDss-mlp,0.039234243954221405,0,0.519362597590443,0.40711971387523843,0.0,0.0,8.244032487600645,2.399937224295985,4.596058199981222
VDss-mlp,0.052230204145113625,1,0.3071139078806016,0.2194968739204701,0.0,0.0,9.477812470545372,1.669461228127311,4.466765287610162
VDss-mlp,0.14471857249736786,1,0.4241556243487438,0.27988186099627654,0.0,0.0,7.842711447781857,7.245045223118808,4.581008391896372
VDss-mlp,1.3075935890277226,1,0.49883850267729113,0.4258171176954831,0.0,0.0,13.079828596148463,12.481727277751874,4.424966327339186
VDss-mlp,1.0071646173795064,1,0.3281940345768748,0.11767522093665185,0.0,0.0,9.709448694010499,19.972584976961294,4.638895473648921
VDss-mlp,0.2425489624341329,1,0.08230190246159107,0.1290480443248013,0.0,0.0,9.94077195094057,2.210851315937068,4.757271738122021
VDss-mlp,0.40380019942919415,1,0.14265547680080096,0.09121308545577847,0.0,0.0,12.121816950706794,5.6461517710250915,4.451412975719163
VDss-mlp,0.27553142607212067,1,0.3105525980789141,0.35525588865180957,0.0,0.0,11.223332184128683,3.6388266432854657,4.733694260105945
VDss-mlp,0.04360100440680981,0,0.22948801979767275,0.3968293701188534,0.0,0.0,8.495112842959509,0.7085921024156874,4.699829775970882
VDss-mlp,4.035313367843628,0,0.7108252976076845,0.02599165162904975,0.0,0.0,42.9816413558949,126.55657858840809,4.252138360885574
VDss-mlp,0.36834126710891724,1,0.3170782408681638,0.28857349714458413,0.0,0.0,5.628577454461541,4.39762314882994,4.666173242582159
VDss-mlp,1.935900886853536,1,0.4946663896549192,0.09934442833447113,0.0,0.0,9.469890538701403,20.57289781898998,4.486413107424244
VDss-mlp,0.5060261785984039,1,0.3009602128992826,0.5037347100293142,0.0,0.0,8.834835117130483,3.823574607425363,4.61507202506311
VDss-mlp,0.973681171114246,1,0.08323908647055737,0.14694214401418776,0.0,0.0,7.632733079246513,0.6236166923657822,4.607867728038428
VDss-mlp,0.8356322279820839,1,0.21830397887053088,0.11910516938059729,0.0,0.0,9.450437585186023,2.4336640116171817,4.33266046924474
VDss-mlp,0.016751838537553947,1,0.017185817287228598,0.24113156899714427,0.0,0.0,4.526911727869978,0.2553258035095626,4.843067991867147
VDss-mlp,0.047486402094364166,1,0.21474138777880244,0.13648373285708282,0.0,0.0,5.003041534719868,0.6131976611044693,4.640327815659556
VDss-mlp,0.4269556899865468,1,0.049334869484531994,0.12194303691837331,0.0,0.0,6.537010574679734,0.4101755857414416,4.623560703732493
VDss-mlp,0.3773113787174225,0,0.4401764209130469,0.21772572505144122,0.0,0.0,16.88491568839741,8.710103730583045,4.2849105638115175
VDss-mlp,0.05318692450722059,0,0.15508398841105073,0.28628167621528383,0.0,0.0,9.0818899787487,0.8717999135207992,4.689425621142529
VDss-mlp,0.6969084143638611,1,0.5529450245784022,0.27243123866629215,0.0,0.0,13.322046126722398,25.06513519391996,4.678733995867599
VDss-mlp,0.08392244670540094,0,0.2702712226773168,0.3035888874073987,0.0,0.0,9.722828789176752,2.256153547331068,4.71983218682533
VDss-mlp,4.763966719309489,1,0.40122456373837845,0.06580538872549918,0.0,0.0,7.668496208465352,45.824319572188735,4.666810655825085
VDss-mlp,0.4847980737686157,1,0.30032602152811955,0.23038432973356007,0.0,0.0,6.049907859900002,10.063961652090958,4.772220343275175
CYP2C9-Sub-rf,-0.16941826734129983,0,0.24920008766170829,0.35335040627548164,0.6278306467780288,0.25566129355605777,7.292643387939836,0.04852108918230997,4.420811740983703
CYP2C9-Sub-rf,-0.060340810974971015,0,0.14448198301066492,0.6089138617947212,0.7733265170274415,0.5466530340548827,6.476326016088893,0.03661913833892375,4.536935907659474
CYP2C9-Sub-rf,-0.01686577630784551,0,0.23026929833794074,0.5697513967268538,0.7960924458324181,0.5921848916648361,11.204412310968195,0.03955115220815835,4.482431033048591
CYP2C9-Sub-rf,0.15269804879013646,1,0.22471627463377972,0.3199402029314467,0.9515995247704093,0.9031990495408186,6.752814100196433,0.04651479830142141,4.428729323796688
CYP2C9-Sub-rf,-0.13276286779713195,0,0.1907920276533726,0.3702017240144929,0.7106084677866895,0.421216935573379,9.625932397417989,0.048410498206163555,4.429920405967506
CYP2C9-Sub-rf,-0.045508181092119626,0,0.1264603508200588,0.2982692706094274,0.7429450974308182,0.4858901948616363,10.44796218132948,0.04283967917669919,4.503201984497437
CYP2C9-Sub-rf,-0.06340746983439276,0,0.21335415971250005,0.47700108181801065,0.6949914093088557,0.3899828186177115,5.1829119244445465,0.04467467393129813,4.513592273284637
CYP2C9-Sub-rf,-0.16657760552697354,0,0.2991344273100614,0.5129826888559451,0.609261522303861,0.21852304460772198,11.378081560805947,0.05526961423456253,4.402552310370936
CYP2C9-Sub-rf,-0.1740368659648329,0,0.1981780483940949,0.30478526294354447,0.627145592323179,0.2542911846463581,15.707779201712103,0.05297502121029329,4.36468234141568
CYP2C9-Sub-rf,0.07691490984553273,1,0.2710950346412031,0.23867670902041518,0.8694393749976439,0.7388787499952878,9.953974764483814,0.045671258499729486,4.436809339862933
CYP2C9-Sub-rf,-0.008763127911921279,0,0.316121805165075,0.26950110103560354,0.8528107564461143,0.7056215128922284,11.348168788559686,0.0397437307137086,4.499838256186216
CYP2C9-Sub-rf,0.07926262774349883,1,0.2917560416098631,0.2934213577358299,0.8603308391652661,0.720661678330532,10.17360528807365,0.045888602255241114,4.383709427822836
CYP2C9-Sub-rf,-0.16713275339706343,0,0.23711616775550914,0.3996933062429375,0.6395260768036592,0.27905215360731855,11.462449031331161,0.047501409794814826,4.4373610561194985
CYP2C9-Sub-rf,-0.0027206256206142956,0,0.26820664007990597,0.4007315940866844,0.8559307684165981,0.7118615368331962,9.553106154813339,0.0376311716642421,4.5136217071880855
CYP2C9-Sub-rf,-0.1518399344996443,0,0.2408637980311571,0.3587275841696222,0.6496619475244562,0.2993238950489124,6.635831743137776,0.044447721810459334,4.339610280225711
CYP2C9-Sub-rf,-0.09757795546339765,0,0.1809992072151726,0.43248755549661555,0.7494264151206195,0.49885283024123883,7.7707632762364325,0.0372213501531509,4.5944282065909405
CYP2C9-Sub-rf,-0.11769891258923597,0,0.2285525888416676,0.5195425042626662,0.6881676548815886,0.37633530976317703,6.715754079020729,0.041492348090674105,4.489618247048779
CYP2C9-Sub-rf,-0.1448517704584321,0,0.17603466894216646,0.35879739907793806,0.6421684956472756,0.2843369912945513,9.045064910211853,0.046903038964212475,4.440595118953389
CYP2C9-Sub-rf,0.26254845986453007,1,0.19924284289178332,1.9271310058427458,0.5250460783140475,0.050092156628094964,11.09893130974334,0.057825915521255995,4.391951288743906
CYP2C9-Sub-rf,-0.09042917774899832,0,0.23591746639324657,0.4463321098423433,0.7086317838950996,0.4172635677901993,10.249614859669707,0.04096404257426544,4.471163555420912
CYP2C9-Sub-rf,0.08787749894608303,1,0.306016535376202,0.8035134876745869,0.9497423214272137,0.8994846428544273,11.99748831170643,0.03893666557090771,4.449743788398704
CYP2C9-Sub-rf,0.027668632908873152,1,0.19438813174016037,0.7184029778128698,0.8540293060181225,0.7080586120362451,11.778355636722022,0.03475814041167347,4.555764590385635
CYP2C9-Sub-rf,0.047288357969006545,1,0.2574600268870198,0.2931755222604214,0.8449670565166683,0.6899341130333365,10.150551142088847,0.04990668602946265,4.379590158383644
CYP2C9-Sub-rf,-0.060978897293399226,0,0.3041171722181632,0.385279061272935,0.7339778102449404,0.4679556204898806,10.786884020186429,0.0475900038481502,4.50618434076579
CYP2C9-Sub-rf,0.01585074785818145,0,0.32883825881314427,0.4102496767937997,0.8626597296395031,0.7253194592790063,8.24888442602187,0.036792773807895134,4.60599599203268
CYP2C9-Sub-rf,0.029354336729759473,0,0.39017406320701586,0.21083171034224374,0.7891740930961174,0.5783481861922348,12.159822381871624,0.05684132394026354,4.358033657452471
CYP2C9-Sub-rf,-0.0711879968667739,0,0.16591589100467413,0.8400284747992574,0.8026283689029373,0.6052567378058746,11.763849225285592,0.03669529098865009,4.564170809075316
CYP2C9-Sub-rf,0.18607698936663544,1,0.24030174158643133,0.1645290179394693,0.9904968734628634,0.9809937469257268,8.450008533709735,0.04752506821712225,4.345322390519202
CYP2C9-Sub-rf,-0.08883463769874671,0,0.2062224445523068,0.3797722128601364,0.6843333293578383,0.3686666587156766,8.605839986688313,0.0443739075500387,4.501555044807212
CYP2C9-Sub-rf,0.0161880218927782,1,0.2507417785367398,0.31950216704920253,0.8236058254139657,0.6472116508279313,10.156800097890025,0.04795634262220196,4.404363631370088
CYP2C9-Sub-rf,0.08771023936111015,1,0.2022792397770834,0.5163047062685651,0.8399670565166683,0.6799341130333365,10.968675058686618,0.049542483903086854,4.342463455364777
CYP2C9-Sub-rf,-0.08111442996187161,0,0.2588337468705241,0.3638730521265941,0.6838210832838922,0.3676421665677844,8.340699814114055,0.040937465342976556,4.497040059418612
CYP2C9-Sub-rf,0.04313707125456564,1,0.23640434705435173,0.3841295120220159,0.8962667276900275,0.7925334553800548,11.829342220799347,0.03464018850816119,4.539991425624573
CYP2C9-Sub-rf,-0.0889944596933977,0,0.2961632219246198,0.3454297347340804,0.7129765213636956,0.4259530427273911,11.630176996826913,0.043837938307714784,4.468868580534922
CYP2C9-Sub-rf,-0.16201340272170708,0,0.3328607505476549,0.3509615035886826,0.6694066840731905,0.338813368146381,8.874995251393916,0.0449889076351139,4.476614906146383
CYP2C9-Sub-rf,-0.10355982790897966,0,0.2856233421366903,0.3987601515009534,0.6417289055973266,0.2834578111946533,15.187452608827536,0.049667770732362636,4.492633260410327
CYP2C9-Sub-rf,-0.09641457870196135,0,0.18233005350958076,0.565235672083888,0.7425894036037324,0.485178807207465,10.933249005023626,0.0352880821730589,4.46175762256395
CYP2C9-Sub-rf,0.27566847347593687,1,0.3060429643626311,1.9640607710382145,0.509110662241501,0.01822132448300201,16.055288598235315,0.06352523257093781,4.33883067543067
CYP2C9-Sub-rf,0.04031730298370817,1,0.35154428202060795,0.3564241546430332,0.8295970846518369,0.659194169303674,10.38215681020132,0.042645059941240064,4.4373527648707345
CYP2C9-Sub-rf,-0.012291217038385316,0,0.30427574613673786,0.9254269392629049,0.8552748980131972,0.7105497960263947,9.912112974248307,0.03036068916773902,4.6596386342813645
CYP2C9-Sub-rf,-0.1113208126359253,0,0.236424315621876,0.6311003739351287,0.6758094119613239,0.35161882392264815,8.6495589169917,0.04262898842265177,4.515785872460702
CYP2C9-Sub-rf,0.4401444028026364,1,0.27080431579048286,0.30098001790779294,0.7446888152195954,0.4893776304391908,10.879983784126772,0.08446540002777587,4.377188676292932
CYP2C9-Sub-rf,0.024865267923258088,1,0.2820988899686659,0.4157921555230499,0.832504023665684,0.6650080473313682,9.38425614891753,0.0345111973739862,4.5529008348265725
CYP2C9-Sub-rf,-6.037353725470614e-05,0,0.0,0.6541196635560907,0.7533333333333333,0.5066666666666666,486.88439091564453,0.0564443249801034,4.369932615413909
CYP2C9-Sub-rf,0.059347479584529315,1,0.35401862246118226,0.7655089182760464,0.9372453442586304,0.8744906885172608,11.737417312156579,0.04044018131917511,4.421932808060328
CYP2C9-Sub-rf,-0.006705330221547179,0,0.25527816722959434,0.6129526177121236,0.8516223917059431,0.7032447834118865,9.046821208768499,0.03795051408373399,4.53859293645109
CYP2C9-Sub-rf,-0.02565166774302352,0,0.16725437233960622,0.33459405307528883,0.7930349838138265,0.5860699676276531,9.172320267967923,0.04418829080902266,4.445808012318702
CYP2C9-Sub-rf,-0.009997646411789796,0,0.22695921461539695,0.19547766523274548,0.8279690435316496,0.6559380870632991,12.222982501181033,0.062159614050281566,4.220785248234302
CYP2C9-Sub-rf,-0.0457264588481161,0,0.26429926126406433,0.2938328934402691,0.7526944938763915,0.5053889877527831,14.659924456891238,0.05156456663688129,4.3828056586500965
CYP2C9-Sub-rf,-0.18833785607235853,0,0.13411301066831033,0.6219592443841115,0.5995833905931298,0.19916678118625952,10.682106572928339,0.05258911032702055,4.453253517421736
CYP2C9-Sub-rf,0.10065030204991084,1,0.2116174816487027,0.34266335609024334,0.8992696082986913,0.7985392165973825,10.553681692220408,0.044371284218920004,4.453801701655268
CYP2C9-Sub-rf,-0.012970906807304802,0,0.2625942979839819,0.3795959259296847,0.7895059224501128,0.5790118449002254,8.451684051048066,0.039360342967465135,4.530466552529116
CYP2C9-Sub-rf,-0.06372725674028157,0,0.2904246080046454,0.4650421575535792,0.7328684845559822,0.4657369691119644,8.297331521974098,0.03980087397008452,4.527222371260502
CYP2C9-Sub-rf,0.06466985929901108,1,0.3422177863651794,0.4577540323859923,0.816401334443133,0.632802668886266,14.998376652825385,0.05154713705271671,4.367197005905901
CYP2C9-Sub-rf,-0.06057426922571577,0,0.2282413141126136,0.25944687280990153,0.7051513898753529,0.4103027797507057,12.02130544000677,0.06665670237165229,4.230087717313349
CYP2C9-Sub-rf,-0.17088867069550207,0,0.1695243286184621,0.3383535663634299,0.6253587743422278,0.25071754868445545,13.597765352164796,0.05485536519480896,4.343936663189843
CYP2C9-Sub-rf,0.1419792955686452,1,0.2226260354626418,0.4583162383342191,0.8803414539513424,0.760682907902685,7.032905650334584,0.0478835645129809,4.393292258729167
CYP2C9-Sub-rf,0.14648064007964498,1,0.31498946992429,0.33373925871385524,0.9694292257893996,0.9388584515787993,8.56432521053532,0.04142156005873139,4.4068872971500515
CYP2C9-Sub-rf,0.08386686712505502,1,0.29536506653446065,0.3407116228175162,0.8917831604616966,0.7835663209233933,8.763345288715731,0.04379094957429462,4.383436186430205
CYP2C9-Sub-rf,-0.021088610383860302,0,0.24572144573682775,0.453689526063607,0.7896431652338132,0.5792863304676261,11.986536993648043,0.032900650678358255,4.551048995034885
CYP2C9-Sub-mlp,0.03048253059387207,1,0.20018156478236165,0.10354529964797568,0.9745487570762634,0.9490975141525269,10.249614859669707,2.5494052890874612,4.621429074798698
CYP2C9-Sub-mlp,0.28786468505859375,1,0.29646254150300777,0.11786990194340742,0.9304370284080505,0.8608739972114563,8.444101083289713,2.8574098835090718,4.528789420834059
CYP2C9-Sub-mlp,0.003761629263559977,1,0.034211326783449805,0.11388638573061727,0.9999998807907104,0.9999997615814209,5.123662389986806,1.919606265240672,4.743519428261962
CYP2C9-Sub-mlp,0.011319398880004883,1,0.16441178789878866,0.13130044907400795,0.9998762607574463,0.9997525811195374,8.103341239365244,1.5892360278944229,4.544621089913429
CYP2C9-Sub-mlp,0.04982457558314005,1,0.2984097233161232,0.1084584312265449,0.9994701743125916,0.9989403486251831,7.1676181079787655,2.1285147773912834,4.594877939469924
CYP2C9-Sub-mlp,0.0058181484540303545,0,0.2503995951374985,0.09342909421870435,0.99998939037323,0.9999788403511047,8.24888442602187,2.2145914461519505,4.53213448244073
CYP2C9-Sub-mlp,0.009357690811157227,1,0.1326162349329375,0.10216942925302236,0.9994032382965088,0.9988064169883728,7.032905650334584,2.452307087673227,4.698499905987808
CYP2C9-Sub-mlp,0.07270671923955281,1,0.2536345241509041,0.09984648563296454,0.9818205237388611,0.9636410474777222,10.682106572928339,3.629089980028614,4.628554434676134
CYP2C9-Sub-mlp,0.2491005857785543,1,0.3691741624893872,0.09065388403089013,0.9954063892364502,0.9908127188682556,16.469721394371597,4.00541112514726,4.401440437817742
CYP2C9-Sub-mlp,0.39942989746729535,1,0.18548668394001716,0.08307498874566811,0.9908064007759094,0.9816128015518188,9.953974764483814,3.7287568578549966,4.664770960237794
CYP2C9-Sub-mlp,0.05661875009536743,1,0.154370530659864,0.08088596648143416,0.9956040382385254,0.991208016872406,10.106622861430294,2.9782415319938496,4.554464968098425
CYP2C9-Sub-mlp,0.0011402368545532227,0,0.10758355679870593,0.03590675421970887,1.0,1.0,7.84648277232002,5.351083256974765,4.00606696935852
CYP2C9-Sub-mlp,0.011353373527526855,1,0.17539433960285936,0.12765109228578533,0.996901273727417,0.9938024878501892,9.577802317996923,2.002296955725683,4.756574871063207
CYP2C9-Sub-mlp,0.019224663575490315,1,0.25759935274021517,0.06773413980868341,0.9997219443321228,0.9994438886642456,12.661331643434433,3.431028445384224,4.692536747349889
CYP2C9-Sub-mlp,0.01454546054204305,0,0.23511339581330623,0.09044555789514035,0.9995715022087097,0.9991430640220642,8.648274608727107,2.4625510963074078,4.482000581539903
CYP2C9-Sub-mlp,0.44300172726313275,1,0.1856334859464342,0.13613805402533885,0.964500367641449,0.929000735282898,10.3797575170896,2.7753180100637374,4.658626837333294
CYP2C9-Sub-mlp,0.5685307383537292,1,0.08892619619915303,0.11492301882454545,0.9854075312614441,0.9708150625228882,5.875509478011294,2.841778826347988,4.765895303826201
CYP2C9-Sub-mlp,0.0012444853782653809,1,0.17416590041316166,0.08562471414943058,0.9999423027038574,0.9998845458030701,10.44796218132948,2.6046248791990187,4.530040060838996
CYP2C9-Sub-mlp,0.8317778706550598,1,0.245320832923495,0.11054452858288939,0.9981235861778259,0.9962472319602966,9.745228298540663,3.7404987572780133,4.64037963030627
CYP2C9-Sub-mlp,-0.45676616827646893,0,0.15290896988397606,2.350065795591701,0.5244505405426025,0.04890105128288269,10.38215681020132,2.912349042765318,4.633715088962418
CYP2C9-Sub-mlp,0.012940982977549234,1,0.1932401787109389,0.0927605262350119,0.9999994039535522,0.9999987483024597,9.53287995313949,2.584839761902349,4.502476948002631
CYP2C9-Sub-mlp,0.8862090706825256,1,0.3079313014523316,0.09573778630495222,0.9230628609657288,0.8461257815361023,11.09893130974334,3.060350299368463,4.5680427015995955
CYP2C9-Sub-mlp,0.04982457558314005,1,0.37588242697461977,0.13759578234596687,0.9994701743125916,0.9989403486251831,7.1676181079787655,2.1285147773912834,4.594877939469924
CYP2C9-Sub-mlp,0.023337403933207195,1,0.13997101545443058,0.06582410657504797,0.9999957084655762,0.9999914169311523,10.434850882967257,3.731187982713499,4.450265135909794
CYP2C9-Sub-mlp,0.08130089441935222,1,0.20061198826517637,0.09460913783856378,0.9999921321868896,0.9999842643737793,14.659924456891238,3.585298998724942,4.413043616248032
CYP2C9-Sub-mlp,0.01946834723154704,0,0.20227672301794544,0.10919229505680302,0.9776689410209656,0.9553379416465759,8.079109605753525,2.4471506895076143,4.678188308421291
CYP2C9-Sub-mlp,0.14107654492060342,1,0.1924909012701864,0.07229690836838794,0.9999996423721313,0.9999993443489075,15.453679033803624,4.2395572397631875,4.062668649867572
CYP2C9-Sub-mlp,0.457759161790212,1,0.061511215104785945,0.14599763363678653,0.9768027067184448,0.9536054730415344,7.292643387939836,2.082560510484255,4.69979146959021
CYP2C9-Sub-mlp,0.036182284355163574,1,0.1917745074788713,0.030098074280231743,1.0,1.0,13.386322631632444,6.409504405794722,4.045162966985494
CYP2C9-Sub-mlp,-0.38564274708429974,0,0.1560493584052491,0.13555289074040824,0.5880522131919861,0.17610439658164978,6.715754079020729,2.2662989046353164,4.7354549898894325
CYP2C9-Sub-mlp,0.02575095494588216,1,0.29111777405337663,0.11833430771455282,0.9999042749404907,0.9998084902763367,7.64670236672968,2.313265638195601,4.742789168834739
CYP2C9-Sub-mlp,0.07177297274271648,1,0.18460176144533536,0.031137186397601317,0.9999996423721313,0.9999992251396179,15.865239108221118,5.498345539480502,3.9656702881448194
CYP2C9-Sub-mlp,0.05949715773264567,1,0.21395981389663818,0.07050535230121029,0.9581512808799744,0.9163026213645935,4.719921038296425,3.06021138077688,4.529586751487917
CYP2C9-Sub-mlp,0.012532552083333334,1,0.21852359467213073,0.05108367345036013,1.0,0.9999999403953552,18.292708717629374,5.452046229666093,4.137752692983513
CYP2C9-Sub-mlp,0.04314253727595011,1,0.20189914825744087,0.05327507888035385,1.0,1.0,12.323712060163027,4.645950012464022,4.4965364727235135
CYP2C9-Sub-mlp,-0.06382125616073608,0,0.23062771370522753,0.13404869832657562,0.9235826134681702,0.8471652269363403,9.625932397417989,2.887533053366604,4.534758530652461
CYP2C9-Sub-mlp,-0.02834882338841756,0,0.24449463123137996,0.07411856384133951,0.9068171381950378,0.8136342167854309,3.974903548926977,2.7848640550121178,4.474409222455186
CYP2C9-Sub-mlp,0.8266585866610209,1,0.28445237575401794,0.06584609484528514,0.9999006986618042,0.9998013973236084,15.707779201712103,3.103103285964656,4.205102800762543
CYP2C9-Sub-mlp,0.4208046793937683,1,0.11794366799556841,0.1084151282241407,0.9810624718666077,0.9621249437332153,10.000935210120675,3.8121175121024553,4.652833975572176
CYP2C9-Sub-mlp,0.9134091933568319,1,0.11789434252141227,0.1432436236425235,0.9545869827270508,0.9091740250587463,7.276825753679383,3.2503347213885876,4.440085192860192
CYP2C9-Sub-mlp,0.026614586512247723,1,0.24599259890485933,0.06868645448628667,0.9999998807907104,0.9999997615814209,11.829342220799347,3.085804609069613,4.333090482363085
CYP2C9-Sub-mlp,0.0038834412892659507,1,0.11130410684933906,0.03593924759543317,1.0,1.0,11.37941855085723,5.210465172962987,3.9859754066793447
CYP2C9-Sub-mlp,0.0022635459899902344,1,0.2317439961620226,0.11543071973519038,1.0,0.9999999403953552,6.9391641467613905,1.97029103136548,4.735223785505045
CYP2C9-Sub-mlp,0.040437658627827965,1,0.24154860856660304,0.09753754396665976,0.9994961023330688,0.9989922642707825,7.746423725816214,2.5791541624112413,4.537890705229806
CYP2C9-Sub-mlp,0.17584139108657837,1,0.20497083343971076,0.07807864981442546,0.9976059198379517,0.9952118396759033,13.597765352164796,3.709781951146241,4.426189303318566
CYP2C9-Sub-mlp,0.00018950303395589194,1,0.06434684266073724,0.07910802607475044,1.0,1.0,8.56432521053532,2.2384152394045875,4.6527444366478585
CYP2C9-Sub-mlp,-0.03875341018040975,1,0.17347358215089898,2.3490332401798177,0.5694801211357117,0.13896024227142334,7.930382318610581,2.2622000600876286,4.705273834899967
CYP2C9-Sub-mlp,0.004679401715596517,0,0.23051144651614522,0.0958822648767256,0.9993575215339661,0.9987151026725769,10.156800097890025,3.123084323364439,4.573030882931825
CYP2C9-Sub-mlp,-0.003931641578674316,0,0.1680225300486219,0.07263567928605776,0.9844955801963806,0.9689911603927612,11.986536993648043,3.6540341637742597,4.387988526065222
CYP2C9-Sub-mlp,0.005344748497009277,1,0.28874369200560046,0.07294791602303176,0.9999996423721313,0.9999993443489075,13.848295579716027,2.491553803820488,4.521328599320571
CYP2C9-Sub-mlp,0.9960450530052185,1,0.17676253430266603,0.10617482665867303,0.999961256980896,0.9999224543571472,9.20527618855832,2.0899660219564455,4.558295910804489
CYP2C9-Sub-mlp,0.014690240224202475,1,0.21568033341184578,0.0358191923927409,1.0,1.0,10.59770535606773,5.22103319441484,3.967523244302934
CYP2C9-Sub-mlp,-0.012395004431406656,1,0.19658315400106746,0.15682623864621625,0.9688805937767029,0.9377611875534058,9.522373703855333,1.9748545517187204,4.735475552401141
CYP2C9-Sub-mlp,0.002416988213857015,1,0.15147853113344853,0.09943801160959312,0.9999985694885254,0.9999971985816956,9.172320267967923,2.3762273227953297,4.661356340486889
CYP2C9-Sub-mlp,0.018309374650319416,1,0.11319021902778505,0.061075240545897386,1.0,1.0,11.913552221989073,2.7648842510125555,4.4837798859776825
CYP2C9-Sub-mlp,0.0711250106493632,1,0.2543802783435026,0.05470446306662168,0.9999680519104004,0.999936044216156,10.933249005023626,5.242759758028025,3.919746205210057
CYP2C9-Sub-mlp,0.0026007692019144693,1,0.1539025258634065,0.034219884761767745,1.0,1.0,12.090061428212213,6.241463688269007,4.254325868909628
CYP2C9-Sub-mlp,0.03081047534942627,1,0.17573903071392655,0.13670402361671874,0.9987695813179016,0.997539222240448,7.340858842320651,2.427856004933197,4.779197391432474
CYP2C9-Sub-mlp,0.019398053487141926,1,0.25227513757148246,0.04087249675608725,1.0,1.0,11.751532794860227,5.153751830771699,4.03499861705364
CYP2C9-Sub-mlp,0.7880716919898987,1,0.27501711719758265,0.1207125099476466,0.8751972317695618,0.7503944635391235,8.956690710377986,2.730076032972621,4.705300195569912
CYP3A4-Sub-rf,0.06959628347565854,1,0.23917937974835055,0.3747712625659324,0.5263703330351842,0.052740666070368536,17.337439039209936,0.038999581780062534,4.501483099720942
CYP3A4-Sub-rf,0.1798869849431252,1,0.3016572852944984,0.370611450737871,0.7914303962151396,0.5828607924302791,9.218029083601023,0.04994411553643598,4.460761108415464
CYP3A4-Sub-rf,0.2444312399983719,1,0.13107711198720556,0.2652768709479047,0.6580014944017317,0.31600298880346334,13.595777099266684,0.05451375784674475,4.436686611789087
CYP3A4-Sub-rf,0.23702709748983333,1,0.389929920609431,0.19418131200427852,0.8159706068768704,0.6319412137537409,12.113136614057506,0.05345226273803503,4.417710558683788
CYP3A4-Sub-rf,0.2296608248062728,1,0.36031936071640175,0.26978265584844774,0.8262741376361191,0.6525482752722384,12.442957364741588,0.05397276979320715,4.430742384647893
CYP3A4-Sub-rf,-0.00082510268120591,0,0.23288543279980445,0.19255885437641565,0.5289768841483652,0.057953768296730324,24.11221994362152,0.04554891303756583,4.571792052475115
CYP3A4-Sub-rf,0.05568217670542438,1,0.1649133895739965,0.631245067131523,0.6492910658862076,0.29858213177241505,6.604430356939292,0.0448525549554474,4.426663891354496
CYP3A4-Sub-rf,0.2380654239414799,1,0.34877204099292625,0.28708911388914476,0.8104488026205076,0.6208976052410149,9.67467865126916,0.0514361588457553,4.445195642006288
CYP3A4-Sub-rf,0.06382479802358192,1,0.19313338533433713,0.3705853291362565,0.663384157740963,0.3267683154819262,13.638457796078768,0.048710015237097004,4.50620021428972
CYP3A4-Sub-rf,0.06683823957949005,1,0.20868210032814227,0.38174415490273333,0.6713407412666489,0.34268148253329755,7.5628648762636885,0.04104055667291065,4.457064450422881
CYP3A4-Sub-rf,0.12815834464382378,1,0.052439770713301505,0.4363384890287765,0.691413847694818,0.38282769538963585,6.223086096135967,0.04594018518235592,4.5091662763336124
CYP3A4-Sub-rf,0.12359219646120752,1,0.31070534786057397,0.2561505125642532,0.7388262315313422,0.4776524630626844,8.703155132829487,0.055970921520534726,4.473738718439224
CYP3A4-Sub-rf,0.04193262634915662,1,0.1550690411278847,0.33031433336869703,0.5887424843972532,0.1774849687945061,15.361830134913134,0.04175343476717209,4.495321224966745
CYP3A4-Sub-rf,0.0234864372680485,1,0.22354023110740268,1.988185281886266,0.5165163834830402,0.03303276696608043,10.007307429063754,0.044328171298364784,4.429726717349178
CYP3A4-Sub-rf,-0.0026123190173799418,0,0.22018831384837104,0.4939675289881934,0.6278941496182477,0.25578829923649543,7.855448199200074,0.045405436477816016,4.458595301861639
CYP3A4-Sub-rf,0.24098351951260252,1,0.26986339877759397,0.32648288076804177,0.7568422830614352,0.5136845661228704,6.546139499195772,0.05127185425427611,4.4315540671984905
CYP3A4-Sub-rf,0.20234511996609986,1,0.2395599057441201,0.29403432285827985,0.5839202408347335,0.16784048166946708,8.92628963800426,0.049016679527314026,4.356119239813505
CYP3A4-Sub-rf,-0.03871497669740687,0,0.21738134739809578,0.46950286552667353,0.568260156272022,0.13652031254404384,7.181066680425987,0.04316805179399156,4.505570109867275
CYP3A4-Sub-rf,0.11994526917603021,1,0.26429761885798947,0.32573764161462904,0.6964075985803068,0.3928151971606134,8.208728975759541,0.04624158115494007,4.426370084947921
CYP3A4-Sub-rf,0.10409812795874122,1,0.2781175243895331,0.43413037950692557,0.5582366459969209,0.11647329199384171,10.783098385954386,0.04237316995658758,4.510451066105105
CYP3A4-Sub-rf,0.0768914133165074,1,0.24313966881543347,0.4137707056780136,0.7021159299778723,0.40423185995574457,14.027222510471665,0.042969852412433,4.537098024330893
CYP3A4-Sub-rf,0.11604774114766074,1,0.21659328275870887,0.29294671409112477,0.7817009022240462,0.5634018044480925,12.673384672519557,0.049348859357649204,4.532442410100046
CYP3A4-Sub-rf,-0.02821397972333221,0,0.13005180583193765,0.2627390983024509,0.542174273731066,0.08434854746213188,16.629569958345964,0.04839584433305993,4.512160988055754
CYP3A4-Sub-rf,0.07409267129300053,1,0.09723261315976525,0.3526586491382649,0.7007053946165017,0.4014107892330035,14.8307876511327,0.04220162496428809,4.572417953952661
CYP3A4-Sub-rf,-0.07224555821767553,0,0.1304746124939038,0.47162935065244893,0.5573050714701394,0.11461014294027894,9.883111589671302,0.03890363790951296,4.522656571008627
CYP3A4-Sub-rf,0.16261347446027322,1,0.2218114216451411,0.30728332580183315,0.5681336288583656,0.13626725771673126,11.583640294293641,0.048896481010891335,4.459000771731254
CYP3A4-Sub-rf,0.02746386191664041,1,0.16986022751900046,0.5022022913353077,0.6210085500063935,0.2420171000127871,7.872942079512839,0.040721427343914096,4.516449742253826
CYP3A4-Sub-rf,0.22559302608103293,1,0.18513529264547746,0.2920881338795934,0.6453458807184947,0.2906917614369892,8.163972826341062,0.054626305490737104,4.427492901436114
CYP3A4-Sub-rf,-0.07727346826109698,0,0.2544556193377775,0.30945686730670646,0.5277919642195419,0.05558392843908383,15.49003628443965,0.05126205535007737,4.428498795058596
CYP3A4-Sub-rf,-0.06628901562032903,0,0.18995646305484148,0.3837954427722441,0.5245098190948769,0.049019638189753856,11.37183064531344,0.048365578193727346,4.514012383972346
CYP3A4-Sub-rf,0.3333845027445035,1,0.29551366960354025,0.32801944764844077,0.808520664658113,0.6170413293162261,8.397501896417875,0.05702421350465403,4.368124827215142
CYP3A4-Sub-rf,0.3606674165193455,1,0.2732023969441766,0.19163095926970852,0.8228764090809999,0.6457528181619998,13.483149970811033,0.05761229536857632,4.393658567498299
CYP3A4-Sub-rf,0.16705746331070612,1,0.24239153591634338,0.40556760661253044,0.6087284418821297,0.21745688376425948,11.250312736104572,0.044952339459943993,4.544484134718109
CYP3A4-Sub-rf,0.1327793949339084,1,0.15158088616666396,0.3911814702036637,0.574958294953837,0.14991658990767398,13.891083224022907,0.04697695005499861,4.345350980335106
CYP3A4-Sub-rf,0.11286040593945257,1,0.12462108915157244,0.34371369047001993,0.545549985280156,0.0910999705603121,10.257526481602142,0.04674916010747895,4.483700195882463
CYP3A4-Sub-rf,-0.031458944348143746,0,0.03242927097280361,0.31159125235581026,0.5167033708875055,0.033406741775010906,7.397793316902207,0.05323220908323228,4.287236603207171
CYP3A4-Sub-rf,-0.019239628978675632,0,0.2435941859770471,0.3856146244597992,0.6359610366599611,0.2719220733199222,7.655006772528617,0.04589473375150166,4.424560404315743
CYP3A4-Sub-rf,-0.051113929762593435,0,0.24083654697066786,0.47909802683630476,0.5824383143608913,0.1648766287217826,6.38925441132371,0.04290771896747635,4.524885127023146
CYP3A4-Sub-rf,-0.009702300209220619,0,0.07647398052017725,0.30849873296414676,0.6265359221901523,0.2530718443803046,18.32140629067884,0.047383604448426576,4.501641793568344
CYP3A4-Sub-rf,0.20672933844669808,1,0.3795558893729116,0.16030866095933982,0.8231928202515819,0.6463856405031638,11.708127881557932,0.05259834496887947,4.49298141463834
CYP3A4-Sub-rf,0.13122428875526743,1,0.23881059838208007,0.2906000399056861,0.5686583597053734,0.13731671941074675,12.347638086903977,0.04648893180355636,4.488455259195145
CYP3A4-Sub-rf,0.01112664365773793,1,0.20204755912412342,0.2339908250844439,0.679999232337095,0.35999846467419,12.433429618017875,0.05161945061970716,4.486401083100747
CYP3A4-Sub-rf,-0.016439846293582194,0,0.1437202056429433,0.3917143804028894,0.6052077307599723,0.21041546151994445,9.943500369412998,0.049928821928140216,4.455398710050943
CYP3A4-Sub-rf,0.14383657151612617,1,0.2690776830641068,0.38415441928959765,0.7470045846283382,0.4940091692566762,11.668447575088825,0.054409380573243515,4.456549305773576
CYP3A4-Sub-rf,0.07126197499745252,1,0.15852666005240787,0.2889579332003904,0.583242525913886,0.16648505182777207,14.343446667209713,0.04770608793222919,4.434146649718728
CYP3A4-Sub-rf,-0.038338070981284535,0,0.2983734868865613,0.4258251278231197,0.5622321426996123,0.12446428539922455,12.303572318420192,0.0461993158225006,4.495745015385488
CYP3A4-Sub-rf,-0.05517385843070973,0,0.21476112055685553,0.5415087310797692,0.5170342023674851,0.03406840473497014,6.3286268349335355,0.047832587612993756,4.440598488964735
CYP3A4-Sub-rf,0.03988771905272792,1,0.29385885130712275,0.2960094861268377,0.5760035955083642,0.15200719101672822,15.317940332472617,0.04138067564360534,4.51543890217117
CYP3A4-Sub-rf,0.07194032010351005,1,0.17970457596511227,0.3634410721039976,0.6347027702019484,0.26940554040389675,12.352240081932054,0.048157449340465834,4.47503035405785
CYP3A4-Sub-rf,-0.03891597618801934,0,0.25921689213669624,0.2898893217104264,0.6047092904075526,0.20941858081510512,8.219264291740902,0.04446439871332952,4.446658271702831
CYP3A4-Sub-rf,0.023764652402588737,1,0.25123993978093495,0.34753504486643216,0.6188135919247825,0.23762718384956505,11.545276767340873,0.049262246629341484,4.5353072345460905
CYP3A4-Sub-rf,0.2228074546052894,1,0.24777762300461212,0.24565666703629582,0.8039561784041086,0.6079123568082173,12.328861564440775,0.05204342374607149,4.460697558929019
CYP3A4-Sub-rf,0.12624476253534175,1,0.29637924879762095,0.3611345347904091,0.788272590645171,0.5765451812903417,9.612667750951282,0.04445479882477603,4.529374530752107
CYP3A4-Sub-rf,0.0798153424826216,1,0.1752181274964715,0.31162002346248613,0.5348165368896558,0.06963307377931155,16.50387967837886,0.04353485520073206,4.439954457584355
CYP3A4-Sub-rf,0.027975184911277668,1,0.21481044800075158,0.5053485527755487,0.680723889639005,0.3614477792780099,7.512833508880183,0.03914604076550161,4.528404626394874
CYP3A4-Sub-rf,0.10349700391867751,1,0.13644793105712555,0.35012361907454503,0.5811233119625143,0.16224662392502864,11.6436644807516,0.04914989795449554,4.419986310239196
CYP3A4-Sub-rf,-0.04007193023772034,0,0.1970208576985259,1.930678808850414,0.5271128280659798,0.05422565613195962,11.302007294145799,0.04756491224448524,4.454599323031893
CYP3A4-Sub-rf,0.11130696431758413,1,0.172814001838014,0.4038855262749972,0.6907847189122542,0.38156943782450864,12.71823571982668,0.047993766304015875,4.536729022623751
CYP3A4-Sub-rf,0.10018720856145798,1,0.2385968461251972,0.5672283338691554,0.6996772755452103,0.39935455109042073,13.157727358021095,0.04403609936024675,4.550259199401822
CYP3A4-Sub-rf,0.13037951000806206,1,0.2596314775580131,0.15463705380852574,0.7376144324363731,0.4752288648727462,15.051938409785516,0.05609378550508783,4.4678095374795745
CYP3A4-Sub-mlp,0.742589553197225,1,0.29051484613053424,0.12230231112653796,0.9998316764831543,0.9996633529663086,6.604430356939292,3.669727819453703,4.697118322027054
CYP3A4-Sub-mlp,0.7486848831176758,1,0.26214535212717405,0.10409113307490346,0.9999840259552002,0.9999679923057556,12.303572318420192,3.4385171632198994,4.397403260230142
CYP3A4-Sub-mlp,0.030473371346791584,1,0.19987245719282373,0.13917479480971467,0.9998272061347961,0.9996543526649475,9.67467865126916,4.127088959967969,4.7634054818138285
CYP3A4-Sub-mlp,0.013109286626180014,1,0.06665233868077072,0.06527020589275806,1.0,1.0,13.32166740045208,5.114356525941512,4.689758043213277
CYP3A4-Sub-mlp,0.8024549086888632,1,0.3873159379393169,0.12495341509019896,0.990304172039032,0.9806084036827087,8.797788933348203,5.778022825184617,4.290904266032641
CYP3A4-Sub-mlp,0.03352689743041992,1,0.236401880171815,0.07372677357677437,1.0,1.0,11.584733397755453,4.959066240224192,4.658796067870972
CYP3A4-Sub-mlp,0.0008713603019714355,1,0.1479263117522449,0.15040864761582098,0.9992546439170837,0.9985092878341675,8.093719176582276,2.9686654890545525,4.832548212724001
CYP3A4-Sub-mlp,0.05672210454940796,1,0.17546078711690705,0.05956885397049419,1.0,1.0,13.5537798771756,9.606739282266439,4.55255866599361
CYP3A4-Sub-mlp,0.6211827794710795,1,0.20800889759915256,0.11569819631478112,0.9992086291313171,0.9984172582626343,13.595777099266684,3.0576470230860653,4.613979504627452
CYP3A4-Sub-mlp,0.10754283269246419,1,0.2860085641098813,0.08057398993109764,0.6949082016944885,0.38981640338897705,10.007307429063754,5.226109739216401,4.552941488457411
CYP3A4-Sub-mlp,-0.002075672149658203,0,0.14635610089438383,0.12437636138344697,0.9972027540206909,0.9944055080413818,12.328861564440775,5.015176261122047,4.592302652068296
CYP3A4-Sub-mlp,0.5044916868209839,1,0.25228132744865855,0.13574719141906816,0.9999990463256836,0.9999980330467224,8.199359597230242,2.8694520936777383,4.594507642379929
CYP3A4-Sub-mlp,0.999999980131785,1,0.0,0.0009871284390853626,1.0,1.0,487.35302594022085,124.50102528332025,1.7106246448471891
CYP3A4-Sub-mlp,0.03220170736312866,1,0.2721315173660618,0.07037970540204944,0.9988170862197876,0.9976341128349304,16.50387967837886,4.603683669681621,4.609324149026053
CYP3A4-Sub-mlp,0.6161423325538635,1,0.3027735304494228,0.13513686669181016,0.9999887943267822,0.9999775886535645,6.244539639107797,4.007974944007388,4.717374728361497
CYP3A4-Sub-mlp,0.0015903910001118977,0,0.2072044141005476,0.18023421082838198,0.9981645941734314,0.9963291883468628,12.352240081932054,3.4100434008407823,4.707466493427918
CYP3A4-Sub-mlp,0.00879967212677002,1,0.243232356124934,0.08170241782316544,0.9999998807907104,0.9999997615814209,9.805357350685739,3.6645110107673307,4.6886060473672675
CYP3A4-Sub-mlp,0.14807232220967612,1,0.14415522195075506,0.08245128781636046,0.9988498687744141,0.9976996779441833,11.592443768680974,5.064954423540092,4.7293720107681265
CYP3A4-Sub-mlp,0.05260437726974487,1,0.15576092404303873,0.10305301781491824,0.9996914863586426,0.9993829727172852,9.795970363274307,4.458177067133638,4.566173431237703
CYP3A4-Sub-mlp,0.03236287832260132,1,0.30279936787565537,0.10464487867660889,0.9999910593032837,0.9999820590019226,9.117227072999317,5.552206928292845,4.459982998691729
CYP3A4-Sub-mlp,0.12199183305104573,1,0.21991760223543635,0.09741672031757619,0.9999629259109497,0.9999259114265442,11.668447575088825,3.8815387877230365,4.3783125521857595
CYP3A4-Sub-mlp,0.848231037457784,1,0.24271913088567798,0.14827968745816922,0.9001100659370422,0.8002200722694397,10.025584808018685,3.609848213289454,4.668349654759764
CYP3A4-Sub-mlp,0.22770400842030844,1,0.336364533408692,0.1047650990213058,0.9367425441741943,0.8734850287437439,11.6436644807516,4.642364422579227,4.704525304684771
CYP3A4-Sub-mlp,-0.07154868046442668,0,0.2118093481122703,0.062573451808526,0.9246241450309753,0.8492482900619507,13.249376990066214,6.7523189408366635,4.299852257207315
CYP3A4-Sub-mlp,0.22248186667760214,1,0.29780569804197893,0.15615550736692238,0.9999946355819702,0.9999892711639404,12.71823571982668,4.247606705192563,4.4792055683081875
CYP3A4-Sub-mlp,0.6666009624799093,1,0.29647976830486217,0.04149340532172933,0.9999791383743286,0.999958336353302,19.157043390342015,13.334790470916799,3.826972215968574
CYP3A4-Sub-mlp,0.00024692217508951825,1,0.10770448567892658,0.028365568457049822,0.9999998807907104,0.9999998211860657,15.361830134913134,11.112574724910505,4.53880402033746
CYP3A4-Sub-mlp,0.13517544666926065,0,0.2132292321265965,0.12457862387795066,0.8742116689682007,0.7484232783317566,10.257526481602142,4.587880417271233,4.441050790343402
CYP3A4-Sub-mlp,0.113460640112559,1,0.19985131748045162,0.09025515220607534,1.0,0.9999999403953552,16.629569958345964,6.263860685327011,4.428273621417214
CYP3A4-Sub-mlp,-0.003321389357248942,0,0.19781955623579964,0.11207137778101708,0.9953184723854065,0.9906370043754578,12.113136614057506,4.794616574919216,4.625546700368093
CYP3A4-Sub-mlp,0.12539555629094443,0,0.15284951587801432,0.12194724837847887,0.9613381624221802,0.9226762652397156,7.244769095384013,4.442143483501512,4.699167603833125
CYP3A4-Sub-mlp,0.0005847414334615072,1,0.06707395849974762,0.02658844432748723,1.0,1.0,15.317940332472617,12.071805370845611,4.500544197242204
CYP3A4-Sub-mlp,0.7629666527112325,1,0.21605960472752786,0.12376956107639502,0.8961583971977234,0.7923167943954468,6.546139499195772,2.9823220760755027,4.663084518612337
CYP3A4-Sub-mlp,0.2025736172993978,0,0.12409128605270053,0.05981201294823566,0.9995402097702026,0.9990804195404053,12.673384672519557,5.321582403805018,4.537017861728186
CYP3A4-Sub-mlp,0.5937983989715576,1,0.37103131284200813,2.1927620442843114,0.6545546054840088,0.3091091811656952,8.16229116606683,3.2686841864174268,4.699460222866204
CYP3A4-Sub-mlp,0.04976201057434082,1,0.18012444255188564,0.16736681544721815,0.999948263168335,0.9998965263366699,8.074002206805073,2.4630022939429526,4.745207973993461
CYP3A4-Sub-mlp,0.21154304345448813,1,0.32299483976180293,0.14100683412215143,0.9997605681419373,0.9995211362838745,5.99350661299849,3.4196650752474667,4.79144820753093
CYP3A4-Sub-mlp,-0.012982606887817383,0,0.21350404838743378,0.12132270880328104,0.9866949319839478,0.9733898043632507,12.442957364741588,5.089817087827766,4.6014083387524956
CYP3A4-Sub-mlp,0.2974025209744771,1,0.2517540090678211,0.08016199664438829,0.9750093221664429,0.9500187039375305,14.343446667209713,5.48255125927069,4.522645387973431
CYP3A4-Sub-mlp,0.9287817279497782,1,0.19081056715598294,0.12289721604081397,0.9766014218330383,0.9532029032707214,9.293131783784329,3.999243834174316,4.64724158580879
CYP3A4-Sub-mlp,0.6797743638356527,1,0.18552446463449243,0.11546856745693825,0.9184558391571045,0.836911678314209,11.545276767340873,4.880222504861024,4.564301294392317
CYP3A4-Sub-mlp,0.5120013753573099,1,0.18876941048361,0.06876256517553987,1.0,1.0,5.270693034132961,4.9694115755599055,4.5891083708290825
CYP3A4-Sub-mlp,0.002941389878590902,0,0.26034025557628965,0.1151866949239541,0.9974954128265381,0.9949908256530762,10.783098385954386,2.745136218359684,4.7346431787021555
CYP3A4-Sub-mlp,0.23246610164642334,1,0.36047437536907373,0.10322926221140856,0.9999951124191284,0.9999901652336121,13.9404817097073,7.02522757274164,4.1243361261971145
CYP3A4-Sub-mlp,0.16688019037246704,1,0.1323369483062852,0.09531234864416968,0.9999996423721313,0.9999992847442627,10.356143611360805,3.1304073526414475,4.687194096617832
CYP3A4-Sub-mlp,0.20411490400632223,1,0.29358010442448895,1.8819644832428382,0.5774604678153992,0.15492093563079834,8.927351857800812,3.4711119898464267,4.737892412274257
CYP3A4-Sub-mlp,0.03994224468866984,1,0.23694681497962916,0.09379035372219477,1.0,1.0,9.218029083601023,2.7040831322499566,4.653482143394749
CYP3A4-Sub-mlp,0.0011827747027079265,1,0.21941259799543616,0.0888402920082038,0.9999915361404419,0.999983012676239,14.027222510471665,3.5888776434373075,4.684179872849853
CYP3A4-Sub-mlp,0.03299244244893392,1,0.21834034480678458,0.11005057519009767,0.9999991655349731,0.9999983310699463,9.096283528684904,4.1436133924559,4.490293340432451
CYP3A4-Sub-mlp,0.011168797810872396,1,0.3385982963493441,0.10343686775391356,0.9998871088027954,0.9997742176055908,8.163972826341062,3.289502894033076,4.70563536480929
CYP3A4-Sub-mlp,0.07156572739283244,1,0.2649675037288496,0.07974165391029621,0.9999994039535522,0.9999988079071045,13.483149970811033,6.484834796666708,4.285132821115003
CYP3A4-Sub-mlp,0.00491716464360555,1,0.20814160801571074,0.09696373457152316,1.0,1.0,9.951370272386562,3.708590087874106,4.67464216242169
CYP3A4-Sub-mlp,0.22942825158437094,1,0.27885864361425056,0.12365547842637635,0.666144847869873,0.3322896659374237,6.38925441132371,3.6512104075980147,4.620464018231178
CYP3A4-Sub-mlp,-0.03682190179824829,0,0.29859843725593277,0.15411843140551132,0.7950159311294556,0.5900318622589111,7.181066680425987,2.7672587265399122,4.75208856505834
CYP3A4-Sub-mlp,0.1429467797279358,1,0.09760205202199233,0.160252384867215,0.9995731711387634,0.9991464018821716,10.572060411988426,5.522226835878208,4.6687943345423015
CYP3A4-Sub-mlp,0.022290209929148357,1,0.29917038391844464,0.10038309318241458,0.9999828338623047,0.9999656081199646,10.555662435400794,3.072292405948761,4.593753500051319
CYP3A4-Sub-mlp,0.990696370601654,1,0.28204604246857734,0.06084710575375052,0.9994094371795654,0.9988189339637756,18.098100998608313,8.642303692605058,4.373962745356112
CYP3A4-Sub-mlp,0.2861035068829854,0,0.27472465541703955,0.09055844366929319,0.6594262719154358,0.3188525438308716,15.786211722021141,7.603684125293366,4.4659329683739735
CYP3A4-Sub-mlp,0.05936350425084432,1,0.33602277472534303,0.14192353671497218,0.994499683380127,0.9889993071556091,8.208728975759541,3.2514537216343355,4.723851282981452
CYP3A4-Sub-mlp,0.08021785815556844,1,0.19742142498612508,0.1458925292519575,0.9980481863021851,0.9960963726043701,13.157727358021095,4.5385140056472055,4.40168448438576
HalfLife-rf,0.01792317265538274,1,0.17953971035320943,0.07199984525711131,0.0,0.0,7.129630808327535,3.7332301782243813,3.959176382005164
HalfLife-rf,0.08582438609293723,1,0.08751321548707792,0.9927474415103692,0.0,0.0,7.999122875653404,5.23330834511183,3.9068777254768268
HalfLife-rf,0.012356080426298823,1,0.11969646861259614,0.18357961532143305,0.0,0.0,11.43659022748227,3.7964434730146124,4.019689648614142
HalfLife-rf,0.0049584304277377565,1,0.07083922082120435,0.13740489506758494,0.0,0.0,5.124681616690441,4.002749078900198,3.972122190491988
HalfLife-rf,5.280703689218214,1,0.14332540095772184,0.008884469480163106,0.0,0.0,24.62406288644244,448.4406086366233,0.9420537478636075
HalfLife-rf,0.011645730398212215,1,0.18974510197359667,0.1423353456051503,0.0,0.0,10.73193780504664,3.8797682853063393,3.941750882975962
HalfLife-rf,0.013948803660175728,1,0.10044454797136258,0.12136165785402515,0.0,0.0,4.858251663450225,3.9930136755235432,3.8704018760804013
HalfLife-rf,0.01412854060350259,1,0.1178838735886816,0.06231474460871223,0.0,0.0,8.050511752184871,4.857074872472831,3.8113774051455023
HalfLife-rf,0.03998367422361477,1,0.1773006914837466,0.4951896503508478,0.0,0.0,22.82621304583626,6.517807847143694,3.7564372120535907
HalfLife-rf,0.005726610449821292,1,0.09994235459953921,0.15521711609903022,0.0,0.0,5.3339308585775855,4.249866266038668,3.865884637856305
HalfLife-rf,0.051134699674127315,1,0.00580606021108075,0.10670189017305971,0.0,0.0,12.577382577945366,6.3199614070364705,3.9034305981615853
HalfLife-rf,0.03343503388352442,1,0.023354634912796438,0.35850252316154746,0.0,0.0,8.160411869189284,4.901331600728702,3.895682834553263
HalfLife-rf,0.018015473543476414,1,0.0913786360484459,0.04942845489912967,0.0,0.0,8.259624493495709,4.386002067458482,3.8996582320884206
HalfLife-rf,0.13547897853697344,1,0.05548561293879151,0.053650536200128024,0.0,0.0,15.393487119142353,8.594878287742649,3.6957896802694536
HalfLife-rf,0.0036452923589215393,1,0.06848507926065689,0.14214631017755414,0.0,0.0,7.712517521725772,4.71046454731321,3.8505034793192836
HalfLife-rf,0.012867832672773478,0,0.1743580145330623,0.13229204193066055,0.0,0.0,9.291108983493265,3.6962098517393605,4.150674015825519
HalfLife-rf,2.3939347025698603,1,0.07753454508484718,0.5455792936205253,0.0,0.0,8.08859659004745,135.26907577584916,2.06376752349067
HalfLife-rf,0.005726610449821298,1,0.16772318841830577,0.15935696845773498,0.0,0.0,5.230026627711101,4.249740154033738,3.8616185685248707
HalfLife-rf,0.1231675100743949,1,0.21326302315231932,0.1388552550851114,0.0,0.0,8.195487640897838,14.805929323044511,3.4001493683042963
HalfLife-rf,0.008054560081497878,1,0.11982392587772558,0.15521715463684355,0.0,0.0,10.246413769239869,3.6668263007580215,4.041698142577255
HalfLife-rf,0.007861512492839432,0,0.016769147094219065,0.14897930740710183,0.0,0.0,8.539884308900657,4.249008919842012,3.9459392040653563
HalfLife-rf,5.416378537735234,1,0.22203584210150515,0.006300191360279098,0.0,0.0,14.210777861245342,438.3022162259112,1.1437639084694307
HalfLife-rf,0.013980161665607636,1,0.06636000836094114,0.35969402735498707,0.0,0.0,4.319795299478751,5.610970722824236,3.8639283991403053
HalfLife-rf,0.015079445062181951,0,0.08154563109207738,0.07587158043990795,0.0,0.0,9.035218253268178,6.847848204474579,3.676499831070997
HalfLife-rf,0.1123767457639235,1,0.030058182225802466,0.1163760289987109,0.0,0.0,12.542117051860277,5.315468099050742,3.872019289814029
HalfLife-rf,0.008555083696845036,1,0.0588599999810433,0.13038390725866084,0.0,0.0,7.926651360711349,5.5259458989312495,3.8102893349585036
HalfLife-rf,0.0074706374753123125,1,0.12101039442870011,0.10693862260426691,0.0,0.0,10.225800198632184,5.813358918428072,3.8568353100921207
HalfLife-rf,0.015100093891944147,1,-0.005726766520792849,0.09088522720778602,0.0,0.0,9.190211882197747,7.407811498623713,3.8266972596970956
HalfLife-rf,0.01625633144845573,1,0.02762474697496711,0.16091606835717734,0.0,0.0,9.622035033428208,5.806740103506065,3.803378493954873
HalfLife-rf,0.03732133036783894,0,0.19483164536539832,0.2159674147474128,0.0,0.0,6.454224027129996,13.19170516260078,3.4791665348504988
HalfLife-rf,0.22346925100262946,1,0.14963541662263236,0.24092224837995657,0.0,0.0,19.942679751456232,9.981348286882671,3.9654755474461165
HalfLife-rf,0.013933271216360324,1,0.01266995698666898,0.1302192758781167,0.0,0.0,7.081259440017654,5.0924558901613075,3.945849530183709
HalfLife-rf,0.02324848465233857,1,0.02962177324888461,0.16281889938580035,0.0,0.0,7.377882537546817,4.197483112862587,3.940344860000932
HalfLife-rf,0.03827430251652512,1,0.036303000856476274,0.08472778095559941,0.0,0.0,7.727895471312633,7.941851614711698,3.7628368909380026
HalfLife-rf,0.014751546647443055,1,0.1451045164235148,0.30655180968705636,0.0,0.0,6.735123588779645,6.696595695681513,3.7003179156385326
HalfLife-rf,0.022987989685367236,1,0.11186107729081392,0.16462714859200506,0.0,0.0,7.784536509198496,5.424640795344584,3.926979542555782
HalfLife-rf,0.029117665526353143,1,0.1783291600148141,0.09909461495419095,0.0,0.0,10.125670298480916,5.375662968903081,3.9222472998925952
HalfLife-rf,0.05262438670742847,1,-0.03006464319315926,0.1595070583158786,0.0,0.0,9.57469321620816,6.420787772895575,3.823640112697171
HalfLife-rf,0.10194458282889875,1,0.1645755225942105,0.20997637856301785,0.0,0.0,6.59942768150839,14.954081779621236,3.4954814124527083
HalfLife-rf,0.121641891395925,1,0.09631481510903493,0.5515718404177311,0.0,0.0,8.601473079656571,8.931657814408366,3.8303769060875372
HalfLife-rf,0.010195108776520181,1,0.02019052298997479,0.3589384682184258,0.0,0.0,8.157815992306041,5.632029556675823,3.829045103496176
HalfLife-rf,0.013332126338490088,1,0.00893081896909285,0.17057183665165077,0.0,0.0,8.169022047709134,5.092986685547038,3.9333251212221576
HalfLife-rf,0.22209138294046749,1,0.07099193459509215,0.3046680453604037,0.0,0.0,13.44341118199444,12.496938897369697,3.786011802764694
HalfLife-rf,0.14426518514336442,1,0.03406985559370146,0.18092030357139155,0.0,0.0,19.58349188763519,9.39730861334605,3.9620408685022204
HalfLife-rf,0.047229210186649793,1,0.05112211053028177,0.17456488326279232,0.0,0.0,5.168071327125742,5.2424569222014705,3.991132250944818
HalfLife-rf,0.034882402936195364,1,0.15471902321109,0.12178957337235946,0.0,0.0,8.52206702962889,3.499589450145725,4.103526683928339
HalfLife-rf,0.04208750083688981,1,0.09089347613601771,0.18212704449151845,0.0,0.0,12.5656178974446,5.149968354321721,3.8120708151206726
HalfLife-rf,0.16021420118109683,1,0.056086482902973175,0.6582488731044452,0.0,0.0,18.141326314423097,10.88381768695137,3.737172110494022
HalfLife-rf,0.009150809335591507,1,0.1380691103326372,0.26840959634875367,0.0,0.0,9.86316340247175,3.7420359479843017,4.172975674626873
HalfLife-rf,0.05400884952852459,1,0.11089721843331433,0.4248713034742442,0.0,0.0,6.75015295858542,4.344276062071965,3.928506573134017
HalfLife-rf,0.034882402936195364,1,0.08500577279197387,0.2076517952228467,0.0,0.0,8.52206702962889,3.499589450145725,4.103526683928339
HalfLife-rf,0.36454201878903286,1,-0.03719226490903836,0.38249386197193047,0.0,0.0,10.763297847171966,19.773781325013193,3.372588608266894
HalfLife-rf,0.012298146037344809,1,0.06441584454721556,0.12900458666733475,0.0,0.0,5.500268984153715,4.2404505993654835,3.9202683364051527
HalfLife-rf,0.11043549394333424,1,0.08674553509295728,0.20864054103184612,0.0,0.0,19.952478927646588,6.106695605036966,4.024628281282328
HalfLife-rf,0.016366205795365036,1,0.0334760339575454,0.09296779035024548,0.0,0.0,8.456925542236728,3.797866759151651,3.884884029659398
HalfLife-rf,0.014486128105979245,1,0.14426635274913824,0.15756295153968763,0.0,0.0,8.032852479853474,4.418790419805794,3.9551170461605576
HalfLife-rf,0.005543640055351004,0,0.22052749990402865,0.13883185830215491,0.0,0.0,6.552293559212686,5.6468114224044985,3.8122827252363436
HalfLife-rf,0.08793992913084175,1,0.06187727173666513,0.19149830180823765,0.0,0.0,7.477489339058377,5.3753835413352045,3.88319711252749
HalfLife-rf,0.39772999746252297,1,0.06787833568978725,0.08591140792431892,0.0,0.0,19.2496053442508,26.39699215329095,3.4227296319072122
HalfLife-rf,0.019514197091180133,1,0.14442082860503247,0.08839549767455575,0.0,0.0,5.403008628551,4.166228906849368,3.9000724005772502
HalfLife-mlp,0.013370949464539686,0,0.5134734883010175,0.14007415766347295,0.0,0.0,22.79870671277739,23.04680577202512,4.7435793135264515
HalfLife-mlp,7.693804899851481,1,0.0,0.000357383133310455,0.0,0.0,1790.4814074286107,9791.799447054851,1.0076990880529682
HalfLife-mlp,0.010424299165606499,0,0.46446804251888524,0.12835178835961042,0.0,0.0,12.542117051860277,58.21205548227638,4.230285627265166
HalfLife-mlp,0.0073002846135447426,1,0.2952775557072095,0.09449576201631558,0.0,0.0,10.277424018900035,12.532052484654132,4.5922264433711
HalfLife-mlp,0.016707601336141426,1,0.42993316411329235,0.08333256142850096,0.0,0.0,6.59942768150839,40.4044489793727,4.738774074648027
HalfLife-mlp,0.010279131199543675,1,0.356060632860167,0.12857249757265032,0.0,0.0,5.3339308585775855,7.961722683026774,4.363907014200834
HalfLife-mlp,0.012801173143088818,1,0.18740979022408022,0.33221648065345477,0.0,0.0,7.480636989287066,0.14457886196753905,4.516186255553633
HalfLife-mlp,0.010408897418528795,1,0.37855657232351236,0.5971851103162221,0.0,0.0,8.456925542236728,1.7656905724328906,4.777222685695884
HalfLife-mlp,0.007648067238430182,1,0.4049374800846779,0.09893289166187437,0.0,0.0,6.552293559212686,23.19750873197462,4.172168822713857
HalfLife-mlp,0.05178501829504967,1,0.4181848931437504,0.2186277806158248,0.0,0.0,11.43659022748227,21.221348096321286,4.2336266968583605
HalfLife-mlp,0.007746427319943905,0,0.3817920885449437,0.07193451910250011,0.0,0.0,6.368125628458854,47.12391449047453,4.679975188251279
HalfLife-mlp,0.0007266075917868875,1,0.2952640499226192,0.6203888447637621,0.0,0.0,7.3019838249939895,0.5668971870101456,4.702334669643294
HalfLife-mlp,0.002306604893722882,1,0.39859563340746224,0.2234893153793179,0.0,0.0,5.401501880434397,7.148549520008849,4.804476303378752
HalfLife-mlp,0.054747493316729866,1,0.38723080927868164,0.1540686659370296,0.0,0.0,8.976729123399947,0.1535385471954829,4.661451724786136
HalfLife-mlp,0.006312831382577618,1,0.5508369477662538,0.27093896019667985,0.0,0.0,8.157815992306041,4.548415826537472,4.772666500410526
HalfLife-mlp,0.02156862438035508,1,0.4812539711406339,0.16824017759294194,0.0,0.0,6.75015295858542,28.915289594773643,4.403971682720856
HalfLife-mlp,0.006257066658387582,1,0.4630088305751,0.5986053027760777,0.0,0.0,7.129630808327535,0.6069442867286996,4.706337552766019
HalfLife-mlp,0.010457944357767701,1,0.5358349571264848,0.07821203358676666,0.0,0.0,7.377882537546817,46.16805291795408,4.504397692586138
HalfLife-mlp,0.07243605330586433,0,0.3972738281416833,0.024523616983915215,0.0,0.0,24.506167078780372,141.98500947480142,4.036603118459408
HalfLife-mlp,0.01672500278800726,1,0.5034128531972457,0.11307304579319177,0.0,0.0,5.168071327125742,31.901453041015365,4.845514489008698
HalfLife-mlp,0.02590416061381499,1,0.4269019962847936,1.4027535974383105,0.0,0.0,6.517817294280827,0.18927648593462354,4.651466830342754
HalfLife-mlp,0.0014970099437050521,0,0.18379904807424702,0.11149596887214694,0.0,0.0,9.181036130688195,7.744812169411008,4.710547905462462
HalfLife-mlp,0.0054905714156727,1,0.20872309272373,0.08674428554813396,0.0,0.0,10.125670298480916,17.30063542199852,4.678665065524997
HalfLife-mlp,0.0019962734077125788,1,0.2644127274620423,0.22192655117062893,0.0,0.0,5.936054050412578,4.10727190400954,4.822197326919264
HalfLife-mlp,0.03451990336179733,1,0.4695967174150706,0.24528252252855773,0.0,0.0,11.689378222980952,27.38464337581388,4.4823540685624526
HalfLife-mlp,0.011953619696820775,1,0.3989321036061701,0.3292582763463982,0.0,0.0,5.403008628551,9.40050970417662,4.605288680371196
HalfLife-mlp,0.02306923208137353,1,0.43725388656929665,0.13392180680125298,0.0,0.0,13.32486515855079,40.03248020081254,4.212420743963852
HalfLife-mlp,0.04863434595366319,1,0.5350269588831654,0.06167718581254193,0.0,0.0,10.670791038546188,63.21306646742875,4.384286872431625
HalfLife-mlp,0.009984231864412626,1,0.4106251770212992,0.1979418573826686,0.0,0.0,6.3781819620019835,6.246141490782769,4.684425953476797
HalfLife-mlp,0.0073806716439624625,1,0.4268115662488407,0.9256933670475549,0.0,0.0,6.09635911820791,2.0495574848540086,4.723237113050944
HalfLife-mlp,0.008815962355583906,1,0.46684036294258446,0.10045191723941198,0.0,0.0,9.824202756738845,29.059071848537155,4.508484833373117
HalfLife-mlp,0.022694435591499012,1,0.4951643420606858,0.08639781373792124,0.0,0.0,7.999122875653404,29.19828430005956,4.570165043589483
HalfLife-mlp,0.00583324806454281,1,0.2626270278559856,0.5087997131380779,0.0,0.0,6.867372410570971,4.799991909717374,4.6898077547645824
HalfLife-mlp,0.054438998301823936,1,0.17431211521155301,0.20347681299508869,0.0,0.0,19.952478927646588,32.7088781255131,4.695781621684112
HalfLife-mlp,0.01441496176024278,1,0.3463229621705127,0.08144122162907888,0.0,0.0,10.049680001369229,16.48125188586472,4.685515254848772
HalfLife-mlp,0.011155626736581326,1,0.4702273788346381,0.17951580791487234,0.0,0.0,9.024189043027553,18.57377127686251,4.384432743947615
HalfLife-mlp,0.02475864626467228,1,0.5040399913686593,0.045274453343197955,0.0,0.0,14.210777861245342,95.7474273872419,4.253502015727668
HalfLife-mlp,0.01108793425373733,1,0.5403053718258961,0.22961734966708913,0.0,0.0,9.452063247863533,24.73119125373721,4.509758842187866
HalfLife-mlp,0.023389652060965698,1,0.45769753398293195,0.1610717244074956,0.0,0.0,18.635850569975425,28.456733717621045,4.6833066696642085
HalfLife-mlp,0.009091749166448912,1,0.4450754974711959,0.19821505658996427,0.0,0.0,4.88706218639084,6.103275705976893,4.804974004010045
HalfLife-mlp,0.044464800506830215,1,0.4741998411282829,0.05844300413353414,0.0,0.0,12.168291936479623,47.22087839967921,4.4243601574232425
HalfLife-mlp,0.1231076568365097,1,0.25429102272360105,0.1113221095698337,0.0,0.0,18.141326314423097,0.288116047099289,4.697589146630797
HalfLife-mlp,0.04328693946202596,1,0.36930687150318825,0.7641663922279031,0.0,0.0,9.772795875703286,3.3259642223944583,4.6329172805108385
HalfLife-mlp,0.040865237514177956,1,0.3535420976380765,0.18316985586355358,0.0,0.0,9.86316340247175,18.045720717817563,4.646938395771027
HalfLife-mlp,0.01301049425577124,1,0.4810190879303667,0.09920040200838677,0.0,0.0,9.468452952120213,33.94499776974752,4.661128351964159
HalfLife-mlp,0.006372297803560893,1,0.46281505192662953,0.08024019378713207,0.0,0.0,9.035218253268178,28.93087653051984,4.533562108926519
HalfLife-mlp,0.017868502996861935,1,0.47671778914234775,0.07317208392808834,0.0,0.0,8.08859659004745,36.35695820322485,4.626152731499839
HalfLife-mlp,0.007874073150257269,1,0.5413752648486634,0.3531226681288592,0.0,0.0,8.259624493495709,5.785996836882166,4.71401796698739
HalfLife-mlp,0.010478682350367308,1,0.5724385694065065,0.04267676827118872,0.0,0.0,22.82621304583626,31.449687849452577,4.03653470154053
HalfLife-mlp,0.1072601502140363,1,0.3482237545496004,0.056260626631983585,0.0,0.0,16.532583687465387,0.2676857126677177,4.636031397262213
HalfLife-mlp,0.01595429206887881,1,0.47452750320660564,0.2196542511582445,0.0,0.0,6.121311414111649,14.364374799506871,4.585422666454374
HalfLife-mlp,0.0055055430469413595,1,0.37148893652657095,0.22014886053111668,0.0,0.0,10.225800198632184,12.710086533214714,4.7823387098715475
HalfLife-mlp,0.017095248214900494,1,0.4644234147089345,0.5563383611184178,0.0,0.0,8.169022047709134,3.2036142823483895,4.735438764249338
HalfLife-mlp,0.010198187238226334,1,0.5950384446903951,0.0896744203837731,0.0,0.0,7.727895471312633,43.62441097590171,4.727773595247982
HalfLife-mlp,0.0027270916616544127,0,0.43919108584597577,0.060185216004398065,0.0,0.0,11.792306055224469,35.9313430879395,4.428396833527637
HalfLife-mlp,0.04396660501758257,1,0.19799891255095325,0.22546794782980603,0.0,0.0,19.2496053442508,6.194393812022374,4.3138824664151905
HalfLife-mlp,0.013823780386398235,1,0.449848911511852,0.23589446964020402,0.0,0.0,7.081259440017654,1.8884853243970317,4.764501589683511
HalfLife-mlp,0.0031057674787007272,1,0.3979303267143803,0.1152608338529177,0.0,0.0,10.62132779500418,15.550911530089865,4.443305454452584
HalfLife-mlp,0.002470973714177186,0,0.41195167995128346,0.16453052837513346,0.0,0.0,4.858251663450225,8.230929389801881,4.749618230905561
HalfLife-mlp,0.021301245937744778,1,0.5457358716472748,0.15750729311030784,0.0,0.0,12.22718534588637,24.696751312510656,4.468051699158449
CL-Hepa-rf,1.1296560354175622,1,0.17921143311094562,0.271949090718603,0.0,0.0,8.532653830798797,11.902223099748632,3.9861852685687316
CL-Hepa-rf,0.9539160739384195,1,0.18744846721468528,0.21553084753438118,0.0,0.0,11.590398254665232,9.770316724942198,3.996619650217548
CL-Hepa-rf,2.566638766532083,1,0.06486378042675324,0.228280381128766,0.0,0.0,9.275053191969157,31.12493126081365,3.1272220610309205
CL-Hepa-rf,2.9452242886214974,1,0.15797779810298818,0.5047509030858255,0.0,0.0,8.301276498808202,15.345073741931385,3.909901855812544
CL-Hepa-rf,0.16746450487623898,1,0.3400371013293729,0.39227330311574354,0.0,0.0,13.320004299704351,9.199274548735712,3.9349986199017053
CL-Hepa-rf,0.10887749946139741,1,0.20149517984635312,0.36309549830582755,0.0,0.0,8.977322927931725,5.4199857222039665,4.161495691876516
CL-Hepa-rf,0.4856863230264845,1,0.2810605244574066,0.22050195287841767,0.0,0.0,12.241644996062332,10.583573183392138,3.795368632417737
CL-Hepa-rf,1.575433959235103,1,0.254362549677528,0.5882805018290337,0.0,0.0,5.044529513005008,11.698260894095641,3.9463621612914874
CL-Hepa-rf,2.145683480808272,1,0.1759219052667356,0.2599203222049764,0.0,0.0,9.378722712109568,13.147900526436963,3.8812399125111727
CL-Hepa-rf,1.8588854467311247,1,0.03234849207842253,0.0526564365284446,0.0,0.0,5.376667281947895,28.303124298307498,3.0009852484789983
CL-Hepa-rf,0.24327662875274206,1,0.2592836269506285,1.5503818353132632,0.0,0.0,9.41519542208145,7.435995192212471,4.134803643020059
CL-Hepa-rf,3.015770185256988,1,0.08607744686718648,0.40342600223448305,0.0,0.0,6.84960603220936,17.478800237422643,3.7757790585323985
CL-Hepa-rf,1.5323373185000289,1,0.3544115333927617,0.19135664583169132,0.0,0.0,18.362238132205754,15.543613531892465,3.679154353800903
CL-Hepa-rf,0.87436447770646,1,0.18032262516258737,0.5686932472846564,0.0,0.0,7.087455152472648,6.862439679814005,4.1623656688926065
CL-Hepa-rf,0.9075999158463274,1,0.15481160552878068,0.19353966249734583,0.0,0.0,12.755187011001542,8.36895083028368,3.946852077161368
CL-Hepa-rf,0.4264068228209066,1,0.21388273944108227,0.1866297932296629,0.0,0.0,10.799793899930046,9.760648925201522,3.728740151829827
CL-Hepa-rf,1.9001942505532394,1,0.1528059391142159,0.2995540507948992,0.0,0.0,13.217206795256269,18.933484314972944,3.7201374302431227
CL-Hepa-rf,0.625205740114992,1,0.2113161912034108,0.2660694915812505,0.0,0.0,8.068129713709126,14.336446823223993,3.6312093703630275
CL-Hepa-rf,2.824171349910453,1,0.1716368856003624,0.5892572132114662,0.0,0.0,9.219656046862422,18.161797009523063,3.7513244135006305
CL-Hepa-rf,0.9382656847458231,1,0.2087584526278824,0.25819135726588205,0.0,0.0,9.386749860714797,12.535970892085679,3.782853309211554
CL-Hepa-rf,1.575433959235103,1,0.11685135866524353,0.4180673676387096,0.0,0.0,5.044529513005008,11.698260894095641,3.9463621612914874
CL-Hepa-rf,0.3127861589930651,1,0.16924476867312305,0.24757577248149293,0.0,0.0,8.987267523874289,8.559510495664249,3.8196652728387894
CL-Hepa-rf,1.3037495040107403,1,0.1500467529310167,0.21113328055895325,0.0,0.0,8.766665873309194,11.572100174481008,4.00668873671776
CL-Hepa-rf,0.8861278172179112,1,0.23670857405369128,0.2852374606197661,0.0,0.0,7.840185316991852,9.053000335031463,4.145142431505417
CL-Hepa-rf,1.0418572640086972,1,0.14041191910058182,0.4049678651842842,0.0,0.0,7.473914337817815,9.832078559333626,3.9215640712543003
CL-Hepa-rf,2.5766313811145025,1,0.09307173129794835,0.13380350167582367,0.0,0.0,8.386221355946846,24.859592766751362,3.4165005863432825
CL-Hepa-rf,0.4898822982801034,1,0.20186401103474158,1.3286497650968403,0.0,0.0,10.510186497789926,4.853062705515999,4.376226783332457
CL-Hepa-rf,3.0315740325284373,1,0.13078354568905187,0.3285532473480333,0.0,0.0,8.37093286531526,20.34128707570691,3.4605176864521328
CL-Hepa-rf,2.621266055708674,1,0.13837806176715933,0.07319436362948742,0.0,0.0,12.007198611187297,38.89143062808045,2.6671682658206586
CL-Hepa-rf,2.2134200166689335,1,0.03275784771266899,0.24387638694178382,0.0,0.0,10.737018169789938,18.407719195054234,3.644892520074976
CL-Hepa-rf,0.7807310606882617,1,-0.0032495907091616024,1.1036068130992878,0.0,0.0,11.796459638455348,10.27923606738034,4.056554169300767
CL-Hepa-rf,0.5525832314468798,1,0.20530976355428815,0.4687835691646356,0.0,0.0,12.125524877397927,8.708924545537299,3.9657439873866176
CL-Hepa-rf,1.5188721464815027,1,0.2879943158747863,0.3724676673687108,0.0,0.0,8.069009003052788,10.88393345229658,3.977666694228547
CL-Hepa-rf,0.15129237048061595,1,0.25213722902019686,0.1873525483806178,0.0,0.0,11.978099513961567,10.93535203425213,3.7815176859135238
CL-Hepa-rf,0.890698443711592,1,0.15530377198717168,0.3506227133678791,0.0,0.0,27.566763207924527,11.110494826406985,3.87267284773158
CL-Hepa-rf,2.95899437455394,1,0.22341009539337206,0.314241965965671,0.0,0.0,14.359530595410712,29.57982980717218,3.101209970263797
CL-Hepa-rf,0.6788671110517305,1,0.2930586969854135,0.19661565752902047,0.0,0.0,7.832330413936392,9.75970792527858,4.03302272146704
CL-Hepa-rf,0.961294331336668,1,0.12005690106368994,0.528141881333904,0.0,0.0,7.8020598636317775,10.227392855688908,4.052180692854701
CL-Hepa-rf,0.21797046886457963,1,0.2077465161030522,0.2149647138841609,0.0,0.0,4.485220251440888,5.839774613980256,4.214206058236743
CL-Hepa-rf,1.307881759594209,1,0.02368448301615036,0.5605160173834238,0.0,0.0,5.710609353900223,11.346127900265191,3.9890073487030255
CL-Hepa-rf,1.4097400401554978,1,0.06877409579664262,0.7384649653458698,0.0,0.0,10.626463052402578,10.31778707699897,3.996971043993459
CL-Hepa-rf,1.9702524938094792,1,0.11965341853753884,0.21837568937798155,0.0,0.0,5.521530729303273,23.115858930594232,3.250673526977776
CL-Hepa-rf,0.04443790398135067,1,0.0545271101789231,0.7277254489742147,0.0,0.0,11.07606190954642,11.886293683939531,3.737371972247328
CL-Hepa-rf,1.0393460796978957,1,0.2654903275858029,0.2812796250018108,0.0,0.0,8.649078163082669,11.255330310723979,3.9974259306162514
CL-Hepa-rf,1.183105249684926,1,0.07490562064819642,0.3167710967461712,0.0,0.0,16.020067572348374,15.755607399530222,3.6703211434643594
CL-Hepa-rf,2.2134200166689335,1,0.24653487120803483,0.3258504210160954,0.0,0.0,10.737018169789938,18.407719195054234,3.644892520074976
CL-Hepa-rf,0.47893905785507007,1,0.18182437890257042,0.44100348071498907,0.0,0.0,8.20574472591142,14.825991593350995,3.6263275037850238
CL-Hepa-rf,1.4141155574063067,1,0.29072942231479454,0.47932637851572507,0.0,0.0,11.284009794429,9.038643223958653,4.0401573807824125
CL-Hepa-rf,0.5284415556601393,1,0.08081044352726939,1.5285075520763962,0.0,0.0,21.025642206994327,5.242004717355597,4.3097981732851665
CL-Hepa-rf,1.7531461418139862,1,0.1532141201268433,0.14621237264279335,0.0,0.0,10.41086639589414,18.401355619851778,3.5139333693949233
CL-Hepa-rf,0.5381764275842998,1,0.13828526665925267,0.22095678880819258,0.0,0.0,7.731664731479002,9.788751710366864,3.813429143137472
CL-Hepa-rf,0.1801431439694441,1,0.17695733422394722,0.3949129504623344,0.0,0.0,5.958815131311466,10.110385727988417,3.7988183111022873
CL-Hepa-rf,2.6659278902199968,1,0.19342846587737886,0.10338250828409044,0.0,0.0,9.238561959241446,31.230045279482418,3.110154728375665
CL-Hepa-rf,0.09074739634822042,1,0.1980864279078073,0.6491528522589007,0.0,0.0,4.595228990553918,9.216143950739628,3.693880520900265
CL-Hepa-rf,0.3032060823386859,1,0.16682857200269274,0.4365152300694061,0.0,0.0,13.393879220380153,8.603445388479928,3.9662674490890306
CL-Hepa-rf,0.466751300369553,1,0.20978448461214141,0.16144879753575786,0.0,0.0,11.865486893986226,9.264312834039576,3.972287990587227
CL-Hepa-rf,0.8624056752030377,1,0.10567307202734856,0.5422794259823412,0.0,0.0,11.723012774637064,13.316492191893918,3.761074279114938
CL-Hepa-rf,0.6788671110517305,1,0.014248747550148136,0.188321698107377,0.0,0.0,7.832330413936392,9.75970792527858,4.03302272146704
CL-Hepa-rf,0.09606037236973097,1,0.16188458960802038,0.6865710824972454,0.0,0.0,8.258094775632234,8.182652697450022,3.870713903147747
CL-Hepa-rf,2.3475801094392565,1,0.1336026375748237,0.19496230844062526,0.0,0.0,15.54437254375859,29.46272457603098,3.0755099604569365
CL-Hepa-mlp,0.6648303667704264,1,0.40625569136586376,0.08352143695066619,0.0,0.0,6.84960603220936,16.88094027754001,4.725015867506018
CL-Hepa-mlp,0.4417123297850291,1,0.31958488208969693,0.10509020445283637,0.0,0.0,9.285576984772987,11.957615510966596,4.867405684442785
CL-Hepa-mlp,0.22966158048560223,1,0.35485549586828424,0.09986479197067574,0.0,0.0,7.741867074378905,13.93978292177166,4.868416882935417
CL-Hepa-mlp,1.5008084774017334,1,0.43696919620469354,0.07357537174346723,0.0,0.0,7.020172211351655,18.309804316941214,4.604658618043169
CL-Hepa-mlp,0.19725698481003442,1,0.43746718955274955,0.07708355993249186,0.0,0.0,10.799793899930046,8.579357771494646,4.383561128463033
CL-Hepa-mlp,0.3608516901731491,1,0.31731220018288486,0.07199501103618161,0.0,0.0,14.160556023188473,9.011776128475264,4.568781398195539
CL-Hepa-mlp,0.43801415463288623,1,0.286335604518667,0.06293829094619333,0.0,0.0,13.57557532524552,14.038365837362772,4.561227170878647
CL-Hepa-mlp,0.20424694009125233,0,0.3555320151335678,0.10431579811379939,0.0,0.0,8.20574472591142,12.627041748633637,4.919604896412736
CL-Hepa-mlp,1.0241028269131978,1,0.44860391815243533,0.06180869628090913,0.0,0.0,11.068850321390249,17.164462360877888,4.557237371136584
CL-Hepa-mlp,0.20141583681106567,1,0.20375092462430855,0.0808093059018436,0.0,0.0,11.308185436609408,13.58773337569915,4.750182915554249
CL-Hepa-mlp,0.23670510947704315,1,0.45520233001417704,0.06981222445176948,0.0,0.0,12.503334098416984,12.215483908204126,4.600825631834185
CL-Hepa-mlp,1.198517918586731,1,0.5730141667204292,0.11053684470463093,0.0,0.0,7.571642552436994,16.247015935967777,4.732752976864535
CL-Hepa-mlp,0.16744901984930038,0,0.15274771439003776,0.04636716725424739,0.0,0.0,27.566763207924527,28.705658039699507,4.06382324380323
CL-Hepa-mlp,0.8766137560208639,1,0.49893060912142256,0.07483373901838004,0.0,0.0,6.405958972448633,16.724965494210196,4.537501209075309
CL-Hepa-mlp,0.8026077349980673,1,0.4051810123246581,0.06568099861802663,0.0,0.0,9.238561959241446,24.36691544587461,4.6348211828897155
CL-Hepa-mlp,2.454371690750122,1,0.5103374756221765,0.03460802132179647,0.0,0.0,14.020883084497171,41.09923299335921,3.9797142273806294
CL-Hepa-mlp,0.1867783833295107,1,0.21089900838909315,0.027985416432692194,0.0,0.0,23.410729336531837,25.68776800769722,4.205068269789748
CL-Hepa-mlp,0.09229447816809018,1,0.3781754438061414,0.1186158420324912,0.0,0.0,5.55487640794374,11.219085753955177,4.635652970702525
CL-Hepa-mlp,0.8572796682516733,1,0.5476611374488812,0.13225340674050418,0.0,0.0,7.731664731479002,11.607539200235715,4.736501091034926
CL-Hepa-mlp,0.26976833244164783,1,0.4422509794268816,0.054598084693811666,0.0,0.0,18.537894051332394,14.414184684304457,4.232840966695408
CL-Hepa-mlp,0.2783779750267665,1,0.23930811948055067,0.06976830934724731,0.0,0.0,8.936299578683968,17.631452375607754,4.671498678742331
CL-Hepa-mlp,0.5130583842595419,1,0.2355062221511705,0.0890463259708867,0.0,0.0,11.865486893986226,11.503088737415526,4.655737025503273
CL-Hepa-mlp,0.19725698481003442,1,0.41157388447906534,0.09477082017985435,0.0,0.0,10.799793899930046,8.579357771494646,4.383561128463033
CL-Hepa-mlp,1.9958391189575195,1,0.25943926567319087,0.053603845818198666,0.0,0.0,13.217206795256269,21.4680768172559,4.504698032253806
CL-Hepa-mlp,0.16492284522852665,0,0.4233871323440348,0.04742027428891593,0.0,0.0,14.359530595410712,25.264865502310418,4.3196071196451555
CL-Hepa-mlp,1.2861844499905903,1,0.47229266305088113,0.12102709553281187,0.0,0.0,7.1749726923567225,12.295210660933794,4.878061188867349
CL-Hepa-mlp,0.4007777273654938,1,0.267495247688087,0.09068053905102605,0.0,0.0,8.068129713709126,13.268224457863147,4.834179796278004
CL-Hepa-mlp,0.3549153506755829,1,0.31818956110504953,0.08722284702841503,0.0,0.0,12.125524877397927,8.07366256726182,4.561263306640944
CL-Hepa-mlp,0.11783226455251376,1,0.40472882496852236,0.1270856938067282,0.0,0.0,12.082029655187885,5.993859454289614,4.58170570005119
CL-Hepa-mlp,1.4053704738616943,1,0.4920890731487196,0.07930783227984653,0.0,0.0,6.140521281426539,17.663025408329137,4.586326718845812
CL-Hepa-mlp,0.14610105069975057,1,0.21685026380088476,0.07331155517378984,0.0,0.0,4.485220251440888,11.849220714817667,4.621992356230884
CL-Hepa-mlp,0.31942375004291534,1,0.5056758350598317,0.09307642420166837,0.0,0.0,5.958815131311466,11.836834677871389,4.599546216806138
CL-Hepa-mlp,0.4387218157450358,1,0.4184353871661951,0.08920770402100457,0.0,0.0,13.616230400830322,11.65875749254074,4.072686269511722
CL-Hepa-mlp,1.6753907998402913,1,0.3914356912107451,0.06145087647200921,0.0,0.0,12.373290064043685,21.252320816254812,4.60521502313782
CL-Hepa-mlp,0.7584872245788574,1,0.4685612364783013,0.06364174207043344,0.0,0.0,11.796459638455348,21.650298056465612,4.481070505562778
CL-Hepa-mlp,0.5837366978327433,1,0.5623554647543727,0.07641551805027612,0.0,0.0,5.066748674671222,19.227198184345568,4.549882742443861
CL-Hepa-mlp,1.557349960009257,1,0.43169328554557224,0.06373161427340121,0.0,0.0,8.37093286531526,23.72278348256522,4.538448418103956
CL-Hepa-mlp,0.5689156452814738,1,0.49973280123633346,0.1480806393876588,0.0,0.0,8.096630399973282,9.910715332674679,4.903727625642741
CL-Hepa-mlp,0.17038588194797435,1,0.33903246194137354,0.10060676107115596,0.0,0.0,10.230971572924501,8.308178457880611,4.701155292719374
CL-Hepa-mlp,0.1656757046778997,1,0.4604242130930848,0.11654486273145367,0.0,0.0,10.543533797261068,7.171301938974847,4.720086889190924
CL-Hepa-mlp,0.32834858012696105,1,0.22986034001884717,0.06742180884208487,0.0,0.0,10.41086639589414,17.4235887444489,4.7977265054494715
CL-Hepa-mlp,0.13327334821224213,1,0.3740810928360397,0.09186977898943063,0.0,0.0,6.39298504291056,9.253780596371072,4.66608347305908
CL-Hepa-mlp,1.1170705358187358,1,0.35704596189216253,0.12233803502401489,0.0,0.0,6.4854700861850585,12.071485398368562,4.954143534179332
CL-Hepa-mlp,0.43344996372858685,1,0.2898838071235659,0.10592946676484008,0.0,0.0,8.866756525230313,8.88289769456219,4.808715031397226
CL-Hepa-mlp,0.9691505034764608,1,0.49449330046822565,0.06404383014488198,0.0,0.0,5.680943983048115,22.27903543592538,4.503972731364299
CL-Hepa-mlp,0.8494983514149984,1,0.22868465289289427,0.08130405204523215,0.0,0.0,9.782401915144053,15.581706309178905,4.772906400629962
CL-Hepa-mlp,0.2123282216489315,1,0.4310226388433553,0.08979107844473444,0.0,0.0,12.242243405982029,12.109668838840483,4.651944212197845
CL-Hepa-mlp,1.3660914897918701,1,0.5014487641644226,0.080557718413937,0.0,0.0,6.7129797143334855,17.34240678954165,4.578355005664554
CL-Hepa-mlp,0.16744901984930038,0,0.14835033916569437,0.03248980030368251,0.0,0.0,27.566763207924527,28.705658039699507,4.06382324380323
CL-Hepa-mlp,0.1656082272529602,1,0.28363774904582606,0.05289757635692137,0.0,0.0,15.673072136744185,17.15897504377261,4.071001569437383
CL-Hepa-mlp,0.6420258184274038,1,0.27586717359597146,0.08060552574077304,0.0,0.0,7.903485595763774,16.53018647515932,4.818636508652679
CL-Hepa-mlp,0.3314698860049248,1,0.4344710078761203,0.08948675166192141,0.0,0.0,8.901308121262671,8.839480319583013,4.6795420270226575
CL-Hepa-mlp,0.776660273472468,1,0.5042699434616643,0.07123934333053493,0.0,0.0,5.044529513005008,22.225032955668965,4.505585287402535
CL-Hepa-mlp,0.20246064166227976,1,0.2574390706926736,0.069538351821583,0.0,0.0,13.320004299704351,7.58248961788629,4.52184117900223
CL-Hepa-mlp,1.1856451431910198,1,0.5281947653953913,0.10655602745311957,0.0,0.0,8.947643279376091,15.331819106154763,4.748284322885768
CL-Hepa-mlp,0.20131524900595346,1,0.242702460933102,0.07424170486638622,0.0,0.0,16.572287695903235,7.094957896351103,4.266589883050957
CL-Hepa-mlp,0.38221846024195355,1,0.4035331711281427,0.0964277668299722,0.0,0.0,9.555778072385717,7.4490438286010425,4.648839355143301
CL-Hepa-mlp,1.7095948855082195,1,0.46629325262194254,0.08382346429860371,0.0,0.0,8.301276498808202,22.81596730749814,4.716753300203132
CL-Hepa-mlp,1.1340314348538716,1,0.30929380257161565,0.1071031593204191,0.0,0.0,8.65873259217263,11.698263886279792,4.955562248760302
CL-Hepa-mlp,0.15055409694711366,1,0.44436980018134614,0.08867808615369942,0.0,0.0,8.514684645120669,7.819817304643273,4.7118163640401205
