mol_idx,bit,IG_auc,IG_faith,grad_auc,grad_faith,grad*input_auc,grad*input_faith,smoothgrad_auc,smoothgrad_faith,occlusion_auc,occlusion_faith,random_auc,random_faith
0,80,0.8888888888888888,0.561577096581459,0.6666666666666667,0.3595888018608093,0.7777777777777778,0.4443064307173093,0.6666666666666667,0.3595888018608093,1.0,0.5672244876623154,0.4444444444444444,-0.006346702575683594
0,807,0.5238095238095238,0.03741459051767985,0.6190476190476191,0.03741459051767985,0.6190476190476191,0.03704307476679484,0.6190476190476191,0.03741459051767985,0.42857142857142855,0.011170784632364908,0.2380952380952381,0.013940652211507162
0,650,0.04761904761904763,0.15638156731923422,0.04761904761904763,0.1589546799659729,0.04761904761904763,0.1589546799659729,0.04761904761904763,0.15897947549819946,0.5714285714285714,0.024592379728953045,0.47619047619047616,0.01889646053314209
0,893,0.0625,0.6513361999920259,0.125,0.6500667839912543,0.1875,0.6498246560028443,0.1875,0.64752301669796,0.5,0.6337265368395796,0.375,0.008235653241475424
0,147,0.6666666666666667,0.6721489156673973,0.4444444444444444,0.6609130086532483,0.5555555555555556,0.6702417768926049,0.5555555555555556,0.6704388044308871,0.33333333333333337,0.7325593805095801,0.33333333333333337,0.20367541909217834
0,389,0.33333333333333337,0.5945406956016086,0.5555555555555556,0.6394682305617607,0.33333333333333337,0.5891370480918946,0.5555555555555556,0.6394682305617607,0.11111111111111116,0.6388806676259264,0.6666666666666667,0.5910105776662627
0,881,0.8888888888888888,0.24833354447036982,0.7777777777777778,0.30069086711349274,0.7777777777777778,0.24664728933324417,0.7777777777777778,0.307501624134602,0.8888888888888888,0.3090238510145961,0.33333333333333337,0.07125867406527202
0,725,0.4444444444444444,-0.05766270558039347,0.11111111111111116,0.4024913565566142,0.2222222222222222,0.09337129195531209,0.11111111111111116,0.40117223126192886,0.6666666666666667,0.42799372784793377,0.0,0.07689622044563293
0,473,0.4444444444444444,0.06674848132145901,0.33333333333333337,0.07585877447854728,0.33333333333333337,0.06583648105151951,0.4444444444444444,0.07585877447854728,0.2222222222222222,0.07708584618133803,0.5555555555555556,-0.013104873398939768
0,979,0.0,0.24776588124223053,0.0,0.3251135841164796,0.0,0.2407218455336988,0.0,0.3251135841164796,0.2222222222222222,0.32698845590130077,0.8888888888888888,0.294030341009299
0,815,0.33333333333333337,0.26499095200172934,0.11111111111111116,0.3255313711454922,0.2222222222222222,0.2607443740319771,0.11111111111111116,0.3232207455575917,0.6666666666666667,0.32716853431005194,1.0,0.270299653110366
0,713,0.5555555555555556,0.4868514447637911,1.0,0.47997850143898785,0.6666666666666667,0.4697687468190755,1.0,0.47997850143898785,0.8888888888888888,0.485592961020302,0.6666666666666667,0.02707609534263611
0,401,0.8888888888888888,0.12529911053328155,0.4444444444444444,0.129636919281135,0.6666666666666667,0.1206093270642062,0.6666666666666667,0.13325242341185609,0.7777777777777778,0.13485221544760861,1.0,0.10123630799353123
0,140,0.5555555555555556,0.14561157937472066,0.33333333333333337,0.19768926097700992,0.4444444444444444,0.14556138295059404,0.4444444444444444,0.20387845741546093,0.11111111111111116,0.20387845741546093,0.4444444444444444,0.09775005529324214
1,80,1.0,0.006053706010182698,0.6,0.010680814584096273,0.75,0.05663524071375529,0.6,0.010680814584096273,0.05,0.0711224873860677,0.45,-0.031013290087382
1,33,0.25,0.027399222056070965,0.5,0.03029741843541463,0.5,0.03029741843541463,0.5,0.03029741843541463,1.0,0.05871729056040446,0.875,0.11776240666707356
1,650,0.125,0.4611840670307477,0.75,0.7271189466118813,0.625,0.7279907390475273,0.75,0.7271189466118813,0.625,0.7205505296587944,0.0,0.49795927852392197
1,294,0.375,-0.017603158950805664,0.625,0.023836195468902588,0.625,0.023836195468902588,0.625,0.023836195468902588,1.0,0.467421293258667,0.875,0.2969794273376465
1,887,1.0,0.15194125970204672,0.5,0.3769978880882263,0.3888888888888889,0.3769978880882263,0.5,0.3769978880882263,0.05555555555555554,0.44436991959810257,0.4444444444444444,0.3172767062981923
1,794,0.625,0.05268241961797079,0.875,0.13893615206082663,0.875,0.251948503156503,0.875,0.13893615206082663,0.125,0.6070098057389259,0.375,0.1493186354637146
1,591,0.5,0.15325174729029337,0.375,0.10830669850111008,0.625,0.33993031084537506,0.75,0.3388821507493655,0.25,0.024040202299753826,1.0,-0.06761881709098816
1,420,0.875,0.13807972023884454,0.375,0.19018236299355826,0.625,0.20238496270030737,0.375,0.19018236299355826,0.25,-0.22659162928660712,0.375,0.05696299485862255
1,119,0.75,0.06729080287429194,0.25,0.07034057060567041,0.375,0.07423621873992185,0.25,0.07034057060567041,0.375,-0.2919221296906471,0.5,-0.035819235568245254
1,939,0.25,0.00099260825663805,1.0,0.007891071979732564,0.375,9.050251295169194e-05,1.0,0.007891071979732564,0.875,0.0012165168688322108,0.0,-0.008871683230002722
1,715,0.125,0.0030352919517705836,0.125,0.0010662769588331382,0.125,0.0016713157917062442,0.125,0.0027572944915543,0.625,-0.00352976331487298,1.0,0.005171899528553088
1,838,0.0,-0.0034588255609075227,0.5,0.008218756333614389,0.0,-0.00019452666553358236,0.375,0.008218756333614389,0.625,0.00823607932155331,1.0,0.0019955971899131932
1,753,0.0,-0.0002670387427012126,0.25,0.01271064905449748,0.0,-0.002246793049077193,0.125,0.01271064905449748,0.0,0.012648930229867498,0.625,0.001916937840481599
2,80,0.75,0.3335022230943044,0.25,0.1813949247201284,0.375,0.35766031344731647,0.25,0.1813949247201284,0.75,0.3335022230943044,0.75,0.08058240016301473
2,33,0.5,0.34058665732542676,0.2857142857142857,0.19509151577949524,0.5714285714285714,0.3044949720303218,0.2142857142857143,0.19509151577949524,0.4285714285714286,0.26984694103399914,0.1428571428571429,-0.15649674336115518
2,807,1.0,0.18698424100875854,0.875,0.26066144307454425,0.875,0.19120121002197266,0.875,0.3105517327785492,0.75,0.31055183211962384,0.875,0.1361562212308248
2,650,0.0,0.5275076180696487,0.2857142857142857,0.5951014446715513,0.1428571428571429,0.5275076180696487,0.2857142857142857,0.5951014446715513,0.5,0.5769071777661642,0.1428571428571429,0.003690222899119059
2,893,0.125,0.8714574127613256,0.125,0.8717498686795201,0.0,0.8717498686795201,0.0,0.8717498686795201,0.375,0.8908259818175187,0.125,0.847354461128513
2,294,0.625,0.21966175269335508,0.125,0.24097776164611182,0.375,0.17574486508965492,0.0,0.24097776164611182,0.125,-0.03317660093307495,0.75,0.21648238692432642
2,695,0.375,0.48445986265627045,0.625,0.4688922409744312,0.375,0.48445986265627045,0.375,0.4688922409744312,0.5,0.49283636601952213,0.875,0.33288167758534354
2,147,0.375,0.6054327882205447,0.625,0.597217955160886,0.375,0.597217955160886,0.625,0.5702076773159206,0.5,0.6042937383366128,1.0,0.21400441726048788
2,881,0.75,0.2573221779117982,1.0,0.25933978826894116,0.875,0.2607165843558808,1.0,0.25929680610230815,0.875,0.2626908350115021,0.625,0.13023662008345127
2,725,0.25,-0.11206815640131633,0.625,0.2955526163180669,0.25,-0.11206815640131633,0.375,-0.0357098380724589,0.625,0.30517130717635155,0.75,0.13040505846341452
2,979,0.0,0.18186668998290165,0.125,0.22941864834865555,0.0,0.2294229639422459,0.125,0.22934006064315327,0.125,0.23065499490864264,0.125,0.11197507133086522
2,815,0.25,0.17162447096779943,0.75,0.21029256406472996,0.25,0.2110275173181435,0.5,0.21122342549885312,0.625,0.21121473174328761,0.25,0.20649380138881193
2,139,0.625,0.1177736858856709,0.0,0.11347984358144458,0.25,0.11699068016605452,0.375,0.11347984358144458,0.625,0.1177736858856709,0.25,-0.11744228005409241
2,214,0.625,0.08257670432067243,0.375,0.08185798246025418,0.375,0.0819931638276709,0.375,0.08185798246025418,0.625,0.00845571092213504,0.125,0.053242162646104894
2,698,0.625,0.07635387575343582,0.375,0.076011421409324,0.625,0.07601226279136124,0.5,0.076011421409324,0.375,-0.08629735031475623,0.75,0.07602025829298024
3,80,0.875,0.0634530782699585,0.9375,0.15148035685221353,0.8125,0.08483896652857463,0.875,0.11435093482335408,0.6875,0.10314359267552693,0.625,-0.023069640000661213
3,33,0.5714285714285714,0.3232519328594208,0.1428571428571429,0.026789685090382893,0.5714285714285714,0.29071781039237976,0.1428571428571429,0.026789685090382893,0.9047619047619049,0.3294288714726766,0.38095238095238093,0.25960444410641986
3,807,0.33333333333333337,0.405490775903066,0.4444444444444444,0.49797341227531433,0.4444444444444444,0.48717523614565533,0.4444444444444444,0.49797341227531433,0.2222222222222222,0.48882149408260983,0.7777777777777778,0.07399642467498779
3,294,0.6666666666666667,0.5238822853813568,0.7777777777777778,0.3823539867686729,1.0,0.4511771417843799,0.8888888888888888,0.3511291262693703,0.8888888888888888,0.5256827166303992,0.6666666666666667,-0.0022783875465393066
3,695,0.4444444444444444,0.5266457037845006,0.33333333333333337,0.5231364701564113,0.11111111111111116,0.5219318034748236,0.11111111111111116,0.5231364701564113,0.888888888888889,0.517354577469329,0.4444444444444444,0.4031821369814376
3,794,0.8888888888888888,0.11040666244419602,0.6666666666666667,-0.1963683911211168,0.8888888888888888,0.11043838946109948,0.6666666666666667,-0.1963683911211168,0.2222222222222222,-0.0005233402674396833,1.0,-0.011050745844841003
3,725,0.1875,0.09892949198062222,0.5,0.10085726855322719,0.1875,0.0781442195487519,0.75,0.10128106902508686,0.6875,0.10191476764157414,0.5625,0.028060830974330504
3,114,1.0,0.06611621659588944,0.7777777777777778,0.04825365695120354,0.6666666666666667,0.007914237057169279,0.4444444444444444,0.04192419288059076,0.8888888888888888,-0.028951177627163815,0.0,0.04742920398712158
3,979,0.33333333333333337,0.03742155569731646,0.888888888888889,0.03699172014603391,0.4444444444444444,0.03742155569731646,0.7777777777777778,0.03703264715052986,0.33333333333333337,0.037303801878200225,0.5555555555555556,-0.030468035489320755
3,392,0.625,0.0392790522021258,0.0,0.03137833842386802,0.375,0.019036096675942343,0.0,0.03137833842386802,0.0,-0.02560818042022343,0.5,0.014610748427609602
3,144,1.0,0.0015344427855931524,0.888888888888889,0.0012353282844893936,0.8888888888888888,-0.011753838664541641,1.0,0.0015344427855931524,0.2222222222222222,-0.006588037723834835,0.6666666666666667,0.0021589166717603803
3,913,1.0,0.0367871518346116,0.6666666666666667,0.02502044600745042,0.7777777777777778,0.02893876462743113,0.6666666666666667,0.02502044600745042,1.0,0.036779450575825955,0.4444444444444444,-0.0017979803184668224
4,694,0.5,-0.23012223839759827,1.0,0.10480624437332153,0.5,-0.23012223839759827,1.0,0.10480624437332153,0.5,-0.23012223839759827,0.0,-0.23012223839759827
4,342,0.5,0.042011819779872894,0.5,0.042011819779872894,0.5,0.042011819779872894,0.5,0.042011819779872894,0.0,-0.18479320406913757,0.0,0.042011819779872894
4,728,1.0,0.7641197517514229,0.0,0.10317355394363403,0.5,0.10317355394363403,0.0,0.10317355394363403,1.0,0.7641197517514229,0.5,0.03120744228363037
4,621,0.5,0.024016529321670532,0.5,0.024016529321670532,0.5,0.024016529321670532,0.5,0.024016529321670532,0.0,-0.1539713442325592,1.0,-0.01566322147846222
5,33,0.6666666666666667,-0.3654082417488098,0.33333333333333337,-0.4206266403198242,0.6666666666666667,-0.3654082417488098,0.33333333333333337,-0.4206266403198242,0.0,-0.41724663972854614,0.7083333333333333,-0.11679411927858989
5,342,0.25,0.35064289284249145,0.25,0.35064289066940546,0.25,0.35064289284249145,0.5625,0.35375578577319783,0.75,0.35375578577319783,0.625,0.188344344496727
5,114,1.0,0.5492563611518554,1.0,0.5492563810381074,1.0,0.5492563611518554,1.0,0.5492563810381074,1.0,0.5492563811545227,0.5625,0.5420560505396376
5,392,0.6666666666666667,0.38543860815511205,0.33333333333333337,0.38543861227660187,0.6666666666666667,0.38543860815511205,0.08333333333333331,0.38543861227660176,0.33333333333333337,0.3854386120322501,0.5,-0.022189209858576458
5,674,0.25,0.09160877771986027,0.75,0.09824130164148907,0.25,0.09160874791753788,0.75,0.09824130164148907,0.75,0.09824130164148907,0.6875,0.03300482283035914
5,360,0.0,0.2533342360062913,0.0,0.25430932508364396,0.0,0.2543093250860693,0.0,0.2543093052178544,0.0,0.2543093250860693,0.125,-0.012019306421279907
5,790,0.0,0.10670757631305605,0.0,0.10783906866951536,0.0,0.10670757739959906,0.0,0.10783906370246162,0.75,0.10775085622056697,0.875,0.012269544104735056
6,80,1.0,0.04164199034372965,0.6666666666666667,-0.04901673396428426,0.6666666666666666,0.00892092784245809,0.6666666666666667,-0.04901673396428426,0.6666666666666667,0.030121246973673504,0.8333333333333334,-0.07829797267913818
6,33,0.25,0.18387827277183533,0.08333333333333333,0.18387827277183533,0.16666666666666666,0.18387827277183533,0.08333333333333333,0.18387827277183533,0.16666666666666666,-0.16820043325424194,0.5,-0.07588392496109009
6,1,0.8333333333333334,0.2804330512881279,0.33333333333333337,0.49048761775096256,0.33333333333333337,0.2769831145803134,0.33333333333333337,0.49048761775096256,1.0,0.5253868014551699,0.6666666666666667,-0.024264057477315266
6,659,0.0,0.051321721325318016,0.0,0.04114269216855367,0.0,0.04114269216855367,0.0,0.04114269216855367,0.8333333333333334,0.0599497656027476,0.5,0.031237204869588215
6,881,0.6666666666666666,0.09176288382150233,0.5,0.10674039111472666,0.6666666666666666,0.10674039111472666,0.33333333333333337,0.10674039111472666,0.6666666666666667,-0.11133856574694316,0.0,0.03238184687991937
6,283,0.16666666666666663,0.1873413249850273,0.0,0.26408408892651397,0.16666666666666663,0.18431732865671316,0.16666666666666663,0.26408408892651397,0.0,0.27070011124790955,0.5,0.2687661734720071
6,139,0.19999999999999996,0.005605796060990542,0.0,0.005605796060990542,0.0,0.005605796060990542,0.0,0.005605796060990542,0.19999999999999996,-0.028609359947343666,0.5,-0.011496199294924736
6,914,0.0,-0.010463076954086622,0.0,0.011459131181860963,0.0,-0.028069048499067623,0.0,0.011459131181860963,0.16666666666666663,-0.027516616508364677,1.0,-9.169367452462514e-05
7,80,0.875,0.5962730745474497,0.4375,0.09008344014485677,0.5833333333333334,0.13127827644348145,0.5208333333333334,0.10575666030248006,0.7916666666666666,0.6664395605524381,0.3333333333333333,0.020360271135965984
7,33,0.21666666666666665,0.8028084997398158,0.2833333333333333,0.17390835285186768,0.43333333333333335,0.3929351568222046,0.2833333333333333,0.17390835285186768,0.55,0.8057883770670742,0.65,0.4794583519299825
7,807,0.6470588235294117,-0.15636332829793295,1.0,0.515924721956253,0.9117647058823529,0.11883896589279175,0.9705882352941176,0.1847047209739685,0.9117647058823529,0.7597715806526443,1.0,0.5752379596233368
7,650,0.25,0.587301197151343,0.4583333333333333,0.936861093621701,0.375,0.6387598775327206,0.41666666666666663,0.9494053460657597,0.625,0.9361684239314249,0.4791666666666667,0.26326189438501996
7,893,0.41666666666666663,0.45338544945848486,0.625,0.4895527610512307,0.5416666666666666,0.486891712844536,0.3333333333333333,0.48657480344748666,0.6666666666666666,0.4895512573616922,0.35416666666666663,0.46864398052275646
7,1,0.8333333333333334,0.10811720207857434,0.2777777777777778,0.0943823851024111,0.5555555555555556,0.1046465349694093,0.38888888888888884,0.09353447022537391,1.0,0.12254874604695942,0.2777777777777778,0.09989299314717452
7,294,0.47058823529411764,0.1015679942005742,0.1470588235294118,-0.11847046762704849,0.4117647058823529,0.08198749548076496,0.05882352941176472,-0.11847046762704849,0.11764705882352944,-0.16608480488260588,0.7941176470588235,0.1007874757439519
7,695,0.38333333333333336,0.8847597995439477,0.5166666666666667,0.8159706530471643,0.35,0.861379157130917,0.5833333333333334,0.8157930560410023,0.5,0.8846080073884792,0.033333333333333326,0.34985439479351044
7,147,0.4375,0.2593098687257225,0.6666666666666666,0.2530209282510138,0.6041666666666666,0.25334723786606145,0.7291666666666666,0.24682575309998356,0.7291666666666666,0.26172323254771374,0.5,0.04949659171203772
7,794,0.4444444444444444,0.00189109312315483,0.8333333333333334,0.0018107704232761535,0.38888888888888884,0.0018910879130983698,0.8888888888888888,0.0018107704232761535,0.9444444444444444,-0.3546651419407378,0.05555555555555558,0.0010763568570837379
7,401,1.0,0.00015980156037779616,1.0,0.00011361060827160448,1.0,0.0001420006483764761,1.0,0.00011361060827160448,0.8888888888888888,-0.00033321067470826193,1.0,0.00014854632718197536
7,116,0.2647058823529412,0.019192571523557918,0.32352941176470584,0.017509896757985793,0.3529411764705882,0.019218501959168705,0.32352941176470584,0.017478553984309197,0.23529411764705882,-0.021763966623646807,0.6470588235294117,0.009306850659830465
7,841,0.5,0.0431592006319382,0.4444444444444444,0.042965872426672526,0.4444444444444444,0.042965872426672526,0.5,0.042965872426672526,0.05555555555555558,0.04342463126158691,0.05555555555555558,0.026519286446273327
7,214,0.5588235294117647,0.18976435762872748,0.20588235294117652,0.18907928990180758,0.3529411764705882,0.18973941952284198,0.17647058823529416,0.18820124021052229,0.7058823529411764,0.18976652413802717,0.5294117647058824,0.18813026013458511
7,192,1.0,0.13217786385604177,0.6666666666666667,0.12299538281513378,0.7222222222222222,0.13126401905380422,0.7222222222222222,0.12481971106293521,1.0,0.13217786385553945,0.05555555555555558,0.09246063381821538
7,486,0.05555555555555558,0.06058184092728558,0.05555555555555558,0.05991735046577432,0.0,0.060581840079436566,0.05555555555555558,0.05991708929840186,0.5555555555555556,0.06058184091404719,0.9444444444444444,0.037135688769922126
7,362,0.6666666666666667,0.0010562512545186542,0.6111111111111112,0.0009280560996069257,0.4444444444444444,0.0010420701884707266,0.6666666666666667,0.0009554889863282826,0.8333333333333334,-0.0010186729885192098,0.11111111111111116,0.0009831609481996868
7,698,0.8235294117647058,0.010522876069971586,0.4117647058823529,0.010523422410130934,0.6470588235294117,0.010522768807462057,0.7941176470588235,0.010523161425030736,0.5882352941176471,0.010501978152710478,0.1764705882352941,0.00876039578270138
8,33,0.5,0.11873060464859009,0.5,0.11873060464859009,1.0,0.10519665479660034,0.5,0.11873066425323486,1.0,0.10519667466481526,0.4166666666666667,-0.08726990222930908
8,807,0.8333333333333334,0.1993007262547811,0.8333333333333334,0.1993007262547811,0.8333333333333334,0.19930080572764078,0.8333333333333334,0.19930080572764078,0.5,0.14176627000172934,0.5,0.021014690399169922
8,650,0.0,0.5601332088311514,0.16666666666666663,0.5601332088311514,0.0,0.5601332088311514,0.16666666666666663,0.5601332088311514,0.8333333333333334,0.2718036969502767,0.6666666666666667,0.019406676292419434
8,893,0.0,0.31041006247202557,0.16666666666666663,0.7905279646317164,0.0,0.7905279646317164,0.16666666666666669,0.7905279663391411,0.5,0.7905279646317164,0.16666666666666669,0.4465181032816569
8,147,0.2857142857142857,0.45681265989939374,0.0,0.6728306598961353,0.2857142857142857,0.6728306598961353,0.0,0.6728306598961353,0.2857142857142857,0.6728306636214256,0.7142857142857143,0.634939988454183
8,881,1.0,0.3168596651715537,1.0,0.3168596651715537,1.0,0.3168596651715537,1.0,0.3168596651715537,1.0,0.3168596651715537,0.7142857142857143,0.008282025655110678
8,1017,0.8333333333333334,0.6329055726528168,0.33333333333333337,0.7415806609205902,0.5,0.7415806609205902,0.25,0.7415806609205902,0.5,0.7415806609205902,0.8333333333333334,0.6431899468104044
9,33,0.75,0.1306647708018621,0.5,0.10274706284205119,0.75,0.1306647708018621,0.5,0.10274706284205119,0.0,-0.1511591076850891,0.75,-0.045946985483169556
9,807,0.5,0.13660709063212076,0.5,0.23945693174997965,0.6666666666666667,0.13660709063212076,0.5,0.23945693174997965,0.5,0.2778903047243754,0.0,0.20342675844828287
9,650,0.0,0.2933307985464732,0.25,0.749412772556146,0.0,0.2933307985464732,0.25,0.749412772556146,0.25,0.749412772556146,0.75,0.7201191385587057
9,893,0.0,0.5074075109635791,0.25,0.6842455526348203,0.0,0.5074075109635791,0.25,0.6842455526348203,0.25,0.6842455526348203,0.5,0.6810912331566215
9,695,0.5,0.11515189924587806,0.75,0.11176545669635136,0.5,0.11515189924587806,0.75,0.11176545669635136,0.0,-0.08766701569159825,0.0,0.11117238489290078
9,1017,1.0,0.08495297158757846,0.5,0.12875077850185335,1.0,0.08495297158757846,0.5,0.12875077850185335,0.5,-0.062492364862312876,0.0,0.12654749024659395
9,11,0.75,0.0711566920702656,1.0,0.09429221972823143,0.75,0.0711566920702656,1.0,0.09429221972823143,0.75,-0.038961950999995075,0.75,0.0711566920702656
10,80,1.0,0.15587101380030313,1.0,0.15587101380030313,1.0,0.15587101380030313,0.9,0.08139880498250325,0.19999999999999996,-0.056199491024017334,0.04999999999999999,-0.033557116985321045
10,33,0.0,0.38009145855903625,0.0,0.34908632437388104,0.0,0.34908632437388104,0.0,0.20237784584363303,0.0,-0.19759847720464072,0.2142857142857143,0.3811514675617218
10,893,0.7142857142857142,0.006242528810010602,0.5714285714285714,0.005160268764787664,0.7142857142857142,0.006242528810010602,0.7142857142857142,0.006106978456955403,0.4285714285714286,-0.009619811860223612,0.2142857142857143,-0.0048639047890901566
10,695,0.11111111111111112,0.22521190034846464,0.33333333333333337,0.22506743421157202,0.0,0.22506743421157202,0.6111111111111112,0.17295342683792114,0.33333333333333337,0.22506747394800186,0.33333333333333337,0.1086619682610035
10,13,1.0,0.06904773546072344,0.39999999999999997,-0.04932788759469986,0.8,0.06519443138192098,0.39999999999999997,-0.049327912429968514,1.0,0.06904773468462129,0.55,0.05808186220626036
10,841,0.2857142857142857,0.005388267959157626,0.0,0.005756794940680265,0.4285714285714286,0.005756794940680265,0.0,0.005756794940680265,0.7142857142857142,0.008792130198950568,0.6428571428571428,0.004146399597326915
10,486,0.0,0.0005545410009896538,0.2857142857142857,0.0005451471139773881,0.0,0.0005451471139773881,0.2857142857142857,0.0005451471139773881,0.0,-0.001952198042999953,0.6428571428571429,0.0003079646752060701
10,1005,0.0,0.0009403174432615439,0.2857142857142857,0.0009403174432615439,0.0,0.0009403174432615439,0.2857142857142857,0.0012113781025012333,0.7142857142857143,-0.011041204445064068,0.35714285714285715,-0.004322554916143417
11,80,1.0,0.20699564615885416,0.6,-0.07991234461466472,0.8,-0.0022579431533813477,0.6,-0.07991234461466472,1.0,0.20699564615885416,1.0,0.24468305706977844
11,33,0.4,0.29057302077611286,0.0,0.2651531497637431,0.19999999999999996,0.2651531497637431,0.0,0.2651531497637431,0.19999999999999996,0.29057302077611286,0.4,0.13877602418263754
11,807,0.25,0.1424841284751892,0.75,0.2857543428738912,0.5,0.1509510080019633,0.75,0.2857543428738912,0.625,0.36793002486228943,0.625,0.08526798089345296
11,650,0.0,0.3842534398039182,0.4,0.7704976225892702,0.0,0.3842534398039182,0.19999999999999996,0.7704976225892702,0.8,0.7879826600352923,0.6,0.1506361166636149
11,893,0.0,0.5387660041451454,0.19999999999999996,0.6328879706561565,0.0,0.5523766263698539,0.19999999999999996,0.6328879706561565,0.6,0.6328879706561565,1.0,0.35034064451853436
11,389,0.19999999999999996,0.06349583901464939,0.4,0.08745981434670587,0.19999999999999996,0.06349583901464939,0.19999999999999996,0.06847233045846224,0.0,-0.09432380894819896,1.0,0.02153440269952019
11,128,0.6,0.2216494536648194,0.19999999999999996,0.2612484476218621,0.4,0.2216494536648194,0.19999999999999996,0.2612484476218621,0.6,0.2612484476218621,0.6,0.19432513664166132
11,713,0.6,0.05830216780304909,1.0,0.07480648385050397,0.8,0.06373934424482286,1.0,0.07480648385050397,0.8,-0.046045196863512196,0.8,0.0026709611993283033
11,416,1.0,0.019440980938573677,0.8,0.021524831351901714,1.0,0.020056698160866897,0.8,0.021524831351901714,0.19999999999999996,-0.05183535379668077,0.8,-0.013880271464586258
12,80,0.625,-0.015961170196533203,0.4375,-0.015961170196533203,0.5,-0.015961170196533203,0.4375,-0.015961170196533203,0.5,-0.04171260197957357,0.125,0.051922380924224854
12,33,0.75,-0.022205909093221027,0.875,-0.013644238313039144,0.875,-0.013644238313039144,0.875,-0.013644238313039144,0.875,-0.013644238313039144,0.375,0.03548886378606161
12,807,0.7777777777777778,0.17735611399014792,1.0,0.45911045869191486,0.7777777777777778,0.22911296288172403,0.7777777777777778,0.3988795578479767,0.7777777777777778,0.5891467047234377,1.0,0.3106675942738851
12,650,0.11111111111111116,0.15905380249023438,0.5555555555555556,0.7027557604014874,0.2222222222222222,0.3635432670513789,0.5555555555555556,0.7027557604014874,0.7777777777777778,0.6970538161695004,0.0,-0.06400607029596965
12,893,0.0,0.40686169887582463,0.4444444444444444,0.47391787396433455,0.11111111111111116,0.39307541710635024,0.4444444444444444,0.33706633001565933,0.6666666666666667,0.6369169184326893,0.8888888888888888,0.38305969536304474
12,1,0.8888888888888888,0.1403686097667863,0.6666666666666667,0.11244861440112193,0.5555555555555556,0.13644031590471664,0.5555555555555556,0.14641281434645256,1.0,0.15863205345037082,0.5555555555555556,0.07003109529614449
12,695,0.625,0.2996013027926286,0.875,0.3790120364477237,0.75,0.39236156828701496,0.6875,0.27892182022333145,0.8125,0.3858043880512317,0.375,0.25175323088963825
12,147,0.11111111111111116,0.29635222007830936,0.888888888888889,0.23431605597337088,0.888888888888889,0.24410130083560944,0.7777777777777778,0.23834852874279022,0.7777777777777778,0.44259330319861573,0.33333333333333337,0.2814255605141322
12,694,0.4444444444444444,0.10396017630894978,0.6666666666666667,0.11128069957097371,0.6666666666666667,0.07095452149709065,0.6666666666666667,0.11128069957097371,1.0,0.23746174573898315,0.8888888888888888,0.00031197071075439453
12,342,0.11111111111111116,0.23496370948851109,0.6666666666666667,0.1901010995109876,0.7777777777777778,0.18956745912631354,0.5555555555555556,0.1901010995109876,0.0,0.322290132753551,0.11111111111111116,0.052598332365353904
12,283,0.5,0.1013673342919598,0.125,0.06480888898173968,0.25,0.09953387805338328,0.125,0.07812395816047986,0.375,0.11237809240022519,0.4375,0.07797281381984551
12,621,0.11111111111111116,0.17463784773523608,0.33333333333333337,0.07910414785146713,0.33333333333333337,0.07910414785146713,0.4444444444444444,0.07910414785146713,0.11111111111111116,0.21521279603863755,0.5555555555555556,0.07134809841712315
12,362,0.6666666666666667,0.04056738481449429,0.6666666666666667,0.028888709067056578,0.6666666666666667,0.03898366199185451,0.6666666666666667,0.028888709067056578,0.888888888888889,0.004509563892497681,0.33333333333333337,-0.012019719928503036
12,823,0.4444444444444444,0.12039849718469971,0.33333333333333337,0.09221633368482192,0.4444444444444444,0.11197994990895192,0.2222222222222222,0.09221633368482192,0.888888888888889,0.1266506034304863,0.8888888888888888,0.1266506034304863
13,33,0.4444444444444444,-0.019167800744374592,0.33333333333333337,-0.007996519406636557,0.6666666666666667,0.11750636498133342,0.4444444444444444,-0.1672078768412272,0.8333333333333334,0.0014705657958984375,0.05555555555555554,-0.07484493652979533
13,807,1.0,0.4588948612411817,0.875,0.4687776491045952,0.875,0.4687776491045952,1.0,0.4588948612411817,0.625,0.49040420850118,0.75,0.09710727135340373
13,650,0.0,0.5867997705936432,0.14285714285714285,0.6432319128264984,0.0,0.6698895338922739,0.2857142857142857,0.6698895338922739,0.7857142857142857,0.5974878743290901,0.14285714285714285,0.03169568379720052
13,893,0.125,0.8512662713959193,0.125,0.852651021565786,0.0,0.8562059617894798,0.25,0.852651021565786,0.625,0.8562059617894798,0.125,0.21595287322998047
13,694,0.625,0.17991138497988382,0.625,0.17991138497988382,0.5,0.17991138497988382,0.625,0.17991138497988382,0.5,0.2953348557154338,0.625,0.2114281952381134
13,881,0.8571428571428571,0.1684745069166335,0.8571428571428571,0.1684745069166335,0.8571428571428571,0.1684745069166335,0.8571428571428572,0.1684745069166335,0.8571428571428571,0.1684745069166335,0.4285714285714286,-0.05605844656626383
13,1004,0.0,-0.011466195185979208,0.0,0.00240486611922582,0.0,0.00240486611922582,0.0,0.00240486611922582,0.875,-0.1448223888874054,0.875,-0.01995716740687688
13,251,0.75,0.03093189150483037,0.75,0.03093189150483037,0.625,0.030838141567073762,0.75,0.03093189150483037,0.25,-0.06752362474799156,0.125,0.023445933436354
13,139,0.3888888888888889,0.41695136354731704,0.0,0.406612781448833,0.33333333333333337,0.4058630829968024,0.05555555555555554,0.4061695282580331,0.27777777777777773,0.4170621690476158,0.11111111111111108,0.4058630829968024
14,80,0.8333333333333334,0.3908746937910716,0.3,0.18323012193044028,0.39999999999999997,0.37388959527015686,0.29999999999999993,0.05006515979766846,0.9,0.6124340693155924,0.06666666666666665,0.0690269668896993
14,807,0.39999999999999997,0.027660806973775227,0.8,0.14357489347457886,0.5,0.027660806973775227,0.8,0.14357489347457886,0.8666666666666667,0.29295945167541504,0.3,0.019124289353688557
14,650,0.13636363636363635,0.049945433934529625,0.2727272727272727,0.47368306294083595,0.18181818181818182,0.25286269187927246,0.22727272727272724,0.6651621839652458,0.6818181818181819,0.6974489577114582,0.36363636363636365,0.6666921464105448
14,893,0.04545454545454547,0.5977688158551852,0.2272727272727273,0.8479165496925513,0.18181818181818182,0.4337129630148411,0.18181818181818182,0.8464006123443445,0.6363636363636364,0.8988893174547835,0.45454545454545453,0.5639853850007057
14,1,1.0,0.17780758316318193,0.9166666666666666,0.17449069015371302,1.0,0.17780758316318193,0.9166666666666666,0.17276170027131835,1.0,0.1801072428158174,0.08333333333333337,-0.1565098762512207
14,147,0.33333333333333337,0.3934395456065734,0.0,0.4346306510269642,0.16666666666666663,0.33626123517751694,0.0,0.4587575743595759,0.0,0.4644584704898686,0.9166666666666666,0.20931331564982733
14,659,0.0,0.11504731544603904,0.0,-0.1411633938550949,0.0,-0.16966363290945688,0.0,-0.1475892315308253,0.9166666666666666,0.17768597168227038,0.25,-0.14482599000136057
14,389,0.25,0.10339275274115305,0.16666666666666663,0.10273288865573704,0.25,0.07639101147651672,0.08333333333333337,0.08768883782128493,0.5,0.02235442569561504,0.5833333333333333,0.021776903420686722
14,128,0.5,0.48263650488418836,0.8333333333333334,0.43930434559782344,0.41666666666666663,0.445255473566552,0.75,0.26545535027980804,0.5,0.4885352081231152,0.16666666666666663,0.269469290971756
14,116,0.33333333333333337,0.06958977658284009,0.33333333333333337,0.06929387268722091,0.25,0.06959436883748064,0.33333333333333337,0.06929387268722091,0.41666666666666663,0.06959597821306336,0.16666666666666663,0.02538754675576153
14,251,0.5833333333333333,0.006291264143025425,0.75,0.006167593026475515,0.41666666666666663,0.006295825336565031,0.75,0.006298061928343183,0.33333333333333337,-0.06035595076779524,0.6666666666666667,0.004851919031352736
14,85,0.0,0.15125642841060957,0.08333333333333337,0.09690322230259578,0.08333333333333337,0.09690322230259578,0.08333333333333337,0.09690322230259578,0.9166666666666666,0.1741599205803747,0.5,0.0711293884863456
14,820,0.8181818181818181,0.04842736665341363,0.9545454545454545,0.04837706534872647,0.8636363636363635,0.04323998005893751,0.9090909090909091,0.04835813743699191,0.9090909090909091,0.011887778456402506,0.5454545454545454,0.04774572318789675
14,432,0.5,0.08611376740479197,0.6666666666666667,0.08005942703069498,0.75,0.07768840036199738,0.6666666666666667,0.08330923959147185,0.41666666666666663,0.020274249836802483,0.41666666666666663,-0.010071622828642527
14,786,0.33333333333333337,0.013891750738063516,0.0,0.012098763190882286,0.33333333333333337,0.01216563079166614,0.08333333333333337,0.012160464203285907,0.5,-0.003864964424446763,0.9166666666666666,-0.009716111235320568
14,667,0.9166666666666666,0.04120971563330992,0.6666666666666667,0.040083657775388325,0.8333333333333334,0.03986179624568346,0.6666666666666667,0.03986222869313375,0.5,0.014296091387222987,0.8333333333333334,0.024243984652760748
14,825,1.0,0.025054828847108485,0.5833333333333333,0.018949879627901584,0.75,0.018416248048500467,0.5833333333333333,0.018054615900230903,0.9166666666666666,0.005808709456687211,0.25,0.024840762290599134
14,403,0.5833333333333333,0.010909363378232229,1.0,0.01089767114734741,0.75,0.009707286808577464,1.0,0.010897771195517455,0.8333333333333334,-1.3107422139076638e-05,0.6666666666666667,0.01088655977127928
14,144,0.25,0.016155005219237257,0.41666666666666663,0.0169356681684197,0.25,0.016155005219237257,0.41666666666666663,0.0169356681684197,0.5833333333333333,0.0022056788782265357,0.25,0.012534929633451005
14,69,0.8333333333333334,0.011809244738117286,0.5,0.011800566252305819,0.5833333333333333,0.010592772736972714,0.5,0.011800566252305819,0.41666666666666663,-0.00399648351761132,0.41666666666666663,-0.004060903942445293
14,197,0.6666666666666667,0.045782108830583944,0.9166666666666666,0.04193137866544324,0.75,0.04196387570709703,0.8333333333333334,0.0417265828308094,0.5,0.008254180541387749,0.08333333333333337,0.0456328766643613
15,80,0.9047619047619048,0.10318291187286377,0.5238095238095238,0.12233694394429524,0.7619047619047619,0.12233694394429524,0.5476190476190477,0.12233694394429524,0.5,0.25182100137074787,0.47619047619047616,0.0048748453458150225
15,33,0.41666666666666663,0.27739553650220233,0.5833333333333333,0.04017106691996256,0.9166666666666666,0.25979257623354596,0.5,0.06095238526662191,1.0,0.38330429792404175,1.0,0.04878000418345133
15,294,0.75,0.16722281277179718,0.8333333333333334,0.17466435798754296,0.9166666666666666,0.18360812744746605,0.8333333333333334,0.17466435798754296,0.8333333333333334,-0.3477638165156047,0.41666666666666663,-0.12426877518494923
15,695,0.2727272727272727,0.046877397243709616,0.4545454545454546,-0.026889840761820476,0.2727272727272727,0.01263515092432499,0.4545454545454546,-0.0691061665614446,0.5,-0.13668563713630041,0.5909090909090908,0.04343435758103927
15,887,1.0,0.01971311419038102,0.5,0.003766452893614769,0.41666666666666663,0.023030351498164237,0.41666666666666663,0.003766452893614769,0.0,-0.646585633357366,0.5,0.021583461202681065
15,794,0.9166666666666666,0.00965879441355355,1.0,0.007124605860250692,0.5833333333333333,0.010902842615905683,1.0,0.009699251046792293,0.25,-0.5221514208242297,0.9166666666666666,-0.026597189096113045
15,591,0.8333333333333334,0.0008441260385249431,0.16666666666666663,0.00031228844697276753,0.33333333333333337,0.0008588170652122548,0.16666666666666663,0.000333328692552944,0.0,-0.5609989723501106,0.33333333333333337,-0.0008602196273083488
15,13,0.8611111111111112,0.009921783705067355,0.4444444444444444,-0.02479725641508897,0.5277777777777778,0.000791054917499423,0.4444444444444444,-0.028778234496712685,0.4166666666666667,-0.06470927099386851,0.33333333333333337,-0.011264589615166187
15,116,0.41666666666666663,6.087623815650053e-05,1.0,6.444862613837661e-05,0.41666666666666663,6.808510401394112e-05,1.0,6.476085331996728e-05,0.5833333333333333,-0.0009918757981116262,0.6666666666666667,6.20091964265157e-05
15,674,0.08333333333333337,-7.30616435854851e-05,0.08333333333333337,-0.000132623134656266,0.08333333333333337,-5.246059299679473e-05,0.08333333333333337,-0.00014459037750687762,0.5833333333333333,-0.002247166850186962,0.16666666666666663,-0.00027247862817603163
15,360,0.0,-1.978568646639663e-05,0.0,-1.2928549191807784e-05,0.0,-2.5947648130871432e-05,0.0,-6.864280597559021e-06,0.5,-0.003199534391266449,0.08333333333333337,-1.786713361677054e-05
15,790,0.0,-5.368022933301594e-05,0.0,-5.189027827630829e-05,0.0,-5.175643764232518e-05,0.0,-5.189027827630829e-05,0.25,-0.0016869291275725118,0.41666666666666663,-0.0004294653629888974
16,80,1.0,0.009429792563120524,1.0,0.00910097360610962,0.8333333333333333,0.008304218451182047,1.0,0.00910097360610962,0.16666666666666666,0.05646135409673055,0.6666666666666666,0.008304218451182047
16,33,0.0,0.045540293057759605,0.25,0.039778550465901695,0.25,0.039778550465901695,0.25,0.039778550465901695,1.0,0.08602408568064372,0.5,0.04051681359608968
16,294,0.0,0.02511940399805705,0.0,0.02511940399805705,0.25,0.0225486159324646,0.25,0.02511940399805705,1.0,0.18764084577560425,0.75,0.04617991050084432
16,147,0.25,0.13683931529521942,0.25,0.13683931529521942,0.25,0.13683931529521942,0.25,0.13683931529521942,0.0,0.13683931529521942,0.25,0.08878946304321289
16,887,0.75,0.1730271577835083,0.75,0.1730271577835083,0.75,0.1730271577835083,0.75,0.1730271577835083,0.5,0.3373561004797618,1.0,0.1991452674070994
16,794,0.5,0.061618645985921226,0.5,0.061618645985921226,0.0,0.07014167308807373,0.5,0.07014167308807373,0.0,0.3874760866165161,0.25,0.1745595932006836
16,591,0.5,0.22769148151079813,0.25,0.24175619085629782,0.25,0.24175619085629782,0.25,0.24175619085629782,0.25,0.4646028329928716,0.25,0.4605104327201843
16,979,1.0,0.06293908258279164,0.75,0.06344829499721527,0.75,0.06344829499721527,1.0,0.06293908258279164,0.5,-0.12173935770988464,0.5,-0.03314402202765147
16,981,0.5,0.15502669910589853,0.25,0.14013823370138803,0.25,0.14013823370138803,0.5,0.15502669910589853,0.0,0.15502669910589853,0.75,0.022519558668136597
17,33,0.4,0.3953673740228017,0.09999999999999998,0.32532493273417157,0.5,0.3953673740228017,0.09999999999999998,0.32532493273417157,0.19999999999999996,0.3953673740228017,0.6,0.3685074696938197
17,807,0.5,0.09938424825668335,0.8333333333333334,0.17428783575693765,0.8333333333333334,0.17428783575693765,0.8333333333333334,0.17428783575693765,1.0,0.36209330956141156,0.6666666666666667,0.0028368433316548667
17,650,0.16666666666666663,0.43022190779447556,0.5,0.6977989201744398,0.0,0.43022190779447556,0.16666666666666663,0.43022190779447556,0.6666666666666667,0.6979538078109423,0.16666666666666663,0.33856866757074994
17,893,0.0,0.7301458320968474,0.0,0.7457801403555399,0.0,0.7301458320968474,0.0,0.7457801403555399,0.5,0.7457801403555399,0.16666666666666663,0.13385863602161407
17,1,1.0,0.1560343218346437,0.8333333333333334,0.14911715189615884,1.0,0.1560343218346437,0.6666666666666667,0.14087599019209543,1.0,0.1560343218346437,1.0,0.1560343218346437
17,695,0.33333333333333337,0.4054891921502228,0.6666666666666667,0.39284639693020534,0.33333333333333337,0.4054891921502228,0.6666666666666667,0.39284639693020534,0.33333333333333337,0.4054891921502228,0.5,0.20493928234403333
17,147,0.8333333333333334,0.4386927568508933,1.0,0.4340762330684811,0.8333333333333334,0.4386927568508933,1.0,0.4340762330684811,0.8333333333333334,0.4386927568508933,1.0,0.4219474047422409
17,659,0.5,-0.13163084288438162,0.16666666666666663,-0.11419316629568736,0.16666666666666663,-0.11419316629568736,0.16666666666666663,-0.11419316629568736,1.0,0.19017109647393227,0.5,-0.07284737130006154
17,128,0.33333333333333337,0.4421840858024855,0.6666666666666667,0.4276611210467915,0.5,0.4421840858024855,0.6666666666666667,0.4276611210467915,0.16666666666666663,0.4421840858024855,0.8333333333333334,0.15041096011797586
17,283,0.6666666666666667,0.1460770339569232,0.16666666666666663,0.14306907189893536,0.5,0.1460770339569232,0.16666666666666663,0.14306907189893536,0.33333333333333337,-0.05468159665664037,0.0,-0.05468159665664037
17,841,0.5,0.20079735992476344,0.5,0.1944247243615488,0.6666666666666667,0.20079735992476344,0.5,0.18397059043248495,0.6666666666666667,0.20079735992476344,0.6666666666666667,0.1944247243615488
17,914,0.0,0.02773984568193555,0.0,0.027843802856902283,0.0,0.028481439221650362,0.0,0.027843802856902283,0.16666666666666663,-0.07774567604064941,0.5,-0.0305817611515522
18,80,1.0,0.19956411918004355,0.5,-0.13090991973876953,0.6785714285714286,-0.05292123556137085,0.42857142857142855,-0.0011297067006429036,0.7142857142857142,-0.021206796169281006,0.4642857142857143,0.051199773947397866
18,33,0.4,0.1773748497168223,0.6,-0.03711360692977905,0.9,0.16162567337354025,0.09999999999999998,0.027881920337677002,0.7,-0.04216843843460083,0.19999999999999996,0.12265737851460774
18,807,0.2777777777777778,-0.006550431251525879,0.8888888888888888,0.3729267120361328,0.3333333333333333,0.12138332923253377,0.6666666666666667,0.3729267120361328,0.7777777777777779,0.4332904915014903,0.4444444444444444,-0.01015456517537435
18,650,0.0,0.0069487690925598145,0.33333333333333337,0.46352142095565796,0.05555555555555558,0.4623086129625638,0.11111111111111116,0.6012930944561958,0.6666666666666667,0.7613698119918505,0.3333333333333333,0.7436259587605795
18,893,0.09999999999999998,0.31187112132708233,0.7,0.8236908738811811,0.19999999999999996,0.8538879230618477,0.6,0.8236908738811811,0.8,0.87271377434566,0.8,0.8450026313463846
18,294,0.5,0.05611435199777285,0.30000000000000004,0.06194899852077166,0.6,0.0918768619497617,0.5,0.06194899852077166,0.4,-0.22678272426128387,0.0,-0.060052722692489624
18,887,0.6,0.06748257329066594,0.19999999999999996,0.09303495784600575,0.5,0.08595774058873455,0.19999999999999996,0.0959584287678202,0.30000000000000004,0.0889552157993118,0.5,0.05137155080835024
18,389,0.19999999999999996,0.09138319889704387,0.6,0.16359787719193264,0.30000000000000004,0.10912697358677785,0.30000000000000004,0.16204158149533518,0.0,0.1635661290383723,0.5,0.13195971946697682
18,881,0.7,0.07455746953686078,0.8,0.15735147365679344,0.6,0.11492836599548657,0.8,0.15735147365679344,0.9,0.1640198389844348,0.19999999999999996,-0.008178949356079102
18,725,0.19999999999999996,0.024801989396413166,0.30000000000000004,0.16489041596651077,0.09999999999999998,-0.03958862523237864,0.30000000000000004,0.1612198750178019,0.7,0.1684489157050848,0.6,0.09516162301103274
18,979,0.0,0.012576145430405935,0.0,0.07357726263580844,0.0,0.045462841944148145,0.0,0.07357726263580844,0.09999999999999998,0.07355944701703265,0.4,0.06084671694164475
18,815,0.30000000000000004,0.035761807734767594,0.30000000000000004,0.06743271125985,0.19999999999999996,0.04783747306404015,0.30000000000000004,0.0659649882290978,0.5,0.06740800846212854,0.7,-0.03706561028957367
18,540,1.0,0.22852839048330983,0.8,0.24910474522039294,0.9,0.2566410299235334,0.9,0.25404456661393243,0.8,0.2580969856329223,0.8,0.1410456858575344
18,713,0.4,0.09430871189882357,1.0,0.14527437687987307,0.8,0.11184829411407311,1.0,0.1468698892276734,1.0,0.1468118510917217,0.4,0.021902047097682953
18,927,0.9,0.04109969983498255,0.4,0.05274821732503673,0.5,0.05274821732503673,0.30000000000000004,0.05557283318679159,0.0,0.04953573442374667,1.0,0.0026269120474656424
18,59,0.19999999999999996,0.024571822257712483,0.4,0.03488287853542715,0.19999999999999996,0.03644475961724917,0.19999999999999996,0.036776144578955915,0.19999999999999996,-0.03777678186694781,0.8,0.011204751829306284
18,263,0.5,0.07445256683665018,1.0,0.09715368129157771,1.0,0.09886919072596356,1.0,0.09920911468028255,1.0,0.09920851482638682,0.7,0.0637896629050374
18,696,0.7,0.04975740394244591,0.9,0.0662289624621432,0.7,0.04853068672431012,0.9,0.06621069873168987,0.8,0.019894643017323688,0.30000000000000004,-0.08804059276978175
18,798,0.9,0.013639927453671893,0.5,0.020087060303315713,0.7,0.016610669951963548,0.5,0.020087060303315713,0.09999999999999998,0.004665802737387518,0.8,0.014691488972554604
19,80,1.0,0.09074938297271729,1.0,0.09074938297271729,1.0,0.09074938297271729,1.0,0.09074938297271729,1.0,0.09074938297271729,0.6666666666666667,0.01224297285079956
19,147,0.0,0.0878496766090393,0.33333333333333337,0.0878496766090393,0.33333333333333337,0.0878496766090393,0.0,0.06923389434814453,0.0,0.0878496766090393,0.33333333333333337,0.0878496766090393
19,694,0.6666666666666667,0.036126554012298584,0.6666666666666667,0.036126554012298584,0.6666666666666667,0.036126554012298584,0.6666666666666667,0.036126554012298584,1.0,0.14061638712882996,0.33333333333333337,-0.07383254170417786
19,342,0.0,0.07396571338176727,0.0,0.07396571338176727,0.0,0.07396571338176727,0.0,0.11341838538646698,0.0,0.11341838538646698,0.33333333333333337,0.07396571338176727
19,621,0.0,0.0954722911119461,0.0,0.0954722911119461,0.0,0.0954722911119461,0.33333333333333337,0.09317155182361603,0.0,0.0954722911119461,1.0,-0.051388755440711975
19,981,0.0,0.13752766698598862,0.0,0.13752766698598862,0.33333333333333337,0.13752766698598862,0.0,0.13752766698598862,0.6666666666666667,0.13752766698598862,1.0,-0.11609101295471191
20,33,0.6,0.13449340065320334,0.09999999999999998,0.13449340065320334,0.4,0.055391172568003334,0.0,0.13449340065320334,0.8,0.18113056321938834,0.5,-0.0337791641553243
20,807,0.8333333333333334,0.24369877576828003,1.0,0.20029828945795694,0.8333333333333334,0.24369877576828003,1.0,0.20029828945795694,0.8333333333333334,0.24369877576828003,0.5,0.035215795040130615
20,650,0.0,0.4773242299755414,0.09999999999999998,0.4173954948782921,0.0,0.4773242299755414,0.0,0.4173954948782921,0.5,0.4773242299755414,0.3,0.026740233103434246
20,893,0.16666666666666663,0.912720073480159,0.33333333333333337,0.8918114843157431,0.16666666666666663,0.8918114843157431,0.16666666666666663,0.8918114843157431,0.6666666666666667,0.912720073480159,0.8333333333333334,0.8468456566333771
20,881,1.0,0.26764169218949974,0.8333333333333334,0.2632911429585268,0.8333333333333334,0.2632911429585268,1.0,0.26764169218949974,1.0,0.26764169218949974,0.33333333333333337,0.1433977565417687
20,725,0.16666666666666663,-0.036976784467697144,0.16666666666666663,0.3504338351388772,0.16666666666666663,0.2534158180157344,0.16666666666666663,0.3504338351388772,0.6666666666666667,0.3504338351388772,0.6666666666666667,0.3492651569346587
20,1017,0.8333333333333334,0.5048200463255247,0.5,0.5201767409938233,0.6666666666666667,0.5201767409938233,0.5,0.5201767409938233,0.5,0.5275236802893536,0.0,-0.02749331792195638
20,979,0.0,0.2805357348988764,0.0,0.2783448326905879,0.0,0.2783448326905879,0.0,0.2783448326905879,0.0,0.2805357348988764,0.0,0.058079442009329796
20,815,0.33333333333333337,0.2248687575532434,0.6666666666666667,0.2240946571303842,0.33333333333333337,0.2240946571303842,0.6666666666666667,0.2248687575532434,0.5,0.2248687575532434,0.5,0.08816951746121049
20,139,0.5,0.26845105429917265,0.16666666666666663,0.26845105429917265,0.5,0.26845105429917265,0.0,0.26845105429917265,0.6666666666666667,0.27150578737685765,0.0,-0.057229737440745033
21,33,0.4,0.6638943602641424,0.19999999999999998,0.3930734097957611,0.26666666666666666,0.6414077381292979,0.06666666666666665,0.3930734097957611,0.26666666666666666,0.6414077381292979,0.5333333333333332,0.6414077381292979
21,650,0.0,0.4371816360702117,0.5714285714285714,0.4208393010000388,0.2857142857142857,0.4208393010000388,0.5714285714285714,0.4208393010000388,0.7142857142857143,0.4371816360702117,0.5714285714285714,0.05584637324015299
21,1,1.0,0.1736779782610635,1.0,0.16455033545692763,1.0,0.1736779782610635,1.0,0.16455033545692763,0.8571428571428571,0.17485691281035542,0.4285714285714286,-0.12360276281833649
21,695,0.5714285714285714,0.4398190565407276,0.8571428571428571,0.4418839594970147,0.7142857142857143,0.4398190565407276,0.8571428571428572,0.4418839594970147,0.7142857142857143,0.4468449945949639,0.5714285714285714,0.020806779464085896
21,342,0.7142857142857143,0.08483274476990725,0.5714285714285714,0.08217769139446318,0.7142857142857143,0.08483274476990725,0.2857142857142857,0.08483274476990725,0.2857142857142857,0.08483274476990725,0.1428571428571429,-0.04304716239372889
21,283,0.33333333333333337,0.1752024011936252,0.0,0.1746613857879614,0.33333333333333337,0.17454815341625363,0.0,0.1746613857879614,0.0,0.05387119359026352,0.16666666666666669,-0.21812414129575095
21,192,1.0,0.3822385663961588,1.0,0.38223033929133027,1.0,0.38223102613142146,1.0,0.38223033929133027,1.0,0.3822385663961588,1.0,0.3822352902970276
21,486,0.0,0.1934271536538669,0.4285714285714286,0.1933973136019631,0.1428571428571429,0.19340620008794454,0.4285714285714286,0.1933973136019631,0.8571428571428571,0.1932607232962861,0.5714285714285714,-0.027544061342875164
21,904,0.1428571428571429,0.0009102588366355727,0.0,0.0007120646890446854,0.1428571428571429,0.0009032614845333834,0.0,0.0008940372469320815,0.2857142857142857,-0.015230053182070455,0.8571428571428572,-0.0043993869330734015
22,80,1.0,0.021530096729596455,0.75,-0.11204508443673451,0.75,-0.11204508443673451,0.75,-0.11204508443673451,0.0,-0.20927191277345022,0.0,-0.19647003710269928
22,650,0.25,0.5138697375853857,0.5,0.6314146171013514,0.25,0.5138697375853857,0.5,0.6314146171013514,0.0,0.6314146171013514,0.75,-0.06465627749760945
22,659,0.5,-0.11837615569432576,0.0,-0.11837615569432576,0.0,-0.11837615569432576,0.0,-0.11837615569432576,1.0,0.3212045282125473,0.5,0.14669719338417053
22,85,0.0,0.03079504861185948,0.0,0.03079504861185948,0.0,0.03079504861185948,0.0,0.03079504861185948,0.5,-0.06540941447019577,0.0,-0.05357610434293747
22,939,0.75,-0.027867513398329418,1.0,0.07873712045451005,0.75,-0.027867513398329418,1.0,0.07873712045451005,1.0,0.08643654299279054,0.0,0.0012920548518498738
22,715,0.0,-0.11093963185946147,0.5,0.03771355003118515,0.5,-0.11093963185946147,0.5,0.03771355003118515,0.0,-0.1954678768912951,0.0,-0.02666756014029185
22,838,0.25,-0.03539932084580263,0.5,0.0480859219096601,0.5,-0.03539932084580263,0.5,0.0480859219096601,0.25,-0.09963878616690636,0.75,-0.05660000815987587
22,753,0.0,-0.034938344111045204,0.25,0.03094225252668063,0.25,-0.034938344111045204,0.25,0.03094225252668063,0.0,-0.10695404931902885,0.5,-0.01427993302543958
23,33,0.6,0.25403258204460144,0.0,0.21719065308570862,0.4,0.21719065308570862,0.0,0.21719065308570862,0.6,0.25403258204460144,0.4,0.25403258204460144
23,807,0.375,0.18450824419657388,0.875,0.3621665934721629,0.5,0.3438969353834788,0.875,0.3621665934721629,0.75,0.3621665934721629,0.25,0.18489040931065878
23,650,0.0,0.40044208367665607,0.0,0.793480729063352,0.0,0.620654339591662,0.0,0.793480729063352,0.6,0.793480729063352,1.0,0.48691139618555707
23,893,0.0,0.8432089872658253,0.0,0.8703529183694627,0.0,0.8690142079819149,0.0,0.8703529183694627,0.6,0.8703529183694627,0.8,0.042257110277811684
23,1,1.0,0.21504472754895687,1.0,0.21504472754895687,1.0,0.21504472754895687,1.0,0.21504472754895687,1.0,0.21504472754895687,0.8,0.20003841755290827
23,147,0.4,0.5352858446228007,0.0,0.5153246861882508,0.19999999999999996,0.5153246861882508,0.0,0.5153246861882508,0.0,0.5352858446228007,1.0,0.13561178743839264
23,389,0.19999999999999996,0.32150314732765156,0.19999999999999996,0.331238324426522,0.19999999999999996,0.331238324426522,0.19999999999999996,0.331238324426522,0.0,0.33158937684735673,0.4,0.18467193368511894
23,283,0.6,0.1965695639179709,0.19999999999999996,0.19229235292489952,0.6,0.1965695639179709,0.19999999999999996,0.19229235292489952,0.19999999999999996,0.1965695639179709,0.19999999999999996,0.1924715442582965
23,473,1.0,0.05041381220022837,1.0,0.05041381220022837,1.0,0.05041381220022837,1.0,0.05041381220022837,0.0,0.04830926160017649,0.4,-0.04991192867358526
23,820,0.8,0.08365669541035459,1.0,0.08353596090546489,0.8,0.08365669541035459,0.8,0.08365669541035459,0.4,-0.20131749163071314,0.6,0.08348879722567897
23,786,0.4,0.09474872170418773,0.4,0.09474872170418773,0.4,0.09474872170418773,0.4,0.09474872170418773,1.0,-0.15092815707127252,0.4,0.09416263779470076
24,80,1.0,0.07244306802749634,1.0,0.07244306802749634,1.0,0.07244306802749634,1.0,0.07244306802749634,1.0,0.07244306802749634,0.5,0.07244306802749634
24,728,0.0,0.02256530523300171,0.0,0.02256530523300171,0.0,0.02256530523300171,0.0,0.02256530523300171,1.0,0.07905811071395874,1.0,0.07905811071395874
24,251,0.0,0.3713819682598114,0.0,0.3713819682598114,0.0,0.3713819682598114,0.0,0.37138205766677856,0.0,0.37138205766677856,1.0,0.18294668197631836
25,1,1.0,0.005256551007429759,1.0,0.005256551007429759,1.0,0.005256551007429759,1.0,0.005256551007429759,0.5,-0.07434993733962376,0.5,-0.04934041450421015
25,659,0.33333333333333337,0.09467830260594685,0.6666666666666667,0.1372037728627523,0.6666666666666667,0.1372037728627523,0.33333333333333337,0.09467830260594685,1.0,0.36889467388391495,0.5,0.05811434984207153
25,914,0.33333333333333337,0.07622659020125866,0.33333333333333337,0.07622659020125866,0.33333333333333337,0.07622659020125866,0.33333333333333337,0.07622659020125866,0.33333333333333337,0.0733587530752023,0.5,-0.03907304505507151
25,674,0.75,-0.18397642175356546,0.75,-0.18397642175356546,0.75,-0.18397642175356546,0.75,-0.18397642175356546,0.75,-0.18397642175356546,0.75,-0.04615758111079534
25,360,0.0,-0.5164548878868421,0.0,-0.5164548878868421,0.5,-0.5164548878868421,0.0,-0.5164548878868421,0.25,-0.6098760887980461,1.0,0.00821020578344663
25,790,0.0,-0.2679984892408053,0.0,-0.13920788963635763,0.0,-0.2679984892408053,0.0,-0.13920788963635763,0.0,-0.26799849917491275,0.0,-0.2679984892408053
26,80,0.8333333333333334,0.1599538524945577,0.5277777777777778,0.03543172279993693,0.7777777777777778,0.10547898213068645,0.5277777777777778,0.03543172279993693,0.4444444444444445,0.27575139204661053,0.8333333333333335,0.0358164111773173
26,33,0.09999999999999998,0.8015727400779724,0.0,0.3616264710823695,0.1333333333333333,0.8021443660060564,0.0,0.3616264710823695,0.0,0.850032389163971,0.3333333333333333,0.3542371094226837
26,294,0.09999999999999998,0.4376943279206292,0.0,0.09861980863691618,0.19999999999999998,0.4370013323787134,0.0,0.10673304387213041,0.0,0.1373392236030971,0.6,0.06963836153348286
26,695,0.4545454545454546,0.5583721276925644,0.6363636363636364,0.5569620108387122,0.36363636363636365,0.5582976766260496,0.6818181818181819,0.5567847665709754,0.8181818181818182,0.5581069681211375,0.36363636363636365,0.20040768384933472
26,116,0.18181818181818182,0.020189608394929337,0.5909090909090909,0.01597815237789746,0.2727272727272727,0.015977696382681945,0.5909090909090909,0.01597815237789746,0.18181818181818182,0.020141028202184923,0.7272727272727273,-0.008076814313729605
26,820,0.2727272727272727,0.0004765909562015243,0.5454545454545454,0.00031648538424633443,0.2727272727272727,0.00027432365701921907,0.4545454545454546,0.0003011515824861514,0.5454545454545454,-0.002408082528442416,0.40909090909090906,-0.0001736345972555379
26,214,0.6363636363636364,0.3442745819029369,0.18181818181818177,0.34416665258080076,0.4545454545454546,0.2829755860690663,0.18181818181818177,0.3441897473773376,0.8181818181818181,0.3443115036889897,0.5,0.1371807406346003
26,192,1.0,0.9058829348211267,0.9166666666666666,0.6399358191456486,0.9166666666666666,0.6399394433962206,1.0,0.9057657593900027,1.0,0.9058828638283482,0.33333333333333337,-0.030971288681030273
26,692,0.5454545454545454,0.6807563943959914,0.7272727272727273,0.5196402313557277,0.18181818181818177,0.5196427393448909,0.7272727272727273,0.6807528116261589,0.36363636363636365,0.6807563965194939,0.6818181818181819,0.48745704661359923
26,953,0.4545454545454546,0.039015478944141556,0.6363636363636364,0.03900570508934228,0.18181818181818182,0.030073811269176076,0.5454545454545454,0.038998225067189196,0.36363636363636365,0.039013875626248286,0.40909090909090906,0.030946312290931626
26,97,0.0,0.057324604949428704,0.0,0.04470647733675529,0.0,0.04225658679691454,0.0,0.04470647733675529,0.08333333333333337,0.057320769022832486,0.33333333333333337,0.0339826929072539
27,80,0.875,-0.049163222312927246,0.875,-0.1126864751180013,0.875,-0.1126864751180013,0.875,-0.1126864751180013,0.625,-0.12469669183095296,1.0,0.04398643970489502
27,33,0.39999999999999997,0.08577516674995422,0.14999999999999997,-0.079915185769399,0.55,0.13991503914197287,0.19999999999999996,-0.079915185769399,0.8,-0.05076950788497925,0.8,0.15470214684804282
27,807,0.875,0.04899881283442179,1.0,0.1571893890698751,1.0,0.10904181003570557,1.0,0.10904181003570557,0.875,0.6087811353305975,0.625,0.26715077956517536
27,650,0.0,0.2914283921321233,0.0,0.20353994953135648,0.0,0.2914283921321233,0.125,0.2531695229311784,0.625,0.07746385239685576,1.0,0.17391219238440195
27,893,0.0,0.1477409060850429,0.5,0.21825739879083508,0.25,-0.022049500868888572,0.375,0.233033634261119,0.625,0.07337726355763152,0.25,-0.1253321965535482
27,695,0.5,0.39119828841648996,0.875,0.36916864415009815,0.5,0.38611411427458125,0.875,0.36916864415009815,0.625,0.3883178209265073,1.0,0.09348345796267192
27,114,0.875,0.1688863538993625,0.5,0.18014662860271832,0.625,-0.031127023200194042,0.625,0.18014662860271832,0.875,0.06487930218573486,0.875,0.06487930218573486
27,1017,0.375,0.33176673152289976,0.125,0.33179884796845727,0.625,0.3319363356567919,0.125,0.33179884796845727,0.5,0.3320616052983496,0.0,0.023592422405878704
27,841,0.375,0.033364120948438845,0.0,0.054063791777783386,0.125,0.051782309000069894,0.0,0.05394682934274897,0.375,0.054801478050649166,0.25,0.05082595623874416
27,392,0.4285714285714286,0.12537027493446354,0.0,0.1849029924099644,0.1428571428571429,0.01876034028828144,0.0,0.1849029924099644,0.1428571428571429,0.20165726720551222,0.35714285714285715,0.08279186331977446
28,80,0.8461538461538461,0.37627173960208893,0.4615384615384615,0.016463160514831543,0.5384615384615384,0.016463160514831543,0.40384615384615385,0.015065133571624756,0.9230769230769231,0.4655771652857463,0.6730769230769231,0.18952425320943198
28,33,0.2666666666666667,0.31405889491240185,0.4,-0.01258319616317749,1.0,0.26406604051589966,0.23333333333333334,-0.01258319616317749,0.6666666666666667,0.2091798186302185,0.9666666666666667,0.12254148721694946
28,807,1.0,0.09698291619618733,1.0,0.29107388357321423,1.0,0.29107388357321423,1.0,0.29107385873794556,0.6153846153846154,0.20617777109146118,0.23076923076923078,0.014908393224080404
28,650,0.0,0.005376656850179036,0.1333333333333333,0.6252303374931216,0.0,0.6153587152560552,0.3666666666666667,0.5677562210087975,0.8666666666666667,0.7140857381746173,0.06666666666666665,0.22225371996561685
28,893,0.0,0.5120755185683569,0.1333333333333333,0.945791143682906,0.0,0.9711365289030406,0.1333333333333333,0.9834492831253101,0.6,0.9711368406624766,0.5,0.37430230776468915
28,695,0.23809523809523808,0.8153101850572663,0.42857142857142855,0.7986152420441309,0.23809523809523814,0.7985277743816065,0.6666666666666666,0.8152559781447053,0.6190476190476191,0.8177787138459583,0.47619047619047616,0.1465325951576233
28,147,0.1333333333333333,0.4604404672669868,0.4666666666666667,0.6824685749597847,0.4666666666666667,0.6843663118779659,0.4666666666666667,0.6824685749597847,0.7333333333333334,0.6844561143661849,0.5666666666666667,0.4858812317252159
28,342,0.1333333333333333,0.2676870872577031,0.1333333333333333,0.10571202635765076,0.0,0.17659071584542593,0.033333333333333326,0.10571202635765076,0.4,0.40957049905894866,0.8,0.3847268953298529
28,1017,0.6666666666666667,0.5699846868713697,0.1333333333333333,0.3862316533923149,0.4,0.4581047718723615,0.1333333333333333,0.3978107194416225,0.33333333333333337,0.7424092849869529,0.4,0.342734158039093
28,13,0.6923076923076923,0.29072718045244983,0.038461538461538436,0.28934429365714703,0.07692307692307687,0.29072024761383847,0.057692307692307654,0.28979458833540167,0.5384615384615384,0.29072718045244983,0.7307692307692307,0.20301057398319244
28,1022,0.2666666666666667,0.058199065271764994,0.2666666666666667,0.07539295922712579,0.2666666666666667,0.04628156886125604,0.19999999999999996,0.07260521967934135,0.2666666666666667,0.07567006000454057,0.09999999999999998,0.03330152638955042
28,585,0.7333333333333334,0.11277505548112761,0.6666666666666667,0.11812162656572885,0.4,0.0976698958935837,0.6666666666666667,0.11812162757466164,0.9333333333333333,0.11853648339436022,0.7,0.11843268097133357
29,80,0.7272727272727273,0.004257085422674815,0.5454545454545454,0.06873015065987904,0.6363636363636364,0.11302062124013901,0.5454545454545454,0.06873015065987904,0.9090909090909091,0.2658256161957979,0.2727272727272727,-0.038189053535461426
29,807,0.53125,0.0519134004910787,0.8125,0.3085286219914754,0.6875,0.0519134004910787,0.75,0.2897699475288391,0.8125,0.3146428068478902,0.34375,0.044232845306396484
29,650,0.2727272727272727,0.3237643639246623,0.8181818181818181,0.6399085701753696,0.36363636363636365,0.580218592658639,0.4545454545454546,0.580218592658639,0.8181818181818182,0.6399085701753696,0.8181818181818181,0.026975850264231365
29,893,0.0,0.824689312488772,0.09090909090909094,0.7542244343785569,0.09090909090909094,0.7551180007479464,0.09090909090909094,0.7542778832821568,0.6363636363636364,0.8375446983724544,0.5454545454545454,0.7538012555645158
29,1,0.7,0.14262888332207999,0.6,0.14002205074454346,0.65,0.14435247626776496,0.6000000000000001,0.14002205074454346,0.5,0.14385519285375872,0.8,0.11108262278139591
29,147,0.4545454545454546,0.12813836882257115,0.0,0.11173550753543775,0.09090909090909094,0.12759884582677236,0.09090909090909094,0.11173550753543775,0.0,-0.2033188988765081,0.7272727272727273,0.12502078770194203
29,659,0.0,-0.1639094352722168,0.11111111111111116,-0.09701659282048543,0.11111111111111116,-0.11153572797775269,0.11111111111111116,-0.09701659282048543,0.6666666666666667,0.12061292926470439,0.6666666666666666,0.143627459804217
29,389,0.36363636363636365,0.14205039228545502,0.2727272727272727,0.22128180663000308,0.4545454545454546,0.14225957705639303,0.2727272727272727,0.21361749634976945,0.2727272727272727,0.22141272607856877,0.09090909090909094,0.22016046685409188
29,116,0.4545454545454546,0.09667052447789122,0.2727272727272727,0.09626532991084484,0.2727272727272727,0.09668364594047792,0.2727272727272727,0.096275265237545,0.09090909090909094,0.09664614413486561,0.2727272727272727,-0.05092908814549446
29,820,0.9500000000000001,0.0391156083229968,1.0,0.03908989986234701,1.0,0.039133531936916675,1.0,0.03909239859373296,0.7,-0.09653762153660257,0.4,-0.03816962940618396
29,786,0.7272727272727273,0.008869490649279518,0.2727272727272727,0.008886416988957535,0.6363636363636364,0.008880774381358,0.4545454545454546,0.008894850219652048,0.2727272727272727,-0.09843379321197669,0.4545454545454546,-0.0032952308344344297
29,268,0.14814814814814817,0.08833411713112582,0.0,0.09327040555247852,0.11111111111111116,0.08608311414718628,0.0740740740740741,0.0932734009569091,0.4074074074074074,0.09631201404408903,0.4074074074074074,-0.00010022070879737537
29,825,1.0,0.02119995202519931,0.9090909090909091,0.021225261230540582,1.0,0.021214906711122694,0.9090909090909091,0.021225261230540582,0.7272727272727273,-0.05418624527131518,0.7272727272727273,0.013535103159180531
29,403,0.8181818181818181,0.008891247941392066,1.0,0.00889078171909811,0.9090909090909091,0.008900913702291291,1.0,0.008892408386420433,0.6363636363636364,-0.0248836362734437,0.0,0.002057229091102878
29,144,0.5454545454545454,0.07392693856187786,0.6363636363636364,0.10773698963384959,0.5454545454545454,0.10248099050174157,0.5454545454545454,0.10773698963384959,0.6363636363636364,0.1085607971030876,0.6363636363636364,-0.02549134970953067
29,69,0.9090909090909091,0.03112472288209271,0.7272727272727273,0.03110907784715285,0.8181818181818181,0.03113348268955936,0.7272727272727273,0.03110907784715285,0.2727272727272727,-0.04572997411014512,0.18181818181818177,0.003542812187030601
29,1005,0.6363636363636364,0.01754751373058146,0.9090909090909091,0.019882041550509655,0.8181818181818181,0.01755186312961617,0.9090909090909091,0.019882041550509655,0.8181818181818181,-0.016072879156126874,0.9090909090909091,0.007304376156146948
30,80,1.0,-0.0015349388122558594,1.0,-0.0013219118118286133,1.0,-0.0010835925738016765,1.0,-0.0010835925738016765,0.0,0.017741998036702473,0.4285714285714286,0.0019211769104003906
30,33,0.0,0.002953211466471354,0.11111111111111116,-0.0016943613688151042,0.2222222222222222,-0.0016943613688151042,0.11111111111111116,-0.0016081929206848145,1.0,0.02029438813527425,0.6666666666666667,0.0014603535334269206
30,294,0.11111111111111116,0.0015761256217956543,0.11111111111111116,-0.004945337772369385,0.33333333333333337,-0.004945337772369385,0.11111111111111116,-0.004945337772369385,1.0,0.08577255407969157,0.11111111111111116,-0.0010906060536702473
30,694,0.4444444444444444,0.03320664167404175,0.5555555555555556,0.025079856316248577,0.33333333333333337,0.02132439613342285,0.8888888888888888,0.08633594711621602,1.0,0.14265578985214233,0.5555555555555556,0.015280544757843018
30,887,0.8,0.0779144565264384,1.0,0.002185781796773275,0.9600000000000001,0.006559352080027263,0.9600000000000001,0.00922928253809611,0.08000000000000002,0.12896778186162314,0.48,0.07554141680399577
30,794,0.33333333333333337,0.025019129117329914,0.5555555555555556,-0.004478017489115397,0.5555555555555556,-0.0036496520042419434,0.6666666666666667,-0.0036496520042419434,0.0,0.16900543371836343,0.11111111111111116,0.1180965503056844
30,591,0.2222222222222222,0.14061001936594644,0.4444444444444444,0.0010650952657063801,0.5555555555555556,0.006311734517415364,0.2222222222222222,0.0010650952657063801,0.5555555555555556,0.2325357993443807,0.8888888888888888,0.013865649700164795
30,342,0.11111111111111116,0.02362727001309395,0.0,0.014230546851952871,0.0,0.0033463587363560996,0.0,0.014230546851952871,0.7777777777777778,-0.01773044466972351,0.2222222222222222,0.018817417323589325
30,401,1.0,0.16697514429688454,0.7777777777777778,0.09727747738361359,0.8888888888888888,0.13239090144634247,0.7777777777777778,0.09727747738361359,1.0,0.16116937125722566,0.7777777777777778,0.11282740409175555
30,420,0.4444444444444444,0.45308011521895725,0.33333333333333337,0.33603860934575397,0.2222222222222222,0.43169625103473663,0.33333333333333337,0.1567967931429545,0.33333333333333337,0.5301807299256325,0.7777777777777778,0.46798616647720337
30,119,0.7142857142857143,0.37206035541991395,0.38095238095238093,0.08458481729030609,0.38095238095238093,0.22600638369719186,0.4285714285714286,0.08458481729030609,0.6190476190476191,0.37206035541991395,0.2857142857142857,0.02107749382654826
30,621,0.11111111111111116,0.02567509065071742,0.11111111111111116,0.013605119039614996,0.0,0.015047850708166758,0.0,0.01190931349992752,0.7777777777777778,-0.025683199365933735,0.8888888888888888,-0.0637773151199023
30,416,0.8888888888888888,0.039050875852505364,0.7777777777777778,0.026314306693772476,0.7777777777777778,0.03434809576719999,0.7777777777777778,0.03434809576719999,0.7777777777777778,-0.002292303368449211,0.7777777777777778,0.03423605145265659
31,1,1.0,0.05606630941232046,1.0,0.024890994032224018,1.0,0.05606630941232046,1.0,0.024890994032224018,0.25,-0.19303375979264578,0.75,-0.08239084978898366
31,659,0.5,0.03353828191757202,0.75,0.04801900188128153,0.5,0.03353828191757202,0.75,0.04801900188128153,0.5,0.21323480208714804,1.0,0.14452789227167764
31,728,0.75,0.6040676780976355,0.25,0.4701380133628845,0.75,0.6040676780976355,0.25,0.4701380133628845,1.0,0.6922008890348176,0.75,0.261598814278841
31,914,0.5,0.02521988656371832,0.25,0.0355392616863052,0.5,0.02521988656371832,0.25,0.0355392616863052,0.5,-0.07846457262833913,0.5,-0.12120257318019867
31,190,0.75,0.020458832489869867,0.25,0.01960240420885384,0.75,0.020458832489869867,0.25,0.01960240420885384,0.25,-0.15146218612790108,0.25,-0.06886798112342755
31,674,0.25,-0.24199378738800684,0.75,-0.028034516610205173,0.25,-0.24199378738800684,0.75,-0.028034516610205173,0.25,-0.31263039261102676,0.5,-0.24199378738800684
31,360,0.0,-0.20161164303620657,0.0,-0.20161164303620657,0.0,-0.20161164303620657,0.0,-0.20161164303620657,0.25,-0.40326229482889175,0.5,-0.16872332617640495
31,790,0.0,-0.1778478156775236,0.0,-0.026328033457199734,0.0,-0.1778478156775236,0.0,-0.026328033457199734,0.0,-0.23726382416983446,0.25,-0.20540686013797918
32,807,0.28125,0.11236868302027385,0.6875,0.3045119047164917,0.28125,0.11236868302027385,0.6875,0.3045118848482768,1.0,0.4224854459365209,0.34375,0.020112295945485432
32,650,0.0,0.5691452771425247,0.4545454545454546,0.5847992583488425,0.0,0.5691715364033977,0.4545454545454546,0.5847992583488425,0.0,0.5847992583488425,0.9090909090909091,0.0005675156911214193
32,893,0.0,0.6131871866208106,0.5454545454545454,0.6140341738888916,0.4545454545454546,0.5689708611413758,0.5454545454545454,0.5689708611413758,0.5454545454545454,0.6219579842744073,0.6363636363636364,0.6041945011044542
32,1,0.7999999999999999,0.10368592540423076,0.7000000000000001,0.10386106030394633,0.7999999999999999,0.10368592540423076,0.7,0.10386106030394633,0.4,-0.24909828106562296,0.55,0.012222237884998322
32,659,0.05714285714285714,-0.23370951414108276,0.22857142857142856,-0.23548479874928793,0.0,-0.23223714033762613,0.22857142857142856,-0.23548479874928793,0.28571428571428575,0.038364291191101074,0.7714285714285715,-0.0493012269337972
32,389,0.5454545454545454,0.17218140097550835,0.7272727272727273,0.1719566400279291,0.7272727272727273,0.1719566400279291,0.6363636363636364,0.17218297452260836,0.0,0.17949784871810456,0.0,0.14578029964468442
32,914,0.25,0.06448347507587944,0.0,0.04993204339795435,0.0,0.047897357338418566,0.0,0.04993204339795435,0.125,0.06393427766549091,0.5625,0.019953214873870213
32,268,0.09090909090909094,0.10643436664086418,0.0,0.10640247120560768,0.0,0.10640247120560768,0.0,0.10640246806966995,0.6363636363636364,0.1117626806801771,0.09090909090909094,0.11034773491943876
32,844,0.6363636363636364,0.004331346964434601,0.7272727272727273,0.004504402858093688,0.7272727272727273,0.004331336553751915,1.0,0.004276368043060567,0.2727272727272727,-0.06787160504609346,0.8181818181818181,0.003878083652428662
33,659,0.5,0.11352225144704182,0.0,0.16333762804667154,0.5,0.1135222315788269,0.0,0.16333762804667154,0.0,0.19388659795125326,0.16666666666666666,0.11352225144704182
33,114,1.0,0.554721982528766,1.0,0.554721982528766,1.0,0.554721982528766,1.0,0.554721982528766,1.0,0.554721982528766,1.0,0.545170729358991
33,904,0.0,0.09939412772655487,0.75,0.10408874042332172,0.75,0.10408874042332172,0.75,0.10408874042332172,0.0,0.0993941246221463,0.0,-0.008429832135637602
33,803,0.5,0.3463308277229468,0.0,0.3574043707922101,0.0,0.3574043707922101,0.3333333333333333,0.3463308277229468,0.0,0.3574043707922101,0.0,0.19969637660930553
33,429,0.0,0.027435012503701728,0.75,0.027476433547538665,0.75,0.027476433547538665,0.75,0.027476433547538665,0.0,-0.08102182609339555,0.5,-0.013263945952833941
34,80,0.8,0.11378805339336395,0.8,0.11378805339336395,0.8,0.11378805339336395,0.8,0.11378805339336395,0.4,-0.20515049993991852,1.0,0.08289819955825806
34,659,0.0,-0.0799035628636678,0.0,-0.0799035628636678,0.0,-0.0799035628636678,0.0,-0.0799035628636678,1.0,0.3149273792902629,0.8,0.2210732400417328
34,114,0.8,0.08347981919844945,1.0,0.5297078516644737,0.8,0.08347981919844945,1.0,0.5297078516644737,1.0,0.5531194399421414,0.19999999999999996,0.044386863708496094
34,85,0.0,0.07997220370452851,0.0,0.07997220370452851,0.0,0.07997220370452851,0.0,0.07997220370452851,0.0,-0.13029848784208298,0.19999999999999996,0.06545127866168816
34,904,0.33333333333333337,0.040646713227033615,0.0,0.36245616851374507,0.0,0.040646713227033615,0.0,0.36245616851374507,0.33333333333333337,0.3717480849785109,0.4444444444444445,-0.07490888237953186
34,416,1.0,0.0011211474923508529,1.0,0.0011211474923508529,1.0,0.0011211474923508529,1.0,0.0011211474923508529,0.19999999999999996,-0.019575192399012547,0.6,-0.019575192399012547
34,429,0.33333333333333337,0.020879417958591755,0.0,0.11761169891027141,0.0,0.020879417958591755,0.0,0.11761169891027141,0.0,-0.10943038675153123,0.4444444444444445,-0.17414766053358713
35,80,0.0,-0.23482592900594076,0.0,-0.2081555724143982,0.0,-0.2081555724143982,0.2857142857142857,-0.2081555724143982,0.0,-0.2348259687423706,0.7142857142857143,-0.009992758433024088
35,33,0.25,-0.1201866865158081,0.25,-0.1201866865158081,0.75,-0.004104971885681152,0.25,-0.1201866865158081,0.5,-0.16144160429636636,0.375,0.03885110219319662
35,807,1.0,0.5637029906113943,1.0,0.5637029906113943,1.0,0.5637029906113943,1.0,0.5637029906113943,0.7142857142857142,0.6227154011527697,0.7142857142857143,0.3340572516123454
35,881,0.8333333333333334,0.18719965840379396,0.8333333333333334,0.18719965840379396,0.8333333333333334,0.18719965840379396,0.8333333333333334,0.18719965840379396,0.8333333333333334,0.18719965840379396,0.41666666666666663,-0.05571151773134867
35,139,0.25,0.5661064074374735,0.25,0.5661064074374735,0.25,0.5661064074374735,0.1875,0.5688562975265086,0.0,0.56711126336207,0.6875,0.3943624844153722
36,80,1.0,-0.06362253427505493,0.8571428571428571,-0.13156060377756754,0.8571428571428572,-0.13156060377756754,0.8571428571428572,-0.13156060377756754,0.5714285714285714,-0.15957975387573242,0.7142857142857143,0.09380882978439331
36,33,0.5333333333333333,0.0019539992014567056,0.3333333333333333,0.0019539992014567056,0.6,0.05776160955429077,0.4666666666666666,0.0019539992014567056,0.8,-0.08862622578938802,0.39999999999999997,0.0020629564921061196
36,807,0.3333333333333333,0.27012717723846436,0.6666666666666667,0.09175111850102742,0.5,0.09175111850102742,0.6666666666666667,0.09175111850102742,0.5833333333333334,0.6253595699866613,0.5,-0.08910457293192546
36,650,0.0,0.2527473208804925,0.4285714285714286,0.27472813008353114,0.0,0.2527473208804925,0.2857142857142857,0.27472813008353114,0.2857142857142857,0.013213708996772766,0.4285714285714286,0.23678267002105713
36,893,0.0,-0.04519358277320862,0.5714285714285714,0.23272663510094085,0.4285714285714286,0.05435372143983841,0.7142857142857143,0.23272663510094085,0.5714285714285714,0.07990621620168288,0.2857142857142857,-0.16815550128618875
36,114,0.8571428571428572,0.1479392633077623,0.4285714285714286,0.16631644335575402,0.5714285714285714,0.022233689824740093,0.4285714285714286,0.16631644335575402,0.7142857142857143,-0.24953588346640268,0.4285714285714286,0.022233689824740093
36,1017,0.4285714285714286,0.28447237259630737,0.4285714285714286,0.3621363367613715,0.7142857142857143,0.28447237259630737,0.1428571428571429,0.3621363367613715,0.5714285714285714,0.36229058218183735,0.0,0.2785275336354971
36,392,0.33333333333333337,0.16071320300468037,0.16666666666666663,0.1756443076301366,0.16666666666666663,-0.026936451594034832,0.16666666666666663,0.1756443076301366,0.16666666666666663,0.057444960023834334,0.5833333333333334,-0.21817006667455038
36,913,1.0,0.07690736513541196,0.8571428571428571,0.08543584651003282,1.0,0.03903635839621226,0.8571428571428572,0.08543584651003282,0.2857142857142857,0.01671972587549438,0.8571428571428572,0.004636742174625397
37,80,0.8333333333333334,0.2485229472319285,0.6666666666666667,0.07484185695648193,0.6666666666666667,0.07484185695648193,0.6666666666666667,0.07484185695648193,1.0,0.1867936650911967,0.5,-0.003727396329243978
37,807,0.8333333333333334,-0.011707832415898642,0.8333333333333334,-0.011707832415898642,0.8333333333333334,-0.011707832415898642,0.8333333333333334,-0.011707832415898642,0.6666666666666667,-0.20359784364700317,0.33333333333333337,-0.10398499170939128
37,1,1.0,0.07770156487822533,1.0,0.07770156487822533,1.0,0.07302429030338924,1.0,0.07770156487822533,0.5,-0.24556028097867966,0.8333333333333334,0.016266509890556335
37,659,0.08333333333333333,-0.2089000145594279,0.08333333333333333,-0.17348925272623697,0.16666666666666666,-0.2089000145594279,0.08333333333333333,-0.17348925272623697,0.5833333333333334,-0.10708842674891154,0.8333333333333333,0.15222875277201334
37,342,0.5,0.09907315174738567,0.5,0.10341451674078901,0.5,0.09907315174738567,0.5,0.10341451674078901,0.16666666666666663,0.10341451674078901,0.6666666666666667,-0.08073818186918895
37,85,0.0,0.28487040971716243,0.0,0.28487040971716243,0.0,0.28487040971716243,0.0,0.28487040971716243,0.16666666666666663,0.29118642024695873,0.5,-0.06010024746259054
37,914,0.16666666666666663,0.041659289970993996,0.16666666666666663,0.04745787816743056,0.0,0.041659289970993996,0.16666666666666663,0.04745787816743056,0.33333333333333337,-0.03019067645072937,0.6666666666666667,0.03569327170650164
37,268,0.0,0.03235831561808785,0.16666666666666663,0.033918733964431645,0.0,0.03235831561808785,0.33333333333333337,0.033918733964431645,0.16666666666666663,-0.051615145057439804,0.8333333333333334,-0.03943351532022158
37,1022,0.5,0.016396169395496447,0.5,0.017783269121233996,0.5,0.016396169395496447,0.5,0.018741829466307536,0.16666666666666663,-0.08201186917722225,0.0,-0.029983046775062878
38,80,0.9375,0.30933184425036114,0.4375,0.0469734271367391,0.625,0.0469734271367391,0.4375,0.03795661528905233,0.875,0.36165034770965576,0.25,-0.004793405532836914
38,33,0.4375,0.2860667904218038,0.375,0.060720364252726235,0.625,0.25619441270828247,0.25,0.024441063404083252,0.5,0.18223163485527039,0.5,-0.04270253578821818
38,807,0.6666666666666667,0.10355919599533081,0.8888888888888888,0.3786623378594716,0.8888888888888888,0.2676604390144348,0.8888888888888888,0.3786623378594716,0.6666666666666667,0.3228600025177002,0.7777777777777778,-0.002995610237121582
38,650,0.0,0.5357196082671484,0.375,0.5560365269581476,0.0625,0.5357196082671484,0.4375,0.5606624707579613,0.75,0.29014503955841064,0.3125,0.03277162710825602
38,893,0.11111111111111116,0.7702723347271482,0.2222222222222222,0.7981062595790718,0.11111111111111116,0.7981441014174683,0.33333333333333337,0.7981322793154201,0.5555555555555556,0.7981441014174683,0.4444444444444444,0.31686178346474964
38,294,0.5,0.2622955720871687,0.125,0.239870335906744,0.5,0.2655662205070257,0.1875,0.28290342912077904,0.1875,-0.10195096333821614,0.1875,0.1552841067314148
38,695,0.5555555555555556,0.4877878396849458,0.7777777777777778,0.44039424881339073,0.4444444444444444,0.4811194158003976,0.6666666666666667,0.45841816572162014,0.5555555555555556,0.4957665720721707,0.11111111111111116,0.42869189629952115
38,147,0.33333333333333337,0.5160027599583069,0.7777777777777778,0.5273469455229739,0.5555555555555556,0.5286437705314407,0.7777777777777778,0.5273469455229739,0.5555555555555556,0.5286437705314407,0.8888888888888888,0.28774917125701904
38,881,1.0,0.22878234647214413,1.0,0.22878234647214413,1.0,0.22200578777119517,1.0,0.22885508055333048,0.8888888888888888,0.2300294426192219,0.33333333333333337,0.20069570963581404
38,725,0.2222222222222222,-0.030381972591082256,0.2222222222222222,0.13493717461824417,0.2222222222222222,-0.03930305937925974,0.2222222222222222,0.08187708755334218,0.5555555555555556,0.2181318203608195,0.0,0.09186568856239319
38,473,0.4444444444444444,0.09808410968010624,0.5555555555555556,0.09808410968010624,0.4444444444444444,0.09808410968010624,0.7777777777777778,0.09666856036831935,0.2222222222222222,0.09672859590500593,0.4444444444444444,0.009696361919244131
38,979,0.0,0.12184739376728733,0.0,0.17450333887245506,0.0,0.14003878505900502,0.0,0.16926016813764969,0.2222222222222222,0.1802721528414016,1.0,-0.049484034379323326
38,815,0.2222222222222222,0.1234015328809619,0.33333333333333337,0.16490927574341185,0.2222222222222222,0.13643069676860856,0.4444444444444444,0.16687864716125964,0.4444444444444444,0.16776418418157846,0.33333333333333337,0.12131663750430259
38,713,0.7777777777777778,0.09442350383809146,0.7777777777777778,0.09943502635966676,0.8888888888888888,0.10012107579677831,0.8888888888888888,0.10012107579677831,0.8888888888888888,0.023467616158692788,0.6666666666666667,0.005426393200953801
38,401,0.8888888888888888,0.1031142237285773,1.0,0.11385203897953033,0.7777777777777778,0.09934213322897752,1.0,0.11416469160273361,0.8888888888888888,0.11821357411584661,0.4444444444444444,0.06748087145388126
38,214,0.6666666666666667,0.09560138306308848,0.5555555555555556,0.09551217891081858,0.6666666666666667,0.09551217891081858,0.5555555555555556,0.09633141448527265,0.5555555555555556,0.08765050202297668,0.6666666666666667,0.05084695170323054
38,698,0.6666666666666667,0.05786887925811849,0.6666666666666667,0.05785357376832204,0.7777777777777778,0.05786823370848045,0.5555555555555556,0.05785357376832204,0.5555555555555556,0.017414035205244243,0.11111111111111116,0.011581289931200445
39,80,0.9870967741935484,-1.1920928955078125e-07,0.9096774193548387,-3.9736429850260414e-08,0.9096774193548387,3.9736429850260414e-08,0.9096774193548387,3.9736429850260414e-08,0.30967741935483867,2.1060307820638022e-06,0.2645161290322581,-7.947285970052083e-08
39,33,0.05882352941176472,7.947285970052084e-07,0.11764705882352944,-8.344650268554688e-07,0.1470588235294118,-8.344650268554688e-07,0.11764705882352944,1.8278757731119792e-06,1.0,2.4239222208658853e-06,0.5735294117647058,-1.152356465657552e-06
39,807,0.11428571428571432,0.4639133500556151,0.8285714285714285,0.4501052051782608,0.7714285714285715,0.3728969320654869,0.6571428571428571,0.3189231852690379,0.9999999999999999,0.5145798201362292,0.5428571428571429,0.4853357548515002
39,650,0.0,0.4509825774778922,0.9428571428571428,0.5809358073553691,0.8857142857142858,0.5832954002544284,0.9142857142857143,0.5805275967189422,0.9714285714285714,0.5809109157028919,0.5142857142857142,0.368256617958347
39,893,0.0,0.3496715446332625,0.7428571428571429,0.3638091878904864,0.17142857142857137,0.3633550099087491,0.6,0.3632972570251998,0.9714285714285714,0.3616767099980886,0.4,0.2759242275884996
39,294,0.08823529411764708,-2.3682912190755207e-05,0.20588235294117652,-2.2490819295247395e-05,0.23529411764705888,-2.1537144978841145e-05,0.20588235294117652,-1.2000401814778646e-05,1.0,0.0012720425923665364,0.19117647058823528,-2.9047330220540363e-05
39,695,0.1428571428571429,0.07887352127484822,1.0,0.07653330507067342,0.9428571428571428,0.07735275739105418,0.9714285714285714,0.07458516559563577,0.9428571428571428,0.060397274481753506,0.6571428571428571,0.07462253565123926
39,147,0.02857142857142858,0.26853208771596354,0.8571428571428572,0.3081815345212817,0.8571428571428571,0.31057669905324775,0.8571428571428572,0.301872609804074,0.9428571428571428,0.2615012762447198,0.5428571428571429,0.13112919529279074
39,887,1.0,0.0002130270004272461,0.9259259259259258,3.353754679361979e-05,0.897119341563786,0.0002821485201517741,0.9135802469135802,0.00022464990615844727,0.016460905349794237,0.010650813579559326,0.6049382716049383,2.6027361551920574e-05
39,794,0.20588235294117652,3.3855438232421875e-05,0.3529411764705882,4.23590342203776e-05,0.4117647058823529,4.3272972106933594e-05,0.32352941176470584,-6.1194101969401044e-06,0.08823529411764708,0.02711331844329834,0.6617647058823529,3.39349110921224e-05
39,591,0.1470588235294118,0.0017811059951782227,0.32352941176470584,0.00016031662623087564,0.32352941176470584,0.00016031662623087564,0.2941176470588235,0.0019024213155110676,0.7941176470588236,0.17058366537094116,0.8823529411764707,0.00029138724009195965
39,13,0.9428571428571428,0.003491613271762617,0.3142857142857143,-0.01006350371365746,0.3142857142857143,-0.01006350371365746,0.22857142857142854,-0.0023649721406400204,0.05714285714285716,0.00024365265077600876,0.4571428571428572,-0.004941506776958704
39,540,0.9428571428571428,0.6420203858882209,0.34285714285714286,0.6364164999201117,0.9714285714285714,0.6401033100555651,0.6285714285714286,0.637263055590059,0.9714285714285714,0.641176391048551,0.5142857142857142,0.48852489081521827
39,420,0.32352941176470584,0.3120294859011968,0.20588235294117652,0.3290741443634033,0.23529411764705888,0.32979942361513775,0.2647058823529411,0.39245660106341046,0.8529411764705882,0.7413530761841685,0.5735294117647058,0.14012910922368368
39,119,1.0,0.5124017549678683,0.5919732441471571,0.5422974172979593,0.5083612040133779,0.6515169095170373,0.5819397993311037,0.5303048038234314,0.48494983277591974,0.6858682563373198,0.49498327759197325,0.3596812958518664
39,362,0.9142857142857144,0.020393427506213868,1.0,0.020378750309153777,0.9142857142857144,0.02038474104743197,1.0,0.020350655904015486,1.0,0.02037532148684325,0.05714285714285716,0.013985201871643463
39,243,0.8285714285714285,0.4899171528104489,0.6,0.4926648459950229,0.6571428571428571,0.4941165890195407,0.34285714285714286,0.49268018683991005,0.11428571428571432,0.4942303187832901,0.7714285714285715,0.43415634023646515
40,80,0.875,0.06837632258733113,0.75,-0.03062548240025838,0.75,-0.03062548240025838,0.75,-0.03062548240025838,0.75,-0.030070900917053223,0.41666666666666663,0.015874922275543213
40,807,0.0,-0.03713715076446533,0.0,0.335566113392512,0.0,0.335566113392512,0.0,0.33556613326072693,0.8571428571428572,0.38040990630785626,0.4285714285714286,0.055583298206329346
40,881,1.0,0.049366273606816925,1.0,0.04936627298593521,1.0,0.04936627298593521,1.0,0.049366273606816925,0.6666666666666667,-0.09221562991539638,0.4444444444444444,-0.009507675965627035
40,222,0.0,0.17681092023849487,0.0,0.17681092023849487,0.0,0.17681092023849487,0.0,0.17681092023849487,0.8571428571428572,0.21923266847928366,0.47619047619047616,0.1353227992852529
40,473,0.4285714285714286,-0.05749401946862539,0.4285714285714286,-0.05749404430389404,0.4285714285714286,-0.05749404430389404,0.4285714285714286,-0.0574940542380015,0.8571428571428571,-0.04690942664941152,0.19047619047619047,0.0051982055107752485
40,251,1.0,0.003039820119738579,1.0,0.003039820119738579,0.6666666666666667,0.0024385004847620926,1.0,0.003039820119738579,0.6666666666666667,-0.053868042305111885,1.0,0.003039820430179437
40,927,0.8571428571428572,0.02075681567657739,0.8571428571428572,0.02075681567657739,0.8571428571428572,0.02075681567657739,0.8571428571428572,0.020756814745254815,0.4285714285714286,-0.06717657608290513,0.7142857142857142,0.006460098549723625
41,80,1.0,0.18434518575668335,0.75,-0.17597085237503052,1.0,0.18434518575668335,0.75,-0.17597085237503052,1.0,0.18434518575668335,0.75,0.1806183159351349
41,807,0.75,-0.02864736318588257,1.0,0.13433011372884116,0.75,0.004682858784993489,1.0,0.13433011372884116,0.75,-0.22770777344703674,0.0,-0.0006488263607025146
41,650,0.0,0.2678786205748717,0.25,0.428336214274168,0.0,0.2678786205748717,0.25,0.428336214274168,0.5,0.4041554108262062,0.5,0.2203487902879715
41,893,0.0,0.028577592223882675,0.25,0.047379389172419906,0.0,0.028577592223882675,0.25,0.047379389172419906,0.0,-0.5124589204788208,0.5,-0.5124589204788208
41,147,0.5,0.07695407195327182,0.5,0.0837884727710237,0.5,0.07695407195327182,0.5,0.0837884727710237,0.0,-0.19778552278876305,0.25,-0.13530695935090384
41,728,1.0,0.3844192698597908,0.0,0.029105141758918762,1.0,0.3844192698597908,0.0,0.029105141758918762,1.0,0.37349888558189076,0.25,-0.08737893402576447
41,251,0.5,-0.022541860739390056,0.0,-0.08241444329420726,0.5,-0.022541860739390056,0.0,-0.022541860739390056,0.75,-0.21064761777718863,1.0,0.09731638431549072
41,140,0.25,0.0018483710397655766,0.5,0.008324717016269764,0.25,0.0018483710397655766,0.5,0.008324717016269764,0.5,-0.08753305518378814,0.5,-0.004003577244778474
42,33,0.6666666666666667,0.16391666730244955,0.2222222222222222,0.010887841383616129,0.6666666666666667,-0.0922326644261678,0.33333333333333337,0.030898869037628174,0.8333333333333334,-0.0032706459363301596,0.5,0.1571387549241384
42,807,0.9285714285714285,0.44437678654988605,1.0,0.48235713442166644,1.0,0.48235713442166644,1.0,0.48235713442166644,0.5714285714285714,0.5482714176177979,0.6428571428571428,0.3639871080716451
42,650,0.0,0.6111533927420775,0.375,0.5885565479596456,0.25,0.5817617774009705,0.375,0.5817617774009705,1.0,0.588394987086455,0.875,0.549632174273332
42,893,0.0,0.6733281421087062,0.25,0.6724584812618559,0.0,0.6657428950420581,0.0,0.6724584812618559,0.625,0.6747019657486817,0.625,-0.0920408566792806
42,1,1.0,0.10799789614975452,1.0,0.10816137244304021,1.0,0.10653144035798807,1.0,0.10816137244304021,0.75,-0.10021812220414479,0.625,-0.22023477156956991
42,695,0.5,0.5074803542035321,0.75,0.5003292647500833,0.375,0.5006598314891259,0.625,0.5174436117522418,0.625,0.5176837995337943,1.0,0.17486889163653055
42,342,0.125,0.407050263757507,0.125,0.29072894155979156,0.0,0.28141016761461896,0.0,0.35909931858380634,0.625,0.4172727083787322,0.125,0.41786108321199816
42,283,0.4285714285714286,0.09169382391216156,0.4285714285714286,0.09170537070652547,0.5714285714285714,0.09169382391216156,0.4285714285714286,0.08979391012932562,0.2857142857142857,0.08834444017459948,0.7142857142857142,0.07352810849746068
42,1017,0.625,0.4420727112640937,0.125,0.5155524850900596,0.25,0.4420727112640937,0.125,0.5155524850900596,0.25,0.5157093689491982,0.5,0.5155524850900596
42,1022,0.25,0.18541654602934918,0.25,0.18866796973452438,0.25,0.15929381735622883,0.25,0.18866796973452438,0.25,0.1897976503581352,0.375,0.17793195073803267
42,69,0.125,0.005805935612893147,0.625,0.005806383736433496,0.25,0.0053502582237949054,0.625,0.005806383736433496,0.0,-0.08273675960178177,0.75,0.005442178831193208
42,585,1.0,0.21795406395705186,0.9285714285714286,0.2179564059968584,0.7142857142857143,0.20851781444313625,0.8571428571428572,0.21793313168624687,0.9285714285714285,0.2179564059968584,0.2142857142857143,-0.1782079537709554
43,80,0.888888888888889,0.21975354353586832,0.5,-0.019078532854715984,0.5,0.05339656273523966,0.2222222222222222,-0.032013654708862305,0.7777777777777779,0.14730457464853922,0.6666666666666667,0.17646296819051108
43,33,0.28571428571428575,0.3227187941471736,0.07142857142857145,-0.01819409926732381,0.7142857142857143,0.23559928933779398,0.07142857142857145,-0.01819409926732381,0.35714285714285715,0.009884874025980631,0.5714285714285714,-0.020025750001271565
43,807,0.625,0.03140801191329956,1.0,0.24925563732783,1.0,0.24925563732783,1.0,0.24925563732783,0.875,0.527093139787515,0.375,0.4904329180717468
43,650,0.0,0.04808932542800903,0.125,0.4793274427453677,0.0,0.04808932542800903,0.125,0.18669534722963968,0.75,0.7686328918983539,0.0,-0.051179349422454834
43,893,0.0,0.3638933648665746,0.25,0.5630108742043376,0.125,0.2923919012149175,0.125,0.5698927775132082,0.75,0.5689621767572438,0.625,0.20205106337865195
43,294,0.75,0.12614245836933455,0.375,0.07630084206660588,0.625,0.09813998204966386,0.375,0.06809479246536891,0.5,-0.5217247953017553,0.125,-0.26214416325092316
43,695,0.2857142857142857,0.3981284420005977,0.6428571428571428,0.41786692291498184,0.2142857142857143,0.32994686998426914,0.5714285714285714,0.41786692291498184,0.7142857142857143,0.4436591373135646,0.4285714285714286,0.1322320600350698
43,147,0.125,0.24100618809461594,0.625,0.3988785234590371,0.25,0.23256891841689745,0.5,0.4096914262821277,0.875,0.4139748426775138,0.875,0.21890207628409067
43,1017,0.625,0.10334214630226295,0.25,0.12842314692291742,0.5,0.0967512521892786,0.25,0.12823952548205853,0.375,0.12682187603786588,1.0,0.08748840168118477
43,13,0.9285714285714286,0.15600363304838538,0.28571428571428575,0.16193883990248045,0.5,0.1347798497105638,0.1428571428571429,0.16193883990248045,0.7142857142857142,0.17061359256816408,0.5714285714285714,0.08090219708780448
43,214,0.375,0.1387350991523514,0.125,0.1220764306684335,0.125,0.11554897793879111,0.125,0.1290648557866613,0.5,0.13884250497600684,0.75,0.10725960570077102
43,11,0.5,0.03961773069264988,1.0,0.05298600869718939,0.5,0.031526087783277035,0.75,0.03181241435231641,1.0,0.052016056569603585,1.0,0.05313073996997749
44,80,0.6666666666666667,-0.0027448534965515137,0.6666666666666667,-0.0027448534965515137,0.6666666666666667,-0.0027448534965515137,0.6666666666666667,-0.0027448534965515137,0.5,0.09090971946716309,0.5,0.040181875228881836
44,33,0.5,0.4569048223396142,0.0,0.4569048223396142,0.5,0.4569048223396142,0.0,0.4569048223396142,0.16666666666666663,0.4569048223396142,1.0,0.24894537776708603
44,1,1.0,-0.010263467828432718,1.0,-0.010263467828432718,1.0,-0.010263467828432718,1.0,-0.010263467828432718,0.0,-0.14286274214585623,0.09999999999999998,-0.16736645996570587
44,659,0.0,-0.056097449734807014,0.0,-0.0529443280150493,0.0,-0.056097449734807014,0.0,-0.0529443280150493,0.33333333333333337,-0.17736394641300043,0.0,-0.007125526045759519
44,283,0.5,0.15792543962985897,0.16666666666666663,0.15792543962985897,0.5,0.15745718606437245,0.16666666666666663,0.15792543962985897,0.0,0.15792543962985897,1.0,-0.06702218949794769
44,728,1.0,0.4493858603139718,0.4,-9.51687494913737e-06,0.8,0.007191081841786702,0.4,-9.51687494913737e-06,1.0,0.4493858603139718,0.6,0.1006660262743632
44,85,0.0,0.08799727230022351,0.0,0.08799727230022351,0.0,0.0681904877225558,0.0,0.08573506120592356,0.0,-0.16307519127925238,0.6666666666666667,0.03741000096003214
44,432,0.8333333333333334,0.45199491903258604,0.6666666666666667,0.4518624869330476,0.6666666666666667,0.4518624869330476,0.8333333333333334,0.45199491903258604,0.8333333333333334,0.45199491903258604,1.0,0.4427015593197818
44,190,0.4,0.44077398752172786,0.09999999999999998,0.41280832638343173,0.4,0.16409568736950556,0.09999999999999998,0.41280832638343173,0.6,0.44077398752172786,0.09999999999999998,0.3468477874994278
44,844,0.6666666666666667,2.8431476292685904e-05,0.6666666666666667,2.8431476292685904e-05,0.6666666666666667,2.8431476292685904e-05,0.6666666666666667,2.8431476292685904e-05,0.16666666666666663,-0.04499209892189052,1.0,-0.0002994502550185037
45,1,1.0,0.03313831488291422,1.0,0.03313831488291422,1.0,0.03313831488291422,1.0,0.03313830494880676,0.0,-0.09848926961421967,0.75,0.02733147144317627
45,659,0.0,-0.018541932106018066,0.0,-0.018541932106018066,0.0,-0.018541932106018066,0.0,-0.018541971842447918,1.0,0.12817110617955527,0.75,0.12817110617955527
45,914,0.0,0.09162851329892874,0.0,0.09162851826598246,0.0,0.09162851826598246,0.0,0.09162851329892874,0.0,0.09162851826598246,0.5,0.06975415349006653
46,33,0.5,0.1931774914264679,0.5,0.1931774914264679,0.5,0.1931774914264679,0.5,0.1931774914264679,1.0,0.20554977655410767,1.0,0.20554977655410767
46,807,0.33333333333333337,0.02351220448811849,0.5,0.22823500633239746,0.33333333333333337,0.02351220448811849,0.5,0.27726107835769653,0.8333333333333334,0.35320120056470233,0.33333333333333337,0.10304790735244751
46,650,0.0,0.23977299531300864,0.25,0.7556859826048216,0.0,0.0430835485458374,0.0,0.4300755833586057,0.75,0.7483764439821243,0.25,0.23977299531300864
46,893,0.0,0.05444862941900889,0.25,0.556715847691521,0.0,0.10203772721191247,0.25,0.556715847691521,0.5,0.556715847691521,1.0,0.23121915260950723
46,128,0.75,0.24564181578656039,0.75,0.24564181578656039,0.75,0.24564181578656039,0.75,0.24564181578656039,0.75,0.24564181578656039,0.0,0.05023122578859329
46,1017,1.0,0.04010112086931864,0.5,0.17442833065676192,1.0,0.04010112086931864,0.5,0.17442833065676192,0.0,0.17317939906691512,0.5,0.13397169369272888
47,80,1.0,0.10706597566604614,1.0,0.10706597566604614,1.0,0.10706597566604614,1.0,0.10706597566604614,0.33333333333333337,-0.1467037796974182,0.0,-0.04231017827987671
47,33,0.33333333333333337,0.15463167428970337,0.0,0.15463167428970337,0.6666666666666667,0.15463167428970337,0.0,0.15463167428970337,0.0,-0.25400426983833313,0.0,0.15463167428970337
47,659,0.0,-0.0036415159702301025,0.33333333333333337,-0.0036415159702301025,0.33333333333333337,-0.0036415159702301025,0.33333333333333337,-0.0036415159702301025,0.6666666666666667,0.244150310754776,0.6666666666666667,-0.0036415159702301025
47,116,0.33333333333333337,0.011386373080313206,0.6666666666666667,0.011386373080313206,0.33333333333333337,0.011386373080313206,1.0,0.011731608770787716,0.33333333333333337,-0.03722299635410309,0.0,0.011386373080313206
47,85,0.0,0.13535580039024353,0.0,0.1845102533698082,0.33333333333333337,0.13535580039024353,0.0,0.1845102533698082,0.33333333333333337,0.1845102533698082,0.0,0.13535580039024353
48,807,1.0,0.24255075057347616,1.0,0.24255075057347616,1.0,0.24255075057347616,1.0,0.24255075057347616,1.0,0.24255075057347616,0.08333333333333331,-0.04977999130884806
48,147,0.6666666666666667,0.13654329922671118,0.33333333333333337,0.13654329922671118,0.6666666666666667,0.13654329922671118,0.33333333333333337,0.13654329736406604,0.0,0.13654329922671118,0.9166666666666667,-0.013588480651378632
48,674,0.6666666666666667,0.05413959423700968,0.6666666666666667,0.05413959423700968,0.33333333333333337,0.05413959423700968,0.6666666666666667,0.05413959423700968,0.6666666666666667,0.350913405418396,0.5,0.05041573445002238
48,360,0.0,0.12396570046742757,0.0,0.12396570046742757,0.0,0.12396570046742757,0.0,0.12396570046742757,1.0,0.25828588008880615,0.8333333333333334,0.07399968306223552
48,803,0.33333333333333337,0.01814679530313394,0.33333333333333337,0.01814679530313394,0.33333333333333337,0.01814679530313394,0.33333333333333337,0.01814679530313394,0.33333333333333337,-0.06857044373949368,0.8333333333333334,0.00239618339886268
48,140,0.6666666666666667,0.06867848887729149,0.33333333333333337,0.06867848887729149,0.6666666666666667,0.06867848887729149,0.33333333333333337,0.06867848887729149,0.6666666666666667,0.06867848887729149,0.16666666666666663,0.060244801764686905
48,790,0.0,0.29577646652857464,0.0,0.29577646652857464,0.0,0.29577646652857464,0.0,0.29577646652857464,1.0,0.3036587635676066,0.8333333333333334,0.2888291875521342
49,80,0.7142857142857143,0.49955665568510693,0.6071428571428572,0.1369417111078898,0.7142857142857143,0.4995567053556442,0.6071428571428571,0.1369417111078898,1.0,0.6127117772897085,0.5,0.02952619393666585
49,33,0.4285714285714286,0.5761059009625266,0.14285714285714285,0.4976593628525734,0.42857142857142855,0.5183117845250914,0.2857142857142857,0.5761059263410667,0.6428571428571428,0.7615159914421383,0.7142857142857142,0.25658974548180896
49,807,0.0,-0.5254904429117838,0.0,-0.5039229393005371,0.0,-0.5253746509552002,0.0,-0.5050819118817648,0.0714285714285714,-0.5029815634091696,0.25,0.11527647078037262
49,650,0.0,0.5054630363980929,0.16666666666666663,0.34512070814768475,0.0,0.34512070814768475,0.14583333333333331,0.4115835825602214,0.33333333333333337,0.7418091547054549,0.5208333333333333,0.6577762005229791
49,1,0.8571428571428571,0.3735027363630555,0.2857142857142857,0.34896246778468293,0.5714285714285714,0.32154882575074833,0.2142857142857143,0.3492986783385277,0.9285714285714286,0.37652258230567287,0.3928571428571429,-0.008255223433176676
49,695,0.4285714285714286,0.39334363988867455,0.5714285714285714,0.3933215230232842,0.7142857142857143,0.3933215230232842,0.4642857142857143,0.39313688552283566,0.5714285714285714,0.3933615992085038,0.7857142857142856,0.22784321755170822
49,473,1.0,0.00210628074031168,1.0,0.002082012293006604,1.0,0.0021234577094825604,1.0,0.0021234577094825604,0.0,-0.04532215131136278,0.39285714285714285,0.0011242942806954186
49,227,0.0,0.0030548123084525405,0.0,0.002919292848673649,0.0,0.002805916626433221,0.0,0.002922141065937467,0.1428571428571429,-0.03805611476612588,0.6071428571428572,-0.0032818871938313046
49,118,0.7142857142857143,0.0031235005381571542,0.1428571428571429,0.003125792603344261,0.5714285714285714,0.003126282526340655,0.1428571428571429,0.003125792603344261,0.1428571428571429,0.0031252490206294206,0.5,0.0031118692902557163
49,692,0.4285714285714286,0.22217334806915098,0.32142857142857145,0.2220022022980261,0.5357142857142857,0.2221733419916344,0.4285714285714286,0.222002202298026,0.1428571428571429,-0.28071285663948703,0.3928571428571429,0.19327482503528395
49,452,0.0,0.01416308968206031,0.041666666666666685,0.01412322928573174,0.0,0.01412322928573174,0.16666666666666663,0.01412322928573174,0.25,-0.03886731284841391,0.375,0.014145715453196317
50,80,0.6666666666666667,0.38460618257522583,0.16666666666666663,0.06462929646174113,0.08333333333333331,0.06462929646174113,0.16666666666666663,0.06462929646174113,0.8333333333333334,0.38460618257522583,1.0,0.00044786930084228516
50,33,0.2857142857142857,0.4467358986536662,0.0,0.3867781360944112,0.2857142857142857,0.479064683119456,0.1428571428571429,0.3867781360944112,0.4285714285714286,0.4467358986536662,0.1428571428571429,0.3867781360944112
50,807,0.25,0.015464762846628824,0.9166666666666667,0.4101586143175761,0.5833333333333334,0.3727928400039673,0.9166666666666667,0.4101586143175761,0.8333333333333334,0.3940671682357788,0.5,0.12263234456380208
50,650,0.0,0.43592214584350586,0.4285714285714286,0.8334200456738472,0.0,0.7353580469886462,0.4285714285714286,0.7353580469886462,0.7142857142857143,0.8334200456738472,0.8571428571428572,0.3097951610883077
50,893,0.0,0.7276565975820025,0.0,0.7129828327645858,0.0,0.7276565975820025,0.1428571428571429,0.7276565975820025,0.7142857142857143,0.7334505447361153,0.5714285714285714,0.25749005873998004
50,1,1.0,0.29110658665498096,0.8571428571428572,0.27961295284330845,1.0,0.29110658665498096,0.8571428571428572,0.27961295284330845,1.0,0.29110658665498096,0.5714285714285714,0.0661644587914149
50,147,0.5714285714285714,0.4791281620661418,0.0,0.39328595499197644,0.1428571428571429,0.4587017173568408,0.0,0.39328595499197644,0.0,0.4888491692642371,0.5714285714285714,0.3370226249098778
50,389,0.2857142857142857,0.11087836449344952,0.2857142857142857,0.023925458391507465,0.1428571428571429,0.11087836449344952,0.1428571428571429,0.11087836449344952,0.4285714285714286,0.1582789299209253,1.0,0.09534530093272527
50,116,0.1428571428571429,0.12343085384539638,0.1428571428571429,0.12293052447057562,0.0,0.12350935440190369,0.1428571428571429,0.12293052447057562,0.4285714285714286,0.12350935440190369,0.4285714285714286,-0.10316942383845647
50,820,0.9166666666666667,0.11108178479480557,1.0,0.11099842837999556,1.0,0.11116737500985134,1.0,0.11099842837999556,1.0,0.11116737500985134,0.5,0.07022436956564586
50,786,0.5714285714285714,0.056351872170732044,0.2857142857142857,0.05642834537987559,0.4285714285714286,0.056351872170732044,0.2857142857142857,0.05651052284883917,0.5714285714285714,0.05651052284883917,0.7142857142857143,0.01954592550949504
50,825,1.0,0.07566475468532492,0.8571428571428572,0.07582474374430603,1.0,0.07566475468532492,1.0,0.07592116642263136,0.8571428571428572,0.02262832736596465,0.4285714285714286,0.04125833262999853
50,403,0.7142857142857143,0.05105225201017068,1.0,0.051046952614342445,0.8571428571428572,0.051126699084003725,1.0,0.051046952614342445,0.7142857142857143,0.016445869599313784,1.0,0.04985919579242667
50,69,0.8571428571428572,0.035711697584095724,0.7142857142857143,0.03569297873427028,0.8571428571428572,0.035711697584095724,0.7142857142857143,0.03569297873427028,0.4285714285714286,0.009534461879714703,0.2857142857142857,0.009396006275589267
51,33,0.5,0.2027240494887034,0.25,0.2027240494887034,0.625,0.2091887891292572,0.25,0.2027240494887034,0.5,0.24357353647549948,0.25,-0.0037072300910949707
51,807,0.375,0.31833768884340924,0.625,0.3391645848751068,0.625,0.3391645848751068,0.625,0.3391645848751068,0.75,0.3391645848751068,0.0,0.28082626064618427
51,650,0.0,0.35867991857230663,0.6,0.5293327203641335,0.4,0.35867991857230663,0.19999999999999996,0.5293327203641335,0.8,0.5210598160823187,0.8,0.06584574778874715
51,893,0.0,0.46914050852259,0.6,0.5142063273572907,0.4,0.5045813780113045,0.4,0.5142063273572907,0.6,0.5142063273572907,0.0,0.19495534462233385
51,1,1.0,0.524606678634882,0.8,0.45796865845719975,1.0,0.524606678634882,0.8,0.45796865845719975,1.0,0.524606678634882,0.19999999999999996,-0.11077582836151123
51,283,0.4,0.3287725762347691,0.0,0.31679335083269206,0.4,0.3287725762347691,0.0,0.31679335083269206,0.19999999999999996,0.3287725762347691,0.4,0.2886054528256257
51,1017,0.4,0.3209029763529543,0.6,0.32553218164442416,0.6,0.3209029763529543,0.6,0.32553218164442416,0.4,0.32553218164442416,0.19999999999999996,0.1240911769370238
51,227,0.19999999999999996,0.5347053883015178,0.0,0.5085737845899226,0.0,0.5347053883015178,0.0,0.5085737845899226,0.19999999999999996,0.5347053883015178,0.0,-0.02117862304051717
51,403,0.6,0.11367291396406169,1.0,0.11378578595637616,0.6,0.11367291396406169,1.0,0.11378578595637616,0.8,0.11402989334480178,0.19999999999999996,-0.05991348624229431
52,80,0.75,0.3660855293273926,0.35,0.15378947059313455,0.5700000000000001,0.1452043056488037,0.38,0.03038624922434489,0.5,0.516915020843347,0.66,0.046342670917510986
52,807,0.531578947368421,0.0004119277000427246,0.6789473684210526,0.04141851266225179,0.5947368421052631,0.008430739243825277,0.7052631578947368,0.04039917389551798,0.7789473684210526,0.054842511812845864,0.4736842105263158,0.0003057519594828288
52,650,0.28,0.025149484475453694,0.58,0.378111166258653,0.38,0.33542326961954433,0.54,0.33398185422023136,0.79,0.475756401506563,0.79,0.002678553263346354
52,893,0.06,0.9843999016716225,0.43999999999999995,0.9748852498404675,0.23999999999999996,0.7727278935583227,0.43999999999999995,0.9956862438998257,0.6799999999999999,0.9971995139715314,0.55,0.0018720428148905437
52,1,0.9629629629629629,0.5108149522384338,0.5555555555555556,0.37993056868435815,0.7222222222222222,0.4538903411012143,0.5370370370370371,0.4179062546560696,1.0,0.5112116276867861,0.3148148148148148,0.2790530839314063
52,147,0.5714285714285714,0.1887370789297087,0.0357142857142857,0.18874669433690391,0.1071428571428571,0.188736588016841,0.0357142857142857,0.18873620637066324,0.0,-0.10481786316571136,0.1428571428571429,0.1630511738057976
52,659,0.0,0.07455094282825787,0.08333333333333337,-0.06387856851021449,0.09166666666666667,-0.026081728438536327,0.08333333333333337,0.004573521514733632,0.7166666666666666,0.1341366565611679,0.7000000000000001,0.011568653086821238
52,389,0.35185185185185186,0.5251200922696929,0.5740740740740741,0.5107184828753996,0.5555555555555556,0.5099900803470518,0.6296296296296297,0.5106475358955199,0.35185185185185186,0.5317208360890235,0.5555555555555556,0.5194617830038624
52,128,0.4814814814814815,0.15485742333611743,0.09259259259259262,0.15692748533806197,0.18518518518518523,0.15692748573554663,0.09259259259259262,0.15692748572746537,0.42592592592592593,0.08140428982546381,0.5740740740740741,0.1568904720788146
52,283,0.6428571428571428,0.00018141524854140513,0.1785714285714286,0.00018153248691129184,0.3928571428571429,0.00018125923009869085,0.1785714285714286,0.00018153248691129184,0.1428571428571429,-0.016028976276478108,0.6428571428571428,-3.9896186194710026e-05
52,540,0.6428571428571428,0.005803802398323169,0.1428571428571429,0.00580385120647258,0.1785714285714286,0.005803851206496124,0.1071428571428571,0.005803851052373001,0.25,-0.07205828104997636,0.1428571428571429,0.003822585914373159
52,713,0.5357142857142857,0.060479194773117584,1.0,0.06054051107054844,0.8571428571428572,0.06051929582344714,1.0,0.06046570886510653,0.7857142857142857,-0.16452063728199087,0.3928571428571429,0.03359738071230822
52,116,0.3928571428571429,0.05102024859551452,0.1071428571428571,0.051010843913716165,0.0714285714285714,0.05101954275225514,0.1428571428571429,0.05101084581018617,0.1428571428571429,-0.34597400291628827,0.5714285714285714,0.045557881433827184
52,820,0.6428571428571429,0.041515488473706376,0.8571428571428572,0.0406325242485851,0.7857142857142857,0.04152373659717635,0.75,0.04063467384694237,0.75,-0.12295095893568941,0.0,0.01741315928908686
52,739,0.8571428571428571,4.916857802750159e-05,0.3928571428571429,4.9157871508066394e-05,0.6785714285714286,4.9157875187677406e-05,0.3571428571428571,4.9166967725888765e-05,0.1785714285714286,-0.2181016656989717,0.75,-0.00564453848952932
52,786,0.5357142857142857,0.004155447350729109,0.2142857142857143,0.00400038585399239,0.5,0.0041591190008654815,0.1428571428571429,0.004001260671268862,0.1071428571428571,-0.14944088039919734,0.8214285714285714,0.00400427050772123
52,674,0.5357142857142857,-6.0451251802836246e-05,0.4285714285714286,-9.778462223645572e-07,0.2857142857142857,-6.670686029034793e-06,0.3214285714285714,-1.9735098343668747e-06,0.3571428571428571,-7.158018299454245e-05,0.5714285714285714,-3.179898134438493e-07
52,268,0.06666666666666668,0.013017925668160993,0.0,0.013199774619655122,0.05833333333333335,0.012654979973982941,0.016666666666666653,0.013199774619655122,0.25,0.013281478580463432,0.6333333333333333,0.007550984853878617
52,825,1.0,0.008198135411385143,0.7142857142857143,0.007920430402282408,0.8928571428571429,0.008190621681615903,0.6785714285714286,0.008189979257649712,0.8214285714285714,-0.0527885343468976,0.5,0.006770517074983218
52,403,0.6071428571428572,0.0017062354294829901,0.8571428571428572,0.0017030813391055073,0.75,0.001703120263082228,0.8571428571428572,0.0017030842351426951,0.7142857142857143,-0.2453458794091906,0.9285714285714286,0.0007668169315972287
52,144,0.7142857142857143,0.21075741337457052,0.6071428571428572,0.18740477065148298,0.6785714285714286,0.21294302582585564,0.5714285714285714,0.21375417514415554,0.2857142857142857,0.2147174041210234,0.4642857142857143,0.17585095586643243
52,416,0.8928571428571429,5.932087221397609e-05,0.8571428571428572,5.932065159657985e-05,0.9285714285714286,5.931133417425672e-05,0.8571428571428572,5.932065159657985e-05,0.3928571428571429,-0.0411493931729107,0.0714285714285714,3.246177370910241e-05
52,69,0.6785714285714285,0.04249685213671913,0.1071428571428571,0.04199481979218279,0.25,0.042499214593057756,0.1071428571428571,0.041995205690907915,0.1428571428571429,-0.05998054083904691,0.3928571428571429,0.042376253203353066
52,197,0.4642857142857143,0.0012277199989673539,0.3214285714285714,0.0012278852409545232,0.4642857142857143,0.001227885232545612,0.2857142857142857,0.0012278862030937901,0.4642857142857143,-0.010848747267649136,0.9285714285714286,0.0012053796687420497
52,1005,0.5357142857142857,0.0016423087004113768,0.9285714285714286,0.0016949520059782776,0.8571428571428572,0.0016533842519065017,0.9285714285714286,0.0017052869165388128,0.9642857142857143,0.0017000933078496214,0.5,0.0005871555767953396
53,80,0.75,0.045457820097605385,0.75,0.045457820097605385,0.75,0.045457820097605385,1.0,0.045457820097605385,0.0,0.08217728137969971,0.4375,-0.023748934268951416
53,33,0.0,0.2615198294321696,0.0,0.2615198294321696,0.0,0.2615198294321696,0.0,-0.08481971422831218,0.0,0.2615198294321696,0.4166666666666667,0.13965257008870444
53,294,0.33333333333333337,0.2249898761510849,0.0,0.2249898761510849,0.33333333333333337,0.2249898761510849,0.33333333333333337,0.2249898761510849,0.0,-0.617113878329595,0.0,0.2249898910522461
53,695,0.33333333333333337,0.23969745139280954,0.6666666666666667,0.23969745139280954,0.33333333333333337,0.23969745139280954,1.0,0.19763943056265512,0.33333333333333337,0.23969745139280954,0.25,0.1277891347805659
53,13,1.0,0.09946280717849731,0.33333333333333337,0.0837924952308337,0.6666666666666667,0.0837924952308337,0.33333333333333337,0.0837924952308337,0.6666666666666667,0.0837924952308337,0.6666666666666667,0.09003602216641109
53,214,0.6666666666666667,0.14595098296801248,0.33333333333333337,0.14595098296801248,0.33333333333333337,0.14595098296801248,0.4166666666666667,0.14595100035270056,0.33333333333333337,0.15921221549312273,0.5,0.15921221549312273
54,80,1.0,0.003789842128753662,0.9642857142857143,0.007699271043141683,0.9285714285714286,0.03582594792048136,0.9642857142857143,0.006827056407928467,0.3928571428571429,0.08669567108154297,0.6785714285714285,-0.012260417143503824
54,33,0.5,0.008864402770996094,0.5,0.02060002088546753,0.7,0.02060002088546753,0.6,0.02060002088546753,1.0,0.0500299334526062,0.19999999999999996,0.00714641809463501
54,807,0.09999999999999998,0.09596805771191914,0.0,0.07720297574996948,0.0,0.05267507831255595,0.0,0.04713188608487447,0.7,-0.03590613603591919,0.30000000000000004,0.23401395976543427
54,650,0.0,0.20862979193528494,0.6,0.2584711064894994,0.5,0.2562828908363978,0.7,0.2584711064894994,1.0,0.3416650580863158,0.5,0.24142464995384216
54,1,1.0,0.06736756783599655,1.0,0.06606034422293305,1.0,0.06736756783599655,0.9,0.0509069780819118,0.9,0.004756845533847809,0.7,-0.0333929310242335
54,294,0.5,0.0044791897137959795,0.7,0.03354674577713013,0.8,0.19240659475326538,0.7,0.03354674577713013,1.0,0.3382607599099477,0.9,0.264787624279658
54,694,0.4583333333333333,0.16428219278653464,0.7916666666666666,0.28648828466733295,0.7083333333333334,0.23700007796287537,0.7916666666666666,0.23700007796287537,1.0,0.300665482878685,0.25,-0.010535836219787598
54,887,1.0,0.14457371830940247,0.4444444444444444,0.1700756549835205,0.5555555555555556,0.3474746197462082,0.7777777777777778,0.17280139525731406,0.0,0.43896281470855075,0.8888888888888888,0.14653992652893066
54,794,0.7,0.06457653641700745,1.0,0.13050528367360434,1.0,0.22077321199079356,1.0,0.1658294548590978,0.30000000000000004,0.4672561877717574,0.4,0.004214068253835042
54,591,0.6,0.32424886400500935,0.6,0.17991392811139426,0.8,0.32661711797118187,0.7,0.1405028353134791,0.19999999999999996,0.25674473866820335,0.4,0.031434779365857445
54,1004,0.0,0.027120967706044514,0.30000000000000004,0.020288775364557903,0.09999999999999998,0.040501962105433144,0.09999999999999998,0.033092240492502846,0.8,-0.06525961558024089,0.19999999999999996,-0.0067719171444574995
54,540,1.0,0.1193752899998799,0.6,0.08966972989340623,0.9,0.09959866455756128,0.7,0.06548813295861085,1.0,0.11041804030537605,0.4,0.04940012594064077
54,420,0.8,0.038984400957512357,0.19999999999999996,0.03859021479729563,0.4,0.03850095866558453,0.19999999999999996,0.03859021479729563,0.4,-0.17443677162130675,0.09999999999999998,-0.07534604395429294
54,227,0.09999999999999998,0.012475496405386366,0.0,0.003178898865977923,0.0,0.004052856005728245,0.0,0.0023181292538841567,0.0,-0.04982628859579563,0.8,0.0026243412867188454
54,432,0.9,0.027751769210832816,0.7,0.014087809870640436,0.6,0.010517563049991926,0.8,0.01639520066479842,0.7,-0.07196214919288953,0.30000000000000004,0.014086594494680563
54,739,0.9,0.020706238981802016,0.6,0.012935749720782042,0.6,0.020673763065133244,0.6,0.012935749720782042,0.4,0.0012493306227649252,0.4,0.005948098686834176
55,80,0.75,0.4889263475003342,0.08333333333333337,0.4559311543901761,0.5833333333333333,0.4559311543901761,0.08333333333333337,0.393074465294679,0.75,0.5016274913214147,0.6666666666666667,0.47446117674311
55,807,0.13636363636363635,-0.016555885473887127,0.5909090909090909,0.07771946986516316,0.13636363636363635,-0.016555885473887127,0.45454545454545453,0.07771946986516316,0.9090909090909091,0.5763702740271887,0.4545454545454546,0.335567702849706
55,650,0.0,0.682965281419456,0.33333333333333337,0.6567045645012209,0.0,0.6538917062183222,0.16666666666666663,0.6538917062183222,0.8333333333333334,0.8111928751071295,0.9166666666666666,0.5110507806142172
55,893,0.0,0.7946731049279379,0.0,0.7946444636102873,0.0,0.7946444636102873,0.08333333333333337,0.7946444636102873,0.6666666666666667,0.8053754746272818,0.41666666666666663,-0.04147245486577352
55,1,0.8636363636363636,0.4217286108372112,0.7272727272727273,0.3835643244286378,0.8181818181818181,0.40610997937619686,0.6818181818181819,0.3835643244286378,0.9090909090909091,0.43146032506289583,0.4090909090909091,0.020946999390920002
55,147,0.5,0.1973217666538479,0.0,0.19674560227819407,0.08333333333333337,0.19714660877070855,0.16666666666666663,0.19674560227819407,0.0,0.1973001112031246,1.0,0.0462350994348526
55,659,0.0,-0.08330736557642619,0.18181818181818177,-0.14957516392072043,0.18181818181818177,-0.14957516392072043,0.2727272727272727,-0.16927533348401388,0.36363636363636365,0.25886528193950653,0.36363636363636365,0.1813869078954061
55,389,0.41666666666666663,0.17172113480167658,0.16666666666666663,0.24935539599331,0.25,0.249147476356787,0.08333333333333337,0.24918561017451188,0.41666666666666663,0.2499570195501614,0.8333333333333334,0.19242750822256008
55,114,0.9166666666666666,0.6618460465124372,0.75,0.659134734256971,0.75,0.6618164774553558,0.75,0.659134734256971,1.0,0.6623625254872536,0.33333333333333337,-0.14225703477859497
55,116,0.5,0.1654299807475577,0.41666666666666663,0.16465612950348651,0.41666666666666663,0.16569105602957976,0.5833333333333333,0.16465612950348651,0.33333333333333337,-0.3605002661546071,0.8333333333333334,0.1619713237353911
55,820,0.9545454545454545,0.18987688182317322,1.0,0.1895917330169302,1.0,0.1898819999164255,1.0,0.18961745565836444,0.7272727272727273,0.03959283247483351,0.5,0.039251971601819
55,786,0.5833333333333333,0.08322166716220636,0.33333333333333337,0.08315648385107484,0.5,0.0832307023042631,0.41666666666666663,0.08315648385107484,0.5,0.009590781808583415,0.33333333333333337,-0.11671272416909535
55,914,0.18181818181818177,0.04578927749147018,0.18181818181818177,0.05012685200199485,0.0,0.04927108033249775,0.0,0.05010387394577265,0.4545454545454546,0.05829315223187829,0.5454545454545454,0.04450798220932484
55,825,1.0,0.10057616764785848,0.9166666666666666,0.10051482254688675,1.0,0.10057709873027203,0.9166666666666666,0.10051482254688675,0.75,0.006004887617261072,0.16666666666666663,-0.1837344840168953
55,403,0.8333333333333334,0.07606242388808937,1.0,0.07595083873335777,0.9166666666666666,0.07606198751523152,1.0,0.07597752525948447,0.6666666666666667,0.0036667232131245933,0.08333333333333337,-0.07570825020472209
55,904,0.2727272727272727,0.013492260476292964,0.0,0.0134915959891894,0.0,0.01346830903639784,0.0,0.0134915959891894,0.09090909090909094,-0.05724361011137565,0.9545454545454545,0.010641684857546352
55,69,0.9166666666666666,0.04756061145253979,0.5833333333333333,0.047519998064103154,0.6666666666666667,0.047574986228881656,0.5833333333333333,0.047519998064103154,0.33333333333333337,-0.0010970354834398677,0.5,0.034787496319040656
55,429,0.09090909090909094,0.002891841497910654,0.0,0.0028934296684001728,0.0,0.0028924058027149555,0.0,0.002712462439883935,0.09090909090909094,-0.014127404040967425,0.8181818181818181,0.002316742576113029
56,80,0.8500000000000001,0.41721893350283307,0.15000000000000002,0.04690772294998169,0.35,0.04690772294998169,0.15000000000000002,0.05204745133717855,0.75,0.2893194605906804,0.5,0.12812392910321554
56,807,0.5185185185185185,0.07971821228663127,0.9259259259259258,0.3653834064801534,0.8148148148148149,0.3348633348941803,0.888888888888889,0.3216327329476674,0.8518518518518519,0.3518226742744446,0.33333333333333326,0.14005748430887857
56,650,0.18181818181818177,0.36249124507109326,0.8181818181818181,0.6965542733669281,0.4545454545454546,0.5800055861473083,0.5454545454545454,0.6736862262090048,0.9090909090909091,0.6716767136628429,0.2727272727272727,0.014929533004760742
56,893,0.0,0.4112361426620434,0.0,0.6039145449661495,0.0,0.6308416149695404,0.0,0.5826275236904621,0.7272727272727273,0.6430443299086619,0.4545454545454546,0.5720129652569691
56,1,1.0,0.1520460577060779,0.9090909090909091,0.14607268509765467,1.0,0.1520481687039137,0.9090909090909091,0.14607268509765467,1.0,0.15134245064109564,0.09090909090909094,0.1062795923401912
56,147,0.36363636363636365,0.18175353742359826,0.0,0.14968187858661017,0.09090909090909094,0.1771210968339195,0.0,0.15689718971649805,0.0,0.047661508297702916,1.0,-0.03747038543224335
56,694,0.18181818181818177,0.09337279200553894,0.18181818181818177,0.12465520451466243,0.2727272727272727,0.09337279200553894,0.18181818181818177,0.12465520451466243,0.0,0.005235118170579274,0.2727272727272727,0.005217716097831726
56,659,0.0,-0.05319378276666006,0.14999999999999997,-0.05319378276666006,0.09999999999999998,-0.05319378276666006,0.09999999999999998,-0.05319378276666006,0.65,-0.09860532979170482,0.65,0.03277752300103506
56,389,0.2727272727272727,0.04699259725263497,0.18181818181818177,0.06920364660133298,0.36363636363636365,0.07082183422365536,0.09090909090909094,0.06920763948922588,0.36363636363636365,0.07176011034850187,0.8181818181818181,0.06803809083066881
56,116,0.36363636363636365,0.057500858950788825,0.36363636363636365,0.05732539505597364,0.2727272727272727,0.057548767441611894,0.36363636363636365,0.05732471830136395,0.2727272727272727,0.015150138696223317,0.18181818181818177,0.057232866625175426
56,820,0.7272727272727273,0.02504448733141847,1.0,0.025022668033004198,0.9090909090909091,0.02506069181101604,1.0,0.025022652743236524,0.7272727272727273,-0.06603288095478395,1.0,0.024838459721043666
56,739,0.9090909090909091,0.0031436148390540097,0.4545454545454546,0.003134447911961047,0.6363636363636364,0.002968054518329192,0.5454545454545454,0.003134447911961047,0.18181818181818177,-0.05120916474455347,0.6363636363636364,0.0017165248221620761
56,786,0.6363636363636364,0.005596628265379877,0.0,0.005232691252066009,0.2727272727272727,0.0055971421160544805,0.0,0.005232798060679518,0.4545454545454546,-0.0352048131559665,0.36363636363636365,0.005577176919814519
56,268,0.18181818181818177,0.012142319964671818,0.18181818181818177,0.01266052868489472,0.18181818181818177,0.012142319964671818,0.2727272727272727,0.012677776199628473,0.4545454545454546,0.00338652914084984,0.7272727272727273,0.008263835916295648
56,825,1.0,0.014237374970283176,0.8181818181818181,0.014234899959935396,1.0,0.014261187241080128,0.9090909090909091,0.013660494947098792,0.8181818181818181,-0.04390868567255287,0.18181818181818177,0.002789961795012156
56,403,0.7272727272727273,0.005925664456754021,1.0,0.005921250589397668,0.9090909090909091,0.0059311628833261425,1.0,0.00592125478616623,0.7272727272727273,-0.03083052855739273,0.18181818181818177,-0.0031066013810535273
56,144,0.4545454545454546,0.02419748080986513,0.6363636363636364,0.03231251584831322,0.4545454545454546,0.03194192017933043,0.6363636363636364,0.03229800943692377,1.0,0.008013776808487213,0.0,0.012252418013910452
57,80,1.0,0.3015238444010417,0.33333333333333337,-0.06697179873784383,0.8333333333333334,0.15473113457361856,0.5,-0.06697179873784383,1.0,0.3015238444010417,0.75,0.047999640305837
57,33,0.16666666666666663,0.33462925752003986,0.16666666666666663,0.2998086412747701,0.16666666666666663,0.33462925752003986,0.0,0.03485963741938273,0.0,0.3346292773882548,0.41666666666666663,-0.0703109900156657
57,807,0.4285714285714286,0.056401968002319336,1.0,0.4907275438308716,1.0,0.268655002117157,0.8571428571428572,0.47222872575124103,1.0,0.4907275438308716,0.2857142857142857,-0.0010134577751159668
57,650,0.0,0.6713455418745676,0.2857142857142857,0.7601885745922724,0.0,0.7601885745922724,0.0,0.7601885745922724,0.5714285714285714,0.7601885745922724,0.5714285714285714,0.044130166371663414
57,893,0.0,0.5845731223622957,0.0,0.523927167057991,0.0,0.6743552321568131,0.0,0.5727616610626379,0.0,0.6743552307598293,0.2857142857142857,0.2951578348875046
57,294,0.5,0.2443527157107989,0.16666666666666663,0.26564022650321323,0.5,0.2443527157107989,0.0,-0.018328810731569927,0.0,-0.5326150755087534,0.16666666666666663,-0.21767756342887878
57,695,0.5,0.3659996393447121,0.8333333333333334,0.3558831972380479,0.5,0.3659996393447121,0.8333333333333334,0.35588320220510167,0.5,0.3659996393447121,0.9166666666666667,0.27256301542123157
57,147,0.5,0.4112178149322669,0.8333333333333334,0.4011583502093951,0.16666666666666663,0.4112178149322669,0.8333333333333334,0.31028667837381363,0.5,0.4112178149322669,0.8333333333333334,0.06754498680432637
57,214,0.8333333333333334,0.09896599361672997,0.33333333333333337,0.0955837033689022,0.5,0.0955837033689022,0.4166666666666667,0.09558369964361191,0.6666666666666667,-0.0033233314752578735,0.5,-0.15594515452782312
57,698,0.8333333333333334,0.038874663723011814,0.5,0.03854774341258841,0.8333333333333334,0.038874663723011814,0.5,0.03854774360661395,0.33333333333333337,-0.09883111839493115,0.5833333333333334,-0.08791667347153027
58,659,0.6666666666666667,-0.07956836620966594,0.0,-0.07956836620966594,0.6666666666666667,-0.07956836620966594,0.0,-0.07956836620966594,0.9999999999999999,0.408098836739858,0.6666666666666667,0.24058544635772705
58,114,1.0,0.7509847308198611,1.0,0.7509847308198611,1.0,0.7509847308198611,1.0,0.7509847308198611,1.0,0.7509847308198611,0.6666666666666667,0.3644598722457886
58,362,1.0,0.009361469687311516,1.0,0.009361469687311516,1.0,0.009361469687311516,1.0,0.00936146968579569,0.0,-0.0935149568443497,0.6666666666666667,0.009336126900355643
58,904,0.0,0.7844617394730449,0.0,0.7844617394730449,0.0,0.7844617394730449,0.125,0.7844617543742061,0.5,0.7844617543742061,0.75,0.14899645249048868
58,803,0.6666666666666667,0.5216253139078617,0.0,0.5216253437101841,0.6666666666666667,0.5216253437101841,0.0,0.5216253437101841,0.6666666666666667,0.5216253437101841,0.5833333333333334,0.18705981969833374
58,429,0.0,0.7930927337140474,0.0,0.7930927337140474,0.0,0.7930927337140474,0.125,0.7930927337140474,0.0,0.7930927337140474,0.5,0.07753994067509969
59,80,0.9166666666666666,-0.00017817815144856772,0.75,3.304084142049154e-05,0.7738095238095238,0.00017966826756795248,0.7619047619047619,-0.00016802549362182617,0.33333333333333337,0.0021299521128336587,0.6309523809523809,0.0010254184405008953
59,33,0.21052631578947367,0.0020165443420410156,0.5263157894736843,0.0035858949025472007,0.5789473684210527,0.0035858949025472007,0.5263157894736843,0.004369278748830159,1.0,0.014132479826609293,0.9473684210526316,0.004122436046600342
59,807,0.0980392156862745,0.22388353943824768,0.2549019607843137,0.28532012303670246,0.2352941176470588,0.3429114619890849,0.2352941176470588,0.28532012303670246,0.8235294117647058,0.4757142812013626,0.49019607843137253,0.2774497667948405
59,650,0.10526315789473684,0.22551643351713815,0.6842105263157896,0.3420188961705814,0.631578947368421,0.3420188961705814,0.6842105263157895,0.34179208932134014,0.8947368421052632,0.328576910852765,0.631578947368421,0.03915708760420481
59,893,0.0,0.08091497413503627,0.5789473684210527,0.07990268283538171,0.1578947368421053,0.07988781000555416,0.5789473684210527,0.07990268283538171,0.9473684210526316,0.08280824939720333,0.42105263157894735,0.015880718206365902
59,294,0.4736842105263158,-0.019240955511728924,0.5789473684210527,-0.007350027561187744,0.631578947368421,0.033473352591196694,0.5789473684210527,0.0571401317914327,1.0,0.08954191207885742,0.4736842105263158,-0.040031890074412026
59,887,1.0,0.17873889207839966,0.8854166666666667,0.2337196171283722,0.84375,0.2793152530988057,0.9270833333333334,0.2337196171283722,0.041666666666666685,0.19868000348409018,0.3125,0.049806793530782066
59,794,0.5789473684210527,0.08417841792106628,0.736842105263158,0.20774724582831064,0.7894736842105263,0.22021645804246268,0.736842105263158,0.20774724582831064,0.10526315789473684,0.3709414377808571,0.10526315789473684,-0.04098230600357056
59,591,0.5789473684210527,0.16824819892644882,0.6842105263157895,0.20159151901801428,0.6842105263157895,0.18752454469601312,0.6842105263157895,0.18752454469601312,0.4736842105263158,0.3848356530070305,0.736842105263158,0.3392476898928483
59,881,1.0,0.023011906974716112,1.0,0.022336309348853927,1.0,0.022785345930363594,1.0,0.022524918471996596,1.0,0.010424273709456125,0.3157894736842105,-0.014795360465844473
59,222,0.0,0.04372778286536535,0.05555555555555558,0.034331792344649635,0.05555555555555558,0.006520581742127736,0.02777777777777779,0.034331792344649635,0.5,-0.019183384875456493,0.8611111111111112,-0.02264811098575592
59,473,0.2222222222222222,0.022793336460987728,0.33333333333333337,0.028722189987699192,0.38888888888888884,0.02949080926676591,0.16666666666666663,0.01944400556385517,0.33333333333333337,0.000900185356537501,0.6666666666666667,0.017704810326298077
59,540,0.736842105263158,0.14011423542979173,0.21052631578947367,0.002653077244758606,0.26315789473684215,0.10062538459897041,0.10526315789473684,0.12396772081653278,0.631578947368421,-0.02058964172222962,0.368421052631579,0.13421568119277558
59,420,0.6842105263157896,0.020949525147443637,0.368421052631579,0.020964053717762,0.368421052631579,0.013041169110996028,0.42105263157894735,0.023392767452605767,0.6315789473684211,-0.5255634505301714,0.631578947368421,-0.0834076547374328
59,119,1.0,0.06526655257524301,0.40476190476190477,0.0675804066316535,0.42857142857142855,0.05060617236692148,0.5476190476190477,0.0684458106989041,0.5714285714285714,-0.20457102358341217,0.45238095238095233,0.06677418064403658
59,927,0.9444444444444444,0.010068056700371622,0.8333333333333334,0.00896288565612243,0.8888888888888888,0.008876888823579066,0.8333333333333334,0.009938044325432807,0.4444444444444444,-0.0036663425465424857,0.75,0.0033406787551939487
59,214,0.736842105263158,0.0006010747575828645,0.5789473684210527,-0.0010237404300520818,0.736842105263158,-0.0005087838508188725,0.5263157894736843,-0.0010093997698277235,0.1578947368421053,-0.0007096031137431661,0.7894736842105263,1.6008882084861398e-05
59,486,0.6842105263157895,3.429413966671291e-05,0.4736842105263158,3.6207667591270365e-05,0.736842105263158,3.0213956308126438e-05,0.736842105263158,3.661929958849915e-05,0.7894736842105263,-3.057020522116242e-05,0.3157894736842105,-1.1690638833291208e-05
59,243,0.4736842105263158,0.01587824484158773,0.3157894736842105,0.013207268571325889,0.3157894736842105,0.0003765927782903115,0.10526315789473684,0.012408632668666542,0.21052631578947367,-0.07036812875109415,0.5263157894736843,0.01474264271867772
60,80,1.0,0.3384937196969986,0.19999999999999996,-0.05431534846623739,0.4,-0.05431534846623739,0.19999999999999996,0.008663356304168701,0.7,0.2886142432689667,0.7250000000000001,0.2556183338165283
60,807,1.0,0.07583526770273845,1.0,0.26335399349530536,1.0,0.26335399349530536,1.0,0.1979670524597168,0.8333333333333334,0.265279879172643,0.5,0.017552534739176433
60,650,0.0,0.35270018378893536,0.5,0.5725389197468758,0.5,0.5725389197468758,0.5,0.5725388849774996,0.8333333333333334,0.540414497256279,0.33333333333333337,0.005673448244730632
60,893,0.0,0.8977979571839872,0.33333333333333337,0.8977979571839872,0.33333333333333337,0.8977979571839872,0.4583333333333333,0.8977979571839872,0.6666666666666667,0.8978649045166094,0.5833333333333333,0.36011162400245667
60,695,0.5,0.53393417406672,0.16666666666666663,0.53393417406672,0.0,0.44355170417111367,0.33333333333333337,0.5339341790337736,0.5,0.5339341790337736,0.7083333333333333,0.5024378498395284
60,147,0.16666666666666663,0.5578706906332324,0.33333333333333337,0.5578706906332324,0.6666666666666666,0.5578706906332324,0.5833333333333334,0.5578706906332324,0.6666666666666666,0.5578706906332324,0.8333333333333334,0.0598406990369161
60,694,0.33333333333333337,0.13634705543518066,0.6666666666666667,0.23164705435434976,0.33333333333333337,0.23164705435434976,0.6666666666666667,0.23164705435434976,0.6666666666666667,0.3042619824409485,0.5833333333333333,0.07291177908579509
60,887,1.0,0.03882517913977305,0.0,0.052458565740380436,0.5,0.052458565740380436,0.0,0.052458565740380436,0.16666666666666663,0.05252340722411949,0.20833333333333331,0.04621113548637368
60,342,0.16666666666666663,0.29957468807697296,0.0,0.41804273317878443,0.16666666666666663,0.29957468807697296,0.041666666666666685,0.41860931444292265,0.33333333333333337,0.42062237750117976,0.41666666666666663,0.07386644681294759
60,13,0.6666666666666666,0.12965810686728219,0.0,0.12965810686728219,0.0,0.12965810686728219,0.16666666666666663,0.12965810686728219,0.8333333333333334,0.1297199875128475,0.3333333333333333,0.042148751517136894
60,621,0.16666666666666663,0.2308533822069876,0.0,0.23082975188056784,0.16666666666666663,0.1410128134302795,0.41666666666666663,0.2308297549849764,0.16666666666666663,0.2308297549849764,0.5,0.07786916693051656
60,959,0.5,0.09875502220044534,0.8333333333333334,0.1453373026185242,0.6666666666666667,0.09875502220044534,0.875,0.14533730354984678,0.8333333333333334,0.14533730354984678,0.625,0.09561479774614175
60,49,0.6666666666666667,0.07774858782067895,0.8333333333333334,0.10383899123144147,0.33333333333333337,0.09812834858894348,0.9166666666666666,0.10392286718600492,1.0,0.11678008545898895,0.6666666666666667,0.11620476140524261
60,500,0.5,0.019039972277823836,0.8333333333333334,0.023663426592975156,0.6666666666666667,0.023664109352239393,0.8333333333333334,0.023663426592975156,0.6666666666666666,0.02364357669709231,0.5833333333333334,0.01510276971384883
61,80,0.8,0.06499942143758138,0.8,0.06499942143758138,0.8,0.06499942143758138,0.8,0.06499942143758138,0.8,0.06499942143758138,0.6000000000000001,0.05198971430460612
61,807,0.0,-0.465986005961895,0.0,-0.465986005961895,0.0,-0.465986005961895,0.0,-0.465986005961895,0.8,-0.3090040708581607,0.65,-0.38353970895210904
61,222,0.0,-0.2598302861054738,0.0,-0.2598302861054738,0.0,-0.2598302861054738,0.0,-0.2598302364349365,0.0,-0.25983020663261414,0.65,-0.2792699734369914
62,80,1.0,0.28612880905469257,0.8571428571428572,0.21060806512832642,1.0,0.35491695006688434,0.8571428571428572,0.21060806512832642,1.0,0.35491695006688434,0.1428571428571429,-0.023757298787434895
62,807,0.5333333333333333,0.03550203641255697,0.6,0.06104689836502075,0.5333333333333333,0.03550203641255697,0.6,0.06104689836502075,0.8666666666666667,0.15140507618586221,0.2666666666666666,0.0425527294476827
62,650,0.0,0.04288242260615031,0.08333333333333331,0.13491320610046387,0.0,0.04288242260615031,0.08333333333333331,0.13491320610046387,0.6666666666666667,0.5445139606793722,0.33333333333333337,0.0059415896733601885
62,893,0.0,0.5640276769797007,0.08333333333333331,0.820229967435201,0.0,0.5640276769797007,0.0,0.8801391169351215,0.5,0.9130125636778151,0.08333333333333331,0.01848149299621582
62,147,0.4285714285714286,0.5013747910658518,0.2857142857142857,0.6255560014396906,0.4285714285714286,0.5013747910658518,0.4285714285714286,0.6169620746125778,0.0,0.6255560014396906,0.0,0.5013747910658518
62,389,0.2857142857142857,0.27890155216058093,0.1428571428571429,0.3628758977477749,0.2857142857142857,0.27890155216058093,0.1428571428571429,0.3628758977477749,0.0,0.3678329155906492,0.7142857142857143,-0.06070467829704285
62,128,0.8571428571428572,0.328753133614858,0.7142857142857143,0.37714316075046855,0.7142857142857143,0.34774695088466007,0.7142857142857143,0.38975347205996513,0.5714285714285714,0.38975347205996513,1.0,0.29639483491579693
62,540,0.8571428571428572,0.2909552917505304,0.7142857142857143,0.2983939869009191,0.7142857142857143,0.29234559488637996,0.8571428571428572,0.2950803115963936,0.5714285714285714,0.299896163958086,0.2857142857142857,0.2980605354144548
62,713,0.4285714285714286,0.27147372253239155,0.7142857142857143,0.2985567934811115,0.5714285714285714,0.27147372253239155,0.8571428571428572,0.30419127536394325,1.0,0.3056944815325551,1.0,0.3056944815325551
62,416,1.0,0.04293564520776272,0.5714285714285714,0.04478013524779575,1.0,0.04293564520776272,0.5714285714285714,0.04472379285137625,0.5714285714285714,0.04478013524779575,0.7142857142857143,-0.08261529728770256
62,140,0.4285714285714286,0.0447529802719752,0.4285714285714286,0.12713169120252132,0.5714285714285714,0.0861687238017718,0.4285714285714286,0.12713169120252132,0.7142857142857143,0.13529310348288467,0.2857142857142857,0.1277581617857019
62,197,0.8571428571428572,0.10937838252478589,0.7142857142857143,0.11334143909486254,0.8571428571428572,0.10937838252478589,0.5714285714285714,0.11349765289590626,0.5714285714285714,0.11349765289590626,0.5714285714285714,0.09206738322973251
63,80,0.6666666666666667,0.03519533077875773,0.6666666666666667,-0.07269781827926636,0.8333333333333334,0.1191170612970988,0.8333333333333334,0.03519533077875773,0.33333333333333337,0.06418490409851074,0.6666666666666667,-0.07269781827926636
63,33,0.25,0.08733010292053223,0.25,0.08733010292053223,0.25,0.08733010292053223,0.25,0.08733010292053223,0.0,0.08733010292053223,1.0,0.13317015767097473
63,807,0.0,-0.029698620239893597,0.0,0.0592188835144043,0.0,-0.029698620239893597,0.0,0.0592188835144043,0.5,0.1898833910624186,0.25,0.0592188835144043
63,128,0.5,0.09110501532753308,0.5,0.08705145741502444,0.5,0.09110501532753308,0.5,0.08705145741502444,0.25,0.09110501532753308,0.5,0.07298785696427028
63,222,0.0,0.09813911219437917,0.0,0.09813911219437917,0.0,0.09813911219437917,0.25,0.06100645661354065,0.75,0.24059482415517172,0.5,0.16337917248408
63,473,0.75,0.11150594055652618,0.5,0.10431988040606181,0.5,0.10431988040606181,0.5,0.10431988040606181,0.75,0.141901304324468,0.25,0.061800489823023476
63,667,1.0,0.059158862878878914,1.0,0.05143896862864494,1.0,0.059158862878878914,1.0,0.059158862878878914,0.75,-0.05223884930213293,0.5,-0.0764617845416069
64,80,1.0,0.033128599325815834,0.75,-0.07241262992223103,1.0,0.033128599325815834,0.75,-0.07241262992223103,0.0,-0.07119445006052653,0.125,0.09246639410654704
64,33,0.25,0.09313215812047322,0.25,-0.10782976945241292,0.25,0.09313215812047322,0.25,-0.10782976945241292,0.75,-0.10552934805552165,0.75,0.0417520801226298
64,294,0.25,0.12788247068723044,0.25,-0.46120105187098187,0.25,0.12788247068723044,0.25,-0.46120105187098187,0.75,-0.45884863535563153,0.75,0.16959520181020102
64,147,0.4,0.21899315590659776,0.0,0.21899315590659776,0.0,0.0789174238840739,0.0,0.21899315590659776,0.4,0.21899315590659776,1.0,-0.019623547792434692
64,881,1.0,0.19276767348249754,1.0,0.1927676678945621,0.6,0.11660413940747578,1.0,0.19276767348249754,1.0,0.1927676678945621,0.0,0.09191784759362538
65,80,0.8571428571428572,0.18640504280726114,0.42857142857142855,0.033582846323649086,0.4285714285714286,0.027615408102671306,0.3333333333333333,0.012695610523223877,0.4761904761904762,0.18278000752131143,0.6190476190476191,0.128852645556132
65,33,0.2222222222222222,0.2505646347999573,0.0,0.18177133798599243,0.2222222222222222,0.24347439408302307,0.0,0.18177133798599243,0.2222222222222222,0.004936158657073975,0.4444444444444444,0.039510905742645264
65,807,0.3125,0.13204295436541238,0.875,0.4535545160373052,0.9375,0.43236589431762695,0.875,0.4535545160373052,0.9375,0.3617958128452301,0.1875,0.11549792687098186
65,650,0.2222222222222222,0.4225590359419584,0.6666666666666667,0.5403345869854093,0.5555555555555556,0.4236154093717535,0.6666666666666667,0.5403345869854093,0.8888888888888888,0.5304586893568436,1.0,0.33883586525917053
65,893,0.11111111111111116,0.08224760454443943,0.6666666666666667,0.08506237290324255,0.6666666666666667,0.08221356816890572,0.6666666666666667,0.08506237290324255,0.4444444444444444,-0.01246862993381607,0.8888888888888888,0.0344814658164978
65,1,1.0,0.49490773926178616,0.6666666666666667,0.3013393133878708,0.7777777777777778,0.2626519637803237,0.6666666666666667,0.3013393133878708,1.0,0.4965808627506097,0.33333333333333337,0.01755403478940328
65,294,0.2222222222222222,0.18774801244338354,0.11111111111111116,0.19312236892680326,0.33333333333333337,0.1907656518742442,0.11111111111111116,0.19312236892680326,0.11111111111111116,-0.4709053685267766,1.0,-0.07067928711573283
65,147,0.33333333333333337,0.24939736103018126,0.2222222222222222,0.26981634988139075,0.2222222222222222,0.27382726687937975,0.2222222222222222,0.26981634988139075,0.0,0.27428441277394694,1.0,0.03023486336072286
65,389,0.11111111111111116,0.020714165885389473,0.2222222222222222,0.013809609304492673,0.33333333333333337,0.02076791144706173,0.2222222222222222,0.013809609304492673,0.4444444444444444,-0.046909507208814226,0.33333333333333337,0.020737744382737826
65,116,0.33333333333333337,0.041225996497814776,0.5555555555555556,0.04073171858666077,0.2222222222222222,0.041267925347104516,0.6666666666666667,0.04073171858666077,0.5555555555555556,0.0061357913800748065,0.33333333333333337,0.03150506868648032
65,820,0.5555555555555556,0.022890014421136584,0.8888888888888888,0.017138399426282074,0.5555555555555556,0.017351615584630053,0.7777777777777778,0.013193598996925479,0.7777777777777778,0.003875835880686888,0.33333333333333337,0.012997264117681576
65,739,0.8888888888888888,0.05454660803313042,0.2222222222222222,0.054018551361574886,0.5555555555555556,0.054488768338463466,0.2222222222222222,0.054018551361574886,0.6666666666666667,0.004807150105383092,0.5555555555555556,0.023418552242219448
65,786,0.33333333333333337,0.015655448458952986,0.0,0.005909307083735864,0.2222222222222222,-0.0003370003590437894,0.0,0.005909307083735864,0.0,0.003499883505658848,0.8888888888888888,-0.01847541704773903
65,825,1.0,0.013125377051134516,0.6666666666666667,0.00681533321524815,0.8888888888888888,0.008214304344922615,0.6666666666666667,0.00681533321524815,0.8888888888888888,-0.0003501154930442378,0.0,0.009700037771835923
65,403,0.5555555555555556,0.008256327536704097,1.0,0.008202146734182255,0.5555555555555556,0.008247881790036141,1.0,0.008202146734182255,0.7777777777777778,0.0009365131301516764,0.5555555555555556,0.0017846956228216488
65,953,0.33333333333333337,0.025383450086034525,0.33333333333333337,0.02481857831783903,0.0,0.02555716165807098,0.4444444444444444,0.02481857831783903,0.6666666666666667,0.001585608678093801,0.8888888888888888,0.008550959561641017
66,33,0.30000000000000004,0.394792082409064,0.29999999999999993,0.003370662530263265,0.4333333333333333,0.21238996585210165,0.19999999999999998,0.08844306071599324,0.5,0.4041343554854393,0.4,-0.06134583552678426
66,807,0.8666666666666667,0.06309551000595093,0.8666666666666667,0.08822019894917806,0.9,0.09969192743301392,0.8666666666666667,0.08822019894917806,0.5,0.08783435821533203,0.6333333333333333,0.08396512269973755
66,650,0.0,0.17080152034759521,0.16666666666666663,0.4078076084454854,0.0,0.2321956753730774,0.16666666666666666,0.4078076084454854,0.8333333333333334,0.1999790072441101,0.5333333333333332,0.003174165884653727
66,893,0.0,0.6406951077806298,0.1333333333333333,0.6406530412690093,0.0,0.6661179137881845,0.09999999999999998,0.6736213641456743,0.4666666666666666,0.6989581076527429,0.1333333333333333,0.2462382117907206
66,695,0.75,0.6629291308054235,0.8333333333333334,0.5238878528277079,0.75,0.5903109709421793,0.75,0.5903109709421793,0.25,0.687657264998658,0.16666666666666663,0.6452672270437082
66,128,0.5454545454545454,0.4058039986800092,0.6818181818181818,0.39222723819936317,0.5909090909090909,0.4046145294172068,0.6818181818181818,0.385850449403127,0.5454545454545454,0.40512747804556665,0.5,0.15534016489982605
66,881,1.0,0.19188951057731174,0.8333333333333334,0.19003969621068487,1.0,0.1911239754796649,0.9166666666666666,0.1910538690184088,1.0,0.1921924319134026,0.9166666666666666,0.18739575596070304
66,1017,0.41666666666666663,0.31520363103080246,0.0,0.32642898460229236,0.16666666666666663,0.30255102676649887,0.0,0.32642898460229236,0.5833333333333333,0.3291304829407788,0.16666666666666663,-0.18358068664868674
67,80,1.0,-0.00032762686411539715,0.9583333333333333,-0.00019276142120361328,0.9166666666666667,-0.0001815358797709147,0.9583333333333333,-0.00023561716079711914,0.4583333333333333,0.002350489298502604,0.9166666666666666,-5.87304433186849e-05
67,33,0.07692307692307687,-0.0005262096722920736,0.15384615384615385,-0.0005068580309549967,0.15384615384615385,-0.00047989686330159503,0.15384615384615385,-0.0012777845064798992,1.0,0.0053797562917073565,0.07692307692307687,8.004903793334961e-05
67,807,0.0,0.10199639449516933,0.0,0.06925622622172038,0.0,0.06925622622172038,0.0,0.07307698825995128,0.15384615384615385,-0.05715584754943848,0.3076923076923077,0.012717083096504211
67,294,0.07692307692307687,-0.0022542675336201987,0.15384615384615385,-0.004400491714477539,0.23076923076923073,-0.003964722156524658,0.15384615384615385,-0.0050809383392333984,1.0,0.03188129266103109,0.23076923076923073,-0.001238087813059489
67,887,1.0,0.028925458590189617,0.925,0.00991527239481608,0.875,0.017621437708536785,0.925,0.021374046802520752,0.05,0.039847373962402344,0.7750000000000001,-0.003957231839497884
67,794,0.23076923076923073,0.005077282587687175,0.3846153846153846,0.001915276050567627,0.46153846153846156,0.001915276050567627,0.46153846153846156,0.001915276050567627,0.0,0.0842323899269104,1.0,0.19420180718104044
67,591,0.15384615384615385,0.23552535971005759,0.3846153846153846,0.027998507022857666,0.3846153846153846,0.027998507022857666,0.46153846153846156,0.07264236609141032,0.6153846153846154,0.09797137975692749,0.46153846153846156,0.004220306873321533
67,222,0.0,0.055340404311815895,0.0,0.04075971990823746,0.0,0.04075971990823746,0.0,0.054975830018520355,0.9230769230769231,-0.03426843384901682,0.23076923076923073,0.05167008191347122
67,473,0.15384615384615385,0.06815161183476448,0.07692307692307687,0.06142812470595042,0.23076923076923073,0.0452164759238561,0.07692307692307687,0.06142812470595042,0.7692307692307692,0.0009055361151695251,0.3076923076923077,-0.020628477136294048
67,420,0.3076923076923077,0.4612581642965476,0.15384615384615385,0.40440424531698227,0.15384615384615385,0.3285427888234456,0.23076923076923073,0.4161736269791921,0.46153846153846156,0.012387027343114218,0.3076923076923077,0.372706597050031
67,119,0.8541666666666667,0.4658479519809286,0.4791666666666667,0.0421484112739563,0.4166666666666667,0.2627555802464485,0.375,0.0421484112739563,0.31249999999999994,-0.20423664649327597,0.41666666666666663,0.4145764658848445
68,80,0.9444444444444444,-0.0010134379069010417,0.9444444444444444,-0.0007046858469645182,0.8333333333333333,-0.0006692012151082357,0.8888888888888888,-0.0006692012151082357,0.5,0.009691874186197916,0.2222222222222222,-0.00042057037353515625
68,33,0.09999999999999998,-0.0032812952995300293,0.30000000000000004,-0.0026651223500569663,0.30000000000000004,-0.0026651223500569663,0.30000000000000004,-0.0026651223500569663,1.0,0.05423903465270996,0.7,-0.007511436939239502
68,294,0.09999999999999998,-0.012914299964904785,0.30000000000000004,-0.01265949010848999,0.4,-0.011817415555318197,0.30000000000000004,-0.011817415555318197,1.0,0.15664496024449667,0.5,0.004691004753112793
68,887,1.0,0.02594802776972453,0.75,0.0007083614667256674,0.75,0.011517584323883057,0.7857142857142857,0.011517584323883057,0.07142857142857142,0.06595311562220256,0.6071428571428571,0.272974173227946
68,659,0.0,0.004448559135198593,0.0,0.004448559135198593,0.0,0.004448559135198593,0.0,0.004448559135198593,1.0,0.007882818579673767,0.09999999999999998,0.002908135764300823
68,794,0.30000000000000004,-0.01516022284825643,0.6,-0.011799494425455729,0.6,-0.009534895420074463,0.6,-0.011799494425455729,0.0,0.12979082266489664,0.6,0.3929324746131897
68,591,0.30000000000000004,0.07462759812672932,0.5,-0.019852757453918457,0.6,-0.019852757453918457,0.6,-0.019852757453918457,0.5,0.06842551628748576,0.30000000000000004,0.43604207038879395
68,420,0.5,0.18941192080577215,0.4,0.18619021649161974,0.30000000000000004,0.153966357310613,0.4,0.18595005323489508,0.7,-0.5411526262760162,0.09999999999999998,-0.368613138794899
68,119,0.9666666666666667,0.18566833809018135,0.4666666666666667,-0.010646904508272806,0.6,0.1610037311911583,0.3333333333333333,0.16077193493644396,0.5,-0.5302050511042277,0.5,0.18120706205566725
68,85,0.0,0.005707400074849526,0.0,0.0053740871759752435,0.0,0.005009169690310955,0.0,0.0053740871759752435,0.9,-0.004126504994928837,0.30000000000000004,-0.003730714942018191
68,432,0.30000000000000004,0.004336287888387839,0.5,0.003887766351302465,0.5,0.0030278231327732406,0.4,0.0030278231327732406,0.9,-0.009799018812676271,1.0,0.009425349378337463
69,33,0.6666666666666667,0.12581831216812134,0.33333333333333337,0.12581831216812134,0.6666666666666667,0.12581831216812134,0.33333333333333337,0.12581831216812134,0.0,-0.24823978543281555,0.0,-0.24823978543281555
69,807,0.6666666666666667,-0.02855992317199707,1.0,0.17989486455917358,1.0,0.17989486455917358,1.0,0.17989486455917358,1.0,0.17989486455917358,0.6666666666666667,0.0014458894729614258
69,650,0.0,0.10360008478164673,0.0,0.4365692660212517,0.0,0.4365692660212517,0.0,0.4365692660212517,0.6666666666666667,0.4365692660212517,0.0,0.4365692660212517
69,893,0.0,0.0014682263135910034,0.0,0.07359219645150006,0.0,0.0014682263135910034,0.0,0.07359219645150006,0.33333333333333337,-0.2056756094098091,0.0,0.07359219645150006
69,659,0.6666666666666667,0.08119022846221924,0.33333333333333337,0.08119022846221924,0.6666666666666667,0.08119022846221924,0.33333333333333337,0.08119022846221924,1.0,0.4809592217206955,0.0,0.06212228536605835
69,1017,1.0,-0.03961992636322975,0.6666666666666667,0.04848873079754412,1.0,-0.03961992636322975,0.6666666666666667,0.04848873079754412,0.33333333333333337,-0.12435612455010414,0.33333333333333337,-0.017897728830575943
69,268,0.0,-0.16947440057992935,0.33333333333333337,0.07210592925548553,0.33333333333333337,-0.16947440057992935,0.33333333333333337,0.07210592925548553,0.33333333333333337,-0.16947440057992935,0.6666666666666667,0.0072135478258132935
70,33,0.19999999999999996,0.6256563055018584,0.0,0.6187079089383284,0.2666666666666666,0.6256563055018584,0.0,0.6187079089383284,0.8,0.6706176946560541,0.6,0.10170344511667888
70,650,0.0,0.6063212851683298,0.4285714285714286,0.6108619794249535,0.4285714285714286,0.6063212851683298,0.4285714285714286,0.6108619794249535,0.8571428571428571,0.6057465796669325,0.0,0.3876497447490692
70,695,0.5714285714285714,0.611421771425133,0.8571428571428571,0.6105781013611704,0.5714285714285714,0.611421771425133,0.8571428571428572,0.6105781013611704,0.2857142857142857,0.6114217686311653,0.0,0.611484243767336
70,401,1.0,0.005046087816178139,1.0,0.005043295538901778,1.0,0.005046087816178139,1.0,0.005043295538901778,0.7142857142857143,-0.024555548870315153,0.8571428571428572,0.003507835921482183
70,116,0.33333333333333337,0.17688993615350532,0.6666666666666667,0.17698160511402725,0.6666666666666666,0.17688993615350532,0.6666666666666667,0.17698160511402725,0.0,0.17698160511402725,1.0,0.00798444946606954
70,841,0.1428571428571429,0.29794340829054516,0.0,0.29794340829054516,0.0,0.29794340829054516,0.0,0.29794340829054516,0.0,0.2994722213285665,0.8571428571428572,0.06851223111152649
70,192,1.0,0.90048006431122,1.0,0.90048006431122,1.0,0.9005694751055368,1.0,0.90048006431122,1.0,0.9006092185773014,0.7142857142857143,-0.001299738883972168
70,486,0.0,0.457137791524777,0.4285714285714286,0.45694282249072177,0.0,0.457137791524777,0.4285714285714286,0.45694282249072177,0.5714285714285714,0.4571377914568681,1.0,-0.09415804346402486
71,80,1.0,0.12789132197697958,0.875,0.12789132197697958,1.0,0.11631665627161662,0.875,0.12789132197697958,0.5625,-0.06258189678192139,0.4375,-0.027518173058827717
71,33,0.1428571428571429,0.33667562405268353,0.07142857142857145,0.022340893745422363,0.1428571428571429,0.33667562405268353,0.1428571428571429,0.33361607789993286,0.1428571428571429,-0.14759677648544312,0.5714285714285714,-0.22415107488632202
71,807,0.1428571428571429,0.08238718907038371,0.07142857142857145,0.20849698781967163,0.1428571428571429,0.09098090728123982,0.0,0.27952760457992554,0.7142857142857143,0.5266619126001993,0.8571428571428572,0.0835542877515157
71,893,0.7857142857142857,0.00754610161917905,0.6428571428571428,0.006927598423014085,0.7857142857142857,0.00754610161917905,0.5714285714285714,0.005979835521429777,0.5,-0.02383839214841525,1.0,0.007375084484616916
71,695,0.25,0.20325183620055517,0.6666666666666667,0.1550615429878235,0.25,0.20325183620055517,0.5,0.18605041007200876,0.25,0.19832369685173035,0.25,0.20325183620055517
71,222,0.0,0.12046297391255696,0.07142857142857145,0.10299410422643025,0.0,0.10299410422643025,0.1428571428571429,0.08100450038909912,0.2857142857142857,0.3534429172674815,0.2857142857142857,0.010241468747456869
71,473,0.5714285714285714,0.0860693355401357,0.35714285714285715,-0.006384740273157756,0.4285714285714286,0.0997464011112849,0.2857142857142857,-0.006384740273157756,1.0,0.02722722788651784,0.5714285714285714,0.10333764056364696
71,13,1.0,0.07342302550872166,0.5666666666666667,0.008726514875888824,0.7333333333333333,0.06893695207933585,0.6666666666666666,-0.008475867410500845,1.0,0.07181518400708835,0.4666666666666666,0.003985943893591563
71,841,0.2857142857142857,0.007107206930716832,0.07142857142857145,0.0059851886083682375,0.4285714285714286,0.007959540312488874,0.1428571428571429,0.007513396441936493,0.8571428571428572,0.002605038695037365,0.8571428571428572,-0.00018981720010439554
71,486,0.1428571428571429,0.0009123295312747359,0.35714285714285715,0.0004990396070449302,0.1428571428571429,0.0009123295312747359,0.2857142857142857,-8.119266324987014e-05,0.0,-0.00589376303832978,0.7142857142857143,0.00040088981040753424
71,1005,0.1428571428571429,0.0014094493041435878,0.35714285714285715,0.0020428933203220367,0.1428571428571429,0.0014094493041435878,0.2857142857142857,0.002340291471530994,0.7142857142857143,-0.018138719412187736,0.1428571428571429,-0.007257050834596157
72,80,0.888888888888889,0.24835234880447388,0.5555555555555556,0.09916963179906209,0.5555555555555556,0.09916963179906209,0.4444444444444444,0.09916963179906209,0.7777777777777778,0.14298738042513529,0.8888888888888888,-0.07338825861612956
72,33,0.38095238095238093,0.3704938640197118,0.09523809523809526,0.31447724004586536,0.1428571428571429,0.31447724004586536,0.09523809523809526,0.31447724004586536,0.04761904761904763,0.5473363175988197,0.14285714285714285,0.042255798975626625
72,650,0.2222222222222222,0.7125357246647278,0.11111111111111116,0.7125357246647278,0.2222222222222222,0.7125357246647278,0.4444444444444444,0.7125357246647278,0.6666666666666667,0.7154920358831683,0.4444444444444444,0.4820427894592285
72,294,0.33333333333333337,0.2005610461346805,0.0,0.19873014860786498,0.0,0.19873014860786498,0.0,0.19873014860786498,0.33333333333333337,0.005505441377560298,0.33333333333333337,0.05391915887594223
72,695,0.5555555555555556,0.22669357682267824,0.6666666666666667,0.2247168489654238,0.6666666666666667,0.2247168489654238,0.6666666666666667,0.2247168489654238,0.4444444444444444,0.2209021675710877,0.7777777777777778,0.10674628615379333
72,881,0.8888888888888888,0.23310347667817646,0.7777777777777778,0.23225146487432843,0.6666666666666667,0.23208758514374495,0.6666666666666667,0.23164701516119143,0.8888888888888888,0.23310347667817646,0.8888888888888888,0.045639956990877785
72,815,0.8888888888888888,0.027017717654719792,0.888888888888889,0.026973987752474688,0.6666666666666667,0.02690900250551446,0.8888888888888888,0.026973987752474688,0.7777777777777778,0.006566786571056582,0.33333333333333337,-0.0025732101251681647
72,139,0.5,0.14561859504768412,0.0,0.14524097885199203,0.25,0.1455127968559585,0.0,0.1453462930585374,0.0,0.14561859504768412,0.8125,0.055163479099671044
72,214,0.6666666666666667,0.16301865698066345,0.33333333333333337,0.07821933611800584,0.33333333333333337,0.16234552547393832,0.33333333333333337,0.16234552547393832,0.7777777777777778,0.040352394925624445,0.7777777777777778,0.162921833213962
72,192,1.0,0.13380438513082873,1.0,0.13380452371044646,1.0,0.13380452371044646,1.0,0.13380452371044646,0.6666666666666667,-0.49033457040786743,0.2222222222222222,-0.046133145689964294
72,486,0.11111111111111116,0.06167683454638014,0.4444444444444444,0.06167600255592257,0.11111111111111116,0.061676032035128024,0.4444444444444444,0.061676573412190315,0.8888888888888888,-0.23642320558428764,0.11111111111111116,-0.013070218885938326
72,674,0.2222222222222222,-0.027634418879946072,0.33333333333333337,-0.003185372411583861,0.11111111111111116,-0.02314559401323398,0.33333333333333337,-0.003185372411583861,0.2222222222222222,-0.037108249962329865,0.8888888888888888,-0.00216132829276224
72,360,0.11111111111111116,-0.043383452751489436,0.0,-0.0010637885473746185,0.0,-0.016697935314975137,0.0,-0.0010637885473746185,0.0,-0.0469993946038206,0.6666666666666667,-0.0018436829426112429
72,69,0.33333333333333337,0.008734231169687709,0.6666666666666667,0.008734514425851122,0.33333333333333337,0.008734322851888502,0.6666666666666667,0.008734514425851122,0.4444444444444444,-0.05219075456261635,0.5555555555555556,0.004431108944118023
72,790,0.0,-0.008314442823272353,0.0,-0.0017426570921088569,0.0,-0.008314442823272353,0.0,-0.0017426570921088569,0.0,-0.0367278459816589,0.7777777777777778,-0.0001569192245369777
72,692,0.7777777777777778,0.07323720302956294,0.6666666666666667,0.07323723985160746,0.6666666666666667,0.073237245478466,0.6666666666666667,0.073237245478466,0.33333333333333337,-0.4736337934931119,0.7777777777777778,-0.19230627765258154
73,80,0.875,0.2367971452573935,0.75,-0.06116007765134176,1.0,0.22093303129076958,0.8125,0.004984647035598755,0.625,0.03469720979531606,0.5,0.18863741556803384
73,807,0.2222222222222222,0.09998110930124919,0.0,0.044004360834757485,0.2222222222222222,0.06686770915985107,0.0,0.060816685358683266,0.7777777777777779,0.20518813530604044,0.7777777777777778,0.15209287405014038
73,1,1.0,0.03669423214159906,1.0,0.03669423214159906,1.0,0.03669423214159906,1.0,0.03669423167593777,0.7777777777777778,-0.054406397975981236,0.7777777777777778,0.015535483447213968
73,725,0.5,0.07423396408557892,0.5,0.07423396408557892,0.5,0.07423396408557892,0.5,0.07423396408557892,0.875,0.2708042214314143,0.5,0.17966110010941824
73,227,0.4444444444444444,0.0031669356294514728,0.2222222222222222,0.0031669356294514728,0.2222222222222222,0.002727977337902606,0.2222222222222222,0.0031669356294514728,0.2222222222222222,-0.018256837715550017,0.0,-0.008154233607153097
73,144,0.5,0.045443451846949756,0.5,0.045443451846949756,0.5,0.045443451846949756,0.5,0.045443451846949756,0.75,0.013007079639161626,0.5,0.029055838162700336
73,487,0.25,0.10991670226212591,0.25,0.10991670226212591,0.25,0.10991670226212591,0.25,0.10991670199049015,0.5,0.11335682771944751,0.4375,0.10642372298267826
74,80,1.0,0.1886819303035736,0.5,-0.08171633879343669,0.8,0.05078058938185374,0.6,-0.08171633879343669,0.8,-0.16509824991226196,0.3,-0.12706361214319864
74,807,0.16666666666666663,0.012904147307078043,1.0,0.26172826687494916,1.0,0.17833675940831503,1.0,0.26172826687494916,1.0,0.26172826687494916,0.5,-0.045594096183776855
74,650,0.0,0.2816978295644124,0.0,0.16906187931696573,0.0,0.16906187931696573,0.0,0.16906187931696573,0.0,0.5797029075523218,0.0,-0.07843492428461711
74,893,0.16666666666666663,0.07212048877651493,0.16666666666666663,0.06676281955636416,0.16666666666666663,0.07212048877651493,0.16666666666666663,0.08253779671698187,0.16666666666666663,-0.4290136322379112,1.0,-0.02194709579149882
74,695,0.5,0.03231664882817616,0.8333333333333334,0.032494773933043085,0.5,0.03231664882817616,0.8333333333333334,0.032494773933043085,0.0,-0.22546329100926718,1.0,-0.015861937155326206
74,147,0.5,0.06359855737537146,0.8333333333333334,0.07088320857534806,0.5,0.06359855737537146,0.8333333333333334,0.07088320857534806,0.0,-0.26770850270986557,0.5,-0.17456534753243128
74,659,0.2,-0.007931292057037354,0.2,-0.007931292057037354,0.3,-0.007931292057037354,0.2,-0.007931292057037354,1.0,0.43048566579818726,0.0,-0.07691444953282674
74,13,1.0,0.008466620677306006,0.6666666666666667,0.008441886398941278,1.0,0.008466620677306006,0.6666666666666667,0.008441886398941278,0.33333333333333337,-0.10881021401534478,0.6666666666666667,0.004255665310968955
74,85,0.0,0.12440844656278689,0.0,0.11718729014197986,0.0,0.12440844656278689,0.0,0.11718729014197986,0.5,-0.06929825743039449,0.16666666666666663,0.10376914031803608
74,432,0.6666666666666667,0.004571832081031364,0.5,0.003735292392472426,0.6666666666666667,0.0043204361815393595,0.5,0.003735292392472426,0.33333333333333337,-0.1078270822763443,0.5,-0.09648213535547256
74,268,0.0,0.004535865659515063,0.16666666666666663,-0.0017283962418635686,0.33333333333333337,0.004535865659515063,0.0,-0.0017283962418635686,0.5,0.03400596557185054,1.0,0.023549494488785665
75,80,0.9846153846153847,-7.291634877522786e-05,0.8846153846153846,4.1584173838297524e-05,0.9384615384615385,0.00010126829147338867,0.9384615384615385,-0.00010798374811808269,0.2538461538461539,-0.00015622377395629883,0.5384615384615385,0.00016444921493530273
75,33,0.1842105263157895,0.0018551747004191081,0.18421052631578946,0.0020113190015157065,0.3026315789473684,0.0029601057370503745,0.18421052631578946,0.001509567101796468,0.9342105263157895,0.002801616986592611,0.5526315789473685,-0.0005470712979634603
75,807,0.14285714285714285,0.22308083375295004,0.4285714285714286,0.27379568417867023,0.30952380952380953,0.07303293546040852,0.40476190476190477,0.28968239823977154,0.5476190476190477,0.6931706552083293,0.5476190476190477,0.3997888962427775
75,650,0.09090909090909094,0.4804073109407909,0.8181818181818181,0.500978048502778,0.6363636363636364,0.49915690172929317,0.7727272727272727,0.5006912812047327,0.8636363636363636,0.49668894498609006,0.5454545454545454,0.20191462834676108
75,893,0.0,0.2001574223395437,0.7272727272727273,0.22067421989049762,0.31818181818181823,0.22147091442699698,0.8181818181818181,0.2242041027978606,0.8636363636363636,0.22834667295349695,0.9545454545454546,0.19879158485370377
75,1,0.4545454545454546,0.256794806511607,0.9545454545454546,0.2584604402485032,0.8181818181818181,0.2573978248547064,0.6818181818181819,0.2551241011824459,0.9545454545454546,0.25852821948986576,0.7272727272727273,0.2580001636912736
75,294,0.31818181818181823,-0.004446665445963542,0.5454545454545454,0.008473813533782959,0.5909090909090908,0.008473813533782959,0.5454545454545454,0.009781916936238607,1.0,-0.017455498377482098,0.5909090909090908,-0.019672592480977375
75,887,0.9846153846153847,0.12560472885767618,0.9538461538461539,0.15898919105529785,0.9230769230769231,0.1742995778719584,0.9230769230769231,0.15898919105529785,0.16153846153846152,0.3720005849997203,0.5461538461538462,0.26550350586573285
75,794,0.5,0.11558538675308228,0.6818181818181818,0.18672122557957968,0.7272727272727273,0.26483674347400665,0.6818181818181819,0.18672122557957968,0.09090909090909094,0.5098458416759968,0.045454545454545414,0.4307767351468404
75,591,0.40909090909090906,0.49498720467090607,0.6363636363636364,0.3100261191527049,0.6363636363636364,0.3100261191527049,0.6363636363636364,0.2205803096294403,0.5454545454545454,0.5639880672097206,0.31818181818181823,0.22286386787891388
75,283,0.31818181818181823,0.08168986383922554,0.2727272727272727,0.0818497169141968,0.40909090909090906,0.07855814726402362,0.2727272727272727,0.0818497169141968,0.045454545454545414,0.09365752699363838,0.2272727272727273,0.0636167349293828
75,540,0.8636363636363638,0.4016561931305584,0.40909090909090906,0.3935770151268419,0.7272727272727273,0.39349289901050116,0.4545454545454546,0.3935770151268419,0.8181818181818182,0.4025975805543567,0.2727272727272727,0.12369937946399052
75,420,0.5909090909090908,0.06283559787273892,0.31818181818181823,0.0711243871167729,0.2272727272727273,0.07244526159335389,0.5454545454545454,0.07244570211256966,0.5,-0.32523125565300387,0.6818181818181819,-0.058596570044755936
75,119,0.8,0.331294430706824,0.2833333333333334,0.32980024900947075,0.30833333333333335,0.32743084303607856,0.2833333333333333,0.32980024900947075,0.4916666666666667,0.2572172184639688,0.4916666666666667,0.23016480923009416
75,227,0.045454545454545414,0.01600365707357317,0.13636363636363635,0.010878725346022597,0.18181818181818177,0.010878725346022597,0.13636363636363635,0.010600190920134386,0.0,0.015827435400116958,0.9090909090909091,0.011826756044077532
75,243,0.5454545454545454,0.05651272956159422,0.36363636363636365,0.055137575553089846,0.40909090909090906,0.055850831076440954,0.045454545454545414,0.055137575553089846,0.13636363636363635,0.05222674904143787,0.6363636363636364,0.05629155900533078
75,913,0.9090909090909091,0.02200754702259052,1.0,0.021733901429494534,0.9545454545454546,0.021733901429494534,1.0,0.021782924492981692,0.9090909090909091,0.021770233622343465,0.5,0.0130086366358834
76,80,0.9090909090909091,0.15010776122411093,0.6666666666666666,0.03479468822479248,0.6666666666666666,0.1122931440671285,0.5454545454545454,0.00452586015065511,0.7575757575757576,0.1116607387860616,0.6060606060606061,0.01848703622817993
76,33,0.20833333333333331,0.4048623318473498,0.125,0.05700631936391195,0.375,0.1388153334458669,0.08333333333333337,0.1388153334458669,0.5833333333333334,0.14795711636543274,0.6666666666666667,0.2018976410230001
76,807,0.8333333333333334,0.1444222331047058,0.9583333333333333,0.3359904686609904,0.875,0.1444222331047058,1.0,0.3359904686609904,0.75,0.5580835615595182,0.5833333333333334,0.12142608563105266
76,650,0.16666666666666669,0.33396182457606,0.5416666666666666,0.5984189336498579,0.3333333333333333,0.1740166942278544,0.4583333333333333,0.6592259177317222,0.75,0.658591498931249,0.5,0.09206835428873698
76,893,0.041666666666666685,0.2786235213279724,0.5416666666666667,0.6024292856454849,0.375,0.42399509251117706,0.3333333333333333,0.6934018998096386,0.75,0.7214619568258058,0.33333333333333337,0.48302387197812396
76,1,1.0,0.19779930372412005,0.6923076923076923,0.17686176610489687,0.8461538461538461,0.1789748779653261,0.6923076923076923,0.17686176610489687,1.0,0.19890820238894472,0.23076923076923073,0.13233601426084837
76,695,0.3076923076923077,0.3463712510808061,0.3076923076923077,0.3307613090922435,0.15384615384615385,0.3426598620911439,0.6923076923076923,0.23389672487974167,0.46153846153846156,0.3919667314718633,1.0,0.2445743829011917
76,147,0.46153846153846156,0.3252579712619384,0.46153846153846156,0.354657585422198,0.3076923076923077,0.3074856624007225,0.3846153846153846,0.38078940100967884,1.0,0.39872193600361544,0.07692307692307687,0.18137149512767792
76,128,0.3333333333333333,0.027227757241538104,0.2916666666666667,-0.03274172265082598,0.375,-0.05272170249372721,0.3333333333333333,-0.033250927614669,0.41666666666666663,-0.14939581726988158,0.33333333333333337,-0.06570254949231942
76,1017,0.5384615384615384,0.0035381356719881296,0.5384615384615384,-0.05719543527811766,0.6923076923076923,-0.03069686354137957,0.23076923076923073,0.0002589645640303691,0.23076923076923073,-0.029818589120016743,0.15384615384615385,0.0012900356377940625
76,728,0.7692307692307692,0.04316808633545103,0.0,0.046377281163586304,0.6153846153846154,-0.02283420693129301,0.0,0.04710387775169996,0.7692307692307692,-0.1863040036211411,0.46153846153846156,-0.05488614737987518
76,116,0.23076923076923073,0.007952159933803197,0.23076923076923073,0.0077992018509576155,0.0,0.001841938591193563,0.23076923076923073,0.0077992018509576155,0.5384615384615384,-0.05599043952922026,0.3076923076923077,-0.0015248972922563553
76,251,0.15384615384615385,0.09237066823213051,0.0,0.08532342889035742,0.23076923076923073,0.09203433833317831,0.0,0.09091254866992433,0.6923076923076923,0.0038001745318373046,0.0,0.06811002135509625
76,841,0.46153846153846156,0.00784861552529037,0.3076923076923077,0.0029896872971827784,0.6923076923076923,-0.021456660547604162,0.07692307692307687,-0.00498192070517689,0.6153846153846154,-0.011466196272522211,0.8461538461538461,0.005104258889332414
76,69,0.9230769230769231,0.0002514789716453099,0.15384615384615385,0.00024391610611000183,0.23076923076923073,-1.7934614637245733e-05,0.15384615384615385,0.00025223170299989067,0.23076923076923073,-0.0012066894342600183,0.0,6.332867269520648e-05
76,243,0.3076923076923077,0.00020432420842553256,0.6923076923076923,0.0002058353734355478,0.3846153846153846,9.329414751846343e-05,0.7692307692307692,0.00020353848822196596,0.9230769230769231,-0.0032466176295808205,0.7692307692307692,0.00013300711846871613
76,953,0.23076923076923073,0.008686263989526802,0.07692307692307687,0.007153505003467823,0.0,0.003815290556910137,0.07692307692307687,0.00814963222364895,0.6153846153846154,0.002161958790869297,0.8461538461538461,0.003528537966000537
76,798,0.6923076923076923,0.001604745670893711,0.8461538461538461,0.001440205308123647,0.8461538461538461,0.00045246246736496687,0.9230769230769231,0.001508044782591848,0.5384615384615384,-0.002643761795226851,0.7692307692307692,0.0015696008273759314
77,80,1.0,-0.0003317991892496745,1.0,-0.0002132852872212728,1.0,-0.00018477439880371094,1.0,-0.00029929478963216144,0.0,0.00244295597076416,0.8055555555555556,-0.00024692217508951825
77,33,0.0,-0.0005704760551452637,0.0714285714285714,-0.000366826852162679,0.1428571428571429,-0.00035591920216878253,0.0714285714285714,-0.00020492076873779297,1.0,0.004761199156443278,0.0714285714285714,0.0003211498260498047
77,294,0.0714285714285714,0.003705581029256185,0.0714285714285714,-0.0019558866818745932,0.2142857142857143,-0.001803576946258545,0.1428571428571429,-0.002027412255605062,1.0,0.03395110368728638,0.2857142857142857,-0.0009557207425435384
77,694,0.6428571428571428,0.05055996775627136,0.2857142857142857,0.03873048226038615,0.2142857142857143,0.03873048226038615,1.0,0.12354205548763275,1.0,0.14241342743237814,0.8571428571428572,0.0824405203262965
77,887,0.8,0.04448662201563517,1.0,0.0032343467076619468,0.9800000000000001,0.0061864058176676435,1.0,0.000549177328745524,0.04000000000000001,0.0418234666188558,0.36,0.04433439175287882
77,794,0.2142857142857143,0.019890427589416504,0.3571428571428571,-3.1828880310058594e-05,0.4285714285714286,0.0002563794453938802,0.5,0.0002563794453938802,0.0,0.060030082861582436,0.2142857142857143,-0.0030532280604044595
77,591,0.1428571428571429,0.12918690840403238,0.2857142857142857,0.005718688170115153,0.3571428571428571,0.005718688170115153,0.3571428571428571,0.006011505921681722,0.7142857142857143,0.11823733647664388,0.8571428571428572,0.009643038113911947
77,342,0.0714285714285714,0.014071346260607243,0.0,0.008861319782833258,0.0,-0.00041731012364228565,0.0,0.008457295596599579,0.8571428571428572,0.00015491930147012076,0.3571428571428571,0.007088193669915199
77,401,1.0,0.22090514128406843,0.5714285714285714,0.0876816709836324,0.9285714285714286,0.1630535994966825,0.8571428571428572,0.12660799423853555,1.0,0.21148535857597986,0.0,0.12029533088207245
77,420,0.2857142857142857,0.5418454160292944,0.2142857142857143,0.317697137594223,0.1428571428571429,0.3194752236207326,0.2142857142857143,0.31793732444445294,0.6428571428571428,0.6021013508240382,0.4285714285714286,0.08982443809509277
77,119,0.7142857142857143,0.6701568178832531,0.41071428571428575,0.2162994941075643,0.3214285714285714,0.2162994941075643,0.4642857142857143,0.3417767882347107,0.48214285714285715,0.6630830764770508,0.44642857142857145,0.49692949652671814
77,621,0.0714285714285714,0.01412380455682675,0.0714285714285714,0.00877781646947066,0.0,0.00877781646947066,0.0,0.008075869952638945,0.8571428571428572,-0.004680203894774119,0.1428571428571429,-0.00975515196720759
77,416,0.9285714285714286,0.046700214579080544,0.8571428571428572,0.037396407686173916,0.8571428571428572,0.037396407686173916,0.6428571428571428,0.04042179106424252,0.8571428571428572,0.02698350666711728,0.7857142857142857,0.04342880076728761
78,807,1.0,0.2947623133659363,1.0,0.2947623133659363,1.0,0.2947623133659363,0.9166666666666667,0.20891127983729044,1.0,0.29476237297058105,0.4166666666666667,0.00011696418126424153
78,147,0.33333333333333337,0.10433111463983853,0.33333333333333337,0.14077884696113566,0.33333333333333337,0.10433111463983853,0.33333333333333337,0.14077884696113566,0.0,-0.27780256668726605,0.5,0.12454984957973163
78,128,1.0,0.24042580525080362,0.6666666666666667,0.36887969200809795,1.0,0.24042580525080362,0.6666666666666667,0.36887969200809795,0.6666666666666667,0.36887969200809795,0.5833333333333333,0.2948407083749771
78,140,0.33333333333333337,0.031094714999198914,0.33333333333333337,0.057284605029659964,0.33333333333333337,0.031094714999198914,0.33333333333333337,0.057284605029659964,0.6666666666666667,0.057284605029659964,0.33333333333333337,0.055049381063630186
78,97,0.0,0.015270070793728033,0.0,0.021998580021318048,0.0,0.015270070793728033,0.0,0.021998580409369122,0.6666666666666667,0.021998580409369122,0.4166666666666667,0.006866113593180974
79,80,1.0,-0.00010683139165242513,1.0,-0.00010683139165242513,1.0,-0.00010683139165242513,1.0,-0.00010683139165242513,0.0,0.02918716271718343,0.375,0.002599020799001058
79,33,0.0,0.0024277567863464355,0.0,0.0024277567863464355,0.0,0.0024277567863464355,0.0,0.0024277567863464355,1.0,0.03900615374247233,0.5,0.009508728981018066
79,294,0.0,-0.0005195538202921549,0.0,-0.0005195538202921549,0.0,-0.0005195538202921549,0.0,-0.0005195538202921549,1.0,0.05602790911992391,0.25,-0.00023396809895833334
79,887,1.0,0.0031561454137166343,1.0,0.0031561454137166343,1.0,0.0031561454137166343,1.0,0.0031561454137166343,0.0,0.09226804971694946,1.0,0.0031561454137166343
79,794,0.5,-1.1861324310302734e-05,0.5,-1.1861324310302734e-05,0.5,-1.1861324310302734e-05,0.5,-1.1861324310302734e-05,0.0,0.06194549798965454,0.25,0.002926309903462728
79,591,0.5,0.0027254223823547363,0.5,0.0027254223823547363,0.5,0.0027254223823547363,0.5,0.0027254223823547363,0.5,0.09018309911092122,0.875,0.0037774046262105307
79,420,1.0,0.04954745372136434,1.0,0.04954745372136434,1.0,0.04954745372136434,1.0,0.04954745372136434,0.5,0.18329530954360962,0.75,0.12628918886184692
80,80,0.75,0.1181394358476003,0.75,0.1181394358476003,0.75,0.1181394358476003,0.75,0.1181394358476003,1.0,0.18625319004058838,1.0,0.18625319004058838
80,807,0.0,0.03130832314491272,0.0,0.03130832314491272,0.0,0.03130832314491272,0.0,0.03130832314491272,0.5,-0.12152797977129619,1.0,0.04984776178995768
80,1,1.0,0.017948076128959656,1.0,0.017948076128959656,1.0,0.017948076128959656,1.0,0.017948076128959656,0.25,-0.1361936628818512,0.75,-0.04206131647030512
80,659,0.33333333333333337,0.03779240449269613,0.33333333333333337,0.03779240449269613,0.33333333333333337,0.03779240449269613,0.6666666666666667,0.09447258710861206,1.0,0.27654403696457547,0.16666666666666669,0.1291192670663198
80,222,0.0,-0.05403906603654226,0.0,-0.05403906603654226,0.0,-0.05403906603654226,0.0,-0.05403906603654226,0.0,-0.2120468020439148,0.25,-0.01424922545750936
80,914,0.0,-0.018902206793427467,0.0,0.045797357335686684,0.0,-0.018902206793427467,0.0,0.045797357335686684,0.0,0.045797357335686684,0.5,0.010188707460959753
81,80,0.875,0.5327209010720253,0.4375,0.11425586541493733,0.6875,0.18689608573913574,0.4375,0.11425586541493733,0.75,0.3227904637654622,0.5,-0.010991215705871582
81,807,0.375,0.021817068258921306,0.7916666666666667,0.1455382506052653,0.6666666666666666,0.0673305590947469,0.7083333333333333,0.025155802567799885,0.6666666666666667,0.08212677637736003,0.25,0.015504916508992514
81,650,0.125,0.26323050260543823,0.3125,0.6542833553006252,0.1875,0.34426450729370117,0.375,0.5066928422699372,0.75,0.6513778070608774,0.5625,0.6513778070608774
81,893,0.0,0.585224532832702,0.375,0.7588134741721054,0.125,0.8840779953170568,0.375,0.8841581597613791,0.625,0.8864686259536635,0.5,0.07959514856338501
81,1,1.0,0.4550956602518757,0.5555555555555556,0.3076743433872859,0.7777777777777778,0.32297065621241927,0.5555555555555556,0.3076743433872859,1.0,0.45753389100233716,0.8888888888888888,0.3905074762490888
81,147,0.4444444444444444,0.5107416578878959,0.0,0.501366063952446,0.0,0.5607742732390761,0.0,0.5805603085706631,0.11111111111111116,0.5947249201902499,0.6666666666666667,0.19960025946299234
81,389,0.1875,0.25345627839366597,0.4375,0.46673910816510517,0.375,0.36331283549467724,0.4375,0.46673910816510517,0.3125,0.4891320854236862,0.375,0.4839318259425151
81,540,0.7777777777777778,0.3169426993457212,0.5555555555555556,0.3210111658263486,0.8888888888888888,0.31778084292212344,0.5555555555555556,0.3210111658263486,0.6666666666666667,0.32123575508770347,0.7777777777777778,0.19225256921102604
81,713,0.5555555555555556,0.3422669844003394,1.0,0.3458252026660678,0.6666666666666667,0.29052402758194756,1.0,0.34056346739331883,0.8888888888888888,0.34610301779806224,0.8888888888888888,0.20735503857334456
81,820,0.5555555555555556,0.17030044396718344,0.6666666666666667,0.16253079598148665,0.4444444444444444,0.13813271844810515,0.6666666666666667,0.16253079598148665,0.8888888888888888,0.17039616495974266,0.7777777777777778,0.07015691635509332
81,739,0.8888888888888888,0.1515980115630858,0.33333333333333337,0.15025034039839133,0.6666666666666667,0.15163083846376443,0.4444444444444444,0.15025034039839133,0.2222222222222222,0.151667311757213,0.4444444444444444,0.14615238715972131
81,786,0.4444444444444444,0.12634131519977623,0.0,0.11713896133005619,0.2222222222222222,0.09653941868782567,0.0,0.11713896133005619,0.2222222222222222,0.12659026267353587,0.7777777777777778,0.11098700917015474
81,825,1.0,0.15201194231243184,0.5555555555555556,0.1413234082671503,0.7777777777777778,0.1161839044768082,0.4444444444444444,0.1413234082671503,1.0,0.1522944733386756,0.33333333333333337,-0.033817827701568604
81,403,0.5555555555555556,0.12380387759185396,0.7777777777777778,0.12159579117724206,0.4444444444444444,0.10067839094426745,0.7777777777777778,0.12159579117724206,0.8888888888888888,0.12392929359757925,0.7777777777777778,0.013735496128598848
81,263,0.5555555555555556,0.165815725614569,1.0,0.16918576159271956,0.8888888888888888,0.16684794911361678,0.8888888888888888,0.16823197398086145,1.0,0.16927804667254046,0.2222222222222222,0.16251499267915884
82,80,0.7142857142857143,-0.008858640988667807,0.7142857142857143,-0.011344611644744873,0.7142857142857143,-0.008858640988667807,0.7142857142857143,-0.011344611644744873,0.7142857142857143,0.1418989896774292,0.1428571428571429,0.005986114343007405
82,33,0.5,0.6995954761902491,0.0,0.6994371662537257,0.16666666666666663,0.6994371662537257,0.0,0.6994371662537257,0.5,0.6995954761902491,0.5,0.024049838383992512
82,1,1.0,0.05793231725692749,0.8571428571428572,0.12534182767073312,0.8571428571428571,0.12534182767073312,0.8571428571428572,0.12534182767073312,0.5714285714285714,-0.38935453196366626,0.8571428571428572,-0.1902440239985784
82,659,0.0,0.001650361344218254,0.0,0.00490595493465662,0.0,-0.129356166968743,0.0,0.00490595493465662,0.2857142857142857,-0.29263585930069286,0.1428571428571429,-0.13435339306791624
82,114,0.8571428571428572,0.011269228417101354,1.0,0.01210094207211417,0.7142857142857143,0.008069925243034959,1.0,0.01210094207211417,0.2857142857142857,-0.22580815696467957,0.1428571428571429,-0.030435109821458656
82,728,1.0,0.7380066576103369,0.5,-0.003534714380900065,0.9166666666666666,0.11123015483220418,0.5,-0.0035395224889119468,1.0,0.818851417551438,0.5,-0.0024261673291524253
82,85,0.0,0.06554585571090381,0.0,0.13578676048200577,0.0,-0.008254483342170715,0.0,0.13578676048200577,0.0,-0.013242041071256002,0.2857142857142857,-0.08869781096776326
82,432,0.8571428571428572,0.560667525731939,1.0,0.587011063847361,0.8571428571428572,0.5050811649610599,1.0,0.587011063847361,1.0,0.587011063847361,0.7142857142857143,0.5315625593066216
82,392,0.5,0.06609765832214028,0.33333333333333337,0.068225113685268,0.5,0.06447453564032912,0.33333333333333337,0.068225113685268,0.33333333333333337,-0.2466791495680809,0.33333333333333337,0.06814782753159913
82,190,0.4285714285714286,0.5794817476222912,0.1428571428571429,0.4549717027693987,0.5714285714285714,0.22136026620864868,0.4285714285714286,0.22136026620864868,0.8571428571428571,0.5515906065702438,0.1428571428571429,0.12690037488937378
83,80,0.888888888888889,-0.0304604967435201,0.4444444444444444,-0.059821744759877525,0.7777777777777779,-0.029318471749623615,0.4444444444444444,-0.05947822332382202,0.1111111111111111,-0.05866154034932455,0.05555555555555558,-0.042797982692718506
83,33,0.5,-0.03206076224644979,0.5833333333333333,-0.0857468048731486,0.7916666666666666,0.07464965184529622,0.5833333333333333,-0.0857468048731486,0.75,-0.09999688466389973,0.29166666666666663,-0.06007063388824463
83,807,0.2222222222222222,0.4863755206267039,0.5555555555555556,0.5274617709219456,0.33333333333333337,0.4863755206267039,0.5,0.5274617709219456,0.7777777777777779,0.6188905263940493,0.6111111111111112,0.30435410141944885
83,694,0.6666666666666667,0.1315497358640035,0.6111111111111112,0.17850501835346222,0.6111111111111112,0.17850501835346222,0.6111111111111112,0.17850501835346222,0.7222222222222222,-0.04497475425402323,0.4444444444444445,0.130516787370046
83,342,0.0,0.08526744538297255,0.6,0.08843151479959488,0.5,0.08843151479959488,0.30000000000000004,0.08843151479959488,0.4,0.013085078758498033,0.0,0.03834048161904017
83,114,0.6,-0.100380493948857,0.5,0.09572603539951767,0.5,-0.100380493948857,0.5,0.09572603539951767,0.8,-0.08775173698571355,0.0,0.008707496027151743
83,1017,0.4444444444444444,0.13317148501907164,0.6666666666666667,0.13321053481589237,0.7777777777777778,0.1332046360281917,0.5555555555555556,0.13364724974386868,0.4444444444444444,0.13358813945524162,0.2777777777777778,0.04861483722925186
83,401,0.6,0.13278956221377788,0.0,0.1323436625340643,0.0,0.13214572235786667,0.19999999999999996,0.1323436625340643,0.6,-0.0010202713310718536,0.19999999999999996,-0.010637519260247549
83,621,0.0,0.09670200245454907,0.19999999999999996,0.09719721802199881,0.30000000000000004,0.09670200245454907,0.19999999999999996,0.09719721802199881,0.0,0.026711616044243176,0.09999999999999998,0.09167810343205929
83,392,0.19999999999999996,-0.05505061565539412,0.0,0.09938578976531669,0.19999999999999996,-0.06225109907488028,0.0,0.09938578976531669,0.0,0.09986098026259693,0.0,0.0329774096996213
83,698,1.0,0.002650874488608679,0.9,0.002220619631164785,0.7,-0.001607533039835592,0.9,0.002217001799484327,1.0,0.002493044409978514,0.09999999999999998,0.0012322023200492065
84,80,1.0,0.16608992218971252,0.7,-0.11117309331893921,0.9,0.1705615520477295,0.7,-0.11117309331893921,0.2,0.19183659553527832,0.4,-0.10466229915618896
84,33,0.5,0.2512378841638565,0.0,0.23247361183166504,0.33333333333333337,0.36312855531771976,0.0,0.23247361183166504,0.33333333333333337,0.36312855531771976,0.6666666666666667,-0.16758215427398682
84,807,0.33333333333333337,-0.010182867447535196,0.6666666666666667,-0.015840719143549602,0.33333333333333337,-0.06212483843167623,0.8333333333333334,0.042475168903668724,0.8333333333333334,-0.09492274125417073,1.0,0.14607938627401987
84,650,0.0,0.12345873316129048,0.0,0.08762542406717937,0.0,0.12345873316129048,0.0,-0.06959753235181172,0.0,0.2535860016942024,1.0,0.024409045775731403
84,893,0.0,0.016315285271654528,0.0,0.023305031121708453,0.0,0.016315285271654528,0.0,0.023305031121708453,0.16666666666666663,-0.10138727352023125,0.8333333333333334,0.011666810140013695
84,294,0.6666666666666667,0.09218243757883708,0.16666666666666663,0.038792106012503304,0.5,0.10862259722004335,0.0,0.038792106012503304,0.33333333333333337,-0.437989999850591,0.33333333333333337,0.05574476718902588
84,659,0.16666666666666663,0.30529214938481647,0.6666666666666667,0.15809221069018045,0.5,0.15809221069018045,0.33333333333333337,0.15809221069018045,0.8333333333333334,0.34352702895800274,0.0,0.2983650068442027
84,794,1.0,0.028912158372501533,0.6666666666666667,0.0017142702514926593,1.0,0.028912158372501533,0.6666666666666667,0.0017142702514926593,0.0,-0.4222544903556506,0.16666666666666663,-0.10338417689005534
84,116,0.5,0.013529905874747783,0.6666666666666667,0.015529851836618036,0.33333333333333337,0.013529905874747783,0.8333333333333334,0.015532335892203264,0.16666666666666663,-0.04611720579365889,0.33333333333333337,0.010610978895177444
84,268,0.16666666666666663,0.0015141454835732777,0.16666666666666663,-0.00155889925857385,0.16666666666666663,-0.0006835622092088064,0.16666666666666663,-0.0020964927971363068,0.5,-0.014715809375047684,0.5,-0.012234526996811232
84,144,0.5,-0.00041592369476954144,0.6666666666666667,-0.00041592369476954144,0.5,-0.00041592369476954144,0.6666666666666667,-0.00041592369476954144,0.33333333333333337,-0.012453818732562164,1.0,-0.0007236245243499676
85,1,0.8333333333333333,0.32731370627880096,0.8333333333333334,0.32731370627880096,0.8333333333333333,0.32731370627880096,0.8333333333333334,0.32731370627880096,1.0,0.3377649833758672,0.0,-0.10355764627456665
85,659,0.0,-0.13533258438110352,0.16666666666666663,-0.13533258438110352,0.0,-0.13533258438110352,0.16666666666666663,-0.13533258438110352,0.33333333333333337,0.2328288604815801,0.8333333333333334,0.21202113231023154
85,114,0.8333333333333334,0.375343178709348,1.0,0.6728309641281763,0.8333333333333334,0.375343178709348,1.0,0.6728309641281763,1.0,0.6728309641281763,1.0,0.6525551229715347
85,728,0.6666666666666667,0.32882882887497544,0.0,0.32882882887497544,0.6666666666666667,0.32882882887497544,0.0,0.32882882887497544,1.0,0.4007654997209708,0.8333333333333334,-0.1350426326195399
85,914,0.5,0.1605624615525206,0.5,0.17584296905746064,0.5,0.14745919158061346,0.16666666666666663,0.17584296905746064,0.5,0.14745919158061346,0.0,0.05626320838928223
85,190,0.6666666666666667,0.009244485519502632,0.0,0.009244485519502632,0.6666666666666666,0.009244485519502632,0.0,0.009244485519502632,0.0,-0.07833092597623666,0.8333333333333334,0.009239020511207249
85,904,0.0,0.0944954560448726,0.0,0.0944954560448726,0.0,-0.2825382004181544,0.0,0.12331684182087581,0.25,-0.1779980572561423,0.16666666666666666,-0.2825382004181544
85,429,0.0,0.07326398523620507,0.0,0.07326398523620507,0.0,0.07326398523620507,0.0,0.0750913661956929,0.0,-0.12320052646100521,0.8333333333333333,0.023079190403223038
86,80,1.0,0.022170305252075195,0.8333333333333333,0.019167919953664143,1.0,0.022170305252075195,0.7916666666666666,0.019167919953664143,0.5,0.009767731030782064,0.625,0.01984119415283203
86,147,0.0,0.08117421964804332,0.75,0.07056288421154022,0.75,0.07056288421154022,0.6875,0.07056288421154022,0.25,0.07883496085802714,0.375,0.06826493764917056
86,887,1.0,0.0856572821115454,0.75,0.08608763137211402,0.75,0.08608763137211402,0.75,0.08608762795726459,0.25,-0.5722399031122526,0.6875,-0.19367950906356177
86,128,0.25,0.021671161676446598,0.75,0.00645507996280988,0.75,0.00645507996280988,0.75,0.00645507996280988,0.75,0.02188762401541074,0.375,-0.0052854691942532854
86,1004,0.5,0.04281741629044215,0.5,0.04281741629044215,0.25,0.051382988691329956,0.6875,-0.007683093349138896,1.0,-0.11183434724807739,0.375,0.019015615185101826
86,667,0.8333333333333334,0.02477109121779601,0.33333333333333337,0.025045771151781082,0.33333333333333337,0.025045771151781082,0.33333333333333337,0.025045776118834812,0.33333333333333337,-0.03335411970814069,0.625,0.010534551615516344
86,981,0.0,0.050598462112247944,0.0,-0.18795706828435263,0.0,0.050598462112247944,0.0,-0.034526663521925606,0.25,-0.14799034098784128,0.8125,-0.0915314257144928
87,80,1.0,0.04985314607620239,1.0,0.04985314607620239,1.0,0.04985314607620239,1.0,0.04985314607620239,1.0,0.04985314607620239,0.8333333333333333,0.04985314607620239
87,147,0.0,0.15265842030445734,0.0,0.15265842030445734,0.0,0.15265842030445734,0.0,0.15265842030445734,0.0,0.15265842030445734,0.5,0.08383409182230632
87,887,1.0,0.3155975391467412,1.0,0.3155975366632144,1.0,0.3155975366632144,1.0,0.3155975391467412,1.0,0.3155975366632144,1.0,0.1811713476975759
87,981,0.0,0.21673010289669037,0.0,0.21673009544610977,0.0,0.21673009544610977,0.0,0.21673009544610977,0.0,0.21673010289669037,0.5,0.13820109764734903
88,80,0.8571428571428571,-0.16096870104471842,0.6428571428571428,-0.2552277247111003,0.9285714285714285,-0.036727348963419594,0.6428571428571428,-0.2552277247111003,1.0,-0.19402986764907837,0.7142857142857143,-0.14087796211242676
88,33,0.2727272727272727,0.3175136248270671,0.09090909090909094,0.6060148378213247,0.2727272727272727,0.6060148378213247,0.09090909090909094,0.5580146511395773,0.18181818181818177,0.27608585357666016,0.5909090909090909,-0.13199692964553833
88,807,0.6923076923076923,0.1312430202960968,0.9615384615384616,0.14884676535924277,0.8461538461538461,0.015287617842356363,0.9230769230769231,0.06773145993550618,0.7692307692307692,0.7517307139933109,0.423076923076923,0.01031714677810669
88,650,0.1428571428571429,0.3924119571844737,0.6428571428571428,0.5463010917107264,0.5,0.4159915695587794,0.5,0.7106335858503977,0.7857142857142857,0.7936878353357315,0.2142857142857143,0.3847307066122691
88,893,0.0714285714285714,0.29294722875298856,0.2857142857142857,0.3013991862947781,0.4285714285714286,0.18778273835778236,0.2857142857142857,0.3002591860325386,0.5,0.24392139787475267,0.2857142857142857,0.11162074282765388
88,1,0.9230769230769231,0.23011496606341098,0.9230769230769231,0.2301504440692952,1.0,0.2305240435283243,0.9230769230769231,0.2301504440692952,0.9230769230769231,0.20325847629768154,1.0,0.22876386910987398
88,694,0.2142857142857143,0.15696105112632117,0.5,0.20594817772507668,0.2857142857142857,0.15696105112632117,0.5,0.16511552035808563,0.4285714285714286,-0.013885512948036194,0.0,0.08038310209910075
88,659,0.0,0.21182469775279364,0.11538461538461536,0.20256260161598524,0.0,0.20314801732699075,0.07692307692307693,0.20256262148420015,0.46153846153846156,0.24197981460019946,0.5769230769230769,-0.04058412710825602
88,881,0.6538461538461539,0.06896039632556494,0.5,0.06852605477130662,0.6538461538461537,0.06904085014442292,0.4615384615384615,0.06852605477130662,0.5384615384615384,-0.06298100699981053,0.23076923076923073,0.06267764900500576
88,283,0.2727272727272727,0.04363288739538499,0.0,0.040762466873275116,0.0,0.043233894190052524,0.0,0.043233894190052524,0.0,-0.12076035390297572,0.5227272727272727,-0.0363776672941943
88,116,0.5,0.14776606902997477,0.4285714285714286,0.14759631197860776,0.2142857142857143,0.14262999841594137,0.5,0.1476438885050205,0.1428571428571429,0.1422366427250381,0.5,0.07492958164463441
88,268,0.0,0.01725756344603724,0.2857142857142857,0.017351308964786465,0.2142857142857143,0.01725756344603724,0.2857142857142857,0.01727207915026459,0.2142857142857143,-0.05850799319644769,0.0714285714285714,-0.01859924943225148
88,144,0.2142857142857143,0.024571850746231878,0.1428571428571429,0.02452163827744395,0.0714285714285714,0.024290997227429518,0.2142857142857143,0.02462787928506242,0.1428571428571429,-0.06656687951181084,0.0,-0.012669400855277976
88,452,0.8461538461538461,0.19778032651417257,0.5384615384615384,0.2020033094571924,0.7692307692307692,0.20201464712677838,0.5769230769230769,0.20200815488925628,0.7692307692307692,0.20197861667505398,0.3076923076923077,0.20030961827918267
89,80,1.0,0.13907188177108765,1.0,0.13907188177108765,1.0,0.13907188177108765,1.0,0.13907188177108765,1.0,0.13907188177108765,1.0,0.13907188177108765
89,659,0.0,-0.037174105644226074,0.0,-0.037174105644226074,0.0,-0.037174105644226074,0.0,-0.037174105644226074,1.0,0.19307354092597961,1.0,0.19307354092597961
89,85,0.0,0.17106732726097107,0.0,0.17106732726097107,0.0,0.17106732726097107,0.0,0.1710672825574875,0.0,0.17106732726097107,0.75,0.08213791251182556
89,432,1.0,0.12589798495173454,1.0,0.12589798495173454,1.0,0.12589798495173454,1.0,0.12589797377586365,1.0,0.12589798495173454,0.25,-0.03820069134235382
90,33,0.5,0.27276359622677165,0.0,0.2186820109685262,0.125,0.2553962804377079,0.0,0.2186820109685262,0.125,0.28300057475765544,0.75,-0.1257360279560089
90,807,0.29999999999999993,0.04060781002044678,0.7000000000000001,0.1323952873547872,0.39999999999999997,0.06685060262680054,0.6500000000000001,0.1323952873547872,0.8,0.11090358098347981,0.65,0.048249940077463783
90,650,0.0,0.05280935764312744,0.1428571428571429,0.3822052280108134,0.1428571428571429,0.07128489017486572,0.1428571428571429,0.3822052280108134,0.2142857142857143,0.3947593073050181,0.5714285714285714,0.30747584501902264
90,893,0.125,0.7858282929282723,0.25,0.7862558439525552,0.125,0.7858282929282723,0.375,0.7858282929282723,0.125,0.9077265330082204,0.5,0.5524374594291052
90,694,0.875,0.029543002446492512,0.875,0.011769657333691915,0.875,0.08507823199033737,0.875,0.011769657333691915,0.375,-0.3745195269584656,0.75,-0.336240549882253
90,659,0.625,-0.06838918974002202,0.25,-0.10386935621500015,0.375,-0.1487012580037117,0.25,-0.08643482873837154,1.0,0.05200037732720375,0.75,-0.022456617405017216
90,389,0.375,0.3352826575282961,0.25,0.5107055387149254,0.375,0.5160642972826585,0.5,0.5164104622584395,0.0,0.5164104622584395,0.125,0.2960869421561559
90,1017,0.75,0.1637368647304053,0.0,0.14442154615547528,0.125,0.14442154615547528,0.0,0.14442154615547528,0.375,-0.2827073832352956,0.375,-0.019964521129926045
90,1004,0.375,-0.027006202687819798,0.375,-0.02328006053964297,0.375,-0.02029443656404813,0.375,-0.018700331449508667,0.625,-0.0991115930179755,0.0,-0.0823946309586366
90,268,0.375,0.061371367114285626,0.125,0.08938995682789634,0.375,0.08969177736920149,0.125,0.08938995682789634,0.75,0.0895452135882806,0.125,-0.031245696047941845
90,844,0.5,0.024325576436240226,0.625,0.04351287757648,0.5,0.04351287757648,0.625,0.04351287757648,0.625,0.043499346478104904,0.875,0.006755552875498931
91,33,0.5,0.07446547349294026,0.25,0.07446547349294026,0.75,0.128775954246521,0.0,0.07446547349294026,0.5,-0.09609623750050862,1.0,0.12904377778371176
91,650,0.0,-0.19326194127400717,0.25,0.6254401008288065,0.0,0.1790160338083903,0.0,0.6254401008288065,0.75,0.6227456107735634,0.0,0.04499518871307373
91,147,0.25,0.009088615576426188,0.5,0.2803225113699834,0.25,0.18797055445611477,0.25,0.2803225113699834,0.25,0.2803225113699834,0.25,0.2677311636507511
91,694,0.75,0.24791660904884338,0.75,0.24791660904884338,0.75,0.24791660904884338,0.75,0.24791660904884338,0.75,0.24791660904884338,0.25,0.09884787599245708
91,881,1.0,0.08168754167854786,1.0,0.08540999051183462,1.0,0.08168754167854786,1.0,0.08540999051183462,0.75,-0.03673131267229716,0.5,-0.11783592154582341
91,1004,0.0,0.01890277365843455,0.0,0.02537455161412557,0.0,0.02537455161412557,0.0,0.02537455161412557,0.75,-0.09330010910828908,0.25,0.006674518187840779
91,139,0.75,0.12904862749079862,0.25,0.13091297129479548,0.75,0.12904862749079862,0.25,0.13091297129479548,0.0,-0.06311263578633468,0.0,0.12757685718437037
92,80,1.0,0.17369389533996582,0.75,0.12879250446955362,0.75,0.2291852037111918,0.75,0.12879250446955362,0.625,0.2632420261700948,0.25,-0.0969292124112447
92,33,0.4,0.19384446740150452,0.19999999999999996,0.11762130260467529,1.0,0.20083781083424887,0.0,0.11762130260467529,1.0,0.20083781083424887,0.8,0.19198882579803467
92,807,0.25,0.12346267700195312,0.75,0.4107847809791565,0.5,0.23534717162450156,0.75,0.4107847809791565,0.625,0.4478805313507716,0.0,0.08471932013829549
92,650,0.0,0.18720551331837973,0.4,0.696388212343057,0.19999999999999996,0.33621132125457126,0.19999999999999996,0.696388212343057,0.8,0.7059990440805753,0.19999999999999996,0.33621132125457126
92,893,0.0,0.4151015058159828,0.19999999999999996,0.5194238494926443,0.0,0.42849207289206487,0.19999999999999996,0.5194238494926443,0.6,0.5194238494926443,0.19999999999999996,0.33497174580891925
92,294,0.6,0.21985856691996256,0.4,0.14582655827204385,1.0,0.37868035833040875,0.6,0.14582655827204385,1.0,0.3151002724965413,0.6,-0.19866989056269327
92,794,1.0,0.16394010186195374,0.6,0.10117279489835103,0.8,0.19933255513509116,0.8,0.22337873031695685,0.0,0.23957350850105286,0.8,0.2823126055300236
92,389,0.19999999999999996,0.07248308695852757,0.4,0.09842397039756179,0.19999999999999996,0.07248308695852757,0.4,0.09842397039756179,0.19999999999999996,-0.0550934054578344,0.0,0.03834128325494627
92,540,1.0,0.18925104926650724,0.8,0.21206506419306,1.0,0.18925104926650724,0.8,0.21206506419306,0.8,0.21206506419306,0.19999999999999996,-0.01691905160744985
92,713,0.6,0.08272377277414004,1.0,0.10977631264055769,0.8,0.08748907114689548,1.0,0.10977631264055769,1.0,0.10878648639967044,0.6,-0.004765257239341736
92,263,0.6,0.08998284170714517,1.0,0.10192376047295208,0.8,0.09091999628193055,1.0,0.10192376047295208,1.0,0.10192376047295208,1.0,0.10107188570934038
93,807,1.0,0.12589925527572632,1.0,0.12589925527572632,1.0,0.12589925527572632,1.0,0.12589925527572632,1.0,0.12589925527572632,0.16666666666666663,0.024937987327575684
93,650,0.0,0.44326088825861615,0.0,0.44326088825861615,0.0,0.44326088825861615,0.0,0.44326088825861615,0.0,0.44326088825861615,0.8333333333333334,0.012397170066833496
93,893,0.0,0.5150777806605523,0.0,0.5150777744517351,0.0,0.5150777744517351,0.0,0.5150777806605523,0.6666666666666667,0.5150777806605523,0.6666666666666667,-0.17188922564188638
93,147,0.33333333333333337,0.1465784910445412,0.33333333333333337,0.14657848669836918,0.33333333333333337,0.14657848669836918,0.33333333333333337,0.1465784910445412,0.33333333333333337,-0.35057299832503,0.5,0.014720335602760315
93,725,0.6666666666666667,0.2612953881422679,0.6666666666666667,0.2612953881422679,0.33333333333333337,-0.0627133846282959,0.6666666666666667,0.2612954080104828,1.0,0.3410038948059082,0.6666666666666667,0.12494237224260966
93,140,0.6666666666666667,0.13696233245233694,0.33333333333333337,0.13696233245233694,0.6666666666666667,0.13696233245233694,0.33333333333333337,0.13696233245233694,0.0,0.13696233617762724,0.8333333333333334,0.009093418717384338
94,33,0.6666666666666667,0.2491469575713078,0.33333333333333337,0.2491469575713078,0.6666666666666667,0.2491469575713078,0.33333333333333337,0.2491469575713078,0.0,0.22430012995998064,0.5,0.23745077475905418
94,650,0.0,0.7316042973349491,0.0,0.7316042973349491,0.0,0.7122466117143631,0.0,0.7316042973349491,0.16666666666666663,0.7316042973349491,0.33333333333333337,0.5948059956232706
94,659,0.6,-0.08941866954167683,0.6,-0.08941866954167683,0.4,-0.08941866954167683,0.6,-0.08941866954167683,1.0,0.2851940741141637,0.8,0.2095139424006144
94,114,1.0,0.022887413181403343,1.0,0.025391363126497406,1.0,0.022887413181403343,1.0,0.025391363126497406,0.33333333333333337,-0.19745407377680144,0.5,-0.003125083943208059
94,392,0.8333333333333334,0.006160496961456374,0.6666666666666667,0.006222523053414382,0.6666666666666667,0.006222523053414382,0.6666666666666667,0.006222523053414382,0.16666666666666663,-0.14180954871699214,0.8333333333333334,-0.010372630786150694
94,803,0.4,-0.06486857185761134,0.4,0.08733336955386524,0.4,0.07529572552690904,0.4,0.08733336955386524,0.4,-0.06486857185761134,0.09999999999999998,0.06336269403497378
94,939,0.6666666666666667,0.021228419927259285,0.8333333333333334,0.02705093999975361,0.6666666666666667,0.021228419927259285,0.8333333333333334,0.02705093999975361,0.33333333333333337,-0.16508594155311584,0.16666666666666663,-0.056263293915738664
94,715,0.16666666666666663,0.035227070252100624,0.16666666666666663,0.043410022941922456,0.16666666666666663,0.035227070252100624,0.16666666666666663,0.043410022941922456,0.0,-0.18193505704402924,1.0,-0.03319206088781357
94,838,0.16666666666666663,0.030662437920303393,0.16666666666666663,0.032643514316684254,0.16666666666666663,0.030662437920303393,0.16666666666666663,0.032643514316684254,0.0,-0.16656592239936194,0.16666666666666663,-0.06555918914576371
94,753,0.0,0.029861919543084998,0.0,0.031008271503196738,0.0,0.029861919543084998,0.0,0.031008271503196738,0.0,-0.18296835385262966,1.0,-0.028490509216984112
95,80,1.0,0.014667312304178873,0.8,0.01404265562693278,1.0,0.014667312304178873,0.75,0.003859579563140869,0.5,0.0003064870834350586,0.55,-0.0004273851712544759
95,147,0.0,0.08106271115442117,0.8181818181818181,0.0342076321442922,0.8181818181818181,0.0342076321442922,0.6818181818181819,0.07443973173697789,0.36363636363636365,0.04804967592159907,0.18181818181818182,0.03205676128466924
95,887,1.0,0.06466436859530707,0.8181818181818182,0.06485737712743382,0.8181818181818182,0.06485737712743382,0.8181818181818181,0.06485737464390695,0.36363636363636365,-0.6367412855227789,0.13636363636363635,-0.12206763277451198
95,128,0.19999999999999996,0.015390611564119657,0.6666666666666666,0.0017456890394290288,0.6,0.008643718746801218,0.7,0.0038623505582412085,0.8666666666666667,0.0009207073599100113,0.5666666666666667,0.00337145725886027
95,1004,0.4,0.04520184422532717,0.5333333333333333,0.01269480586051941,0.19999999999999996,0.04520184422532717,0.6,0.006371818482875824,1.0,-0.09926018863916397,0.5333333333333333,-0.038616329431533813
95,667,0.8095238095238095,0.01682419003918767,0.33333333333333337,0.01694645220413804,0.33333333333333337,0.01694645220413804,0.3571428571428572,0.01694645220413804,0.23809523809523814,-0.009233412643273672,0.6190476190476191,0.013784002512693405
95,981,0.0,0.02466383952802668,0.0,-0.05323049674431483,0.0,0.02466383952802668,0.0,-0.0842625026901563,0.36363636363636365,-0.14395888894796371,0.5909090909090908,-0.0714198537170887
96,80,0.863095238095238,-7.470448811848958e-06,0.6190476190476191,8.926788965861003e-05,0.6607142857142857,0.00038691361745198566,0.613095238095238,0.0001053611437479655,0.05952380952380952,5.654493967692057e-05,0.36904761904761907,5.964438120524088e-05
96,33,0.23863636363636362,-0.002262552579243978,0.5454545454545454,-0.0007889072100321451,0.6931818181818181,0.003425041834513346,0.4545454545454546,-0.0007889072100321451,0.9545454545454545,-0.0011214216550191243,0.6477272727272727,-0.0011193354924519856
96,807,0.2916666666666667,0.34036657214164734,1.0,0.49469755093256634,1.0,0.20061633984247842,1.0,0.47797625263532,0.8125,0.8896513902194177,0.33333333333333337,0.09959991772969563
96,650,0.0,0.06905704736709595,0.7083333333333333,0.964707387999321,0.125,0.9309607331718629,0.6041666666666667,0.9438092145137489,0.9166666666666666,0.947786716123422,0.5416666666666666,0.7544902513424555
96,893,0.0,0.5431232325111827,0.75,0.6113695452198348,0.04166666666666663,0.6113511556153147,0.6875,0.6114382752857637,0.9166666666666666,0.6105255203704777,0.375,0.4733791212396075
96,1,0.625,0.6793644232481407,0.29166666666666663,0.7679829970002174,0.3958333333333333,0.6711747714628776,0.3125,0.7648793974270424,1.0,0.8026293188228616,0.7083333333333334,0.5373203884034107
96,294,0.2727272727272727,-0.02610631783803304,0.75,0.335020254055659,0.8295454545454546,0.5248505224784216,0.7272727272727273,0.335020254055659,0.875,0.23751431703567505,0.5909090909090908,0.02947684129079183
96,695,0.25,0.16325821603822988,0.8333333333333334,0.2046189678949304,0.75,0.20092825869020695,0.75,0.20539041385442638,0.8333333333333334,0.17771903580675522,0.5416666666666666,0.11736184048155944
96,147,0.08333333333333337,0.22548686464627585,0.8958333333333334,0.4343470303962628,0.8333333333333334,0.46143441600725055,0.9166666666666666,0.45042168426637846,0.8333333333333334,0.38084641098976135,0.6041666666666667,0.31133024394512177
96,887,0.8409090909090908,-0.016256868839263916,0.5,0.312629093726476,0.5681818181818181,0.520834947625796,0.6590909090909091,0.42042260865370434,0.21590909090909088,0.48372845848401386,0.5340909090909092,0.03771406412124634
96,794,0.6666666666666666,-0.03441294034322103,0.9791666666666667,0.513442816833655,0.9791666666666667,0.7240152681867281,1.0,0.5137035597193366,0.33333333333333337,0.551370419561863,0.6041666666666667,0.01862788200378418
96,591,0.41666666666666663,-0.09918799002965291,0.9375,0.8261728805179397,0.9583333333333333,0.7505001991376048,0.9583333333333334,0.8082703511851529,0.45833333333333337,0.8829527034734687,0.45833333333333337,0.190721333026886
96,540,0.9166666666666666,0.3107194535220212,0.16666666666666663,0.2861936225090176,0.25,0.2906149534974247,0.20833333333333331,0.2977070303556199,0.9166666666666666,0.3336492862223774,0.5833333333333334,0.17913280054926872
96,739,0.5416666666666666,0.45579887229953897,0.2708333333333333,0.46247831169072623,0.22916666666666669,0.4557942511269175,0.25,0.46198239780460426,0.41666666666666663,0.46333276363894055,0.39583333333333337,0.3447058046391855
96,190,0.8125,0.007599646802604794,0.47916666666666663,0.0076301910727304785,0.6458333333333334,0.007524212306809848,0.5,0.0076300204926364286,0.9166666666666666,0.0076308077887195696,0.35416666666666663,0.007291016448410422
96,362,0.7083333333333333,0.11361860087330437,1.0,0.11486874351408953,0.8125,0.1078523917908664,1.0,0.11486770208595469,1.0,0.11487517266316301,0.5833333333333334,0.09750368535363425
96,118,0.75,0.03901749670268373,0.25,0.027828236265728872,0.4375,0.01591639081016183,0.16666666666666669,0.03402589250860425,0.6666666666666667,0.040256674422911,0.5208333333333334,0.027446861766899627
96,243,0.7083333333333333,0.038921585952569636,0.3125,0.033994135243195465,0.22916666666666669,0.03870624058466395,0.3125,0.04138592195045021,0.22916666666666669,0.04184359713619301,0.5,0.03057936462573707
97,33,1.0,0.06507733464241028,0.5,-0.18494662642478943,1.0,0.06507733464241028,0.0,-0.18494662642478943,0.0,-0.18494662642478943,0.0,-0.09611082077026367
97,807,0.0,0.13824883103370667,0.5,0.13824883103370667,0.5,0.13824883103370667,0.5,0.13824883103370667,0.0,0.13824883103370667,0.0,0.13824883103370667
97,695,0.5,-0.0013727545738220215,1.0,-0.04511053115129471,0.5,-0.0013727545738220215,1.0,-0.04511053115129471,0.5,-0.05071005970239639,1.0,-0.04511053115129471
97,841,1.0,-0.008661024272441864,0.5,-0.004045478999614716,1.0,-0.008661024272441864,0.5,-0.004045478999614716,0.5,-0.037372276186943054,0.5,-0.037372276186943054
98,807,0.25,0.08815258741378784,0.5,0.1805894374847412,0.0,0.1805894374847412,0.5,0.18058941761652628,0.75,0.45240070919195813,0.5625,0.26071833570798236
98,694,1.0,0.07178252935409546,1.0,0.07178252935409546,1.0,0.07178252935409546,1.0,0.07178250948588054,0.75,0.12528395652770996,0.375,0.06004384160041809
98,725,0.25,-0.06157220806926489,0.75,0.003890163740531231,0.0,-0.06157220806926489,0.5,0.003784660453675315,0.25,-0.06157220806926489,0.25,-0.01884104621907075
98,1004,0.75,-0.019723914563655853,0.75,-0.01972389966249466,0.75,-0.019723912080128986,0.6875,-0.019723912080128986,0.5,0.042448254923025765,0.5625,-0.017285349468390148
99,33,0.5714285714285714,0.0728608878950278,0.0,0.0728608878950278,0.5714285714285714,0.0728608878950278,0.0,0.0728608878950278,0.0,-0.30287013947963715,0.4285714285714286,-0.23414887487888336
99,1,0.8571428571428571,0.3518615737557411,1.0,0.291172814865907,1.0,0.291172814865907,0.8571428571428572,0.3518615737557411,0.8571428571428571,0.3518615737557411,0.7142857142857143,-0.1019226610660553
99,695,0.7142857142857142,0.39366103687855986,0.7142857142857143,0.39366103687855986,0.7142857142857142,0.39366103687855986,0.7142857142857143,0.39366103687855986,0.0,0.39366103687855986,0.5714285714285714,0.36493659019470215
99,659,0.33333333333333337,-0.13966200749079385,0.5,-0.10042387247085571,0.33333333333333337,-0.10042387247085571,0.5,-0.10042387247085571,0.8333333333333334,-0.10767441987991333,0.33333333333333337,0.16017486651738486
99,114,1.0,0.8257071637393286,0.8571428571428571,0.6360056369254986,0.8571428571428571,0.6360056369254986,1.0,0.8257071637393286,1.0,0.8257071637393286,0.5714285714285714,0.1219489574432373
99,841,0.5714285714285714,0.13221489499301242,0.2857142857142857,0.13221489499301242,0.2857142857142857,0.13221489499301242,0.2857142857142857,0.13221489499301242,0.4285714285714286,0.13221489499301242,0.5714285714285714,-0.03373792767524719
99,914,0.0,0.3300622133538127,0.33333333333333337,0.3300622133538127,0.33333333333333337,0.3300622133538127,0.0,0.32569137401878834,0.33333333333333337,0.3300622133538127,0.5,-0.023961931467056274
99,904,0.0,0.2557828196634849,0.0,0.2557828196634849,0.0,0.033894081910451256,0.0,0.2557828196634849,0.0,0.31215095434648293,0.25,0.31215095434648293
99,429,0.0,0.13087395048518147,0.0,0.13087395048518147,0.0,0.09214323665946722,0.0,0.135616576454917,0.0,-0.3916148593028386,0.9166666666666667,0.1014127537649377
100,807,0.8333333333333334,0.24406294027964273,0.8333333333333334,0.24406294027964273,0.8333333333333334,0.24406294027964273,0.8333333333333334,0.24406294027964273,0.8333333333333334,0.24406294027964273,0.33333333333333337,0.1538536548614502
100,650,0.0,0.5848567485809326,0.0,0.5848567485809326,0.0,0.5848567485809326,0.0,0.5848567485809326,0.0,0.5848567485809326,1.0,0.03006821870803833
100,893,0.25,0.25687360716983676,0.25,0.25687360716983676,0.25,0.25687360716983676,0.25,0.25687360716983676,1.0,-0.39511237541834515,0.0,-0.014746437470118204
100,694,0.75,-0.028396358092625935,0.75,-0.028396358092625935,0.75,-0.028396358092625935,0.75,-0.028396358092625935,0.5,-0.28230512142181396,0.5,-0.046834081411361694
100,389,0.5,0.11361334224541982,0.5,0.11361334224541982,0.5,0.11361334224541982,0.5,0.11361334224541982,0.25,-0.044476878829300404,0.75,-0.09709516664346059
100,1004,0.0,0.009275386730829874,0.0,0.009275386730829874,0.0,0.009275386730829874,0.0,0.009275386730829874,0.75,-0.09935871760050456,1.0,-0.06370675563812256
101,80,1.0,0.3813093652327855,0.5,-0.07676154375076294,0.875,0.13993704319000244,0.5,-0.07676154375076294,1.0,0.3813093652327855,0.71875,0.21204525232315063
101,33,0.19999999999999996,0.3790031199653943,0.19999999999999996,-0.08373727401097615,0.4,0.12560820579528809,0.19999999999999996,-0.08373727401097615,0.6,0.3790031597018242,0.44999999999999996,0.2116125226020813
101,807,0.8,0.005166749159495036,1.0,0.489773524304231,0.8,0.35904789219299954,1.0,0.4897735044360161,1.0,0.4974370946486791,0.19999999999999996,0.08308245738347371
101,650,0.0,0.02043783167997996,0.0,0.1817138840754827,0.0,0.02043783167997996,0.0,0.1817138840754827,0.6,0.41577415610663593,0.65,0.2498303453127543
101,893,0.0,0.16862432907025018,0.0,0.19754218558470407,0.0,0.1551392376422882,0.0,0.21825968784590563,0.6,-0.20612493060374013,0.55,0.10220559934775035
101,695,0.19999999999999996,0.375530150718987,0.19999999999999996,0.5816613907615343,0.0,0.18476224318146706,0.8500000000000001,0.5486243745932976,0.6,0.5934618569444865,0.7999999999999999,0.36840596981346607
101,1017,0.4,0.1297657642668734,0.19999999999999996,0.02332003911336263,0.4,0.1279184300607691,0.19999999999999996,0.035156999404231705,0.4,0.16893201597213192,0.25,0.0417442760275056
101,13,0.8,0.15104193271448216,0.0,0.20092744675154486,0.4,0.029015332305183012,0.5,0.20013134259109697,0.8,0.2025237597505717,0.9,0.12088302026192348
101,540,1.0,0.017426910549450742,0.4,-0.021630520621935528,0.8,0.018318571588073002,0.4,-0.021630520621935528,0.0,-0.027342073733355694,0.65,0.009278983547119424
102,80,0.9636363636363636,0.08534892400105794,0.2727272727272727,0.037773331006368004,0.5454545454545455,0.04337066411972046,0.4181818181818182,0.04337066411972046,0.2181818181818182,0.10601864258448283,0.38181818181818183,0.0013771851857503254
102,807,0.29166666666666663,0.012785752614339193,0.9166666666666667,0.1893182396888733,0.8333333333333333,0.1661422848701477,0.875,0.2100743850072225,0.8125,0.16481852531433105,0.4583333333333333,0.005420386791229248
102,650,0.0357142857142857,0.33765749136606854,0.35714285714285715,0.8866961486637592,0.0,0.02878628174463908,0.32142857142857145,0.8866961486637592,0.8571428571428572,0.9314850723991791,0.5357142857142857,0.3544944574435552
102,893,0.0,0.4483031825317691,0.10714285714285715,0.9721362088771078,0.0,0.9631070720497519,0.1428571428571429,0.8027829243183078,0.7142857142857143,0.9816797812703347,0.3928571428571429,0.6308571795622507
102,1,1.0,0.582142109866254,0.8571428571428572,0.5701292332572242,1.0,0.5826643053636266,0.8571428571428572,0.5702424444607459,1.0,0.5827223769156262,0.21428571428571425,0.21981578320264816
102,147,0.2857142857142857,0.6584760081022978,0.0714285714285714,0.6300538256764412,0.0714285714285714,0.637872097392877,0.0714285714285714,0.658127946468691,0.0,0.6760711286139364,0.6785714285714286,0.5964789272596439
102,887,1.0,0.13378228230188446,0.0,0.19366539751960468,0.1428571428571429,0.1934012575475208,0.25,0.19364561998130134,0.2142857142857143,0.19363246357049016,0.6428571428571428,0.07753361016511917
102,389,0.1428571428571429,0.19607342531283697,0.2857142857142857,0.31309727390665404,0.1785714285714286,0.3080370485937844,0.10714285714285715,0.26136487867188407,0.5714285714285714,0.31305096349623324,0.4642857142857143,0.3104140622696529
102,128,0.5333333333333333,0.20296505280809166,0.9333333333333333,0.16900538785072663,0.8,0.18091153229276338,0.8,0.20238965408255657,0.7333333333333334,0.20920162403490394,0.1333333333333333,0.17720228681961694
102,1004,0.6,-0.001291787251830101,0.0,0.00023868990441163382,0.0,0.0023201250781615577,0.0,0.00015148023764292398,0.1333333333333333,-0.13870928871134916,0.19999999999999996,-0.021475566551089287
102,820,0.5,0.06727203360184812,1.0,0.06727016971433449,0.8571428571428572,0.06727226316650285,0.9642857142857143,0.06726995089118197,0.8571428571428572,0.06727226156076949,0.7857142857142856,0.06725987445565806
102,739,0.8,0.20132515683445718,0.5333333333333333,0.201310111958333,0.6666666666666667,0.2013260177938155,0.5333333333333333,0.20131772436987916,0.4,0.2013260047184874,0.33333333333333337,0.15257454711581886
102,786,0.2857142857142857,0.09160074757949133,0.0,0.09159567024025635,0.2142857142857143,0.09145680546884598,0.0,0.0915955338808172,0.7142857142857143,0.09160255913771682,0.1785714285714286,0.09156813192748814
102,667,0.6,0.025550412913048604,0.4,0.02065074921119958,0.19999999999999996,0.025338604290785344,0.1333333333333333,0.02522721933686019,0.0,0.02554525324740098,0.06666666666666665,-0.012142179533839226
102,825,0.8928571428571429,0.0343291694739302,0.8571428571428572,0.03440689971895605,1.0,0.03440823680878088,0.8571428571428572,0.034406899283296134,1.0,0.03440860743387949,0.1785714285714286,0.003700044626990954
102,403,0.5,0.029402692048857187,1.0,0.02940196222895079,0.8571428571428572,0.029402927249779665,0.9642857142857143,0.029401609288920993,0.8571428571428572,0.029402924760212557,0.3928571428571429,-0.006440108631068142
103,33,0.33333333333333337,0.37425151591499645,0.0,0.4037511708835761,0.33333333333333337,0.4019762196888526,0.0,0.4037511708835761,0.2222222222222222,0.4086706011245648,0.4444444444444444,0.24492750068505606
103,807,0.19999999999999996,-0.1526244878768921,0.4,-0.1526244878768921,0.0,-0.1526244878768921,0.4,-0.1526244878768921,0.7,-0.18618551890055338,0.6,-0.15467659632364908
103,650,0.4,0.4395304322242737,0.30000000000000004,0.4395304322242737,0.5,0.4395304322242737,0.5,0.4395304322242737,0.6,0.6742490207155546,0.19999999999999996,0.44364916284879047
103,695,0.625,0.06789679588746367,0.4583333333333333,0.06503790347202691,0.625,0.06789679588746367,0.4583333333333333,0.06503790347202691,0.25,-0.14812795158165196,0.6666666666666667,0.03311263898406954
103,694,0.5555555555555556,-0.01644827922185262,0.6111111111111112,-0.01644827922185262,0.8888888888888888,0.10124878336985906,0.6111111111111112,-0.016448294123013813,0.38888888888888895,0.09177871296803157,0.5555555555555556,0.008664071559906006
103,659,0.0,0.3125559290250142,0.33333333333333337,0.24700083335240683,0.33333333333333337,0.3400506873925527,0.33333333333333337,0.24700083335240683,0.8888888888888888,0.5192228679855665,0.8333333333333334,0.19566302498181662
103,841,0.33333333333333337,0.2834396380697702,0.0,0.2694412690276901,0.11111111111111116,0.28208103698367876,0.0,0.2694412690276901,0.11111111111111116,0.2960433415316099,0.4444444444444445,0.1775439257423083
103,192,1.0,0.03501729091712615,0.9,0.034197780507098055,1.0,0.03501729140983097,1.0,0.03501729140983097,0.8,-0.10982919085988858,0.0,0.02407403678322832
103,486,0.0,0.01131730782303797,0.19999999999999996,0.010845147562586366,0.0,0.011317309821817853,0.19999999999999996,0.010845147562586366,1.0,-0.1649398459121585,0.8,0.011316894797772056
103,190,1.0,0.0009719354142380862,1.0,0.0009719364177330769,1.0,0.0009719364177330769,1.0,0.0009719364177330769,0.6,-0.020169697895956535,0.9,0.0005093545354313278
103,268,0.11111111111111116,0.17103496201646826,0.5555555555555556,0.17442702994640058,0.2222222222222222,0.17103496201646826,0.33333333333333337,0.17442702994640058,0.0,0.1744141228347568,0.4444444444444445,0.15781095989465635
103,362,0.7,0.0005920740735056393,0.7000000000000001,0.0005810558568177804,0.5,0.000592074771890457,0.7,0.0005746983658515328,0.19999999999999996,-0.02842364920070395,0.09999999999999998,-0.00348152897398298
104,80,0.8,0.09311398615439732,0.8,0.09311398615439732,0.8,0.09311398615439732,0.8,0.09311398615439732,0.0,-0.21086708207925162,0.6,-0.15220780670642853
104,114,0.8,0.14840807765722275,0.8,0.14840807765722275,0.8,0.14840807765722275,1.0,0.6095498984990021,1.0,0.6341380752855912,0.19999999999999996,-0.009149273236592611
104,904,0.0,0.13510808100303015,0.0,0.5543917870769898,0.0,0.13510808100303015,0.0,0.5543917870769898,0.375,0.5676510021245728,0.125,0.5676510021245728
104,429,0.33333333333333337,0.07735184505387831,0.0,0.2558316090032046,0.33333333333333337,0.07735184505387831,0.0,0.2558316090032046,0.33333333333333337,0.2559072464167305,0.0,-0.05770084261894226
105,80,1.0,0.2547743519147237,0.75,-0.20509328444798788,0.75,-0.20509328444798788,0.75,-0.20509328444798788,0.75,-0.20509328444798788,0.0,-0.09082309405008952
105,33,0.5,0.2101659675439199,0.0,0.11978313326835632,0.25,0.11978313326835632,0.0,0.11978313326835632,0.5,0.12744104862213135,0.25,-0.018581847349802654
105,807,0.33333333333333337,0.03319728374481201,0.8333333333333334,0.36650877197583515,0.5,0.1578502357006073,0.8333333333333334,0.36650877197583515,0.6666666666666667,0.44510360062122345,0.5,0.09064106146494548
105,650,0.0,0.3189661925037702,0.25,0.6606665824850401,0.0,0.3189661925037702,0.25,0.6606665824850401,0.75,0.6724036360780398,0.25,-0.09524561961491902
105,893,0.0,0.32731570714774233,0.25,0.39404269532921415,0.0,0.32731570714774233,0.25,0.39404269532921415,0.25,0.39170434946815175,1.0,0.17548827330271402
105,294,0.5,0.13073157022396723,0.0,-0.07711738844712575,0.5,0.051021469136079155,0.0,0.051021469136079155,0.25,-0.1856120377779007,0.75,-0.09771946569283803
105,389,0.25,0.003621317446231842,0.5,0.06268354516942054,0.25,0.03979166034453859,0.5,0.06268354516942054,0.5,-0.1284516933374107,0.5,-0.16387481490770975
105,713,0.75,0.05091973301023245,1.0,0.07037955646713574,0.75,0.05091973301023245,1.0,0.07037955646713574,0.75,-0.07395319951077302,0.25,-0.05321845163901647
106,80,1.0,0.1576888064543406,1.0,-0.011911491552988688,1.0,0.1576888064543406,1.0,-0.011911491552988688,0.0,-0.38521536191304523,1.0,0.05524718761444092
106,33,0.75,0.16993566354115805,0.25,0.09715230266253154,0.75,0.16993566354115805,0.25,0.09715230266253154,0.25,-0.24479242165883383,0.75,-0.12489245335261027
106,294,0.75,0.05926943322022756,0.25,-0.3158101762334506,0.75,0.05926943322022756,0.25,-0.3158101762334506,0.0,-0.5164904172221819,0.25,-0.11460964630047481
106,725,0.5,-0.10224927465120952,0.75,-0.03590582807858785,0.5,-0.10224927465120952,0.75,-0.03590582807858785,0.25,-0.05312791715065638,0.5,-0.018218964338302612
106,914,0.25,-0.01981341963013013,0.5,0.0029009984185298285,0.25,-0.01981341963013013,0.5,0.0029009984185298285,0.0,-0.032779897252718605,0.75,-0.006426633025209109
106,674,0.25,-0.030568107962608337,0.5,-0.030568107962608337,0.25,-0.030568107962608337,0.5,-0.030568107962608337,1.0,0.15233253935972849,0.0,0.08985023200511932
106,97,0.0,0.002240633281568686,0.25,-0.0027793492190539837,0.0,0.002240633281568686,0.25,-0.0027793492190539837,1.0,-0.018829933367669582,0.0,-0.002479778757939736
107,80,1.0,0.1346668004989624,0.75,-0.04298683007558187,1.0,0.22777265310287476,0.75,-0.04298683007558187,1.0,0.22777265310287476,0.25,-0.07242963711420695
107,807,0.75,0.03931142638127009,1.0,0.10637550801038742,0.75,0.03931142638127009,1.0,0.10637550801038742,1.0,0.08585689961910248,0.75,0.03931142638127009
107,342,0.5,0.07043275547524293,0.5,0.09895198792219162,0.5,0.07043275547524293,0.5,0.09895198792219162,0.0,0.09320387244224548,0.0,-0.050726654628912606
107,728,0.6666666666666667,0.21065626541773477,0.16666666666666669,0.03518358866373698,0.6666666666666667,0.21065626541773477,0.0,0.03518358866373698,1.0,0.4449640413125356,0.33333333333333337,0.012296080589294434
107,251,0.25,0.2099241018295288,0.0,0.301463524500529,0.0,0.4387858708699544,0.0,0.301463524500529,0.5,0.40131621559460956,0.0,0.4221515903870265
107,1022,0.5,0.001558743523977076,0.5,0.002633287872110183,0.5,0.001558743523977076,0.5,0.002633287872110183,0.25,-0.13469764411759874,0.25,-0.0035398018080741167
108,80,0.7142857142857142,0.06612900892893474,0.6904761904761905,0.028164068857828777,0.7619047619047619,0.06612900892893474,0.5952380952380952,0.028164068857828777,0.7380952380952381,0.06571916739145915,0.2857142857142857,-0.0076863765716552734
108,33,0.8,0.07507582505544026,0.2,0.008349955081939697,0.5,0.04220449924468994,0.33333333333333337,0.010442654291788736,0.9,0.11393288771311443,0.06666666666666665,0.01609104871749878
108,807,0.0,0.021961013476053875,0.0625,0.38266657789548236,0.0,0.3549940784772237,0.0,0.30786195894082385,0.875,0.576108206063509,0.1875,0.1450853149096171
108,1,0.9375,0.0072439689344416065,1.0,0.007150411702847729,0.9375,0.00708448785978059,1.0,0.007118158120041092,0.9375,0.005263414466753602,0.375,-0.0009132854950924715
108,294,0.9375,0.3856053600708644,0.9375,0.3639971849819024,1.0,0.3693588338792324,0.9375,0.3639971849819024,1.0,0.27049768964449566,0.4375,-0.05502212047576904
108,695,0.125,0.4543060624661545,0.6875,0.4296157794694106,0.375,0.4193693616737922,0.625,0.44634222363432247,0.9375,0.4054310930271943,1.0,0.25133786847194034
108,694,0.1571428571428572,-0.01796746253967285,0.48571428571428577,0.06850000222524007,0.32857142857142857,-0.012664119402567545,0.5428571428571429,0.07322061061859131,0.6285714285714286,-0.017963329950968426,0.8,0.13022818168004355
108,283,0.1875,0.007658001353168705,0.125,0.007629997151525458,0.6875,0.007657659238854346,0.125,0.007632027976190632,0.625,0.006867426835621397,0.6875,0.0025835715544720492
108,227,0.0,0.012972477844717408,0.375,0.012871364701519875,0.3125,0.012869001305565083,0.0625,0.012851524811897738,0.75,-0.011311964830383658,0.25,0.01104240545949627
108,432,0.638888888888889,0.2445732983178459,0.4166666666666667,0.17970509019990763,0.3472222222222222,0.07763202985127766,0.638888888888889,0.20632498587171236,0.4444444444444444,0.2137824931802849,0.4861111111111111,-0.035361366967360176
108,139,0.4696969696969697,0.3458948814465354,0.030303030303030293,0.3398888000325921,0.030303030303030293,0.2179654277085016,0.04545454545454545,0.3398888000325921,0.25757575757575757,0.3438069893357654,0.40909090909090906,0.14289291327198347
108,118,1.0,0.009642312641517492,0.9375,0.009637005559246367,0.9375,0.009421482968415754,0.9375,0.00964141305666999,0.75,0.006498559843748808,0.875,0.006652676810820897
108,823,0.625,0.08005531857816095,0.5625,0.07985307830676902,0.5625,0.08003496767075073,0.375,0.07995248522820475,0.4375,0.07459989273532604,0.125,0.0794470584175239
108,913,0.9375,0.0006050493296925197,1.0,0.000603952663122224,0.9375,0.0006051252798139709,1.0,0.0006051525302079123,0.9375,0.0005145960603840649,0.875,0.0005487181612882827
108,585,0.375,0.06724662684647835,0.875,0.06722632176752086,0.75,0.06721150257362751,0.875,0.06722632176752086,0.5,0.055218763959904514,0.4375,0.06235104890947696
108,332,0.6875,0.2715846107263739,0.6875,0.25160450271020335,0.5625,0.25130214743937057,0.6875,0.2350365649908781,0.1875,0.19909123641749224,0.875,0.22939821953574815
109,80,1.0,0.16010433435440063,0.40740740740740744,0.05659357706705729,0.5925925925925926,0.14401787519454956,0.5925925925925926,0.13092873493830362,0.3333333333333333,0.3652622004350026,0.7777777777777779,0.13864737749099731
109,33,0.5454545454545454,0.1934710144996643,0.8181818181818181,0.19217383861541748,0.8181818181818181,0.19217383861541748,0.8181818181818181,0.19217383861541748,1.0,0.3262970447540283,0.6363636363636364,-0.0020815332730611167
109,807,0.55,0.23480791846911112,0.6,0.24344118436177573,0.6,0.24344118436177573,0.6,0.24344118436177573,0.35,0.18723793824513754,0.44999999999999996,0.025102655092875164
109,650,0.0,0.3768868347009023,0.35000000000000003,0.3926776846249898,0.15000000000000002,0.3926776846249898,0.4,0.3926776846249898,0.75,0.2885310749212901,0.25,0.0120698610941569
109,294,0.7272727272727273,0.23323195427656174,0.8181818181818181,0.24695841719706854,0.9090909090909091,0.387302003800869,0.7272727272727273,0.24695841719706854,0.9090909090909091,0.6202001481627425,0.5454545454545454,0.42664288481076557
109,694,0.6363636363636364,-0.029603103796641033,0.7272727272727273,-0.022372146447499592,0.8181818181818181,-0.022372146447499592,0.8181818181818181,-0.022372146447499592,0.5454545454545454,-0.21599812308947244,0.5454545454545454,-0.10472610592842102
109,887,1.0,0.2453249484921495,0.5454545454545454,0.3783700180550416,0.4545454545454546,0.3880152433800201,0.4545454545454546,0.3783700180550416,0.18181818181818177,0.3978132149398637,0.0,0.28215741614500683
109,794,0.9090909090909091,0.20053921670963368,0.8181818181818181,0.35783302163084346,0.9090909090909091,0.3793558186541001,0.9090909090909091,0.3647945038974285,0.2727272727272727,0.4070543920970522,0.18181818181818177,0.2784175059447686
109,591,0.8181818181818181,0.1131042754665638,0.5454545454545454,0.1647143968536208,0.6363636363636364,0.16873288659068444,0.5454545454545454,0.16873288659068444,0.2727272727272727,0.15276971808634698,0.18181818181818177,0.12584305616716543
109,881,1.0,0.20298081737322113,0.7272727272727273,0.20196850830689073,0.9090909090909091,0.21848111343570054,0.7272727272727273,0.20651222625747323,0.9090909090909091,0.21888109506107867,0.2727272727272727,0.09803836047649384
109,725,0.25,0.027285536130269367,0.55,0.2922326984504859,0.4,0.253402978181839,0.44999999999999996,0.22446131333708763,0.9,0.29436499004562694,0.35,0.0554904838403066
109,1004,0.18181818181818177,-0.03618673235177994,0.4545454545454546,-0.041628352055946984,0.18181818181818177,-0.041628352055946984,0.5454545454545454,-0.041628352055946984,0.9090909090909091,-0.1010979488492012,0.4545454545454546,-0.060483102997144066
109,473,0.4545454545454546,0.05596652921910087,0.5454545454545454,0.05514873603048424,0.36363636363636365,0.05596652921910087,0.2727272727272727,0.05514873603048424,0.6363636363636364,0.05464929551817477,0.5454545454545454,0.03678203591456016
109,979,0.0,0.15834536702216914,0.09090909090909094,0.23102768865646794,0.0,0.23827592980038995,0.0,0.22541721644423282,0.6363636363636364,0.23837950868376842,0.0,0.11715926447262366
109,815,0.4545454545454546,0.15546409671272463,0.2727272727272727,0.21390777885486992,0.36363636363636365,0.21782413104665466,0.36363636363636365,0.21390777885486992,0.7272727272727273,0.21785577636425538,1.0,0.17636813254406056
109,401,0.9090909090909091,0.10736514133168384,0.7272727272727273,0.12759076383857368,0.7272727272727273,0.12905224861848788,0.8181818181818181,0.12759076383857368,0.9090909090909091,0.13229388687371588,1.0,0.11013407295104116
109,927,0.8181818181818181,0.10010640945498987,0.36363636363636365,0.09855305243399926,0.6363636363636364,0.09855305243399926,0.36363636363636365,0.09815842249857572,0.6363636363636364,0.10008746890040736,0.2727272727272727,-0.001412684718767802
109,197,0.4545454545454546,0.01912017961717538,0.9090909090909091,0.0187872356848023,0.7272727272727273,0.019040125115263134,0.9090909090909091,0.0187872356848023,0.09090909090909094,0.019120188378915753,0.2727272727272727,0.004167317577715342
109,585,0.6363636363636364,0.044365024590736844,0.8181818181818181,0.0453544634216693,0.9090909090909091,0.04551649212923318,0.8181818181818181,0.0453544634216693,0.5454545454545454,0.04565618757548388,0.18181818181818177,0.01705848981100644
110,80,0.4,-0.09572811921437581,0.8,-0.10394253333409627,0.4,-0.09572811921437581,0.6,-0.09572811921437581,0.0,0.2053810159365336,0.8,-0.027533551057179768
110,33,0.5,-0.06143319606781006,0.75,-0.059063573678334556,0.75,-0.059063573678334556,0.75,-0.059063573678334556,1.0,0.1474620302518209,0.75,-0.059063573678334556
110,650,0.0,0.15114236871401468,0.4,0.07646967967351277,0.0,0.07646967967351277,0.0,0.15114236871401468,0.6,0.17205012341340384,1.0,0.08514495690663655
110,1,1.0,0.13647033646702766,1.0,0.13647033646702766,0.8,0.07635755588610967,1.0,0.13647033646702766,1.0,0.1332763023674488,0.19999999999999996,0.014973228176434835
110,694,0.6,0.00772981842358907,1.0,0.13862902919451395,0.8,0.0405789315700531,1.0,0.13862902919451395,1.0,0.1422263185183207,0.4,0.022524068752924602
110,283,0.5,0.08830904584222783,0.25,0.11971091894277681,0.5,0.08830904584222783,0.25,0.11971091894277681,0.5,0.11758586872989933,0.625,-0.011867486561338106
110,1004,0.0,-0.036678820848464966,0.0,-0.03784152865409851,0.0,-0.0459417998790741,0.0,-0.03784152865409851,0.6,-0.03784152865409851,0.4,-0.05303593476613363
110,823,0.8,0.12794750971564403,0.4,0.11004986676077048,0.6,0.1197011253486077,0.4,0.11004986676077048,0.8,-0.08358423970639706,0.19999999999999996,0.11004986676077048
111,33,0.5,-0.005178868770599365,0.0,-0.005178868770599365,0.5,-0.005178868770599365,0.0,-0.005178868770599365,0.5,-0.13431531190872192,0.0,-0.005178868770599365
111,807,0.0,0.24514171481132507,0.6666666666666667,0.24514171481132507,0.0,0.24514171481132507,0.6666666666666667,0.24514171481132507,0.0,0.24514171481132507,1.0,0.12892428040504456
111,1,1.0,0.11519935354590416,1.0,0.11519935354590416,1.0,0.11519935354590416,1.0,0.11519935354590416,1.0,0.11519935354590416,0.33333333333333337,-0.10548637807369232
111,283,0.5,0.10214053187519312,0.5,0.10214053187519312,0.5,0.10214053187519312,0.5,0.10214053187519312,0.0,0.10214053187519312,0.5,-0.0675513818860054
111,227,0.0,0.09418232645839453,0.0,0.09418232645839453,0.0,0.09418232645839453,0.33333333333333337,0.09418232645839453,0.0,-0.11288367211818695,0.33333333333333337,0.09418232645839453
113,80,1.0,0.11196153362592061,0.75,-0.09882108370463054,0.75,-0.09882108370463054,0.75,-0.09882108370463054,0.25,-0.2697054247061412,1.0,0.12310148278872173
113,807,0.33333333333333337,0.04368974765141805,0.8333333333333334,0.23302201430002847,0.5,0.13351178169250488,0.8333333333333334,0.23302201430002847,0.5,0.26807116468747455,0.5,-0.051384965578715004
113,650,0.0,0.449913389980793,0.25,0.6733086680372556,0.0,0.449913389980793,0.25,0.6733086680372556,0.5,0.6733086680372556,0.5,0.18942794700463614
113,893,0.0,0.251832277708066,0.25,0.2774506703717634,0.0,0.251832277708066,0.25,0.2774506703717634,0.0,-0.22798914400239786,0.0,-0.22798914400239786
113,659,0.25,-0.10024499893188477,0.0,-0.10024499893188477,0.0,-0.10024499893188477,0.0,-0.10024499893188477,1.0,0.32427553832530975,0.0,0.05660831928253174
113,389,0.5,0.06499118435507019,0.5,0.1096875537186861,0.5,0.06499118435507019,0.5,0.1096875537186861,0.5,-0.0796560503852864,0.5,0.1096875537186861
113,713,0.75,0.04594259290024638,1.0,0.053507506381720304,0.75,0.04594259290024638,1.0,0.053507506381720304,0.5,-0.19111437474687895,0.75,-0.09220366614560287
113,85,0.0,0.15952018275856972,0.0,0.15952018275856972,0.0,0.15952018275856972,0.0,0.15952018275856972,0.75,0.17988941570123038,0.75,-0.00048100948333740234
113,667,1.0,0.026612207031575963,0.75,0.026591906372535352,1.0,0.026612207031575963,0.75,0.026591906372535352,0.25,-0.12347708952923615,0.0,-0.07618158372739951
114,80,0.75,0.041162331899007164,0.75,0.041162331899007164,0.75,0.041162331899007164,0.75,0.041162331899007164,0.75,0.1773601770401001,0.625,0.041162331899007164
114,1,1.0,0.009134292602539062,1.0,0.009134292602539062,1.0,0.009134292602539062,1.0,0.009134292602539062,0.0,-0.1699724793434143,0.6,-0.10835303862889607
114,659,0.0,-0.11269111434618632,0.0,-0.11269111434618632,0.0,-0.12563767035802206,0.0,-0.11269114414850871,0.5,-0.2823615272839864,0.25,-0.314031461874644
114,728,1.0,0.8818876594305038,0.4,-0.03509056568145752,1.0,0.8818876594305038,0.4,-0.03509056568145752,1.0,0.8818876594305038,0.8,0.30703787753979367
114,85,0.0,0.18160864897072315,0.0,0.18160864897072315,0.0,-0.1902628391981125,0.0,0.18160864897072315,0.0,-0.1902628391981125,0.25,0.1396369275947412
114,190,0.4,0.1774067139873902,0.4,0.1774067139873902,0.4,0.1774067139873902,0.4,0.1774067139873902,0.4,0.16162936141093573,0.6,-0.1303892731666565
115,80,0.0,0.21793332695960999,0.33333333333333337,-0.21101081371307373,0.0,0.21793332695960999,0.33333333333333337,-0.21101081371307373,0.33333333333333337,0.21793332695960999,0.0,0.019454360008239746
115,33,0.6666666666666667,0.11655819416046143,0.0,0.11655819416046143,0.6666666666666667,0.11655819416046143,0.0,0.11655819416046143,0.33333333333333337,-0.19894838333129883,0.0,0.11655819416046143
115,807,0.33333333333333337,0.016178488731384277,1.0,0.2583371698856354,0.6666666666666667,0.016178488731384277,1.0,0.2583371698856354,1.0,0.2583371698856354,0.33333333333333337,0.016178488731384277
115,1017,1.0,-0.05098175257444382,0.6666666666666667,0.03496724250726402,1.0,-0.05098175257444382,0.6666666666666667,0.03496724250726402,0.6666666666666667,-0.19302671402692795,1.0,-0.05098175257444382
116,807,1.0,0.2241631547609965,1.0,0.2241631547609965,1.0,0.2241631547609965,1.0,0.2241631547609965,1.0,0.2840111056963603,0.0,-0.005755682786305745
116,650,0.0,0.7043308963378271,0.25,0.7043308963378271,0.0,0.7043308963378271,0.25,0.7043308963378271,0.75,0.7090909828742346,1.0,0.2975498040517171
116,893,0.0,0.480014121470352,0.25,0.480014121470352,0.0,0.480014121470352,0.25,0.480014121470352,0.5,0.480014121470352,0.0,0.47711132870366174
116,147,0.33333333333333337,0.32292866085966426,0.16666666666666669,0.32292866085966426,0.33333333333333337,0.32292866085966426,0.16666666666666669,0.32292866085966426,0.16666666666666669,0.32292866085966426,0.33333333333333337,-0.04236747821172079
116,128,0.75,0.23008853569626808,0.75,0.23008853569626808,0.75,0.23008853569626808,0.75,0.23008853569626808,0.75,0.23008853569626808,0.5,-0.06291276216506958
116,140,0.5,0.052694762436052166,0.5,0.09858284673343103,0.5,0.052694762436052166,0.5,0.09858284673343103,0.5,0.09378765647610028,0.5,0.00897174576918284
116,263,1.0,0.06237453978974372,1.0,0.06237453978974372,1.0,0.06237453978974372,1.0,0.06237453978974372,0.75,-0.02402595601355036,0.5,-0.06466664125521977
117,80,0.6666666666666667,0.27118966976801556,0.5416666666666667,-0.005246520042419434,0.75,0.022020975748697918,0.625,-0.0016128023465474446,0.9166666666666666,0.3668533265590668,0.16666666666666669,0.042034427324930825
117,807,0.0,0.10640249649683635,0.0,0.05826765298843384,0.0,0.019880930582682293,0.0,0.042473435401916504,0.48888888888888893,0.16778963804244995,0.31111111111111117,0.1313115954399109
117,1,0.9,0.5105938278138638,0.55,-0.01614910364151001,0.7749999999999999,0.365737443168958,0.675,0.21707497040430704,1.0,0.5175590688547042,0.475,0.24687876303990683
117,725,0.15384615384615385,0.17875493507987508,0.3076923076923077,0.17599245735133687,0.15384615384615385,0.1333318087272346,0.3076923076923077,0.17599245735133687,0.6923076923076923,0.1795055353140924,0.6923076923076923,0.1697036523061494
117,222,0.3076923076923077,0.1388068851083517,0.3076923076923077,0.10680011163155238,0.46153846153846156,0.13588474690914154,0.23076923076923073,0.15818760357797146,0.5384615384615384,-0.2666178146998088,0.23076923076923073,-0.04314408699671427
117,227,0.09999999999999998,0.20924068950504685,0.024999999999999994,-0.15354503194491068,0.04999999999999999,0.011325920621554056,0.0,-0.15354503194491068,0.25,0.06793612387021615,0.42500000000000004,0.19565263576805592
117,144,0.15384615384615385,0.03394077301184476,0.23076923076923073,0.03430722071709624,0.15384615384615385,0.03422710734806363,0.15384615384615385,0.034311331246707745,0.5384615384615384,0.009945202892898427,0.9230769230769231,0.03345553719555028
117,487,0.07692307692307687,0.041842130715356994,0.3076923076923077,0.04178380179534239,0.07692307692307687,0.02762223167765872,0.3076923076923077,0.04178380179534239,0.5384615384615384,0.041843995502373645,0.6153846153846154,0.03901319007854909
118,80,1.0,0.18062796195348105,0.5555555555555556,-0.049532671769460045,0.6666666666666667,-0.049532671769460045,0.5555555555555556,-0.049532671769460045,1.0,0.0035175283749898276,0.33333333333333337,-0.016265372435251873
118,33,0.4285714285714286,0.16052680214246115,0.4285714285714286,-0.13385117053985596,0.7619047619047619,0.1762174367904663,0.4285714285714286,-0.15834707021713257,0.5714285714285714,-0.10350173711776733,0.47619047619047616,0.018281479676564533
118,807,1.0,0.2650628089904785,1.0,0.42205722133318585,1.0,0.42205722133318585,1.0,0.42205722133318585,0.5555555555555556,0.3941035568714142,0.11111111111111116,-0.0007029374440511068
118,650,0.0625,0.5163889974355698,0.375,0.41742967690030736,0.0625,0.41742967690030736,0.375,0.5554566495120525,0.75,0.43803778290748596,0.375,0.03214693069458008
118,893,0.11111111111111116,0.7396570806546757,0.4444444444444444,0.7682444086991987,0.11111111111111116,0.7382582258505863,0.4444444444444444,0.7682444086991987,0.6666666666666667,0.770268208044096,0.2222222222222222,-0.025697727998097736
118,294,0.5555555555555556,0.16032791758577028,0.33333333333333337,-0.1251694063345591,0.6666666666666667,0.16700764000415802,0.33333333333333337,0.10073507328828175,0.0,-0.2826286256313324,1.0,0.030698259671529133
118,881,0.8125,0.20748139397862056,0.9375,0.20182525141475102,0.875,0.20518848819968602,0.9375,0.20182525141475102,0.9375,0.2095722674857825,0.375,0.030207157135009766
118,725,0.11111111111111116,-0.14084522922833762,0.11111111111111116,0.17558319494128227,0.11111111111111116,0.05800360441207886,0.11111111111111116,0.19335335213690996,0.33333333333333337,0.05273136248191198,0.7777777777777778,0.14065755779544512
118,473,0.33333333333333337,0.059903417248278856,0.5555555555555556,0.059903417248278856,0.33333333333333337,0.059903417248278856,0.5555555555555556,0.06471774835760395,0.11111111111111116,-0.1509391814470291,0.11111111111111116,-0.024967422087987263
118,979,0.0,0.17846649359368408,0.0,0.1660171167071288,0.0,0.17564714424467334,0.0,0.1660171167071288,0.11111111111111116,-0.13322063287099203,0.33333333333333337,0.1766278424183838
118,815,0.2222222222222222,0.15187382147996686,0.33333333333333337,0.14447159315750469,0.2222222222222222,0.15192915762600023,0.33333333333333337,0.14447159315750469,0.33333333333333337,-0.10629185785849889,1.0,0.11653397728999455
118,401,1.0,0.18363262748850198,0.888888888888889,0.17867212129446366,0.888888888888889,0.15880711625019708,0.7777777777777778,0.17944695657934062,0.888888888888889,0.19233705100486986,0.0,0.002971490224202474
118,251,0.6666666666666667,0.02593413264063808,0.8888888888888888,0.025260812253691256,0.6666666666666667,0.026336026814533398,0.7777777777777778,0.025713743874803185,0.4444444444444444,-0.05267871295412382,0.33333333333333337,-0.04297692577044169
118,841,1.0,0.061663408375655614,0.888888888888889,0.02452451487382253,1.0,0.05397040878112117,0.8888888888888888,0.02452451487382253,0.7777777777777778,0.04646756934622923,0.8888888888888888,0.03555083957811197
118,139,0.5,0.2596619174000807,0.125,0.2589813869308273,0.625,0.2589813869308273,0.125,0.24329574429430068,0.375,0.26968440921215614,0.625,0.1871072327097257
119,33,0.5,-0.1507727305094401,0.5,-0.1507727305094401,0.5,-0.1507727305094401,0.5,-0.1507727305094401,0.5,-0.15077269077301025,0.3333333333333333,0.08140174547831218
119,147,0.0,0.33656275769074756,0.75,0.33395644028981525,0.0,0.024142742156982422,0.0,0.33656276389956474,0.75,0.33395644028981525,0.5,0.024142722288767498
119,114,1.0,0.12836247615359753,1.0,0.12836247615359753,1.0,0.12836247615359753,1.0,0.1283624761632988,0.25,-0.19368543227513632,0.0,-0.1936854124069214
119,392,1.0,-0.1779312565922737,0.5,0.11026744928945693,1.0,-0.1779312565922737,0.5,0.11026744928945693,1.0,-0.17793129632870355,0.6666666666666666,-0.17793127646048865
120,80,0.7291666666666666,0.09057243665059407,0.5833333333333333,0.029823124408721924,0.7083333333333334,0.09057243665059407,0.5833333333333333,0.03887385129928589,0.75,0.14174222946166992,0.6666666666666667,0.002566655476888021
120,33,0.8666666666666667,0.1365219553311666,0.5333333333333333,0.013791541258494059,0.9333333333333333,0.06729143857955933,0.4,0.01723031202952067,1.0,0.22804156939188638,0.5333333333333333,0.010935842990875244
120,807,0.0,0.04716984430948893,0.0,0.204271932442983,0.0,0.2645616630713145,0.0,0.2217086454232534,0.8571428571428571,0.5101996610562006,0.5357142857142857,-0.045841713746388756
120,1,0.9333333333333333,0.017267205577809364,1.0,0.017690026812488213,0.9333333333333333,0.017543691811927904,1.0,0.017615099612157792,0.9333333333333333,0.015007801043490568,0.06666666666666665,-0.0033931039894620576
120,294,0.9333333333333333,0.35274533616999787,0.9333333333333333,0.3491937608147661,1.0,0.35762143957739073,0.9333333333333333,0.3491937608147661,1.0,0.32024502583468956,0.6,0.1490863598883152
120,695,0.19999999999999996,0.47933171208327013,1.0,0.33398019957045716,0.8,0.41410871657232445,0.6,0.4543472435325384,0.8666666666666667,0.3717993497848511,0.0,0.25831889112790424
120,694,0.15625,-0.08471628030141194,0.359375,-0.09325343370437622,0.25,-0.11918054024378459,0.34375,-0.09803950786590576,0.515625,-0.1489782134691874,0.546875,0.08115679025650024
120,222,0.1333333333333333,0.10076265968382359,0.5333333333333333,0.08622675637404124,0.4666666666666667,0.10663724442323048,0.2666666666666667,0.08229045942425728,0.6666666666666667,0.014974673589070639,0.5333333333333333,0.09817152221997578
120,227,0.1333333333333333,0.024395782143983524,0.06666666666666665,0.024344550593620323,0.0,0.024339892658948276,0.06666666666666665,0.024344550593620323,0.4,0.024036676875160385,0.5333333333333333,0.02017790434426085
120,432,0.5666666666666667,0.18651187729362087,0.3833333333333333,0.18252041949502504,0.31666666666666665,0.18466031147787967,0.6166666666666667,0.1439998729620129,0.45,0.17411193433993807,0.5833333333333334,0.08436995247999828
120,139,0.5,0.2598280188734255,0.0,0.2587731704309893,0.020833333333333343,0.25854845917395625,0.020833333333333343,0.25917926799350727,0.25,0.2583797637586637,0.9375,0.18914796008418003
120,118,0.9333333333333333,0.00888069364494489,0.7333333333333334,0.008847759912896436,0.8666666666666667,0.008842046566617986,0.4666666666666667,0.00886907280558565,0.19999999999999996,-0.009446427846948305,0.5333333333333333,0.008885087176167872
120,823,0.4666666666666667,0.055459788811731414,0.5333333333333333,0.05543185198113557,0.5333333333333333,0.055431852313859054,0.2666666666666667,0.05540418114696877,0.33333333333333337,-0.019464054610580206,0.06666666666666665,0.05042319457667569
120,585,0.2666666666666667,0.035111188744243314,0.8,0.03509895094263508,0.6666666666666667,0.03507929664980717,0.6,0.035099888547544346,0.4,-0.03465714414293567,0.2666666666666667,0.02068243370043395
120,953,0.8666666666666667,0.008420825273333321,0.33333333333333337,0.00717663344888327,0.9333333333333333,0.00839284678841068,0.19999999999999996,0.007248369559723263,0.7333333333333334,0.007777317145761724,0.6,0.008058856959299495
120,332,0.7333333333333334,0.10655814980176122,0.6,0.10051700767750542,0.5333333333333333,0.10051700767750542,0.5333333333333333,0.10051700767750542,0.1333333333333333,-0.07882879674434662,0.8,0.0707165061806639
121,80,0.71875,0.24350997805595398,0.34375,0.09275104602177937,0.46875,0.19320152203241983,0.3125,0.09358038504918416,0.78125,0.34378789861996967,0.59375,0.14344153801600137
121,807,0.55,0.10062930981318156,0.5,0.21724953254063925,0.55,0.109108567237854,0.55,0.2330592672030131,0.55,0.19198834896087646,0.35000000000000003,0.0017970800399780273
121,650,0.04999999999999999,0.3632912002503872,0.44999999999999996,0.6078016919394335,0.35,0.6078016919394335,0.35,0.6078016919394335,0.85,0.5110407620668411,0.55,0.35827353596687317
121,893,0.18181818181818177,0.22530867904424667,0.7272727272727273,0.6353737782725754,0.5454545454545454,0.5973949249843523,0.5454545454545454,0.6354465807889937,0.9090909090909091,0.6402172353118658,0.7272727272727273,0.3598350224395593
121,659,0.0,0.003993445696930091,0.0,0.00328938290476799,0.0,0.003993445696930091,0.0,0.0007028849795460701,0.7272727272727273,-0.022410147512952488,0.7272727272727273,0.008180397562682629
121,128,0.5454545454545454,0.27342350998272497,0.0,0.15208820750315985,0.36363636363636365,0.25456660396109027,0.18181818181818177,0.15208820750315985,0.6363636363636364,0.27342350998272497,0.09090909090909094,0.09492799639701843
121,881,0.8181818181818181,0.13131615713549158,0.6363636363636364,0.10323451925069094,0.4545454545454546,0.0967346824084719,0.6363636363636364,0.10323451925069094,1.0,0.13434708797528097,0.9090909090909091,0.09151835242907207
121,725,0.18181818181818177,0.008657403290271759,0.09090909090909094,0.030391138046979904,0.09090909090909094,-0.0015699913104375203,0.09090909090909094,0.020719852298498154,0.6363636363636364,0.012689191227157911,0.9090909090909091,0.048381055860469736
121,222,0.0,0.03160618990659714,0.0,0.02570689593752225,0.09090909090909094,0.03555847518146038,0.09090909090909094,0.03160618990659714,0.2727272727272727,-0.030163437128067017,0.7272727272727273,-0.024325892329216003
121,473,0.4,0.14905615632111827,0.5,0.14860422785083452,0.5,0.14860422785083452,0.55,0.14299984027942023,0.6,0.15431564611693224,0.04999999999999999,0.1429422808190187
121,979,0.0,0.04334523746122917,0.0,0.039818983214596905,0.0,0.032868524392445884,0.0,0.03455866655955712,0.09090909090909094,-0.006398746743798256,0.9090909090909091,0.024201884244879086
121,815,0.2727272727272727,0.03653584374114871,0.09090909090909094,0.035787544368455805,0.18181818181818177,0.029976160265505314,0.2727272727272727,0.035787544368455805,0.4545454545454546,-0.005360597647571315,0.4545454545454546,0.04801383703791847
121,401,0.7272727272727273,0.019857487995371532,0.5454545454545454,0.01723786668541531,0.4545454545454546,0.01723786668541531,0.6363636363636364,0.01723786668541531,0.8181818181818181,-0.09922936007690926,0.7272727272727273,-0.06310134567320347
121,85,0.0,0.025097007358757157,0.0,0.022995514174302418,0.0,0.024350750570495922,0.0,0.022995514174302418,1.0,0.025829814684887726,0.4545454545454546,0.013904431175130108
121,927,0.9090909090909091,0.0636298895139286,0.5454545454545454,0.0649433975146773,0.6363636363636364,0.059079912200104445,0.5454545454545454,0.07646132729253925,0.7272727272727273,0.01571532501960367,0.0,0.04580058157444
121,432,0.5454545454545454,0.0699987846116225,0.4545454545454546,0.061964930597847946,0.5454545454545454,0.06748712998766375,0.5454545454545454,0.07006093759749395,0.6363636363636364,0.0033911744152040533,0.7272727272727273,0.06598280804852645
121,667,0.7272727272727273,0.017721121588692768,0.6363636363636364,0.01766945352816644,0.7272727272727273,0.017721121588692768,0.7272727272727273,0.017711500701504217,0.36363636363636365,0.0005956226329241568,0.36363636363636365,-0.029360067720214527
121,197,0.4545454545454546,0.00907115681866344,0.8181818181818181,0.006429419641790446,0.4545454545454546,0.006434256103754403,0.5454545454545454,0.006424246526876232,0.5454545454545454,-0.0034820535585330012,0.9090909090909091,0.002690324753833314
122,650,0.33333333333333337,0.5300785899162292,0.33333333333333337,0.5300785899162292,0.33333333333333337,0.5300785899162292,0.33333333333333337,0.5300785899162292,0.0,0.5300785899162292,0.0,0.1223713755607605
122,939,0.6666666666666667,-0.1622898280620575,1.0,0.15503612160682678,1.0,0.15503612160682678,1.0,0.15503612160682678,0.6666666666666667,-0.1622898280620575,0.0,0.055242717266082764
122,715,0.0,-0.2286345362663269,0.33333333333333337,0.14547285437583923,0.33333333333333337,-0.2286345362663269,0.33333333333333337,0.14547285437583923,0.0,-0.2286345362663269,0.6666666666666667,0.07645713537931442
122,838,0.33333333333333337,-0.18322622030973434,0.0,0.11194362305104733,0.0,0.11194362305104733,0.0,0.11194362305104733,0.33333333333333337,-0.18322622030973434,1.0,0.051480285823345184
122,753,0.0,-0.1856892630457878,0.0,0.09446725621819496,0.0,-0.1856892630457878,0.0,0.09446725621819496,0.33333333333333337,-0.1856892630457878,1.0,0.024315916001796722
123,1,1.0,0.04359330236911774,1.0,0.04359330236911774,1.0,0.04359330236911774,1.0,0.04359330236911774,0.0,-0.11588359624147415,0.6666666666666667,-0.1158834919333458
124,80,1.0,0.202442467212677,1.0,0.202442467212677,1.0,0.202442467212677,1.0,0.202442467212677,1.0,0.202442467212677,0.0,-0.0810590386390686
124,659,0.5,-0.06909817457199097,0.5,-0.06909817457199097,0.0,-0.06909817457199097,0.5,-0.06909817457199097,0.0,-0.09752681851387024,1.0,0.03730595111846924
124,728,0.5,0.29225224256515503,0.0,0.29225224256515503,0.0,0.29225224256515503,0.0,0.29225224256515503,1.0,0.6924240589141846,1.0,0.6924240589141846
124,251,0.5,0.33916957676410675,0.0,0.33916957676410675,0.5,0.33916957676410675,0.0,0.33916957676410675,0.5,0.33916957676410675,1.0,0.28787316381931305
124,85,0.0,0.06314972974359989,0.0,0.06314972974359989,0.0,0.06314972974359989,0.0,0.06314972974359989,0.0,-0.19551219791173935,0.0,-0.19551219791173935
125,80,1.0,0.15791888038317362,0.19999999999999996,-0.026375412940979004,0.44,-0.026375412940979004,0.32,0.05880683660507202,0.48,0.26138752698898315,0.38,-0.025930166244506836
125,807,1.0,0.09998134771982829,1.0,0.13734793663024902,1.0,0.2862766881783803,1.0,0.18551023801167807,0.8461538461538461,0.28761834899584454,0.23076923076923078,0.0025011698404947915
125,650,0.0,0.01686968406041463,0.5384615384615384,0.7495960171024004,0.5384615384615384,0.7495960171024004,0.5384615384615384,0.7495960568388303,0.8461538461538461,0.7195127507050832,0.6923076923076923,0.017523566881815594
125,893,0.0,0.9757025786918044,0.3846153846153846,0.9757025786918044,0.3846153846153846,0.9757025786918044,0.46153846153846156,0.9503569214381665,0.6923076923076923,0.9757329670974286,0.5769230769230769,0.09735049804051717
125,695,0.5384615384615384,0.5443153089145198,0.3846153846153846,0.5443153089145198,0.3846153846153846,0.5443153089145198,0.3846153846153846,0.5328168413058544,0.5384615384615384,0.5443153089145198,0.15384615384615385,0.3790810952583949
125,147,0.23076923076923073,0.5885211226996034,0.3846153846153846,0.5885211208369583,0.6923076923076923,0.5885211226996034,0.6538461538461539,0.5885211208369583,0.6923076923076923,0.5885211226996034,0.07692307692307693,0.2600630273421605
125,694,0.3076923076923077,0.16245476404825845,0.6923076923076923,0.28846248984336853,0.5384615384615384,0.28846248984336853,0.6923076923076923,0.28846248984336853,0.6923076923076923,0.35771458347638446,0.8076923076923077,0.26740769545237225
125,887,1.0,0.05014335876330733,0.0,0.07066833597491495,0.16666666666666663,0.07066833597491495,0.0,0.07066833597491495,0.0,0.070741847671646,0.22222222222222224,0.006403993194301923
125,342,0.15384615384615385,0.312858530630668,0.0,0.40929642552509904,0.15384615384615385,0.312858530630668,0.15384615384615385,0.41001482610590756,0.15384615384615385,0.411283878221487,0.1923076923076923,0.23634705940882364
125,13,0.6923076923076923,0.10457485712443788,0.0,0.10457485712443788,0.15384615384615385,0.10457485712443788,0.0,0.10457485712443788,0.8461538461538461,0.10461656837772655,1.0,0.09872246770343433
125,119,0.8571428571428571,0.001359052307937721,0.0,0.0014027258509147582,0.4285714285714286,0.0014027258509147582,0.0,0.0014027258509147582,0.1428571428571429,-0.0013755787590715347,0.7857142857142857,0.0011555853052414022
125,621,0.15384615384615385,0.20935084118294375,0.0,0.20932771548298965,0.15384615384615385,0.0948212140550216,0.3846153846153846,0.2073495879837234,0.15384615384615385,0.20932771548298965,0.7307692307692307,0.00908010204633077
125,959,0.46153846153846156,0.07055397680960596,0.6153846153846154,0.058787372040872775,0.6153846153846154,0.05489759830137094,0.8846153846153846,0.10070140207365814,0.8461538461538461,0.1014323045880398,0.38461538461538464,0.09591195399601322
125,49,0.6153846153846154,0.08517380326520652,0.8461538461538461,0.08938035850890931,0.46153846153846156,0.08526831523825724,0.9230769230769231,0.09259441888055638,1.0,0.09280271545412688,0.5,0.08526831648002069
125,500,0.46153846153846156,0.016192351894763608,0.8461538461538461,0.018339621993012162,0.8461538461538461,0.018339621993012162,0.8076923076923076,0.01833817762386995,0.6923076923076923,0.018324472770776385,0.23076923076923073,0.01800729156821035
126,80,1.0,-0.0014592806498209636,0.9285714285714286,-0.0013123154640197754,0.8571428571428572,-0.0012468894322713215,0.9285714285714286,-0.0013123154640197754,0.42857142857142855,0.021316051483154297,0.8571428571428571,7.311503092447917e-06
126,33,0.125,0.0016972819964090984,0.25,-6.194909413655599e-05,0.25,-6.194909413655599e-05,0.25,0.0007670323053995768,1.0,0.033455212910970054,0.625,-0.0027679800987243652
126,807,0.0,0.07887475937604904,0.0,0.06936292598644893,0.0,0.06936292598644893,0.0,0.06936292598644893,0.25,-0.0929537167151769,0.75,0.048392459750175476
126,294,0.125,-0.008781254291534424,0.25,-0.012102186679840088,0.375,-0.012102186679840088,0.25,-0.012102186679840088,1.0,0.08940690755844116,0.625,-0.019448359807332356
126,887,1.0,0.08406811952590942,0.85,0.028534889221191406,0.75,0.028534889221191406,0.9,0.028534889221191406,0.1,0.0989273190498352,0.5,0.15451602141062418
126,794,0.375,0.0038890639940897622,0.625,-0.008059382438659668,0.625,-0.008059382438659668,0.625,-0.008059382438659668,0.0,0.16491820414861044,0.375,0.11790700753529866
126,591,0.25,0.21088609099388123,0.625,0.04987851778666178,0.625,0.05836743116378784,0.625,0.05836743116378784,0.375,0.09428564707438152,0.5,0.04948002099990845
126,222,0.0,0.0511583536863327,0.0,0.0536783883968989,0.0,0.04441114763418833,0.0,0.059629157185554504,0.875,-0.06880474587281545,0.0,0.06375712404648463
126,473,0.25,0.061279830833276115,0.125,0.05398316184679667,0.125,0.05398316184679667,0.25,0.05398316184679667,0.75,-0.03046877682209015,0.625,-0.04139488438765208
126,420,0.5,0.23858555282155672,0.25,0.20836710184812546,0.25,0.1996497611204783,0.375,0.20635934422413507,0.0,-0.45013339320818585,1.0,0.2255807009836038
126,119,0.888888888888889,0.1709481244906783,0.4444444444444444,0.03204714755217234,0.5,0.15141988607744375,0.5,0.03204714755217234,0.6666666666666667,-0.43946684896945953,0.22222222222222224,0.15141988607744375
127,650,0.0,0.2043554981549581,0.0,0.2043554981549581,0.0,0.2043554981549581,0.0,0.20435553789138794,1.0,0.3700001339117686,0.875,0.320771058400472
127,694,1.0,0.20109304785728455,1.0,0.20109304785728455,1.0,0.20109304785728455,1.0,0.20109304785728455,1.0,0.20109304785728455,0.625,0.1323525309562683
127,1004,0.0,0.054390365878740944,0.0,0.054390365878740944,0.0,0.054390365878740944,0.0,0.054390365878740944,1.0,-0.060236185789108276,0.0,0.03472254673639933
127,432,1.0,0.03709376479188601,1.0,0.03709376479188601,1.0,0.03709376479188601,1.0,0.03709376479188601,0.5,-0.1394694447517395,0.875,0.03593158442527056
128,33,0.0,-0.02453911304473877,0.0,-0.02453911304473877,1.0,0.10948997735977173,0.0,-0.02453923225402832,1.0,0.10948997735977173,0.5,0.10948991775512695
128,694,1.0,0.10279491543769836,1.0,0.10279491543769836,1.0,0.10279491543769836,1.0,0.1027948260307312,1.0,0.10279491543769836,0.5,0.1027948260307312
128,844,0.0,-0.0014057718217372894,0.0,-0.0014057718217372894,0.0,-0.0014057718217372894,0.0,-0.0014057718217372894,1.0,-0.01386231742799282,0.5,-0.0014057718217372894
129,33,0.5714285714285714,0.2652593602736791,0.2857142857142857,0.2652593602736791,0.5714285714285714,0.2652593602736791,0.2857142857142857,0.2652593602736791,0.7142857142857143,0.2652593602736791,0.4285714285714286,0.21068531274795532
129,807,1.0,0.21084513266881308,1.0,0.21084513266881308,1.0,0.21084513266881308,1.0,0.21084513266881308,0.6666666666666667,0.34143227338790894,0.5833333333333334,0.06898083289464314
129,650,0.1428571428571429,0.6154100398222605,0.1428571428571429,0.6638196408748627,0.1428571428571429,0.6638196408748627,0.4285714285714286,0.6638196408748627,0.5714285714285714,0.6638196408748627,1.0,0.11175672213236491
129,893,0.1428571428571429,0.6851575466571376,0.1428571428571429,0.6934348449188595,0.1428571428571429,0.6934348449188595,0.1428571428571429,0.6934348449188595,0.1428571428571429,0.6934348449188595,0.5714285714285714,0.5640156529843807
129,294,1.0,0.07159271370619535,1.0,0.07159271370619535,1.0,0.07159271370619535,1.0,0.07159271370619535,1.0,0.06105745583772659,0.2857142857142857,0.06029100591937701
129,695,0.4285714285714286,0.22513074637390673,0.7142857142857143,0.22513074637390673,0.4285714285714286,0.22366258494245508,0.7142857142857143,0.22513074637390673,0.0,0.22513074637390673,0.2857142857142857,-0.15382703642050424
129,128,0.5714285714285714,0.1280690422281623,0.7142857142857143,0.1280690422281623,0.7142857142857143,0.1280690422281623,0.7142857142857143,0.1280690422281623,0.0,0.0918005717297395,0.5714285714285714,0.1184099627037843
129,342,0.4285714285714286,0.36883896216750145,0.1428571428571429,0.2943815514445305,0.4285714285714286,0.22339833776156107,0.1428571428571429,0.2943815514445305,0.7142857142857143,0.36883896216750145,0.0,0.22175748646259308
129,841,0.4285714285714286,0.047901370795443654,0.0,0.047901370795443654,0.4285714285714286,0.047901370795443654,0.1428571428571429,0.047901370795443654,0.2857142857142857,-0.11912155399719875,0.2857142857142857,-0.0022485156853993735
129,674,0.5714285714285714,0.11168473958969116,0.5714285714285714,0.11168473958969116,0.1428571428571429,0.11168473958969116,0.5714285714285714,0.11168473958969116,0.8571428571428572,0.3288060625394185,0.8571428571428572,0.3288060625394185
129,1022,0.5714285714285714,0.06822874284504603,0.4285714285714286,0.06822874284504603,0.5714285714285714,0.06822874284504603,0.2857142857142857,0.06822874284504603,0.1428571428571429,0.003536354750394821,0.0,-0.015087167421976725
129,360,0.0,0.13272682825724283,0.0,0.13272682825724283,0.0,0.13272682825724283,0.0,0.13272682825724283,0.7142857142857143,-0.150677224000295,0.7142857142857143,-0.16535900036493936
129,803,0.2857142857142857,-0.051336319806675114,0.2857142857142857,0.011230367876123637,0.2857142857142857,-0.009152987040579319,0.2857142857142857,0.011230367876123637,0.4285714285714286,-0.009152987040579319,0.0,0.00876292409763361
129,790,0.0,0.1483201781908671,0.0,0.1483201781908671,0.0,0.1483201781908671,0.0,0.1483201781908671,0.8571428571428572,-0.07578851779301961,0.1428571428571429,0.05504758656024933
129,585,1.0,0.048902587094744376,1.0,0.048902587094744376,1.0,0.048902587094744376,1.0,0.048902587094744376,0.7142857142857143,-0.13514272744456926,0.1428571428571429,0.007457988957564036
130,650,0.0,0.027714267373085022,0.0,0.027714267373085022,0.0,0.027714267373085022,0.0,0.027714267373085022,0.5,-0.08166550099849701,0.0,-0.08166550099849701
130,674,1.0,0.20500651001930237,1.0,0.20500651001930237,1.0,0.20500651001930237,1.0,0.20500651001930237,1.0,0.20500651001930237,0.5,0.022275805473327637
130,97,0.5,-0.00351924542337656,0.0,-0.00351924542337656,0.0,-0.00351924542337656,0.0,-0.00351924542337656,1.0,-0.02008346188813448,0.5,-0.00351924542337656
131,80,0.6666666666666667,0.5118730738759041,0.08333333333333337,0.4653581877549489,0.5,0.4653581877549489,0.08333333333333337,0.41928045948346454,0.75,0.5725051891058683,0.5,0.03358469406763712
131,807,0.13636363636363635,0.005725006262461345,0.7272727272727273,0.21097939213116965,0.3181818181818182,0.10062192877133687,0.5454545454545454,0.21097939213116965,0.9090909090909091,0.5878737593690554,0.36363636363636365,0.2020935614903768
131,650,0.0,0.708074076139989,0.5,0.7234717702619188,0.08333333333333337,0.7209482709877193,0.5,0.7209482709877193,0.8333333333333334,0.8446288535681864,1.0,0.49808481335639954
131,893,0.0,0.5115911407379675,0.0,0.7497399921420916,0.0,0.7497399921420916,0.16666666666666663,0.7497399921420916,0.6666666666666667,0.7541312573108202,1.0,0.5465845813353857
131,1,0.8636363636363636,0.46405854510764283,0.6363636363636364,0.4179014712572098,0.8181818181818182,0.4447983068724473,0.6818181818181819,0.4179014712572098,0.9090909090909091,0.4756679598552485,0.27272727272727276,0.11481941243012746
131,147,0.5,0.16560110346595516,0.0,0.16537927706667688,0.08333333333333337,0.1655600109237033,0.0,0.16555539138971653,0.0,0.04180855542896703,0.33333333333333337,0.12206990683140855
131,659,0.16666666666666663,-0.1728768845399221,0.33333333333333337,-0.16499470671017966,0.25,-0.2092673679192861,0.33333333333333337,-0.1612404684225718,0.16666666666666663,0.013591488202412924,0.6666666666666667,-0.09087272981802623
131,389,0.41666666666666663,0.09143679923757493,0.5,0.134503803918354,0.41666666666666663,0.13441167683534636,0.16666666666666663,0.134503803918354,0.5,-0.00015447828438179081,0.5833333333333333,0.11233544703403216
131,114,0.8333333333333334,0.689138738399682,0.75,0.6857685579601215,0.6666666666666666,0.6887216599619327,0.8333333333333334,0.6861231082018359,0.9166666666666666,0.6891790473422551,0.25,0.40702864217261475
131,728,0.75,0.09388524402887317,0.0,0.1518987031498303,0.6666666666666666,0.1525711619760841,0.0,0.15392632992006838,0.75,-0.26331861317157745,0.5,0.10152317521472771
131,116,0.5,0.0693921325389852,0.41666666666666663,0.06909708630660501,0.41666666666666663,0.06939214409219023,0.5833333333333333,0.06909710680490282,0.25,-0.420900526146094,0.16666666666666663,-0.08093720426162083
131,820,0.9545454545454545,0.08097761576238367,1.0,0.08088305188246696,1.0,0.08097966972064975,1.0,0.08088305734355751,0.7272727272727273,-0.06954050794350526,0.4090909090909091,0.053146384968385973
131,786,0.5833333333333333,0.055991412119245375,0.33333333333333337,0.05595257507272559,0.5,0.05599775660327092,0.33333333333333337,0.05595257507272559,0.5,-0.01777776328284138,0.33333333333333337,-0.029067238016674917
131,914,0.16666666666666663,0.01377464613566796,0.25,0.014950752646351853,0.16666666666666663,0.014747020710880557,0.25,0.014950752646351853,0.33333333333333337,-0.015465801659350594,0.0,0.015823101411418367
131,190,0.33333333333333337,0.03471906835499864,0.0,0.03462450859998493,0.08333333333333337,0.03471906418961209,0.0,0.03463588191090198,0.0,-0.36879749844471615,0.5,0.03471906418961209
131,825,1.0,0.05542394767000284,0.9166666666666666,0.055395541341825005,1.0,0.055432334501301174,0.9166666666666666,0.055395541341825005,0.75,-0.039313224160044534,0.16666666666666663,0.028512032120488584
131,403,0.8333333333333334,0.03389711320949118,1.0,0.03384842589487865,0.9166666666666666,0.03389030297557838,1.0,0.03384842589487865,0.6666666666666667,-0.03858919621355502,0.41666666666666663,-0.1144280011455218
131,904,0.18181818181818177,0.00319858546629348,0.0,0.0031989097821802184,0.0,0.0031934859025568585,0.0,0.0031989962461249632,0.09090909090909094,-0.10892938907879095,0.5454545454545454,0.0025460119456208
131,69,0.9166666666666666,0.005769569111172007,0.5833333333333333,0.005764872052346481,0.6666666666666666,0.005772745683806274,0.6666666666666667,0.005764872052346481,0.33333333333333337,-0.04291877574068318,0.5,-0.0687122659292072
131,429,0.09090909090909094,0.0007249882401867946,0.0,0.0007253139257546274,0.0,0.0007250528320090766,0.0,0.0007253139257546274,0.09090909090909094,-0.03299993478382627,0.6818181818181819,0.0005926533397087042
132,80,0.7,-0.00047651926676432293,0.9,0.010469059149424234,0.9,0.010469059149424234,0.9,0.010469059149424234,0.7,0.03790074586868286,0.16666666666666663,0.011203606923421225
132,33,0.30000000000000004,0.0829392671585083,0.0,-0.04545140266418457,0.30000000000000004,0.002957284450531006,0.033333333333333326,0.002957324186960856,1.0,0.18397873640060425,0.26666666666666666,0.009278396765391031
132,807,0.0,0.0828466812769572,0.0,0.0515555739402771,0.0,0.05155555407206217,0.0,0.0515555739402771,0.6,0.44525331382950145,0.6333333333333333,0.04550313949584961
132,1,1.0,0.7550219278006504,0.7,0.35549941658973694,0.7,0.35549941658973694,0.8999999999999999,0.7266030746201674,1.0,0.7560326463426463,0.9,0.6000574333593249
132,881,0.75,0.2586529255907711,1.0,0.197563311708412,1.0,0.197563311708412,0.9166666666666666,0.25820892676953616,0.25,0.2586182662586604,0.08333333333333337,0.08400852233171463
132,283,0.30000000000000004,0.29191417986779317,0.0,0.2919532122626454,0.30000000000000004,0.29191417986779317,0.13333333333333333,0.29191417986779317,0.0,0.29191417986779317,0.29999999999999993,0.22622494966102144
132,251,0.5,0.014377184056987366,1.0,0.012737192523976168,1.0,0.012737192523976168,1.0,0.01661484299014167,0.5,-0.09508055324355762,0.5,-0.02714793011546135
132,227,0.0,0.7998139901125493,0.0,0.7998139901125493,0.0,0.7994042354403064,0.13333333333333333,0.7998139604072397,0.30000000000000004,0.7999136157492709,0.4333333333333333,0.6964643908043703
132,139,0.9,0.0027911631932511227,0.6,0.0018755595277373989,0.6,0.0018755595277373989,0.6,0.0018755595277373989,1.0,0.003948840642503153,0.2333333333333333,0.0013977338094264269
132,913,1.0,0.07042683610832985,1.0,0.0704273727474316,0.7,0.04987632296979427,1.0,0.07042683610779932,1.0,0.07041960438209571,0.6666666666666666,0.055885927441219486
133,807,0.7777777777777778,-0.20606527725855509,1.0,-0.04855435093243917,0.7777777777777778,-0.20606527725855509,1.0,-0.04855440060297648,0.11111111111111116,-0.3092910250027974,0.33333333333333337,-0.2206267019112905
133,650,0.0,0.18176269042305648,0.0,0.18176269042305648,0.0,0.18176269042305648,0.33333333333333337,0.18661603261716664,0.0,0.18661603222911557,1.0,0.016132408132155735
133,893,0.0,0.04624291688191325,0.6666666666666667,0.04624291688191325,0.0,0.04624291688191325,0.6666666666666667,0.04624031426751666,0.0,-0.195848831286033,0.11111111111111116,0.043250925892304316
133,114,1.0,0.7605854021385312,0.875,0.5488978326320648,0.875,0.5488978326320648,0.875,0.5488978326320648,1.0,0.760585481611391,0.125,0.04379051923751831
133,904,0.25,0.5961570829773942,0.25,0.5961570829773942,0.25,0.5961570829773942,0.125,0.5961570829773942,0.25,0.7738644517958164,0.875,0.06577601035435994
133,429,0.25,0.9635848400446131,0.25,0.7174434878389206,0.25,0.9635848400446131,0.25,0.7174434878389206,0.25,0.9635848574293012,0.7083333333333333,0.30469096451997757
134,807,0.6,0.046717166900634766,0.9500000000000001,0.18400450547536215,0.6,0.046717166900634766,0.9500000000000001,0.18400450547536215,0.9500000000000001,0.17704111337661743,0.85,0.053205132484436035
134,650,0.0,0.5228371967871984,0.2857142857142857,0.5228371967871984,0.0,0.5228371967871984,0.2857142857142857,0.5228371967871984,0.07142857142857145,0.5515810002883276,0.5714285714285714,0.020200987656911213
134,893,0.125,0.7136919038854709,0.25,0.6970591897901007,0.125,0.6970591897901007,0.375,0.7135828775799382,0.25,0.7136919038854709,0.5,0.7129123188205995
134,694,0.375,-0.0887597029407819,0.625,-0.08340121060609818,0.5,-0.0887597029407819,0.625,-0.0887597029407819,0.0,-0.15474275996287665,0.75,-0.06945602347453435
134,659,0.4285714285714286,-0.1685540775458018,0.07142857142857145,-0.1685540775458018,0.14285714285714285,-0.18767787019411722,0.0,-0.18767787019411722,1.0,0.3932814374566078,0.35714285714285715,-0.15396752953529358
134,389,0.5,0.38226291145110736,0.5,0.37123337182129035,0.5,0.37123337182129035,0.5,0.37123337182129035,0.0,0.38360416000311187,0.75,0.13397393623987833
134,1004,0.0,-0.007009988029797872,0.0,-0.011258033414681753,0.0,-0.018396086990833282,0.0,-0.011258033414681753,0.375,-0.04774823288122813,0.875,-0.053200180331865944
134,268,0.2857142857142857,0.306825149988678,0.07142857142857145,0.306825149988678,0.35714285714285715,0.306825149988678,0.0,0.3046965375833679,0.7142857142857143,0.31192236362646025,0.7142857142857142,0.23223256568113962
134,844,0.75,0.029979004310916935,1.0,0.029142244864184857,1.0,0.02914571189679312,1.0,0.02914571189679312,0.75,0.029979004310916935,0.125,0.02583325180845956
135,80,1.0,0.010739803314208984,0.75,0.011783341566721598,0.8125,0.011783341566721598,0.75,0.010739803314208984,0.25,0.20570431152979532,1.0,0.0242847998936971
135,33,0.2857142857142857,0.04316530625025431,0.5714285714285714,0.027341584364573162,0.5714285714285714,0.027341584364573162,0.5714285714285714,0.027341584364573162,1.0,0.16254897912343344,0.1428571428571429,0.04689568281173706
135,807,0.16666666666666663,0.04387948910395304,0.6666666666666667,0.442028005917867,0.25,0.1469865838686625,0.6666666666666667,0.442028005917867,0.9166666666666667,0.4901145001252492,0.33333333333333337,0.21812758843104044
135,650,0.0,0.24594215552012125,0.5714285714285714,0.7229883372783661,0.4285714285714286,0.5334291011095047,0.4285714285714286,0.7229883372783661,0.8571428571428572,0.7503185719251633,0.0,0.1330413023630778
135,893,0.0,0.4820667430758476,0.5714285714285714,0.5792862197073797,0.0,0.5124225527979434,0.5714285714285714,0.5792862197073797,0.7142857142857143,0.5792862197073797,0.7142857142857143,0.5716980034485459
135,294,0.4285714285714286,-0.008427878220876059,0.5714285714285714,0.019725898901621502,0.7142857142857143,0.023893356323242188,0.7142857142857143,0.023893356323242188,1.0,0.5404318372408549,0.1428571428571429,-0.03724265098571777
135,887,1.0,0.1195349891980489,0.33333333333333337,0.43456290165583294,0.3333333333333333,0.3264106909434001,0.4166666666666667,0.16525175174077353,0.08333333333333331,0.5566512594620386,0.16666666666666669,-0.011093199253082275
135,794,0.7142857142857143,0.04401280482610067,1.0,0.11438554525375366,1.0,0.42294546961784363,1.0,0.11438554525375366,0.1428571428571429,0.6782672852277756,0.7142857142857143,-0.08199771245320638
135,389,0.1428571428571429,0.08560571571191151,0.4285714285714286,0.10897553871230532,0.2857142857142857,0.09360249084420502,0.4285714285714286,0.10897553871230532,0.0,0.10789460576294611,0.1428571428571429,-0.03827799608310064
135,591,0.5714285714285714,0.17407607038815817,0.4285714285714286,0.29795685907204944,0.7142857142857143,0.4478910068670909,0.7142857142857143,0.29795685907204944,0.1428571428571429,0.4980146288871765,0.7142857142857143,-0.18259191513061523
135,540,1.0,0.2501602042466402,0.7142857142857143,0.26218225186069805,1.0,0.25530660913015407,0.8571428571428572,0.27279004097605747,0.8571428571428572,0.27279004097605747,0.4285714285714286,0.04676567514737447
135,713,0.4285714285714286,0.09790362417697906,1.0,0.11627539029965799,0.8571428571428572,0.10373630064229171,1.0,0.11627539029965799,1.0,0.11627539029965799,0.4285714285714286,0.06720451265573502
135,420,1.0,0.14155621826648712,0.4285714285714286,0.25293868593871593,0.5714285714285714,0.2089356668293476,0.5714285714285714,0.25293868593871593,0.1428571428571429,0.25759366278847057,0.2857142857142857,0.1584529330333074
135,243,0.8571428571428572,0.1449011843651533,0.4285714285714286,0.16031673775675395,0.7142857142857143,0.1484757997095585,0.5714285714285714,0.16031673775675395,0.5714285714285714,0.16031673775675395,0.2857142857142857,0.1541105090485265
135,263,0.5714285714285714,0.09701352970053752,1.0,0.10682164454677452,0.8571428571428572,0.09923304054730882,1.0,0.10682164454677452,1.0,0.10682164454677452,0.4285714285714286,-0.06865378965934117
136,807,0.34782608695652173,-0.007073074579238892,0.5652173913043478,-0.03706344962120056,0.34782608695652173,-0.027811750769615173,0.6086956521739131,-0.03706344962120056,0.5217391304347826,-0.2278877223531405,0.8913043478260869,-0.023688912391662598
136,650,0.20833333333333337,0.8796558521961261,0.6666666666666666,0.8796556602105863,0.29166666666666663,0.8797809662313636,0.6666666666666667,0.8796556602105863,0.625,0.8807781236485095,0.0,0.5414074324071407
136,893,0.0,0.8104569492469751,0.5833333333333334,0.8106470390190036,0.0,0.8106470390190036,0.5416666666666667,0.8106470390186177,0.41666666666666663,0.8105631219797532,0.625,0.6282147901753584
136,1,1.0,0.7668507296608974,1.0,0.7392773992554188,1.0,0.7469539857641697,1.0,0.7657144367052146,1.0,0.7486330024851972,0.125,0.2757626225550969
136,659,0.5238095238095238,-0.1138719916343689,0.27380952380952384,-0.11682822306950887,0.380952380952381,-0.11682822306950887,0.27380952380952384,-0.11336894830067952,0.9642857142857143,0.29520771900812787,0.6666666666666667,0.008731106917063395
136,389,0.33333333333333337,0.5355512739113037,0.0,0.5367690540804033,0.16666666666666663,0.5367690540804033,0.0,0.5367690540804033,0.5416666666666666,0.5380535852007333,0.8333333333333334,0.5061652306467295
136,114,0.9365079365079365,0.3847259617565821,0.9523809523809523,0.3966724883130155,0.9761904761904763,0.6133537429462498,0.9444444444444444,0.3966724883130155,0.5833333333333334,0.11251350243886311,0.30158730158730157,0.00048488378524780273
136,362,0.75,0.9830875614285711,0.875,0.9830955463825907,0.875,0.9830955463825907,0.7916666666666666,0.9830955463825907,0.7916666666666666,0.9830942548749894,0.16666666666666663,0.3974476551957385
136,904,0.04545454545454546,0.4066284199555715,0.025974025974025983,0.6655927730742413,0.07142857142857141,0.6660806951622362,0.03246753246753247,0.6672010057313559,0.2857142857142857,0.6678314128796975,0.45454545454545453,0.23000377416610718
136,803,0.4642857142857143,0.5396357800489113,0.48809523809523814,0.6001674593534668,0.6190476190476191,0.6135581929922106,0.5476190476190476,0.4967168675029067,0.8928571428571429,0.6004108107154025,0.5595238095238095,0.49142577933768433
136,429,0.038961038961038974,0.6754112400268393,0.05194805194805195,0.6670285057762122,0.09740259740259738,0.6678009422360714,0.03896103896103895,0.6670282962145203,0.2987012987012987,0.684143979061516,0.3181818181818182,0.020723164081573486
136,953,0.7083333333333333,0.27237734935226005,0.9166666666666666,0.2723620254566779,0.8333333333333334,0.2723620255158729,0.9166666666666666,0.27236202546989857,0.5833333333333333,0.27237776104574124,0.25,0.03275528930438062
137,80,1.0,0.0015049974123636882,0.9166666666666667,0.0011161963144938152,0.9166666666666667,0.0015049974123636882,0.8333333333333334,0.0015049974123636882,0.0,0.040483991305033364,0.41666666666666663,0.022360463937123615
137,33,0.0,0.019505321979522705,0.0,0.012543956438700357,0.3,0.011578559875488281,0.0,0.012543956438700357,1.0,0.05407832066218058,0.4,0.024003465970357258
137,294,0.0,0.02454620599746704,0.0,0.00838408867518107,0.0,0.00838408867518107,0.0,0.00838408867518107,1.0,0.20965317885080972,0.5,0.07162509361902873
137,887,0.5,0.15119202931722006,0.5,-0.0717842976252238,0.33333333333333337,0.040491620699564614,0.5,-0.0717842976252238,0.16666666666666663,0.3154251476128896,0.16666666666666663,-0.06304444869359334
137,794,0.33333333333333337,0.09550279378890991,0.33333333333333337,-0.033235291639963783,0.33333333333333337,0.026486953099568684,0.33333333333333337,-0.033088882764180504,0.0,0.41916951537132263,0.33333333333333337,0.04512902100880941
137,128,0.5,0.02722993741432826,0.6666666666666667,0.02537694325049718,0.5,0.02537694325049718,1.0,0.030980574587980907,0.6666666666666667,-0.019040311376253765,1.0,0.009247158964474997
137,591,0.33333333333333337,0.2800685167312622,0.16666666666666663,-0.1458524465560913,0.0,0.0851354996363322,0.16666666666666663,-0.14685948689778647,0.0,0.45180163780848187,0.16666666666666663,-0.14685948689778647
137,1004,1.0,-0.019331634044647217,1.0,-0.019331634044647217,0.8333333333333334,0.034052868684132896,1.0,-0.019331634044647217,0.33333333333333337,0.06305915117263794,0.5,0.04874365528424581
137,667,1.0,0.06090670948227247,0.6666666666666667,0.02024947355190913,0.6666666666666667,0.047062295178572335,0.6666666666666667,0.02024947355190913,1.0,0.06090670948227247,0.6666666666666667,-0.0025279919306437173
138,80,0.25,-0.0462538997332255,0.25,-0.0462538997332255,0.25,-0.0462538997332255,0.4375,-0.0462538997332255,0.125,0.08516114950180054,0.0625,-0.006569842497507731
138,33,0.6666666666666667,-0.054585556189219155,0.33333333333333337,-0.054946343104044594,0.6666666666666667,-0.054585556189219155,0.33333333333333337,-0.054946343104044594,0.6666666666666666,-0.054585556189219155,0.625,-0.02609737714131673
138,807,0.11111111111111116,0.03234126170476278,0.11111111111111116,0.46344109376271564,0.11111111111111116,0.46344107886155445,0.11111111111111116,0.46344109376271564,0.7777777777777778,0.4894870670201878,1.0,0.1595638394355774
138,650,0.0,0.06620394190152486,0.4444444444444444,0.12074400981267293,0.0,0.12074400981267293,0.4444444444444444,0.21101297189791998,0.6666666666666667,0.33389050761858624,0.33333333333333337,-0.04127824306488037
138,893,0.0,0.1194326210146149,0.2222222222222222,0.2573919795298328,0.0,0.2535066975591083,0.0,0.2535066975591083,0.6666666666666667,0.263475822401233,1.0,0.19891302101314068
138,1,0.75,0.23023257249345383,1.0,0.33653362029387307,0.75,0.23023257435609898,0.875,0.3260798351839185,1.0,0.336998504664128,0.8125,0.26137690447891754
138,283,0.33333333333333337,0.1979304732133945,0.33333333333333337,0.2742427042394411,0.33333333333333337,0.2742427042394411,0.33333333333333337,0.2742427085856131,0.16666666666666663,0.2743838096442535,0.16666666666666666,0.15438702454169592
138,823,0.625,0.2237639958038926,1.0,0.3876697060574467,1.0,0.3845235264549653,1.0,0.3876697060574467,1.0,0.3880095210818884,0.625,0.250057357052962
139,80,0.95,0.07190223534901936,0.825,0.02423161268234253,0.85,0.10686262448628743,0.7999999999999999,0.02423161268234253,0.35000000000000003,0.1620634396870931,0.175,0.007342974344889323
139,33,0.36363636363636365,0.1154529054959615,0.4090909090909091,0.16366652647654215,0.5454545454545454,0.20167167981465658,0.3181818181818182,0.0883256196975708,0.9545454545454545,0.2009191314379374,0.5,0.07107839981714885
139,807,0.6666666666666667,0.11118040482203166,1.0,0.29481061299641925,0.75,0.17777874072392783,1.0,0.29481061299641925,0.9166666666666666,0.5384292726715406,0.6666666666666667,0.042453368504842125
139,650,0.0,0.12914077440897623,0.4090909090909091,0.40832505623499554,0.18181818181818177,0.34041523933410645,0.36363636363636365,0.3665618300437927,0.6818181818181819,0.6883793833355109,0.5,0.09232596556345622
139,893,0.08333333333333337,0.4246160437663396,0.25,0.8853032261734674,0.0,0.5965206581458915,0.41666666666666663,0.8718793156246344,0.75,0.8927256876098303,0.41666666666666663,0.7460704656065597
139,294,0.75,0.2619677682717641,0.8333333333333334,0.3895043345789115,0.9166666666666666,0.3739006668329239,0.8333333333333334,0.3895043345789115,1.0,0.48868894142409164,0.41666666666666663,0.1993784705797831
139,695,0.75,0.299553035137554,1.0,0.22496231148640314,0.9166666666666666,0.20867729062835375,1.0,0.22496231148640314,0.6666666666666667,0.30968638222354156,0.5,0.1263203223546346
139,887,1.0,0.3043365466097991,0.6666666666666667,0.3487523968021075,0.5833333333333333,0.3453725992391507,0.75,0.3438430155316989,0.25,0.4996774672375371,1.0,0.04614610473314921
139,794,0.9166666666666666,0.2518271903196971,0.9166666666666666,0.3334105232109626,0.9166666666666666,0.35927592280010384,0.9166666666666666,0.20924308275183043,0.33333333333333337,0.44675878635219607,1.0,0.24253821124633154
139,128,0.5,0.16790358272070685,0.9166666666666666,0.2333061189080278,0.5833333333333333,0.231279486635079,0.8333333333333334,0.2335998467169702,0.8333333333333334,0.2335998467169702,0.6666666666666667,0.06663798789183299
139,591,0.8333333333333334,0.14805230249961218,0.33333333333333337,0.1936930992330114,0.5833333333333333,0.1948853745125234,0.6666666666666667,0.1936930992330114,0.33333333333333337,0.22846177687946087,0.5833333333333333,-0.14785275359948477
139,881,0.75,0.11560930001238982,0.75,0.1871157621499151,0.75,0.1885037439642474,0.6666666666666667,0.18408944302548966,0.9166666666666666,0.19159224369407943,0.41666666666666663,0.09242656826972961
139,725,0.16666666666666663,0.04079227646191915,0.5833333333333333,0.21967203247671327,0.41666666666666663,0.129806791121761,0.41666666666666663,0.22249686221281686,0.6666666666666667,0.223807401334246,0.41666666666666663,0.1632261462509632
139,979,0.0,0.061487700402115784,0.16666666666666663,0.12213415900866191,0.0,0.09575947581712778,0.25,0.12213415900866191,0.5,0.12684221554081887,1.0,0.05086943879723549
139,815,0.25,0.06350735252878319,0.5,0.10153663166177769,0.33333333333333337,0.08392940099777964,0.5833333333333333,0.10267339490625697,0.75,0.10401023448988174,0.08333333333333337,0.03859088197350502
139,540,0.9166666666666666,0.2431440980071784,0.41666666666666663,0.23383852637683353,0.6666666666666667,0.2308833678252995,0.5,0.23383852637683353,0.8333333333333334,0.30295599691695924,0.5833333333333333,-0.005137701829274495
139,841,0.5,0.0021722872431079545,0.08333333333333337,0.011776462973405918,0.33333333333333337,0.0028749934087196984,0.16666666666666663,0.007664100732654333,0.33333333333333337,0.0020478114408130446,0.16666666666666663,0.0077588836041589575
139,927,0.8181818181818182,0.08164687115034515,0.5454545454545454,0.08995986776426435,0.6818181818181818,0.09227118520842244,0.5,0.08936044775570433,0.18181818181818182,0.09335522162776518,0.7272727272727273,0.023000530898571014
139,362,0.75,0.01747393827289064,1.0,0.022438318135148922,0.9166666666666666,0.020751789891316246,1.0,0.022438318135148922,1.0,0.022512236860829187,0.16666666666666663,0.014300855497519175
139,59,0.25,0.04001847951925205,0.41666666666666663,0.053734637214802206,0.33333333333333337,0.027368922252207994,0.41666666666666663,0.053734637214802206,0.5,0.05655624389085764,1.0,0.03640243737027049
139,696,0.6666666666666667,0.07885134860407561,0.5833333333333333,0.09927355719264597,0.5833333333333333,0.05425808532163501,0.5833333333333333,0.09927355719264597,0.9166666666666666,0.10315165500408814,0.9166666666666666,0.07409077168752749
139,798,0.9166666666666666,0.028332010823457193,0.33333333333333337,0.03854945707522953,0.5,0.03326766414102167,0.33333333333333337,0.03816894523333758,0.08333333333333337,0.0392123454985267,0.25,0.0011154313882191975
140,80,1.0,0.25828441480795544,1.0,0.07528585195541382,1.0,0.07528585195541382,1.0,0.19110311071077982,0.75,-0.23368050654729208,0.5,-0.09451643625895183
140,33,0.25,0.24452262123425803,0.0,0.24452262123425803,0.25,0.24452262123425803,0.0,0.24452262123425803,0.0,-0.22134331862131754,0.0,-0.10115460554758708
140,650,0.0,0.07627807557582855,0.0,0.04059608280658722,0.0,0.04059608280658722,0.0,0.04059608280658722,0.75,0.23886597653230032,0.0,0.08875344196955363
140,695,0.25,0.1247390154749155,0.5,0.1247390154749155,0.25,0.1247390154749155,0.5,0.1247390154749155,0.25,0.09804591536521912,0.5,0.12136985113223393
140,694,0.5,-0.06135353446006775,0.75,0.007959107557932535,0.5,-0.06135353446006775,0.75,0.007959107557932535,0.75,-0.14854775865872702,1.0,0.07752072314421336
140,1004,0.0,-0.008589237928390503,0.25,-0.00272942582766215,0.25,-0.008589237928390503,0.25,-0.00272942582766215,0.75,-0.1733651657899221,0.75,-0.019574031233787537
140,841,0.5,0.04196811094880104,0.0,0.04196811094880104,0.5,0.04196811094880104,0.0,0.04196811094880104,0.25,0.03697599098086357,0.25,0.030068666984637577
140,97,1.0,0.0017361678183078766,1.0,0.000685712012151877,1.0,0.0017361678183078766,1.0,0.000685712012151877,0.0,-0.021704653277993202,0.0,0.0011114804074168205
140,1005,0.25,-0.0017836956928173702,0.75,0.001442423090338707,0.25,-0.0017836956928173702,0.75,0.001442423090338707,0.5,-0.0436315710345904,1.0,0.00947042057911555
141,807,0.25,-0.01782854398091634,0.375,0.16968418657779694,0.5,0.16968418657779694,0.375,0.16968418657779694,0.625,-0.2628409266471863,0.375,-0.2628409266471863
141,650,0.0,0.45062384754419327,0.6,0.45062384754419327,0.0,0.45062384754419327,0.6,0.4390719185272853,0.0,0.45062384754419327,0.0,0.3972146436572075
141,893,0.0,0.1336321971102734,0.4,0.13210941702467002,0.0,0.1336321971102734,0.4,0.13210941702467002,0.0,-0.20951547970374426,0.8,0.024104004104932148
141,1,1.0,0.14191931734482446,0.8,0.07721957316001256,1.0,0.14191931734482446,0.8,0.07721957316001256,1.0,0.13024210433165231,0.6,-0.09353822966416676
141,659,0.4,-0.03429139653841654,0.6,-0.03429139653841654,0.4,-0.03429139653841654,0.6,-0.03429139653841654,0.8,0.19347177942593893,0.6,0.07613266507784526
141,389,0.6,0.06489060191476408,0.6,0.06467037889524363,0.4,0.06489060191476408,0.6,0.06467037889524363,0.0,-0.14189424241582552,0.4,-0.009576596940557161
141,728,0.6,0.5518521765867869,0.0,0.08756176630655925,0.6,0.5518521765867869,0.0,0.5518521765867869,1.0,0.6596342581324279,0.8,0.08847623070081075
141,820,0.8,0.012750294708136304,1.0,0.012598670358026235,0.8,0.012750294708136304,1.0,0.012598670358026235,0.19999999999999996,-0.16690061738093695,1.0,0.011641038465313613
141,914,0.19999999999999996,0.08675530987481277,0.0,0.08225031817952792,0.0,0.08675530987481277,0.0,0.08225031817952792,0.4,-0.07413901016116142,0.19999999999999996,-0.07413901016116142
141,190,0.6,0.03073329644879171,0.0,0.027673794650278676,0.4,0.03073329644879171,0.0,0.027673794650278676,0.0,-0.228575112298131,0.8,-0.13885677295426527
142,80,0.8888888888888888,0.45314062635103863,0.11111111111111116,0.09578460454940796,0.2222222222222222,0.10572151343027751,0.11111111111111116,0.09578460454940796,0.7777777777777778,0.35624342163403827,0.2222222222222222,-0.0003719528516133626
142,33,0.4444444444444444,0.3875066091616948,0.0,0.3261587868134181,0.4444444444444444,0.3593406677246094,0.11111111111111116,0.3261587868134181,0.6666666666666667,0.3593406677246094,0.7777777777777778,0.1255629062652588
142,807,0.5238095238095238,0.033885061740875244,0.8095238095238095,0.22220041354497275,0.9047619047619048,0.13073484102884927,0.8095238095238095,0.22220041354497275,0.8095238095238095,0.17596892515818277,0.6666666666666666,0.1227560043334961
142,650,0.0625,0.41990335285663605,0.375,0.650794293731451,0.1875,0.23961482445398966,0.4375,0.5203543963531653,0.75,0.6431428715586662,0.25,0.004171689351399739
142,893,0.0625,0.736812447430566,0.5625,0.845753968693316,0.375,0.51282056607306,0.4375,0.8752548835485262,0.625,0.8764196691348237,0.625,0.294098695119222
142,1,1.0,0.4068230865523219,0.5555555555555556,0.18976857761542001,0.7777777777777778,0.1490164234613379,0.5555555555555556,0.23927423854668936,1.0,0.41230451346685487,0.2222222222222222,0.33212795356909436
142,389,0.11111111111111116,0.1459678697089354,0.11111111111111116,0.28325266887744266,0.11111111111111116,0.13075977688034376,0.0,0.28325266887744266,0.33333333333333337,0.3674212569374049,0.33333333333333337,0.020909910400708515
142,128,0.6666666666666667,0.3603149537617962,0.5555555555555556,0.36580504570156336,0.7777777777777778,0.35902692439655465,0.6666666666666667,0.36580504570156336,0.6666666666666667,0.40828486485406756,0.5555555555555556,0.2471409278611342
142,1017,0.5555555555555556,0.27769564914827544,0.6666666666666667,0.2976694924430679,0.8888888888888888,0.26185571930060786,0.5555555555555556,0.28358368007078144,0.33333333333333337,0.2977453786049106,1.0,0.13982867946227392
142,820,0.4444444444444444,0.21830928329533586,0.4444444444444444,0.18753600337853035,0.33333333333333337,0.037066943322618805,0.4444444444444444,0.18753600337853035,0.7777777777777778,0.06455392728821607,0.6666666666666667,0.2146400168615704
142,798,0.7777777777777778,0.09792472992800565,0.7777777777777778,0.08650049101561308,0.6666666666666667,0.03990836722853904,0.7777777777777778,0.08650049101561308,0.6666666666666667,0.09808831881847861,0.8888888888888888,0.09621856006257683
143,80,1.0,0.05290768543879191,0.8333333333333333,0.05111668507258097,0.8333333333333334,0.10528365770975749,0.8333333333333333,0.05111668507258097,0.25,0.25842605034510296,0.41666666666666663,0.012528340021769205
143,33,0.5,0.10496493180592854,0.6666666666666667,0.093071182568868,1.0,0.19966928164164224,0.6666666666666667,0.093071182568868,1.0,0.2086795171101888,0.33333333333333337,-0.047219971815745033
143,650,0.0,0.25557873646418255,0.16666666666666663,0.29378390808900195,0.0,0.25557873646418255,0.16666666666666663,0.29378390808900195,0.5,0.42336374521255493,0.33333333333333337,0.1540083090464274
143,294,0.5,0.10272470116615295,0.8333333333333334,0.1885352482398351,0.8333333333333334,0.1885352482398351,0.8333333333333334,0.1885352482398351,1.0,0.399186372756958,0.6666666666666667,-0.15540470679601034
143,695,0.6666666666666667,0.07301074918359518,1.0,0.01905342936515808,0.6666666666666667,0.07301074918359518,1.0,0.01905342936515808,0.16666666666666663,-0.04303132990996043,0.16666666666666663,0.030742892374595005
143,887,1.0,0.1399990643064181,0.33333333333333337,-0.22641892234484354,0.6666666666666667,0.19536825517813364,0.33333333333333337,-0.22641892234484354,0.33333333333333337,0.19321425755818686,1.0,0.04536538322766622
143,794,0.8333333333333334,0.15002099672953287,0.8333333333333334,-0.19210421045621237,0.8333333333333334,0.38635996356606483,1.0,0.16605079174041748,0.33333333333333337,0.3580293407042821,1.0,0.16605079174041748
143,591,0.8333333333333334,0.08006955186525981,0.16666666666666663,-0.1042014757792155,0.5,0.09304225755234559,0.5,-0.22975362837314606,0.16666666666666663,-0.24539718528588614,0.5,-0.17484533290068308
143,725,0.16666666666666663,-0.006460328896840413,0.33333333333333337,0.007179190715154012,0.33333333333333337,-0.006460328896840413,0.33333333333333337,0.007179190715154012,1.0,0.09299021710952123,0.5,-0.006460328896840413
143,13,1.0,0.046559138068308435,0.6666666666666667,-0.012812572220961252,1.0,0.04076330053309599,0.6666666666666667,-0.012812572220961252,0.8333333333333334,-0.05560444792111715,0.8333333333333334,0.01823289009431998
143,979,0.0,0.04232926915089289,0.16666666666666663,0.038360245525836945,0.0,0.04232926915089289,0.16666666666666663,0.038360245525836945,0.16666666666666663,0.05211260418097178,0.5,0.008182980120182037
143,243,1.0,0.012401920452248305,0.8333333333333334,0.0007134016292790571,1.0,0.012401920452248305,0.8333333333333334,0.0007134016292790571,0.8333333333333334,-0.021708042981723946,0.8333333333333334,0.003648694915076097
144,33,0.375,-0.10989950100580852,0.0,-0.18364715576171875,0.375,-0.10989948113759358,0.0,-0.18364715576171875,0.0,-0.18364715576171875,0.25,0.01497878630956014
144,695,0.0,0.4250763803720474,0.19999999999999996,0.4250763803720474,0.19999999999999996,0.4250763803720474,0.8,0.42586874589324,0.8,0.42586874589324,0.6,0.42507637788852054
144,114,1.0,0.20501717827968,1.0,0.205021681495244,1.0,0.20501920241046415,1.0,0.205021681495244,1.0,0.205021681495244,0.0,-0.15047122538089752
144,841,0.19999999999999996,0.06487106019631028,0.0,0.06687947098786633,0.0,0.06487106019631028,0.0,0.06687947098786633,0.19999999999999996,0.06487106019631028,0.19999999999999996,0.06487106019631028
144,392,0.6666666666666667,0.20721526416025426,0.0,0.2072172612947393,0.33333333333333337,0.2072164866613472,0.0,0.2072172612947393,0.33333333333333337,0.2072172612947393,0.6666666666666667,-0.027454098065694172
145,80,0.7777777777777778,0.121611754099528,0.7777777777777778,0.08237498998641968,0.7777777777777778,0.08237498998641968,0.7777777777777778,0.08237498998641968,1.0,0.3073405971129735,0.5555555555555556,0.0038459599018096924
145,33,0.375,0.26266060521205264,0.3125,0.0929191807905833,0.375,0.15913651386896768,0.1875,0.10338810086250305,0.375,0.038082400957743325,0.5,-0.03337541222572327
145,807,0.75,0.04462613662083944,0.875,0.07490229606628418,0.8125,0.05074687798817953,1.0,0.08920464913050334,0.875,0.22066797812779745,0.0,0.02622222900390625
145,650,0.0625,0.008382201194763184,0.125,0.2185464104016622,0.0625,0.2185464104016622,0.0625,0.2185464104016622,0.5,0.4144600182771683,0.875,0.0709709922472636
145,893,0.0,0.523422277222077,0.11111111111111116,0.6885493207094745,0.0,0.6869797445833683,0.0,0.6869797445833683,0.5555555555555556,0.8559113220253494,0.33333333333333337,0.6252032128007462
145,695,0.33333333333333337,0.3667607630292575,0.2222222222222222,0.3667452409863472,0.0,0.34270096259812516,0.0,0.3468967291216056,0.5555555555555556,0.3943823410663754,0.11111111111111116,0.2426311019808054
145,147,0.2222222222222222,0.5522217418377598,0.2222222222222222,0.5792460082254062,0.2222222222222222,0.5723429967959722,0.5555555555555556,0.5792460082254062,0.6666666666666667,0.6393457093120863,0.8888888888888888,0.25228357563416165
145,881,0.7777777777777778,0.19320815541626266,1.0,0.2306110806724367,0.8888888888888888,0.19388863137767962,1.0,0.2306110806724367,0.8888888888888888,0.23179648651663834,0.4444444444444444,0.18570782927175364
145,1017,0.8888888888888888,0.37132745717341703,0.7777777777777778,0.41161519863332313,1.0,0.32276720615724724,0.7777777777777778,0.41161519863332313,0.4444444444444444,0.4172140172449872,1.0,0.32955201466878253
145,139,0.4444444444444444,0.14331332848814782,0.0,0.14918605634011328,0.33333333333333337,0.12250767896572749,0.0,0.14746692900856337,0.2222222222222222,-0.08799781153599422,0.4444444444444444,-0.05946314831574758
145,11,0.4444444444444444,0.13458644838343994,1.0,0.15024809116342416,0.6666666666666667,0.13140575250145048,0.8888888888888888,0.14016661710653958,1.0,0.15188452867247784,0.8888888888888888,0.12548786013697585
145,939,0.4444444444444444,-0.13972320904334387,0.8888888888888888,0.05219126955489628,0.6666666666666667,0.019956183309356373,0.8888888888888888,0.052419058460751934,0.5555555555555556,-0.13749294728040695,0.6666666666666667,0.02373088865230481
145,715,0.11111111111111116,-0.19219300026694933,0.11111111111111116,0.04181487129244488,0.11111111111111116,-0.23425265029072762,0.11111111111111116,0.041954756564033836,0.2222222222222222,-0.14975848173101744,0.6666666666666667,-0.0065106358379125595
145,838,0.0,-0.1932283379137516,0.0,0.04099853518012727,0.0,0.017531780215601128,0.0,0.04099853518012727,0.33333333333333337,-0.17911368484298387,0.4444444444444444,0.03329351321250821
145,753,0.0,-0.20471381023526192,0.11111111111111116,0.030731953964277636,0.0,-0.20471381023526192,0.11111111111111116,0.030731953964277636,0.11111111111111116,-0.14188621814052263,0.5555555555555556,-0.19067585344115892
146,80,0.923076923076923,0.5433944476147493,0.7692307692307693,0.5289672594517469,0.923076923076923,0.5431208262840906,0.7692307692307692,0.5175753359993299,0.46153846153846156,0.5253294222056866,0.2692307692307692,0.428372286260128
146,807,0.6111111111111112,0.003334979216257731,0.5555555555555556,0.003334979216257731,0.5,0.003334979216257731,0.5277777777777778,0.003334979216257731,0.8611111111111112,0.020438989003499348,0.5277777777777778,0.0012147227923075359
146,650,0.19444444444444445,0.0651066501935323,0.05555555555555554,0.03353404998779297,0.25,0.03353404998779297,0.19444444444444445,0.045836428801218666,0.0,0.18133032321929932,0.19444444444444445,0.0072555939356486005
146,1,1.0,0.09709624317474663,1.0,0.09707513249789675,1.0,0.09707513249789675,1.0,0.09694845043122768,1.0,0.09842323317813377,0.7142857142857143,0.03728474800785383
146,695,0.5,0.011245324926979569,0.5833333333333333,0.011176206123006219,0.5277777777777777,0.011176206123006219,0.5833333333333333,0.011176206123006219,0.0,-0.060751757894953094,0.47222222222222227,-0.04753023758530617
146,118,0.9230769230769231,5.531870680819395e-05,0.46153846153846156,4.6185453811631305e-05,0.6923076923076923,4.899403349630423e-05,0.46153846153846156,4.6185453811631305e-05,0.46153846153846156,-0.003781474674421285,0.5,-0.00019519206019443422
146,790,0.7692307692307693,-0.028163012427588303,0.46153846153846156,-0.003840390437593063,0.6153846153846154,-0.003840390437593063,0.46153846153846156,-0.003925269624839227,0.6923076923076923,-0.13914266352852186,0.6153846153846154,-0.030496280329922836
146,939,0.6666666666666667,0.09215137859185536,0.6666666666666667,0.10481891656915347,0.75,0.10481891160209973,0.6666666666666666,0.10481890166799228,0.9166666666666666,0.1715789672549969,0.5277777777777778,0.160549683496356
146,715,0.25,-0.030391313135623932,0.25,-0.03552317867676417,0.25,-0.15600545704364777,0.19444444444444445,-0.03552315880854925,0.05555555555555558,0.2222849061654415,0.9444444444444444,0.09269413600365321
146,692,0.46153846153846156,7.50930685916858e-11,0.5384615384615384,6.839957144898479e-11,0.46153846153846156,7.50930685916858e-11,0.6923076923076923,6.839957144898479e-11,0.46153846153846156,-4.5616766222028593e-07,0.5769230769230769,-3.0397710354343927e-10
146,838,0.0,0.17768280704816183,0.05555555555555558,0.27302929080906324,0.05555555555555558,0.19062045899530253,0.05555555555555558,0.2730292887523926,0.36111111111111105,0.2734164962469852,0.5555555555555556,0.2430319485720247
146,753,0.0,0.11227922141551971,0.05555555555555558,0.1205162750557065,0.0,0.1205162750557065,0.05555555555555554,0.16390223899118914,0.16666666666666666,0.1655145834229188,0.41666666666666663,0.16059855096197376
147,80,0.9375,0.5780686636765798,0.625,0.23518886168797812,0.625,0.36219263076782227,0.71875,0.2729562024275462,0.125,0.33246366182963055,0.125,-0.029020249843597412
147,33,0.23076923076923073,0.8350396038343509,0.21538461538461534,0.10965468486150105,0.49230769230769234,0.13180971145629883,0.2615384615384615,0.10965473453203838,0.5846153846153845,0.6811484172940254,0.6923076923076923,0.12688312927881876
147,807,0.4222222222222223,0.011537730693817139,0.9555555555555556,0.26325281461079914,0.6666666666666666,0.1550226410230001,0.9111111111111111,0.178704043229421,0.6444444444444444,0.673432412246863,0.5333333333333333,0.03854640324910482
147,650,0.1875,0.6333081076542536,0.5,0.6064075529575348,0.1875,0.5584520933528742,0.5,0.6064075529575348,0.75,0.39717718958854675,0.34375,0.04012767473856608
147,893,0.0,0.6960867047309875,0.17647058823529416,0.9001505248335112,0.0,0.9073638406068009,0.47058823529411764,0.9074327319742205,0.5882352941176471,0.9071487079060413,0.2941176470588235,0.6541384250546495
147,294,0.6875,0.3994850714322335,0.25,-0.15624085875848928,0.5625,0.35866796784102917,0.25,-0.15624086000025272,0.3125,0.38931402457334724,0.53125,0.17540524651606879
147,695,0.7111111111111111,0.6383456915455099,0.9111111111111111,0.554106225570043,0.8888888888888888,0.6137998998165131,0.9333333333333333,0.5819623209536076,0.4,0.638558969304114,0.28888888888888886,0.33033033708731335
147,659,0.5882352941176471,0.015441303451855978,0.4117647058823529,0.015441303451855978,0.4117647058823529,0.012228896220525106,0.3529411764705882,0.012228896220525106,0.3529411764705882,0.11707617000987132,0.5882352941176471,0.04708048949639002
147,389,0.6470588235294117,0.0799222195710172,0.5294117647058824,0.08630057097131309,0.5294117647058824,0.07203023508191109,0.5294117647058824,0.08630057090340415,0.7058823529411764,-0.012531920704835406,0.8823529411764706,0.0038083928326765695
147,881,0.9411764705882353,0.22084979866091695,0.8235294117647058,0.21777272422332317,0.9411764705882353,0.22073762700892985,0.8235294117647058,0.21759622291817018,0.7058823529411764,0.219640774953632,0.4117647058823529,0.2196171085693853
147,1017,0.3529411764705882,0.14415663129993087,0.0,0.1437363034425895,0.0,0.13642281231780848,0.0,0.13774974935222417,0.5882352941176471,0.14435584027265083,0.6470588235294117,0.05387558788061142
147,841,0.4375,0.07963731348339327,0.0,0.07120302978970965,0.0625,0.07957980774093205,0.0,0.0709610263115034,0.25,0.07964444219881746,0.59375,0.07737069390714169
147,192,1.0,0.05171469561202382,0.9411764705882353,0.051714695608663604,1.0,0.05171469561202382,1.0,0.05171469561202382,0.8823529411764706,-0.0809778019375278,0.05882352941176472,-0.046501977990070976
147,486,0.05882352941176472,0.05003560354560533,0.23529411764705888,0.04995812977620196,0.0,0.04995812977620196,0.23529411764705888,0.04995812977620196,0.9411764705882353,-0.0505693427916043,0.7647058823529411,0.004999813475327149
147,190,1.0,0.00673822799500018,1.0,0.006738228029099416,1.0,0.006738231196925491,1.0,0.006738228029842076,0.9411764705882353,0.006737567381841563,0.6470588235294117,-0.0005069766969730457
147,268,0.05882352941176472,0.00868561505986539,0.05882352941176472,0.010178218664236738,0.2941176470588235,0.007659689523279667,0.05882352941176472,0.010178218664236738,0.17647058823529416,-0.06215593855207165,0.23529411764705888,-0.007691908627748489
148,80,0.6666666666666667,0.008683611949284872,0.5333333333333333,0.07388668755690257,0.6666666666666667,0.07388668755690257,0.4666666666666667,0.07317481438318889,0.6,-0.37066106498241425,0.06666666666666665,0.012350104749202728
148,807,0.5833333333333334,0.033479154109954834,0.8166666666666667,0.2150126894315084,0.7166666666666667,0.06758675972620647,0.7999999999999999,0.13689122597376505,0.8333333333333333,0.30993082125981647,0.5833333333333334,0.19492693742116293
148,650,0.2666666666666667,0.133807102839152,0.7999999999999999,0.6852486332257589,0.4666666666666667,0.5381163557370504,0.6666666666666667,0.6754989673693975,0.8666666666666667,0.6132281649236878,0.6666666666666667,0.00895597537358602
148,893,0.0,0.8922841761194983,0.06666666666666665,0.8910315504763275,0.0,0.8949619013594656,0.06666666666666665,0.8949623416883815,0.6,0.9017161448100642,0.6666666666666667,0.6125069906314214
148,1,1.0,0.10232129755119483,0.9333333333333333,0.10027589315238099,1.0,0.0994891388497005,0.9333333333333333,0.10027589315238099,1.0,0.09401619356746475,0.6666666666666667,-0.02473600332935651
148,147,0.4666666666666667,0.05550873182662978,0.0,0.055517690108293515,0.06666666666666665,0.05548751983587863,0.0,0.05548751983587863,0.0,-0.2745083384215832,0.4666666666666667,-0.2724996047715346
148,659,0.0,-0.19556121031443277,0.09090909090909094,-0.1027098298072815,0.09090909090909094,-0.1027098298072815,0.09090909090909094,-0.1027098298072815,0.8181818181818181,0.5515497488280138,0.4909090909090909,0.2645889421304067
148,389,0.4,0.2734018282353645,0.33333333333333337,0.27656149135502045,0.4,0.26128996778902547,0.4,0.27656149135502045,0.33333333333333337,0.27677302513531526,0.9333333333333333,0.029435572524865467
148,116,0.4666666666666667,0.08293097779119796,0.1333333333333333,0.0829354002545868,0.2666666666666667,0.0829354002545868,0.33333333333333337,0.0829354002545868,0.0,-0.16442955921714505,0.4666666666666667,-0.026696520081410807
148,820,0.9642857142857143,0.019381444651459894,1.0,0.01938996264449863,1.0,0.01938996125235996,1.0,0.01938996264449863,0.6428571428571428,-0.33028618929286796,0.5,-0.032092725075775284
148,786,0.8,0.0031359916811955677,0.33333333333333337,0.0031421173270006855,0.6,0.0031370540895908996,0.33333333333333337,0.0031421173270006855,0.19999999999999996,-0.16848036491622528,0.4666666666666667,0.0029416278969923346
148,674,0.6666666666666667,1.6299483831971884e-05,0.5333333333333333,0.00012148862879257649,0.4,0.00012148862879257649,0.4666666666666667,0.00015296499380686632,0.33333333333333337,-0.0023141811252571642,1.0,0.00018614935591661683
148,268,0.054545454545454564,0.3509161201072857,0.0,0.3833192464662716,0.036363636363636355,0.3509161201072857,0.0,0.38317833937859785,0.2,0.387446891585897,0.38181818181818183,0.3725368469507278
148,825,1.0,0.007212544788786819,0.8666666666666667,0.007219887090900379,1.0,0.007220336693157729,0.9333333333333333,0.007221983159077479,0.6666666666666667,-0.17947589807833234,0.19999999999999996,0.007037107141513843
148,403,0.8666666666666667,0.0013404583200286406,1.0,0.0013415994231126642,0.9333333333333333,0.0013415203207536308,0.9333333333333333,0.0013416025693045268,0.5333333333333333,-0.16072050637255111,0.33333333333333337,-0.023187587969005108
148,144,0.7333333333333334,0.153640516102314,0.6666666666666667,0.1777005328137117,0.6666666666666667,0.1534136434396108,0.6666666666666667,0.1777005328137117,0.4666666666666667,0.18360869406206604,0.9333333333333333,0.17971209102408162
148,69,0.9333333333333333,0.035546478437926014,0.6666666666666667,0.03555800374383052,0.7333333333333334,0.03555800186453611,0.7333333333333334,0.03555800186453611,0.19999999999999996,-0.008530331753604514,1.0,0.03530604405000067
148,1005,0.4666666666666667,0.029923625426211704,0.8,0.032514818488531695,0.6666666666666667,0.029837511479854584,0.8666666666666667,0.03252651702056634,1.0,0.03279027160787488,0.19999999999999996,0.010883241891860962
149,1,0.9285714285714286,0.44132204291721183,1.0,0.41027222760021687,0.9285714285714286,0.44132204291721183,1.0,0.4059027899056673,0.8571428571428571,0.48988625841836136,0.0,-0.1082557241121928
149,114,0.75,0.516904691234231,0.75,0.5107691480467716,0.75,0.5107691480467716,0.75,0.5107691480467716,1.0,0.8294522160043319,0.0,0.05859682957331339
149,904,0.0,0.5295456703752279,0.0,0.5260449902464946,0.0,0.6262797738114992,0.0,0.5260449902464946,0.16666666666666669,0.8030996105323235,0.8333333333333334,0.3461514711380005
149,429,0.16666666666666663,0.7623371258957832,0.0,0.7623371258957832,0.5,0.7623371258957832,0.0,0.7623371258957832,0.5,0.8528092187380784,0.7222222222222222,0.64645683268706
150,80,0.796875,0.10890704393386841,0.6875,0.0167888601620992,0.78125,0.07350631554921468,0.65625,0.044724345207214355,0.8125,0.11955541372299194,0.375,0.0430607795715332
150,33,0.8947368421052632,0.14908099174499512,0.42105263157894735,0.00870289405186971,0.9473684210526316,0.038233538468678795,0.4736842105263158,0.009256839752197266,1.0,0.1826080083847046,0.8947368421052632,0.007943193117777506
150,807,0.0,0.05818631251653036,0.0,0.31132038434346515,0.0,0.31307321786880493,0.0,0.12215618292490642,0.888888888888889,0.4753001630306244,0.7222222222222222,0.35235020021597546
150,1,0.9473684210526316,0.005234822742446947,1.0,0.005359650882989324,0.9473684210526316,0.005313510162523016,1.0,0.0053348426590673625,0.9473684210526316,0.004452480604716887,0.4736842105263158,0.0023368511271352568
150,294,0.9473684210526316,0.28339055525915074,0.9473684210526316,0.2738133169089754,1.0,0.2857149866176769,0.9473684210526316,0.2738133169089754,0.9473684210526316,0.2535717338323593,0.9473684210526316,0.2242456798752149
150,695,0.1578947368421053,0.5024332754158726,1.0,0.3975513720264037,0.8421052631578947,0.4265074624369542,0.736842105263158,0.4901116465528806,0.8947368421052632,0.4141273113588492,0.3157894736842105,0.2870746006568273
150,694,0.14583333333333334,-0.03365258375803629,0.3229166666666667,-0.028136491775512695,0.25,-0.07373527685801189,0.3645833333333333,-0.052463273207346596,0.44791666666666663,-0.06002998352050781,0.6666666666666667,0.1396187742551168
150,222,0.10526315789473684,0.057951636612415314,0.631578947368421,0.06315266899764538,0.5789473684210527,0.07518298923969269,0.4736842105263158,0.0604350691040357,0.736842105263158,0.019876323640346527,1.0,0.032020906607309975
150,227,0.10526315789473684,0.012398124034007196,0.26315789473684215,0.01237444263248714,0.26315789473684215,0.012369339311286845,0.052631578947368474,0.01237509494118664,0.5263157894736843,0.012178333367046434,0.052631578947368474,0.012392141525954989
150,432,0.58,0.23601094219096316,0.26,0.2316462337912526,0.27,0.232465385828012,0.7699999999999999,0.18744265846908092,0.43,0.22346525837201625,0.67,0.1350373737514019
150,139,0.5,0.3300262599029035,0.0,0.3288962427759543,0.010416666666666671,0.3280417056521401,0.0625,0.3288962427759543,0.21875,0.32810987172221456,0.6666666666666666,0.2575951026131709
150,118,0.9473684210526316,0.005095568825405887,0.7894736842105263,0.005075486663069266,0.8947368421052632,0.005073336429632036,0.8947368421052632,0.005077303740411783,0.1578947368421053,-0.005686268598462145,0.4736842105263158,0.004313073307760836
150,823,0.631578947368421,0.052237205810608124,0.631578947368421,0.052210477866348505,0.631578947368421,0.052210313050295554,0.7894736842105263,0.052204108213876076,0.4736842105263158,-0.008963877005347362,0.21052631578947367,0.027971162771185238
150,585,0.4736842105263158,0.04664768839321217,0.8421052631578947,0.0466184995881728,0.736842105263158,0.04661824494451139,0.8421052631578947,0.046631406012238585,0.5263157894736843,-0.048890465715279184,0.8421052631578947,0.0306665946651871
150,953,0.8947368421052632,0.004366922268521496,0.26315789473684215,0.003860535174302034,0.9473684210526316,0.00435575888089564,0.4736842105263158,0.003892924762870583,0.7894736842105263,0.004114115169310632,0.5789473684210527,0.0023095045471563935
150,332,0.7894736842105263,0.1704642951178054,0.6842105263157895,0.15476684590491155,0.631578947368421,0.154005451205497,0.6842105263157895,0.154005451205497,0.10526315789473684,0.13702773489058018,0.052631578947368474,0.13282638857102333
151,33,0.25,0.08174407482147217,0.0,0.08174407482147217,0.25,0.08174407482147217,0.0,0.08174405495325725,0.5,0.014378507932027182,0.375,0.032349725564320884
151,807,1.0,0.3747401535511017,1.0,0.3747401535511017,1.0,0.3747401535511017,1.0,0.3747401535511017,1.0,0.39394838114579517,0.6,0.15506192048390707
151,650,0.0,-0.1584376096725464,0.4,0.6634910156329473,0.0,0.6634910156329473,0.4,0.6634910156329473,0.8,0.660691556831201,0.19999999999999996,-0.1584376096725464
151,893,0.0,0.41325803690900403,0.4,0.41325803690900403,0.0,0.41325803690900403,0.4,0.41325803690900403,0.0,0.41025326726958156,0.0,0.1457314391930898
151,128,0.75,0.2661105891068776,0.75,0.2661105891068776,0.75,0.2661105891068776,0.75,0.2661105891068776,0.75,0.2661105891068776,0.25,0.23756617804368338
152,80,0.7619047619047619,-0.000607907772064209,0.6904761904761905,0.015765130519866943,0.6904761904761905,0.028311808904012043,0.6666666666666666,0.021705806255340576,0.19047619047619047,0.017326056957244873,0.5,0.012951254844665527
152,33,0.2727272727272727,-0.02269601821899414,0.5454545454545454,-0.011533876260121664,0.6818181818181819,0.03544735908508301,0.5454545454545454,-0.011533876260121664,0.8636363636363636,0.018306295077006023,0.6363636363636364,-0.00733486811319987
152,1,0.9166666666666666,0.1040891728674372,0.41666666666666663,0.04579228162765503,0.5833333333333333,0.04579228162765503,0.5,0.04579228162765503,1.0,0.11222761543467641,0.0,-0.02694452553987503
152,294,0.4545454545454546,-0.3257097403208415,0.7272727272727273,0.3552069043119748,0.8636363636363635,0.35563033322493237,0.6818181818181818,0.3552069043119748,0.7727272727272727,-0.010131498177846273,0.36363636363636365,-0.21409839391708374
152,695,0.41666666666666663,0.10424432468911012,0.5,0.029703309138615925,0.33333333333333337,0.04686818023522695,0.5,0.022023630638917286,0.6666666666666667,0.038078553353746734,0.75,0.0885633568589886
152,887,0.8333333333333334,-0.22805902361869812,0.9166666666666666,0.22931508223215738,0.6666666666666667,0.3312928049514691,0.8333333333333334,0.22931508223215738,0.25,-0.41450422008832294,1.0,0.017308712005615234
152,794,0.6666666666666667,-0.6017894794543585,1.0,0.10014824196696281,1.0,0.1448252967869242,1.0,0.10014824196696281,0.25,-0.7638390709956487,0.75,-0.3748375127712886
152,591,0.5,-0.1918445552388827,0.6666666666666667,0.015160622696081797,0.8333333333333334,0.07248430885374546,0.6666666666666667,0.015160622696081797,0.33333333333333337,-0.7473772317171097,0.41666666666666663,-0.18399624029795328
152,13,0.9166666666666666,0.016130427209039528,0.5833333333333333,-0.026817676921685536,0.6666666666666667,0.0041125463321805,0.6666666666666667,-0.026817676921685536,0.75,-0.03180189182360967,0.25,0.0023226660365859666
152,739,0.6666666666666667,0.009775518676785092,0.25,0.006973137225334843,0.25,0.009356375706071654,0.25,0.006973137225334843,0.33333333333333337,-0.003536612658839052,0.9166666666666666,0.008741212421834158
152,190,0.8333333333333334,0.000579301319400353,0.41666666666666663,-0.00014254480871992806,0.75,0.0005202554693823913,0.41666666666666663,-0.00014254480871992806,0.8333333333333334,-0.00164062421148022,1.0,0.0006683582723781001
152,674,0.08333333333333337,0.0011423745114977162,0.41666666666666663,-0.001390458841342479,0.16666666666666663,0.000483591400552541,0.33333333333333337,-0.001390458841342479,0.75,-0.0018191233199710648,0.9166666666666666,6.5749433512489e-06
152,118,0.75,0.011418650149911022,0.33333333333333337,0.007773204240947962,0.6666666666666667,0.010247632201450566,0.41666666666666663,0.007773204240947962,0.5,-0.0011742151497552793,1.0,0.0010287174955010414
152,360,0.0,0.0007470709582169851,0.08333333333333337,-0.005696287281656017,0.0,-0.005696287281656017,0.0,-0.004981616880589475,0.0,-0.011249990920381,0.5833333333333333,-0.0017224588858274121
152,790,0.0,0.00031383868190459907,0.0,-0.0007859002216719091,0.0,0.00015664905852948627,0.0,0.00013532584610705575,0.41666666666666663,-0.004732018782912443,0.0,-0.0010884523508138955
153,80,0.8333333333333334,-0.029993375142415363,0.7500000000000001,-0.029993375142415363,0.8333333333333334,-0.029993375142415363,0.7500000000000001,-0.029993375142415363,0.4166666666666667,-0.20537390311559042,0.5833333333333333,0.1374967892964681
153,33,0.5714285714285714,0.03918919960657755,0.5714285714285714,0.03918919960657755,1.0,0.09099485476811726,0.4285714285714286,0.03918919960657755,0.8571428571428572,0.14383534590403238,0.2857142857142857,0.008935888608296713
153,1,1.0,0.11013459833338857,1.0,0.11013459833338857,1.0,0.11013459833338857,1.0,0.11013459833338857,1.0,0.10635966233288248,0.1428571428571429,0.034552315870920815
153,283,0.5714285714285714,0.03634527017129585,0.0,-0.002244508514801661,0.2857142857142857,0.027713110049565632,0.0,-0.002244508514801661,0.0,-0.15094260995586714,0.2857142857142857,0.011977642153700193
153,739,0.8571428571428572,0.014289432556931084,0.5714285714285714,0.01428965492232237,0.7142857142857143,0.012120156578021124,0.8571428571428572,0.014289432556931084,0.4285714285714286,-0.09022345300763845,0.1428571428571429,-0.007777971836427848
153,674,0.33333333333333337,-0.10005282362302144,0.5833333333333334,-0.10005282362302144,0.33333333333333337,-0.10005282362302144,0.5833333333333334,-0.10005282362302144,1.0,0.20288090159495673,0.33333333333333337,0.09460364282131195
153,360,0.0,0.16525502999623617,0.0,0.16525502999623617,0.0,0.16525502999623617,0.0,0.16525502999623617,0.16666666666666663,0.2814353307088216,0.7500000000000001,0.20451023677984873
153,790,0.0,0.0622584323088328,0.0,0.0622584323088328,0.0,0.0622584323088328,0.0,0.0622584323088328,0.08333333333333331,0.15426437308390936,0.3333333333333333,-0.06455294291178386
154,33,0.4444444444444444,0.24584720532099405,0.33333333333333337,0.1631389061609904,0.6296296296296295,0.20749884843826294,0.25925925925925924,0.22997154792149863,0.4074074074074074,0.22241981824239096,0.6296296296296295,0.051423599322636925
154,807,0.65,0.01698764165242513,0.8,0.0549772580464681,0.7999999999999999,0.015209774176279703,0.8500000000000001,0.05319939057032267,0.55,0.10048530499140422,0.6,0.0121267040570577
154,650,0.0,0.3068151573340098,0.0,0.3190413775543372,0.0,0.06127919753392538,0.0740740740740741,0.3190413775543372,0.6296296296296295,0.2314854065577189,0.33333333333333337,0.03606696923573812
154,893,0.04999999999999999,0.33852288996179897,0.09999999999999998,0.52710359990427,0.09999999999999998,0.5261363728592793,0.35000000000000003,0.52710359990427,0.6,0.5724392641034987,0.5,0.05337534348169962
154,1,1.0,0.34927920178355026,1.0,0.34931435020795715,1.0,0.3488229290427019,1.0,0.34931435020795715,1.0,0.3498364231393983,0.6363636363636364,0.2025549275179704
154,695,0.6363636363636364,0.5245565674558748,0.4545454545454546,0.4533173342545827,0.0,0.43307351381129894,0.36363636363636365,0.4533173342545827,0.7272727272727273,0.5618880336017659,0.8181818181818181,0.3221987634897232
154,881,0.9090909090909091,0.2663530294097048,0.8181818181818181,0.25948797527356265,0.6363636363636364,0.23859669264250746,0.6363636363636364,0.2589278065521891,0.8181818181818181,0.26569045820239506,0.7272727272727273,0.03292307257652283
154,725,0.18181818181818177,0.15024607876936594,0.4545454545454546,0.37701628481348354,0.18181818181818177,0.36724616462985676,0.2727272727272727,0.3910561374699076,0.5454545454545454,0.4123335874949892,0.4545454545454546,0.2582664092381795
154,1017,0.7,0.6315321625394669,0.4,0.6308568915701471,0.6000000000000001,0.61378666923459,0.4,0.6354857833163502,0.55,0.6356718724872129,0.55,0.3378172280887763
154,979,0.0,0.2667849340020136,0.0,0.2668359230144688,0.0,0.24795246452170736,0.0,0.2668359230144688,0.0,0.2670449532634696,0.8181818181818181,0.10280327002207439
154,815,0.2727272727272727,0.22266099246432228,0.4545454545454546,0.22257467477318946,0.2727272727272727,0.21014463820999177,0.36363636363636365,0.21946757402232228,0.4545454545454546,0.22257467477318946,0.7272727272727273,0.22234603370695064
154,139,0.4545454545454546,0.22247954599151853,0.2727272727272727,0.2204018832950775,0.4545454545454546,0.20269443203384677,0.2727272727272727,0.2204247613529636,0.5454545454545454,0.22247306945791934,0.7272727272727273,0.1140366072456042
154,914,0.7272727272727273,0.0011652690591290593,0.7272727272727273,0.0020386552303837866,0.5454545454545454,0.0011384078534319997,0.6363636363636364,0.0018787696105088496,0.6363636363636364,-0.0034176186503221593,0.18181818181818177,0.0014065844394887488
154,403,0.5454545454545454,0.17981242566990355,0.8181818181818181,0.17907386373652065,0.7272727272727273,0.1802863239669629,0.8181818181818181,0.17907282112173561,0.8181818181818181,0.18078599551616156,0.4545454545454546,0.17486447072587907
154,69,0.36363636363636365,0.08461804995404461,0.6363636363636364,0.08461719024915525,0.36363636363636365,0.08453947266901334,0.5454545454545454,0.08461719024915525,0.6363636363636364,0.08461805344036383,0.5454545454545454,0.08426601011645592
154,11,0.7272727272727273,0.22767734993249178,1.0,0.19573839381337166,0.9090909090909091,0.18496440684733292,1.0,0.19573839381337166,1.0,0.2381346861525344,0.2727272727272727,0.06568579375743866
154,452,1.0,0.0019094258856162487,1.0,0.0019093908397365689,1.0,0.0019094236084037004,1.0,0.0019093897584806137,0.7272727272727273,-0.00761937239440158,0.8181818181818181,0.0018110472174631316
155,650,0.4444444444444444,0.5605634935200214,0.0,0.5605634935200214,0.4444444444444444,0.5605634935200214,0.13888888888888892,0.5605635531246662,0.0,0.5605634935200214,0.4444444444444444,0.012160420417785645
155,114,1.0,0.309644765478879,1.0,0.309644765478879,1.0,0.309644765478879,1.0,0.3096447655225347,1.0,0.30964476553708664,0.5833333333333333,-0.09974905848503113
155,939,0.888888888888889,0.639413169429948,0.8888888888888888,0.639413169429948,0.8888888888888888,0.639413169429948,0.8888888888888888,0.63941317020605,0.8888888888888888,0.6394131684986254,0.3055555555555556,0.19218817353248596
155,715,0.0,0.566202120234569,0.4444444444444444,0.566202120234569,0.0,0.566202120234569,0.1388888888888889,0.566202120234569,0.0,0.5662021425863107,0.5277777777777778,0.2151592175165812
155,838,0.0,0.821052139198097,0.0,0.821052139198097,0.0,0.8210521428457772,0.16666666666666669,0.821052139198097,0.4444444444444444,0.8210521423025057,0.41666666666666663,0.5270289132992426
155,753,0.4444444444444444,0.7972279369908696,0.0,0.7972279369908696,0.0,0.7972279369908696,0.3055555555555556,0.7972279368356491,0.4444444444444444,0.7972279368356491,0.75,0.28842265407244366
156,80,0.6842105263157896,-0.026515404383341473,0.6842105263157895,0.2260014017422994,0.9473684210526316,0.039789835611979164,0.736842105263158,0.05098748207092285,0.6315789473684211,-0.03949282566706339,0.8947368421052632,0.1737598975499471
156,33,0.7857142857142857,-0.12896676858266196,0.8214285714285714,-0.16441643238067627,0.8571428571428572,-0.04213609298070272,0.8214285714285714,-0.18345093727111816,0.8571428571428572,-0.043943583965301514,0.6666666666666666,0.12529895702997842
156,807,0.4722222222222222,0.5114441638191541,0.8333333333333334,0.06208000580469767,0.7222222222222222,0.026950220266977947,0.888888888888889,0.06221061944961548,0.25,0.7500479885687431,0.6111111111111112,0.004907270272572835
156,650,0.05555555555555558,0.5356603069230914,0.4444444444444444,0.26862867673238117,0.02777777777777779,0.28566958506902057,0.4722222222222222,0.30598723888397217,0.9722222222222222,0.5772317945957184,0.8055555555555556,0.261733611424764
156,893,0.0,0.2097117304801941,0.3611111111111111,0.5703712957911193,0.08333333333333331,0.4147644224576652,0.4166666666666667,0.6467692512087524,0.8888888888888888,0.9293277494689391,0.5277777777777778,0.8671577597657839
156,1,1.0,0.5505085652152198,0.8421052631578947,0.5506574024140983,1.0,0.5505085485745175,0.9473684210526316,0.550508506090921,0.8947368421052632,0.5506578337197823,0.3157894736842105,0.10741789142290752
156,695,0.4444444444444445,0.26551876723533496,0.6944444444444445,0.2625326057896018,0.25,0.3933072205982171,0.6944444444444445,0.2625326057896018,0.6666666666666667,0.3956757515746479,0.4444444444444445,0.2570934121807416
156,147,0.1578947368421053,0.43143785358794656,0.8421052631578948,0.285342068100969,0.736842105263158,0.2059995086553196,0.8421052631578947,0.17572837136685848,0.3157894736842105,0.43945612327661365,0.631578947368421,0.07168906927108765
156,128,0.736842105263158,0.08895236670074762,0.052631578947368474,0.08139683414871494,0.21052631578947367,0.08867142318437497,0.0,0.08343983224282663,0.6842105263157895,0.09004924643462194,0.0,0.048997476076086365
156,725,0.10526315789473684,0.2072841840951393,0.368421052631579,0.21598613898580274,0.21052631578947367,0.21339439247579625,0.26315789473684215,0.2175416850950569,0.5789473684210527,0.21125892541992167,1.0,0.15703778287085393
156,114,0.9722222222222223,0.31447447135180057,1.0,0.31447458244606036,1.0,0.31447350242909927,1.0,0.3144745770620469,1.0,0.31447458256597577,0.4444444444444444,-0.034639813005924225
156,392,0.75,0.18970527368574017,0.42857142857142855,0.1897047337296136,0.7857142857142856,0.0935723919828888,0.5119047619047619,0.18970462828126564,0.25,0.18970529734229438,0.3214285714285714,0.18175881955240195
156,144,0.10526315789473684,-0.1263833443323771,0.4736842105263158,0.09880549189908276,0.21052631578947367,0.0987955831940563,0.4736842105263158,0.09880550631425533,0.3157894736842105,0.09880562124992724,0.8421052631578947,0.0988035321862147
156,487,0.1578947368421053,0.09551624099094624,0.42105263157894735,0.10760002166089051,0.1578947368421053,0.09551624099094624,0.42105263157894735,0.1075957641542649,0.4736842105263158,0.107595636786186,0.631578947368421,0.10759986873180043
156,953,0.5789473684210527,0.007379653610956345,0.6842105263157895,0.00425250522675924,0.6842105263157895,0.005205135102736828,0.631578947368421,0.00425250522675924,0.26315789473684215,0.007381141441794618,0.10526315789473684,0.005637637606317488
157,33,0.6666666666666667,0.07514563202857971,0.33333333333333337,0.07514563202857971,0.6666666666666667,0.07514563202857971,0.33333333333333337,0.07514563202857971,1.0,0.14797410368919373,0.33333333333333337,0.07514563202857971
157,807,0.6666666666666667,-0.097720205783844,1.0,0.26900216937065125,0.6666666666666667,-0.097720205783844,1.0,0.26900216937065125,1.0,0.26900216937065125,1.0,0.26900216937065125
157,650,0.0,-0.21343722939491272,0.0,0.4267590045928955,0.0,-0.21343722939491272,0.0,0.4267590045928955,0.6666666666666667,0.4267590045928955,0.33333333333333337,-0.10360589623451233
157,893,0.0,-0.1597306728363037,0.0,0.12315042316913605,0.0,-0.1597306728363037,0.0,0.12315042316913605,0.0,-0.1597306728363037,0.0,0.12315042316913605
157,147,0.33333333333333337,-0.011089861392974854,0.6666666666666667,0.21819327026605606,0.33333333333333337,-0.011089861392974854,0.6666666666666667,0.21819327026605606,0.6666666666666667,0.21819327026605606,1.0,-0.06250408291816711
157,1017,1.0,-0.0743461325764656,0.33333333333333337,0.08765227952972054,1.0,-0.0743461325764656,0.33333333333333337,0.08765227952972054,0.0,-0.11718734353780746,1.0,-0.0743461325764656
157,140,0.33333333333333337,-0.13710009679198265,0.6666666666666667,0.05407361453399062,0.33333333333333337,-0.13710009679198265,0.6666666666666667,0.05407361453399062,0.6666666666666667,-0.13710009679198265,0.6666666666666667,-0.13710009679198265
158,80,0.8888888888888888,0.32033905883630115,0.5555555555555556,0.24229528506596884,0.6666666666666667,0.24229528506596884,0.5555555555555556,0.24229528506596884,0.8888888888888888,0.3442416191101074,0.7777777777777778,0.22390800217787424
158,807,0.25,0.03680133819580078,0.8333333333333334,0.18139193455378214,0.20833333333333331,0.032412191232045494,0.7083333333333334,0.11976603666941325,0.875,0.18994033336639404,0.7083333333333333,0.0201034148534139
158,650,0.0,0.2677776018778483,0.125,0.42632939169804257,0.0,0.022653659184773762,0.25,0.41799719880024594,0.3125,0.49079151699940365,0.25,0.04937469959259033
158,893,0.11111111111111116,0.7983572619168626,0.5555555555555556,0.7983572619168626,0.33333333333333337,0.6066400477041801,0.5555555555555556,0.7983572619168626,0.33333333333333337,0.8718134731070677,0.4444444444444444,0.5794489940938851
158,694,0.7777777777777778,-0.020726350446542103,0.6666666666666667,-0.06380390375852585,0.6666666666666667,-0.1508454754948616,0.6666666666666667,-0.06380390375852585,0.0,-0.321850024163723,1.0,-0.0025792866945266724
158,659,0.375,-0.18977718551953635,0.0625,-0.1844249665737152,0.3125,-0.17518240213394165,0.0,-0.1806537409623464,1.0,0.19758824010690054,0.75,0.17614333083232245
158,389,0.4444444444444444,0.3290063637541607,0.5555555555555556,0.3942963170460037,0.5555555555555556,0.3940477809665026,0.6666666666666667,0.3942963170460037,0.0,0.4152134418206212,0.5555555555555556,0.23900741090377173
158,1004,0.33333333333333337,-0.030085214724143345,0.2222222222222222,-0.007013352587819099,0.11111111111111116,-0.029755714039007824,0.33333333333333337,-0.005721957112352054,0.4444444444444444,-0.03964099163810412,0.8888888888888888,-0.044275328516960144
158,85,0.0,0.043519825170127056,0.0,0.04308158589992672,0.0,0.04308158589992672,0.0,0.04359685315284878,0.33333333333333337,-0.017809725056091946,0.33333333333333337,-0.032439615577459335
158,667,0.6666666666666667,0.010032746751032088,0.5555555555555556,0.010032746751032088,0.6666666666666667,0.010032746751032088,0.5555555555555556,0.009895766876032516,0.4444444444444444,-0.13216093461960554,0.11111111111111116,0.006600574609668304
158,268,0.33333333333333337,0.07336178875993937,0.0,0.11318197751279513,0.6666666666666667,0.10129820770756244,0.0,0.11406788117346878,0.8888888888888888,0.1121909575109991,0.7777777777777778,0.029082931578159332
158,844,0.5555555555555556,0.020793611993819166,0.8888888888888888,0.026407896454202273,0.8888888888888888,0.026359441685296286,0.8888888888888888,0.026407896454202273,0.5555555555555556,0.0023330303471690663,0.33333333333333337,-0.06310876707235973
159,33,0.5,-0.11796400944391887,0.5,-0.11796400944391887,1.0,0.09261836608250935,0.5,-0.11796400944391887,0.5,-0.11796400944391887,0.5,0.07794527212778728
159,807,0.0,0.49059587965408963,0.75,0.5245298401763042,0.0,0.49059587965408963,0.0,0.49059587965408963,0.0,0.49059587965408963,1.0,0.2067808217058579
159,114,1.0,0.136486484110416,1.0,0.136486484110416,1.0,0.136486484110416,1.0,0.136486484110416,1.0,0.136486484110416,0.75,-0.044567364611187564
159,392,0.5,0.147612255740493,0.5,0.147612255740493,0.5,0.147612255740493,0.5,0.147612255740493,0.5,0.147612255740493,0.6666666666666666,-0.12619202335675558
160,80,1.0,0.09779787063598633,1.0,0.09779787063598633,1.0,0.09779787063598633,1.0,0.09779787063598633,1.0,0.09779787063598633,1.0,0.09779787063598633
160,147,0.0,0.052507348358631134,0.0,0.052507348358631134,0.0,0.052507348358631134,0.0,0.052507348358631134,1.0,-0.07203936576843262,0.5,-0.07203936576843262
160,981,0.0,0.08437036722898483,0.0,0.08437036722898483,0.0,0.08437036722898483,0.0,0.08437036722898483,1.0,-0.0912722647190094,0.0,0.08437036722898483
161,80,0.8571428571428571,0.009872694810231527,0.6071428571428571,0.018055299917856853,0.7857142857142857,0.024596254030863445,0.6428571428571428,0.018055299917856853,0.5357142857142857,0.048750499884287514,0.5714285714285714,-0.0020915468533833823
161,33,0.19999999999999996,0.086881419022878,0.6,0.06094630559285482,0.8,0.0823943813641866,0.4,0.06094630559285482,1.0,0.15624397993087769,0.4,-0.017763574918111164
161,807,0.09999999999999998,-0.06752818822860718,0.0,-0.06752818822860718,0.0,-0.12394092480341594,0.0,-0.06752818822860718,0.7,0.3266524275143941,0.09999999999999998,0.2123128076394399
161,294,0.7,0.22058558464050293,0.8,0.2673625548680623,0.9,0.3661404450734456,0.8,0.2673625548680623,1.0,0.08947964012622833,0.9,0.35254227618376416
161,695,0.3888888888888889,0.24596521568795046,0.6111111111111112,0.22104266534248987,0.3888888888888889,0.23688945298393568,0.6111111111111112,0.22104266534248987,0.6666666666666667,0.23202743381261826,0.05555555555555558,0.17973177631696066
161,887,1.0,0.1041057553763191,0.5,-0.013787681857744852,0.4,0.11771363050987323,0.5,-0.013787681857744852,0.0,-0.6876918822526932,0.30000000000000004,0.020685841639836628
161,794,0.9,0.029623059711108606,0.7,-0.15695774058500925,0.6,0.030043875177701313,1.0,-0.002913499561448892,0.19999999999999996,-0.7950244297583898,0.8,0.025533105246722698
161,591,0.8,0.006085115892346948,0.09999999999999998,-0.03304999011258284,0.19999999999999996,0.00619412421171243,0.19999999999999996,-0.03304999011258284,0.09999999999999998,-0.6555036039402088,0.6,0.0059472241361315055
161,222,0.0,0.03487232327461243,0.0,0.07705557346343994,0.0,-0.014695912599563599,0.0,0.11992786327997844,0.5,0.09947823981444041,0.9,0.00343818465868632
161,473,0.9,0.06211955100297928,0.19999999999999996,0.0001268113652865092,0.5,0.0016021256645520527,0.19999999999999996,0.0012219473719596863,1.0,0.008260843654473623,0.30000000000000004,-0.02699178457260132
161,13,0.8928571428571429,0.10978719840447108,0.6071428571428572,0.09009576216340065,0.75,0.09009576216340065,0.6071428571428572,0.09009576216340065,0.6428571428571429,0.09091765061020851,0.3214285714285714,0.06499545400341351
162,80,0.7272727272727273,0.027459919452667236,0.6363636363636364,0.026211837927500408,0.7272727272727273,0.07775729894638062,0.6363636363636364,0.026211837927500408,0.6363636363636364,0.11217846473058064,0.45454545454545453,0.017588992913564045
162,807,0.7857142857142857,-0.054052707428733505,0.7142857142857143,-0.02927849255502224,0.7857142857142857,-0.054052707428733505,0.7142857142857143,-0.05087555510302385,0.0,-0.26229811646044254,1.0,0.007848945446312428
162,650,0.2857142857142857,0.4215360237285495,0.3571428571428571,0.43898390511943336,0.2857142857142857,0.43898390511943336,0.3571428571428571,0.43898390511943336,0.5,0.439054278198455,0.6428571428571428,0.41407614139219123
162,1,0.9230769230769231,0.2284642867743969,0.9230769230769231,0.22848310694098473,0.923076923076923,0.2284642867743969,0.9230769230769231,0.22848310694098473,0.6153846153846154,0.1224508136510849,0.7307692307692308,0.16417312373717627
162,695,0.46153846153846156,0.7040081157894159,0.9230769230769231,0.6982053752872162,0.46153846153846156,0.7040081157894159,0.8461538461538461,0.7038425520974366,0.46153846153846156,0.7040080952782546,0.30769230769230765,0.42236749827861786
162,728,0.7272727272727273,0.6805246472358704,0.18181818181818177,0.010800500710805258,0.6818181818181818,0.1261434555053711,0.24999999999999997,0.010800500710805258,1.0,0.7037929414655082,0.45454545454545453,0.00020180145899454752
162,251,0.07692307692307687,0.7927792307455093,0.0,0.18014036615689596,0.0,0.8020514101566126,0.0,0.18014036615689596,0.923076923076923,0.8010035648476332,0.423076923076923,-0.012807627518971762
162,192,1.0,0.8879211496550372,1.0,0.887858859768888,1.0,0.8879211496631876,1.0,0.8875524446581645,1.0,0.8879211496631876,0.8571428571428572,0.7920284028894926
162,486,0.2857142857142857,0.39226393126480175,0.2857142857142857,0.3922679013538088,0.0,0.39226790216465063,0.2857142857142857,0.3922677595778387,0.5,0.39226790216453694,0.0714285714285714,0.38002553861830773
162,190,0.3076923076923077,0.7564332666435499,0.0,0.7552045666525373,0.3076923076923077,0.7564332666435499,0.038461538461538436,0.7552045670793935,0.6153846153846154,0.7564330379298099,0.7307692307692307,0.5816438024242719
162,118,0.7692307692307692,0.01337840322468864,0.6153846153846154,0.01337835022046363,0.7692307692307692,0.013330108392244947,0.6538461538461539,0.01337835022046363,0.15384615384615385,0.013378102152325747,0.3846153846153846,-0.0010801867271463077
162,692,0.6153846153846154,0.5549786192831274,0.9230769230769231,0.5549738972818007,0.6153846153846154,0.5549786671896672,0.9230769230769231,0.554973897284226,0.0,0.5549786671896754,0.7307692307692307,0.5522367846094008
163,80,0.75,-0.021607081095377605,0.75,-0.021607081095377605,1.0,0.06502302487691243,0.75,-0.021607081095377605,0.75,0.15108219782511392,0.25,0.06055299441019694
163,33,0.5,0.16720547278722128,0.0,0.16720547278722128,0.5,0.16720547278722128,0.25,0.16720547278722128,0.75,0.246182511250178,1.0,0.08898258209228516
163,807,0.0,0.32533960541089374,0.25,0.32533960541089374,0.0,0.28645093242327374,0.0,0.32533960541089374,0.75,0.40611207485198975,0.25,0.13267403344313303
163,1,1.0,0.44778607909878093,1.0,0.44778607909878093,1.0,0.44778607909878093,1.0,0.44778607909878093,1.0,0.44778607909878093,0.5,-0.058657308419545494
163,147,0.25,0.31480827058355015,0.5,0.31480827058355015,0.5,0.31480827058355015,0.5,0.31480827058355015,0.0,0.31480827058355015,0.5,0.09095885356267293
163,283,0.5,0.264718948242565,0.0,0.264718948242565,0.25,0.264718948242565,0.0,0.264718948242565,0.0,0.264718948242565,0.75,-0.11285619934399922
163,116,0.75,0.05620985952555202,0.75,0.05620985952555202,0.75,0.05620985952555202,0.75,0.05620985952555202,0.25,-0.13079151014486948,0.25,-0.11789945761362712
163,227,0.25,0.3890461271318297,0.25,0.3890461271318297,0.0,0.3890461271318297,0.25,0.3890461271318297,0.0,0.3890461271318297,0.5,0.12987383206685385
163,981,0.25,0.08499379766484101,0.0,0.08499379766484101,0.25,0.08499379766484101,0.0,0.08499379766484101,0.0,-0.10566608607769012,0.5,-0.09761284291744232
163,913,1.0,0.1217137451749295,1.0,0.1217137451749295,0.75,0.08650882561535884,1.0,0.1217137451749295,1.0,0.12004136623969923,0.25,-0.14203638086716333
164,80,1.0,0.14055500427881876,0.7777777777777778,-0.12542076905568442,0.7777777777777778,-0.12542076905568442,0.5555555555555556,-0.1260141928990682,0.8888888888888888,-0.22179871797561646,0.5555555555555556,0.04656896988550822
164,33,0.7142857142857143,-0.20414425929387411,0.7142857142857143,-0.20414425929387411,0.8571428571428572,-0.20331436395645142,0.7142857142857143,-0.20414425929387411,0.5714285714285714,-0.2308141589164734,0.5238095238095238,0.017444928487141926
164,807,1.0,0.19064676761627197,1.0,0.24314465125401816,1.0,0.24314465125401816,1.0,0.24314465125401816,0.6666666666666667,0.8232072579363982,0.7777777777777778,0.42361684640248615
164,650,0.0,0.41351667791604996,0.6666666666666667,0.6593677327036858,0.4444444444444444,0.6593677327036858,0.6666666666666667,0.6593677327036858,0.888888888888889,0.6444954747955004,0.5555555555555556,0.39675704141457874
164,893,0.0,0.7290313629224935,0.5555555555555556,0.7170566966136297,0.5555555555555556,0.7170566966136297,0.6666666666666667,0.7170566966136297,0.7777777777777778,0.7380775754378798,0.5555555555555556,0.6868911894659201
164,695,0.6666666666666667,0.39246952657898265,0.0,0.3469034618853281,0.0,0.34867095566975576,0.4444444444444444,0.33165402834614116,0.5555555555555556,0.4194134490098804,0.5555555555555556,0.1990089217821757
164,147,0.4444444444444444,0.38597968344887096,0.5555555555555556,0.38597968344887096,0.6666666666666667,0.38597968344887096,0.5555555555555556,0.38597968344887096,0.6666666666666667,0.41734871819304925,0.4444444444444444,0.3615399847428004
164,694,0.5555555555555556,0.09728031357129414,0.888888888888889,0.1993308166662852,0.7777777777777778,0.1709884206453959,0.7777777777777778,0.1709884206453959,0.888888888888889,0.2303448518117269,0.0,0.026027143001556396
164,342,0.11111111111111116,0.38169193586024147,0.33333333333333337,0.3673211159184575,0.5555555555555556,0.3673211159184575,0.5555555555555556,0.336469071606795,0.4444444444444444,0.3875437655175726,0.8888888888888888,0.03866927822430929
164,114,0.8888888888888888,0.06708997654656439,0.7777777777777778,0.07768181763269706,0.5555555555555556,0.0658656107649828,0.7777777777777778,0.07768181763269706,0.888888888888889,0.02587739222363557,0.0,-0.04968503614266714
164,621,0.2222222222222222,0.25718814741897705,0.0,0.2551824873565541,0.11111111111111116,0.25191392314930755,0.6666666666666667,0.24780947816907428,0.0,0.25717823179244687,0.5555555555555556,0.1470562405884266
164,392,0.7142857142857143,0.04814873751214085,0.0,0.05242881605712076,0.2857142857142857,0.0458188348954233,0.0,0.05242881605712076,0.4285714285714286,-0.06907837571164539,0.8095238095238095,0.022637697557608288
164,959,0.33333333333333337,0.15965862377197482,0.888888888888889,0.15966943331295624,0.888888888888889,0.15920101013034582,0.8888888888888888,0.16050244314828888,0.7777777777777778,0.1626525110914372,0.6666666666666667,0.0013376822074254353
164,487,1.0,-0.02890334588785966,0.8888888888888888,0.04718450696404434,0.6666666666666667,-0.11535112063090007,0.8888888888888888,0.047184977868605905,0.11111111111111116,-0.11535112063090007,0.2222222222222222,0.04152048658579588
164,49,0.7777777777777778,0.13472461721054665,0.888888888888889,0.11661027379644413,0.6666666666666667,0.11814687703736126,0.8888888888888888,0.11661027379644413,1.0,0.1350619144080459,0.11111111111111116,-0.008542309204737345
164,500,0.6666666666666667,0.08595554804560379,0.888888888888889,0.0855572583071383,0.7777777777777778,0.0862744132973603,0.8888888888888888,0.08364688659397264,0.5555555555555556,0.08627768993513503,0.33333333333333337,0.08514477616457346
165,80,1.0,0.006375670433044434,1.0,0.006295482317606608,0.888888888888889,0.006295482317606608,1.0,0.006295482317606608,0.0,0.07734344402949016,0.4444444444444445,0.06651643911997478
165,33,0.19999999999999996,0.02120514710744222,0.19999999999999996,0.01785719394683838,0.4,0.0142708420753479,0.19999999999999996,0.01785719394683838,1.0,0.06709190209706624,0.8,0.043656229972839355
165,294,0.19999999999999996,0.016258875528971355,0.19999999999999996,0.007007380326588948,0.6,0.005961875120798747,0.19999999999999996,0.007007380326588948,1.0,0.18604910373687744,0.19999999999999996,0.016258875528971355
165,694,0.6,0.007508804400761922,0.4,-0.0006232957045237223,0.4,-0.0006232957045237223,0.6,0.007508804400761922,1.0,0.12868329882621765,0.19999999999999996,0.01982387900352478
165,887,0.8,0.13813932736714682,1.0,0.09463077783584595,0.8,0.08626383543014526,0.8,0.13813932736714682,0.4,0.32582715153694153,0.0,0.012495954831441244
165,794,0.6,0.06112893422444662,0.8,0.038431684176127114,1.0,0.034801324208577476,0.8,0.038431684176127114,0.0,0.4022342960039775,0.0,0.03350295623143514
165,591,0.6,0.19968028863271078,0.4,-0.06445191303888957,1.0,0.12169649203618367,0.4,0.19968028863271078,0.19999999999999996,0.4249639908472697,0.4,0.12373822927474976
165,342,0.19999999999999996,0.031025037169456482,0.0,0.022095049420992535,0.0,0.019395843148231506,0.0,0.022095049420992535,0.6,-0.05649557212988535,0.6,0.04231802622477213
165,401,1.0,0.1446259766817093,0.8,0.12148197988669078,1.0,0.1382884979248047,0.8,0.12148197988669078,1.0,0.1446259766817093,0.6,0.07065100471178691
165,621,0.19999999999999996,0.028911540905634563,0.19999999999999996,0.028911540905634563,0.0,0.022761330008506775,0.0,0.022761330008506775,0.6,-0.059414029121398926,0.4,0.014322323103745779
166,659,0.5,-0.01719115177790324,0.5,-0.01719115177790324,0.0,-0.01719115177790324,0.375,-0.01719115177790324,0.5,0.2538543740908305,0.5,-0.024607280890146892
166,114,1.0,0.711412305633227,1.0,0.711412305633227,1.0,0.711412305633227,1.0,0.711412305633227,1.0,0.711412325501442,0.6666666666666667,-0.030262311299641926
166,815,0.9285714285714285,8.597379552740167e-06,0.8571428571428571,8.597379552740167e-06,0.8571428571428572,8.597379552740167e-06,0.8571428571428572,8.597379552740167e-06,0.07142857142857145,-0.0003564165081115789,0.4285714285714286,-2.049614378544599e-05
166,904,0.0,0.11138626816682518,0.6666666666666667,0.11138626816682518,0.0,0.11138626816682518,0.41666666666666663,0.11138626816682518,0.0,-0.4627589558561643,0.8333333333333334,0.10229666903614998
166,803,0.5,0.5233079213649035,0.0,0.5233079213649035,0.0,0.5233079213649035,0.125,0.5233079462001721,0.0,0.5233079462001721,0.1875,-0.00037095944086710614
166,429,0.0,0.059301739827224274,0.6666666666666667,0.059301739827224274,0.0,0.059301739827224274,0.6666666666666667,0.05930173995334087,0.0,-0.5122100772957007,0.25,0.05834376822652606
167,80,0.9047619047619049,0.14130735397338867,0.7142857142857143,-0.04704463481903076,1.0,0.04627768198649088,0.7142857142857143,-0.04891727368036906,0.4285714285714286,0.056223511695861816,0.8095238095238095,-0.014832615852355957
167,33,0.8888888888888888,0.084805428981781,0.33333333333333337,-0.004252612590789795,0.5555555555555556,0.03513079881668091,0.4444444444444444,-0.01984548568725586,1.0,0.03129239877065023,0.7777777777777778,-0.0038773020108540854
167,650,0.0,-0.003971278667449951,0.11111111111111116,0.10572483763098717,0.0,-0.0016958266496658325,0.2222222222222222,0.11231108382344246,1.0,0.1378543165822824,0.7777777777777778,0.07448625316222508
167,294,0.6666666666666667,0.18362073103586832,0.5555555555555556,-0.1831567883491516,0.8888888888888888,0.373236579199632,0.6666666666666667,-0.1831567883491516,1.0,0.23116848866144815,0.6666666666666667,-0.23909785350163779
167,694,0.48000000000000004,0.03425137201944987,0.6,0.028948545455932617,0.6,0.028948545455932617,0.64,0.06328787406285603,1.0,0.21280410885810852,0.6799999999999999,0.12900986274083456
167,1004,0.0,0.03452066580454508,0.2222222222222222,0.027427583932876587,0.2222222222222222,0.027427583932876587,0.2222222222222222,0.027427583932876587,1.0,-0.015089521805445353,1.0,-0.03565344214439392
167,401,1.0,0.12095687227944533,0.125,0.09461262573798497,0.4375,0.1099602406223615,0.1875,0.09392216180761655,0.8125,-0.03749835987885793,0.9375,0.11981736185650031
167,432,1.0,0.03866800976296266,0.8888888888888888,0.04108108673244715,0.8888888888888888,0.039776066318154335,0.8888888888888888,0.04108108673244715,0.6666666666666667,-0.13481426487366358,0.4444444444444444,-0.00449759637316068
167,332,0.5238095238095238,0.13025696482509375,0.4761904761904762,0.11345123747984569,0.4285714285714286,0.1418332432707151,0.5238095238095237,0.1429230726013581,0.28571428571428575,-0.03410262862841288,0.6190476190476191,0.08741325015823047
168,33,0.4,0.4235771782696247,0.0,0.4235771782696247,0.4,0.4235771782696247,0.0,0.423577190687259,0.4,0.43515397359927493,0.8,0.4453341147551934
168,650,0.0,0.5996429845690727,0.4,0.5996429845690727,0.0,0.5996429845690727,0.4,0.5996429696679115,0.8,0.6067195485035578,0.39999999999999997,0.2528450811902682
168,695,0.8,0.22860028439511856,0.8,0.22860028439511856,0.8,0.22860028439511856,0.8,0.22860028439511856,0.0,0.22825317503884435,0.4,0.22860028439511856
168,841,0.8,0.46042020929356414,0.0,0.4599281023644532,0.8,0.46042020929356414,0.0,0.4599281023644532,0.0,0.4599281023644532,0.09999999999999998,0.22590387628103295
168,452,0.0,0.34658760652445625,0.4,0.34658760652420995,0.0,0.34658767671783625,0.4,0.34658760652445625,0.0,0.34658760652420995,0.8,0.06085695823033651
169,80,1.0,0.24706494808197021,0.6,-0.23597228527069092,0.6,-0.11252764860788982,0.8,-0.15832388401031494,0.6,-0.2500825723012288,0.0,0.1144218643506368
169,33,0.25,0.24129181106885275,0.125,-0.004827757676442464,0.375,0.1425977647304535,0.125,-0.004827757676442464,0.375,0.1437692642211914,0.0,0.1437692642211914
169,294,0.6,0.15719117348392805,0.0,-0.17944964269797006,0.19999999999999996,0.07700198392073314,0.0,-0.17944964269797006,0.4,-0.3370659401019414,0.8,0.15886363511284193
169,725,0.19999999999999996,-0.02397674322128296,0.8,0.10741895375152428,0.4,0.09003683179616928,0.8,0.10741895375152428,0.19999999999999996,-0.05843229591846466,0.6,-0.021264541273315746
169,939,0.4,-0.01711632466564576,1.0,0.009582693222910166,0.4,-0.01576108392328024,1.0,0.009582693222910166,0.6,-0.07339618199815352,0.6,-0.01711632466564576
169,715,0.0,-0.01633123153199752,0.0,0.007245237308476741,0.0,0.003075045378257831,0.0,0.004573836815931524,0.4,-0.07546072142819564,0.19999999999999996,-0.04358791746199131
169,838,0.0,-0.008200358133763075,0.19999999999999996,0.00619578567178299,0.0,0.0033482075959909707,0.19999999999999996,0.00619578567178299,0.0,-0.061891446666171156,0.8,-0.015604812807093063
169,332,0.8,0.0904763534005421,1.0,0.09992055067171653,0.8,0.0904763534005421,1.0,0.09992055067171653,0.8,-0.0467830915004015,0.19999999999999996,0.049574144184589386
170,807,0.6666666666666667,0.1575146714846293,0.8333333333333334,0.16863836844762167,0.6666666666666667,0.16863836844762167,0.6666666666666667,0.16863836844762167,0.8333333333333334,0.18102417389551798,0.625,0.07142225901285808
170,650,0.0,0.4412643412748973,0.0,0.4412643214066823,0.0,0.4412643214066823,0.0,0.4412643611431122,0.75,0.4358852605024974,0.125,0.1560127337773641
170,893,0.0,0.8588299627493446,0.25,0.8576701976514111,0.0,0.8588299627493446,0.25,0.8588299577822909,0.25,0.8588299624583063,0.5625,0.748313657939434
170,694,0.6666666666666667,0.07683539390563965,0.6666666666666667,0.07683539390563965,0.6666666666666667,0.08836438258488973,0.6666666666666667,0.07683539390563965,1.0,0.2436315417289734,0.6666666666666666,0.13126744826634726
170,389,0.25,0.07288194571932156,0.25,0.12231145312155907,0.25,0.12231145389766122,0.25,0.12231145312155907,0.5,0.12231145389766122,0.625,0.018432555099328358
170,432,0.5,0.023588584988222767,0.0,0.02328366943402216,0.25,0.023588584988222767,0.25,0.023588584988222767,0.0,-0.2841452918946743,0.5625,0.02009008382447064
171,80,0.5,-0.1337894399960836,0.3333333333333333,-0.1337894399960836,0.5,-0.1337894399960836,0.4166666666666667,-0.1337894399960836,0.16666666666666669,0.2618700663248698,0.25,-0.12789179881413779
171,33,0.6666666666666667,-0.12242201964060466,0.6666666666666667,-0.12242201964060466,0.8333333333333334,-0.09868276119232178,0.6666666666666667,-0.12242201964060466,1.0,0.22431041797002158,0.5,0.106778085231781
171,650,0.0,0.32599008083343506,0.2857142857142857,0.39977020025253296,0.0,0.3415956695874532,0.2857142857142857,0.3415956695874532,0.2857142857142857,0.5190538267294565,0.8571428571428572,0.05157595872879028
171,1,0.8571428571428572,0.0984232546761632,1.0,0.12488079909235239,0.7142857142857143,0.06582426776488622,0.8571428571428572,0.0984232546761632,1.0,0.11558254684011142,0.8571428571428572,0.06827789482971032
171,695,0.7142857142857143,0.10312957440813382,0.8571428571428571,0.02441288282473882,0.7142857142857143,0.08166355639696121,0.8571428571428572,0.02441288282473882,0.2857142857142857,0.07392400627334912,0.5714285714285714,-0.013416911164919535
171,725,0.1428571428571429,0.02097909649213155,0.1428571428571429,0.006385619441668193,0.1428571428571429,0.006385619441668193,0.1428571428571429,0.011285180846850077,1.0,0.08716050535440445,0.7142857142857143,0.04315271725257238
171,283,0.5,0.02819996963565548,0.16666666666666663,0.03413431532680988,0.5,0.029732312851895887,0.16666666666666663,0.03461053742406269,0.5,0.002714401421447595,0.0,0.03408826274486879
171,13,1.0,0.037280759463707604,0.5714285714285714,-0.0060757361352443695,1.0,0.038745065219700336,0.7142857142857143,-0.0060757361352443695,0.8571428571428572,-0.028457988053560257,0.8571428571428572,0.02671552449464798
171,979,0.0,0.03851295883456866,0.0,0.0442092331747214,0.0,0.03851295883456866,0.2857142857142857,0.03708584979176521,0.4285714285714286,0.04762078573306402,0.5714285714285714,0.017649608353773754
171,739,0.8571428571428572,0.015632861216242116,0.7142857142857143,0.009502527924875418,0.8571428571428571,0.015632861216242116,0.7142857142857143,0.009502527924875418,0.5714285714285714,-0.0009648300086458524,0.0,-0.011439867007235685
171,823,0.7142857142857143,0.015121277033661803,0.2857142857142857,-0.013054956992467245,0.2857142857142857,0.010222315322607756,0.2857142857142857,-0.013054956992467245,0.8571428571428572,-0.00783888747294744,0.7142857142857143,-0.030274221673607826
172,80,0.8518518518518519,0.19040648142496744,0.6296296296296297,0.04406950871149699,0.7037037037037037,0.12367077668507893,0.5555555555555556,0.03734858830769857,0.4444444444444444,0.15084979931513467,0.6296296296296295,-0.004002054532368978
172,33,0.8181818181818181,0.14503113428751627,0.7272727272727273,0.09544289112091064,0.8181818181818181,0.13603230317433676,0.7272727272727273,0.09544289112091064,1.0,0.2060325543085734,0.18181818181818177,-0.017381032307942707
172,807,0.3703703703703704,-0.0006088018417358398,0.7407407407407407,0.29352609316507977,0.6296296296296297,0.29352609316507977,0.6666666666666666,0.18299132585525513,0.8518518518518519,0.29162173469861347,0.7037037037037037,0.18984383344650269
172,650,0.0,0.28033148248990375,0.35,0.6708547621965408,0.15000000000000002,0.5936796093980471,0.35000000000000003,0.5936796093980471,0.7,0.7443849829336008,0.44999999999999996,0.18338316679000854
172,893,0.0,0.7037998884916306,0.25,0.7200122028589249,0.09999999999999998,0.5039073973894119,0.25,0.7594958866635958,0.65,0.8814183991550332,0.8500000000000001,0.5620754472911358
172,1,1.0,0.25252764264587313,0.7272727272727273,0.23453669185983017,1.0,0.2526181786476324,0.8181818181818181,0.24062945334784067,1.0,0.2546738505673905,0.9090909090909091,0.06927465895811717
172,294,0.9090909090909091,0.21839913601676622,0.8181818181818181,0.3046368208403389,1.0,0.26809391596664983,0.9090909090909091,0.21780468337237835,0.8181818181818181,0.3200547539939483,1.0,0.2624201402068138
172,147,0.2727272727272727,0.4430823897322019,0.0,0.5006514638662338,0.0,0.2655346641937892,0.0,0.4674442534645398,0.0,0.5375683115174373,0.8181818181818181,0.43338673065106076
172,389,0.18181818181818177,0.09369243681430817,0.18181818181818177,0.112540939822793,0.18181818181818177,0.112540939822793,0.09090909090909094,0.10538472173114617,0.5454545454545454,0.17390598780472524,0.6363636363636364,0.17109557062697908
172,128,0.5454545454545454,0.27090923488140106,0.5454545454545454,0.2963325140687327,0.5454545454545454,0.2947787791490555,0.4545454545454546,0.2963325140687327,0.7272727272727273,0.30937119231869775,1.0,0.09157643218835194
172,283,0.9090909090909091,0.1403466610936448,0.36363636363636365,0.13477562431944534,0.4545454545454546,0.11258117567437391,0.36363636363636365,0.13477562431944534,0.5454545454545454,0.14072898670080272,0.5454545454545454,0.13413983769714832
172,540,0.8181818181818181,0.4975059480930213,0.18181818181818177,0.30327111125613254,0.36363636363636365,0.23925151955336332,0.4545454545454546,0.2877305696407954,0.6363636363636364,0.5009343864173085,0.2727272727272727,0.21692532331993183
172,820,0.4545454545454546,0.03757595492000595,0.8181818181818181,0.029989169477327476,0.5454545454545454,0.026885588181054725,0.7272727272727273,0.029989169477327476,0.7272727272727273,-0.0020463858219604467,0.4545454545454546,0.02409283341732286
172,739,0.9090909090909091,0.1327423702981226,0.4545454545454546,0.1318043340956573,0.4545454545454546,0.13270207353980368,0.4545454545454546,0.13240048806266222,0.18181818181818177,0.13286473056126624,0.4545454545454546,0.11135316266184721
172,786,0.2727272727272727,0.038859749970773315,0.0,0.02750069659350629,0.18181818181818177,0.0185150442024072,0.0,0.02750069659350629,0.5454545454545454,-0.002161500412607135,0.5454545454545454,0.01826617350646605
172,825,0.9090909090909091,0.024882858654261025,0.5454545454545454,0.023567026756533476,0.5454545454545454,0.021709096617996693,0.6363636363636364,0.023567026756533476,0.8181818181818181,-0.01072652905538026,0.2727272727272727,-0.0008847042918205261
172,403,0.5454545454545454,0.03064969061233569,0.7272727272727273,0.024189425161163552,0.5454545454545454,0.019781886405932408,0.8181818181818181,0.024189425161163552,0.7272727272727273,-0.0044197891859028005,0.2727272727272727,-0.06042744033038616
172,197,0.6363636363636364,0.08044615301575202,0.9090909090909091,0.05938049383053112,0.7272727272727273,0.0654583473612244,0.8181818181818181,0.08060756948187493,0.6363636363636364,0.08071016042228034,0.09090909090909094,0.05216870446020039
173,80,1.0,0.0035691658655802407,1.0,0.0035691658655802407,1.0,0.0035691658655802407,1.0,0.006313045819600423,0.28571428571428575,0.05548985799153646,0.4642857142857143,0.04989685614903768
173,33,0.6,0.008884390195210775,0.4,0.00870811939239502,0.6,0.00870811939239502,0.4,0.00870811939239502,1.0,0.03053385019302368,0.19999999999999996,0.015386521816253662
173,650,0.0,0.11250350872675578,0.5,0.13672698537508646,0.30000000000000004,0.1503782421350479,0.5,0.1503782421350479,1.0,0.21160486588875452,0.4,0.06581880152225494
173,294,0.6,-0.01036598285039266,0.6,0.016722063223520916,0.6,0.016722063223520916,0.6,0.016722063223520916,1.0,0.2856307824452718,1.0,0.4733169674873352
173,694,0.33333333333333337,-0.011046846707661947,1.0,0.1778898537158966,0.9333333333333333,0.17224623759587607,1.0,0.19540964563687643,1.0,0.16099679470062256,0.43333333333333335,0.06074792146682739
173,887,1.0,0.17227983474731445,1.0,0.18961373468240103,0.9444444444444444,0.21867727736632028,0.9444444444444444,0.21867727736632028,0.11111111111111116,0.30041184027989704,0.5555555555555556,0.013271927833557129
173,794,0.7,0.11164386073748271,0.9,0.1746224264303843,0.9,0.22167563624680042,0.9,0.1746224264303843,0.30000000000000004,0.40456117192904156,0.4,0.09579773743947347
173,591,0.7,0.18830220152934393,0.5,0.13989805181821188,0.8,0.13755393524964651,0.6,0.15965372323989868,0.4,0.21852976580460867,0.5,0.17158205807209015
173,1004,0.0,0.033521026372909546,0.0,-0.04971133669217428,0.0,-0.04971133669217428,0.09999999999999998,-0.05142033100128174,0.7,-0.0537416934967041,0.19999999999999996,-0.011886179447174072
173,401,1.0,0.08081230397025745,0.30000000000000004,0.08276937156915665,0.30000000000000004,0.08704985057314236,0.30000000000000004,0.0766039105753104,0.6,-0.04839495321114858,0.6,-0.06497667481501897
173,420,0.8,0.05611116485670209,0.19999999999999996,0.040277201061447464,0.30000000000000004,0.040277201061447464,0.4,0.040277201061447464,0.7,-0.0069475484391053515,0.7,0.03335057975103458
173,432,0.75,0.01681038023283084,0.7916666666666667,0.01805847743526101,0.5833333333333333,0.01654132253800829,0.6666666666666666,0.017317054482797783,0.7083333333333334,-0.09433639856676261,0.20833333333333331,-0.029895028099417686
173,139,0.9,0.019274697018166382,0.5,0.014432917504260937,0.19999999999999996,0.016403713418791693,0.7,0.014432917504260937,0.8,-0.04276402915517489,0.6,0.017193096845100325
173,416,0.9,0.007129896470966439,0.30000000000000004,0.006822788234179218,0.4,0.006465529712537925,0.30000000000000004,0.006822788234179218,0.6,-0.005698003806173801,0.8,0.006638320550943415
173,823,0.8,0.031866839000334345,0.6,0.030197718646377325,0.5,0.030197718646377325,0.5,0.030197718646377325,0.5,-0.13741388296087584,0.8,-0.030045099556446075
173,332,0.5,0.1282514650374651,0.19999999999999996,0.12161670997738838,0.0,0.1552131942783793,0.09999999999999998,0.12161670997738838,0.5,-0.025264422098795574,0.8,0.05152222762505213
174,80,1.0,0.2530018985271454,0.2142857142857143,0.06895426909128825,0.4285714285714286,0.06895426909128825,0.28571428571428575,0.06895426909128825,0.5714285714285714,0.24221966663996378,0.4285714285714286,0.14930182695388794
174,33,0.5,0.21807379523913065,0.75,0.2243850827217102,0.875,0.2205660343170166,0.875,0.2205660343170166,1.0,0.2909482618172963,0.5,-0.016339461008707683
174,807,0.75,0.2654969294865926,0.875,0.370780070622762,0.875,0.370780070622762,0.875,0.370780070622762,0.75,0.3758210043112437,1.0,0.2097813884417216
174,650,0.0,0.39162124941746396,0.4285714285714286,0.5461447636286417,0.14285714285714285,0.5461447636286417,0.4285714285714286,0.5461447636286417,0.7857142857142857,0.4405984779198964,0.7857142857142857,0.12988553444544473
174,893,0.125,0.8285268299514428,0.5,0.8162326305173337,0.25,0.8285268299514428,0.375,0.8170592700092433,0.75,0.8281450595629091,0.25,0.1560000777244568
174,294,0.5,0.3219614773988724,0.5,0.4294791792829831,1.0,0.466197087119023,0.5,0.45315177490313846,0.875,0.489184965689977,0.125,-0.04737347364425659
174,147,0.625,0.5609009012114257,0.75,0.5554623116428653,0.625,0.5609009012114257,0.75,0.5558864284927646,0.5,0.5609009012114257,1.0,0.16602098941802979
174,794,0.875,0.27851514673481387,0.25,0.3280585998048385,0.5,0.3280585998048385,0.25,0.3280585998048385,0.5,0.3376994252127285,0.5,0.14810937394698462
174,881,0.875,0.2333800143096596,0.875,0.2794145291360716,0.875,0.281666334796076,0.875,0.281666334796076,1.0,0.28874219216716784,0.5,0.0698939859867096
174,725,0.25,0.026323437690734863,0.125,0.2930631811420123,0.125,0.0828442672888438,0.125,0.288857397933801,0.75,0.3081930261105299,0.875,0.1452460711201032
174,473,0.375,0.0719891272795697,0.375,0.06980596762150526,0.375,0.0719891272795697,0.5,0.06980596762150526,0.25,0.063943173425893,0.375,0.018450928231080372
174,979,0.0,0.2375258212753882,0.0,0.2990869364390771,0.0,0.30022974211412173,0.0,0.30398052581585944,0.375,0.3028377201408148,0.125,0.27390453157325584
174,815,0.25,0.2059226479032077,0.25,0.25068756617838517,0.25,0.2511126517395799,0.375,0.2511126517395799,0.625,0.2530549814691767,0.625,0.02647309998671214
174,401,0.875,0.1837704325056014,1.0,0.2079517239665923,0.875,0.1837704325056014,1.0,0.20743277905664095,0.875,0.2083386804248827,1.0,0.19045784076054892
174,927,0.75,0.19203728213324212,0.375,0.19100248141330667,0.625,0.19100248141330667,0.375,0.19100248141330667,0.75,0.19203728213324212,0.5,-0.01671634117762248
174,140,0.375,0.04480632456640402,0.5,0.1184278124710545,0.375,0.04480632456640402,0.375,0.10830242924081783,0.375,0.11806131779061009,0.875,-0.04053631921609243
175,80,1.0,-0.00039907296498616535,0.8469387755102041,-0.00015723705291748047,0.8775510204081632,0.0003673235575358073,0.8673469387755102,0.00023482243220011392,0.22448979591836737,0.002289891242980957,0.7244897959183674,-0.0003612240155537923
175,33,0.13157894736842107,-0.0007809003194173177,0.10526315789473684,-0.00047268470128377277,0.1842105263157895,-5.2253405253092446e-05,0.13157894736842107,-0.00024437904357910156,1.0,0.005874752998352051,0.3157894736842105,-0.0008052587509155273
175,807,0.30000000000000004,0.26897376775741577,0.8999999999999999,0.4125753889481227,0.55,0.1561978061993917,1.0,0.5538083364566168,1.0,0.6811985137561957,0.25,0.48261048396428424
175,650,0.0,0.3201962610085805,0.65,0.6995812924578786,0.4,0.35873631201684475,0.6,0.6931562114817401,0.9,0.7069231811910868,0.8,0.7132633167008559
175,893,0.0,0.3547229692339897,0.19999999999999996,0.3088381451865037,0.050000000000000044,0.348245279242595,0.19999999999999996,0.4802214078081306,0.9,0.47936371985512477,0.0,0.33943294698838145
175,294,0.30000000000000004,-0.01569831371307373,0.30000000000000004,-0.004523098468780518,0.44999999999999996,-0.003759920597076416,0.30000000000000004,0.003017763296763102,0.9999999999999999,0.22001107533772787,0.30000000000000004,-0.014044404029846191
175,695,0.85,0.20896485556537905,1.0,0.195871791181465,0.9500000000000001,0.1532316974674662,1.0,0.195871791181465,0.85,0.18625585657233992,0.5,0.04988248894611994
175,694,0.21052631578947367,0.1674218475818634,0.7368421052631579,0.2115725725889206,0.5789473684210527,0.18868074317773184,0.736842105263158,0.2115725725889206,0.8947368421052632,0.2743837038675944,0.8684210526315789,0.0642787516117096
175,887,0.9272727272727272,0.024244725704193115,0.8545454545454546,0.0537567138671875,0.8363636363636363,0.14474097887674967,0.8181818181818182,0.14474097887674967,0.10909090909090909,0.6866850107908249,0.7727272727272727,0.01122194528579712
175,794,0.4,-0.020306050777435303,0.75,0.13765867551167807,0.85,0.18918154637018839,0.7,0.010576128959655762,0.050000000000000044,0.5769690051674843,0.35,-0.04260096947352091
175,128,0.30000000000000004,0.09570779170220096,0.95,0.0927832149900496,0.6,0.08984195720404387,0.95,0.09370654169470072,0.9,0.09084584098309278,0.65,0.050099449853102364
175,591,0.25,0.20186758041381836,0.5,0.3549779839813709,0.7,0.16904860734939575,0.6,0.03895191351572672,0.5,0.6643663980066776,0.95,0.29840900997320813
175,540,1.0,0.4073902744227477,0.7,0.4302886786560218,0.8999999999999999,0.4345041444369902,0.7,0.4307702946631859,0.95,0.43700956914108247,0.4,0.3239908137669166
175,401,0.894736842105263,0.2571152501235095,0.26315789473684215,0.24290030356496572,0.26315789473684215,0.2437734849130114,0.05263157894736842,0.2314892535408338,0.736842105263158,0.25270057066033286,0.10526315789473689,0.12453869233528773
175,420,0.5,0.3072800069736938,0.25,0.28186383734767634,0.19999999999999996,0.2808042199661334,0.44999999999999996,0.3508767442156871,0.4,0.35837554002258304,0.6,0.32867535514136154
175,119,0.7111111111111111,0.34225739057486254,0.2444444444444445,0.3196779017647107,0.2555555555555556,0.12330856259601812,0.27777777777777785,0.3249112709114949,0.4666666666666667,0.3734658352501962,0.6111111111111112,0.3006650898605585
175,841,0.15000000000000002,0.0004247118631610647,0.050000000000000044,0.0004212992377385187,0.15000000000000002,0.00027813593624159694,0.050000000000000044,0.0003299310871322329,0.09999999999999998,0.00044367400550981984,0.75,0.0003521466229964669
175,362,0.95,0.008942912802240244,1.0,0.008808114158455282,1.0,0.008891209397006605,1.0,0.008808114158455282,1.0,0.008706203859522551,0.09999999999999998,0.003618430307445427
175,416,0.8421052631578948,0.02736053268017713,0.42105263157894735,0.03022054539178498,0.4736842105263158,0.030327077438414562,0.368421052631579,0.030261633985598262,0.5789473684210527,0.03053370201693421,0.5789473684210527,0.02427495364099741
175,243,0.6500000000000001,0.10312123930392166,0.19999999999999996,0.11785971862263978,0.35,0.11925581464796171,0.050000000000000044,0.11809421284124255,0.25,0.11995950136527729,0.85,0.07161139789968729
175,332,0.5263157894736843,0.2176121879844383,0.10526315789473684,0.21169962896965444,0.052631578947368474,0.21346996809976795,0.1842105263157895,0.20579253897691765,0.7894736842105263,0.21225617973444363,0.2368421052631579,0.08707074836517374
176,80,1.0,0.01704716682434082,0.9333333333333333,0.01704716682434082,0.9333333333333333,0.01704716682434082,0.9333333333333333,0.01704716682434082,0.06666666666666665,0.06006765365600586,0.3333333333333333,0.1891845464706421
176,33,0.5714285714285714,0.0183485746383667,0.4285714285714286,0.0183485746383667,0.5714285714285714,0.0183485746383667,0.5714285714285714,0.0183485746383667,1.0,0.061412413914998375,0.4285714285714286,0.03364449739456177
176,807,0.7142857142857143,0.05621617039044698,1.0,0.31016504267851513,0.5714285714285714,0.044038742780685425,1.0,0.31016504267851513,1.0,0.170608252286911,0.7142857142857143,0.08633373181025188
176,650,0.0,0.013988504807154337,0.4285714285714286,0.40784042576948804,0.4285714285714286,0.40784042576948804,0.4285714285714286,0.40784042576948804,0.8571428571428572,0.386401707927386,0.0,-0.05003277460734049
176,294,0.5714285714285714,0.011526981989542643,0.7142857142857143,0.01954174041748047,0.7142857142857143,0.01954174041748047,0.7142857142857143,0.01954174041748047,1.0,0.3124140004316966,0.0,0.006509939829508464
176,694,0.4285714285714286,0.13787813981374106,0.8571428571428572,0.26401956876118976,0.7142857142857143,0.19699021180470785,0.8571428571428572,0.26401956876118976,0.7142857142857143,0.21509212255477905,0.1428571428571429,0.019839147726694744
176,887,1.0,0.1304034193356832,0.8571428571428572,0.16414366165796915,0.7142857142857143,0.3105039397875468,0.8571428571428572,0.16414366165796915,0.0,0.27613426248232525,0.5714285714285714,0.1055980126063029
176,794,0.8571428571428572,0.12882351875305176,1.0,0.1418722669283549,1.0,0.3637237300475438,1.0,0.1418722669283549,0.4285714285714286,0.41649892926216125,0.8571428571428572,0.12882351875305176
176,591,0.7142857142857143,0.1836100916067759,1.0,0.11880805095036824,1.0,0.2949027369419734,1.0,0.11880805095036824,0.1428571428571429,0.4322920988003413,0.2857142857142857,-0.027302205562591553
176,342,0.2857142857142857,0.18908794224262238,0.0,0.0408862034479777,0.0,-0.033731609582901,0.0,0.257715346912543,0.4285714285714286,0.21507583061854044,0.2857142857142857,0.11423978706200917
176,1004,0.0,0.027514825264612835,0.1428571428571429,-0.003987868626912435,0.1428571428571429,-0.03731910387674967,0.1428571428571429,0.01514411966005961,0.7142857142857143,-0.03339008490244547,0.4285714285714286,-0.04373570283253988
176,540,1.0,0.16929845977574587,0.5714285714285714,0.20667954565336308,0.7142857142857143,0.1724148184681932,0.7142857142857143,0.20667954565336308,0.5714285714285714,0.17770286525289217,0.8571428571428572,0.11310939490795135
176,1022,0.2857142857142857,0.05319447567065557,0.0,0.07033673115074635,0.1428571428571429,-0.02261267602443695,0.0,0.09477249393239617,0.0,0.08956515276804566,0.0,0.034001857663194336
177,33,0.33333333333333337,-0.15523648262023926,0.33333333333333337,-0.15523648262023926,0.888888888888889,0.10602372884750366,0.33333333333333337,-0.15523648262023926,0.6666666666666667,-0.10189501444498698,0.888888888888889,0.10602372884750366
177,807,1.0,0.5117339131732782,1.0,0.5117339131732782,1.0,0.5117339131732782,1.0,0.5117339131732782,0.8,0.6180870768924555,0.4,0.03874760866165161
177,650,0.0,0.07273912926514943,0.4,0.6135234919687113,0.0,0.6135234919687113,0.4,0.6135234919687113,0.6,0.6135234919687113,0.4,0.47428791721661884
177,893,0.0,0.15267710449794927,0.0,0.6040473523801969,0.0,0.6040473523801969,0.0,0.6040473523801969,0.6,0.6040473523801969,0.4,0.1518650595098734
177,881,0.8,0.18020264509444436,1.0,0.17467818486814699,1.0,0.17467818486814699,1.0,0.17467818486814699,0.8,0.18020264509444436,0.19999999999999996,-0.09691584606965382
177,1017,1.0,0.0569936732451121,0.6,0.5250714126062425,1.0,0.2124037742614746,0.6,0.5250714126062425,0.19999999999999996,0.5250714126062425,0.8,-0.07368313272794087
177,139,0.25,0.4181944296772902,0.0,0.4181944296772902,0.25,0.210126760105292,0.0,0.4181944296772902,0.25,0.42616275360342115,0.375,0.40698685497045517
178,80,0.875,0.6500544995069504,0.5416666666666666,-0.013066629568735758,0.5833333333333333,-0.008452057838439941,0.625,-0.004781365394592285,0.8125,0.6927589525779089,0.49999999999999994,0.15867378314336142
178,33,0.25,0.9088149233333146,0.45,0.17613386114438376,0.6,0.3518829395373662,0.35000000000000003,0.1713784635066986,0.43333333333333335,0.8470464646816254,0.5333333333333333,0.21690213680267334
178,807,0.5882352941176471,-0.02857824166615804,0.9117647058823529,0.05796341101328532,0.7352941176470588,-0.01947935422261556,0.9117647058823529,0.054153899351755776,0.9117647058823529,0.8013609734674295,0.7647058823529411,0.09571152925491333
178,650,0.29166666666666663,0.5091861933469772,0.5,0.5627375170588493,0.41666666666666663,0.5982008675734202,0.47916666666666663,0.7639605415364107,0.6875,0.8316037102291981,0.5,0.23224252462387085
178,893,0.3333333333333333,0.7189578408343399,0.5416666666666666,0.7181493213336042,0.3958333333333333,0.7170567310676539,0.4583333333333333,0.7180995692324359,0.6875,0.7271497912088307,0.5416666666666666,0.5379785523885706
178,1,0.9444444444444444,0.09824872637788455,0.2777777777777778,0.07464756444096565,0.4444444444444444,0.05692333852251371,0.2777777777777778,0.07464756444096565,1.0,0.10059261716378387,0.8333333333333334,-0.044127744932969414
178,294,0.47058823529411764,0.33318747950397665,0.47058823529411764,-0.19746471863860884,0.5882352941176471,0.3187066372483969,0.2941176470588235,-0.1351774476158122,0.17647058823529416,0.3317624402310078,0.23529411764705882,0.33233472928986885
178,695,0.44285714285714284,0.8443317049513249,0.6714285714285715,0.7228571909169356,0.5142857142857142,0.799488669882218,0.6142857142857143,0.7228571909169356,0.5571428571428572,0.8436893748954238,0.6,0.6720889434218407
178,147,0.35416666666666663,0.42503733213379746,0.35416666666666663,0.4124551086376111,0.3125,0.42502066765882773,0.5416666666666666,0.42591544007882476,0.7708333333333334,0.4263917894180243,0.5416666666666666,0.27561622609694797
178,794,0.38888888888888884,0.007719439149709591,0.7222222222222222,0.005974175521411477,0.5,0.00771513128567373,0.9444444444444444,0.007242099891300313,1.0,-0.08082455773061763,1.0,0.00018834068562985826
178,116,0.5,0.0739839289672809,0.2222222222222222,0.0662645646730411,0.11111111111111116,0.07064095467881278,0.2222222222222222,0.06377856977208769,0.4444444444444444,-0.04850578283900917,0.5555555555555556,-0.030312273651361465
178,841,0.6470588235294117,0.11660203122664825,0.05882352941176472,0.11656462193786865,0.2941176470588235,0.10485624218085832,0.2941176470588235,0.11561489517528874,0.11764705882352944,0.11667783340575018,0.7352941176470589,0.002104349434375763
178,214,0.5294117647058824,0.32641067651368977,0.5,0.313246297572429,0.676470588235294,0.3243099774311607,0.47058823529411764,0.31324629788286984,0.7352941176470588,0.3264106733101622,0.411764705882353,0.26787325848514837
178,192,1.0,0.0577525641736398,1.0,0.0577525582432585,1.0,0.057752541008014045,0.9444444444444444,0.057752538853071966,0.8888888888888888,-0.03198221471486151,0.33333333333333337,-0.13657105714082718
178,486,0.11111111111111116,0.05205002116196125,0.05555555555555558,0.05204808232325453,0.05555555555555558,0.05204946070214377,0.0,0.050660233894930684,1.0,0.05202861809417684,0.0,0.05204856568695959
178,362,0.6666666666666666,0.001912193406053155,0.5555555555555556,0.001911892828793782,0.5,0.0018757254149560272,0.6666666666666667,0.0016499484265899422,0.7777777777777778,-0.0018574984192313941,0.38888888888888884,0.0009344731432605613
178,698,0.8823529411764706,0.01181320969310218,0.5882352941176471,0.011808386650629407,0.6176470588235294,0.011813211380192831,0.7058823529411764,0.011799518114306315,0.5294117647058824,0.01179594778830051,0.6470588235294117,0.011805948570933348
179,33,0.6666666666666667,0.08069652318954468,0.33333333333333337,0.08069652318954468,0.6666666666666667,0.08069652318954468,0.33333333333333337,0.08069652318954468,0.33333333333333337,-0.20501336455345154,0.0,0.08069652318954468
179,807,0.5,-0.013073146343231201,0.75,0.2298048734664917,0.5,-0.013073146343231201,0.75,0.2298048734664917,0.75,0.2298048734664917,0.25,0.2011842131614685
179,650,0.0,0.0018399953842163086,0.0,0.5925573855638504,0.0,0.0018399953842163086,0.0,0.5925573855638504,0.6666666666666667,0.5925573855638504,1.0,0.29006344079971313
179,893,0.0,0.01704999804496765,0.0,0.2299723019823432,0.0,0.01704999804496765,0.0,0.2299723019823432,0.33333333333333337,0.2299723019823432,0.6666666666666667,-0.0471862256526947
179,389,0.33333333333333337,-0.11354798078536987,0.33333333333333337,0.06231374479830265,0.33333333333333337,-0.11354798078536987,0.33333333333333337,0.06231374479830265,0.33333333333333337,-0.11354798078536987,0.0,0.06231374479830265
179,1017,1.0,-0.02886410802602768,0.33333333333333337,0.08681130595505238,1.0,-0.02886410802602768,0.6666666666666667,0.08681130595505238,0.0,-0.09680463373661041,1.0,-0.02886410802602768
180,80,1.0,0.008228580156962076,0.75,-0.05038917064666748,1.0,0.008228580156962076,0.75,-0.05038917064666748,0.0,-0.050196568171183266,0.75,-0.05038917064666748
180,33,0.0,-0.0702211856842041,0.0,-0.0702211856842041,0.0,0.02751368284225464,0.0,-0.0702211856842041,0.75,-0.06957755486170451,1.0,0.05892956256866455
180,294,0.0,0.08695558706919353,0.0,-0.29428964853286743,0.0,-0.29428964853286743,0.0,-0.29428964853286743,0.75,-0.294170081615448,0.6666666666666666,0.1876829961935679
180,881,1.0,0.20548860107858977,1.0,0.20548860107858977,1.0,0.20548860107858977,1.0,0.20548860107858977,1.0,0.20548860107858977,0.6666666666666667,0.0685330977042516
180,251,1.0,0.029767627517382305,1.0,0.02976761758327484,1.0,0.02976761758327484,1.0,0.029767627517382305,1.0,0.02604118486245473,0.0,0.0119124303261439
181,80,1.0,0.11992361148198445,0.4666666666666666,0.027409136295318604,0.6,0.027409136295318604,0.44999999999999996,0.054638564586639404,0.46666666666666656,0.19527119398117065,0.33333333333333326,-0.058029393355051674
181,807,0.8571428571428572,0.05792367458343506,1.0,0.20854111512502035,1.0,0.31049954891204834,1.0,0.20854111512502035,0.8571428571428572,0.3536139627297719,0.32142857142857145,0.01731783151626587
181,650,0.0,0.02757944663365682,0.5714285714285714,0.7773563545197248,0.5714285714285714,0.7773563545197248,0.5714285714285714,0.7773563545197248,0.8571428571428572,0.7573156940440336,0.0,0.00589213768641154
181,893,0.0,0.9759490445042805,0.4285714285714286,0.9758504093139587,0.4285714285714286,0.9759628538959078,0.4285714285714286,0.9759628538959078,0.7142857142857142,0.9759342371980892,0.5,0.9412155260021488
181,695,0.5714285714285714,0.5308845106434698,0.4285714285714286,0.5305584816184515,0.4285714285714286,0.5305584816184515,0.5,0.5196569360559806,0.5714285714285714,0.530884510546457,0.8571428571428571,0.31993895520766574
181,147,0.2857142857142857,0.5866831831711655,0.4285714285714286,0.5859310907156517,0.7142857142857143,0.5863533380907029,0.6785714285714285,0.5863533370041599,0.7142857142857143,0.5863533376250416,0.7142857142857143,0.2570904145638148
181,694,0.2857142857142857,0.08383230368296306,0.7142857142857143,0.3326342503229777,0.5714285714285714,0.30150848627090454,0.7142857142857143,0.3326342503229777,0.7142857142857143,0.3851642409960429,0.32142857142857145,0.24294105172157288
181,887,1.0,0.05867690111820897,0.41666666666666663,0.09299048567966868,0.5,0.09294414908314745,0.08333333333333331,0.09269808237634909,0.0,0.09307895359233953,0.6041666666666666,0.046592497577269874
181,342,0.1428571428571429,0.29104346316307783,0.0,0.36562559482020635,0.1428571428571429,0.31592811093044776,0.17857142857142855,0.342981390034159,0.1428571428571429,0.36677563772536814,0.10714285714285715,0.3378060683608055
181,13,0.7142857142857143,0.0848726634333919,0.0,0.08485166931253237,0.0,0.08485166931253237,0.0,0.08485166931253237,0.8571428571428571,0.08489313371198175,0.7142857142857143,0.07777607925527263
181,119,1.0,0.0018823797668119369,0.0,0.002028862229956019,0.2857142857142857,0.0020289610975794403,0.0,0.002028862230060232,0.1428571428571429,-0.0019800250038315426,0.5714285714285714,-0.0037869568028933522
181,621,0.1428571428571429,0.1843834951566047,0.0,0.18434892228106037,0.2857142857142857,0.09605979345118006,0.3928571428571429,0.18264155573463844,0.0,0.1843667378416285,0.6428571428571428,0.11380356977072854
181,959,0.4285714285714286,0.06763483184234549,0.5714285714285714,0.07493031119277778,0.5714285714285714,0.03778073859090606,0.8928571428571429,0.07441402096568102,0.8571428571428571,0.07494619206469604,0.3571428571428572,0.02883303475876649
181,49,0.7142857142857143,0.06968217515289628,0.8571428571428571,0.07283744005235349,0.5714285714285714,0.06926797175159057,0.9642857142857143,0.07541167458051252,1.0,0.07558035849414561,0.6428571428571428,0.07499150328415756
181,500,0.4285714285714286,0.012930186833424765,0.8571428571428571,0.0145629123614223,0.8571428571428571,0.014563766820022769,0.8928571428571429,0.014491869459561713,0.7142857142857143,0.014553052922565257,0.2857142857142857,0.009712645779169785
182,80,0.9333333333333333,0.02587038278579712,0.8,0.025724132855733235,0.8,0.05753036340077718,0.8,0.025724132855733235,0.6666666666666666,0.10095465183258057,0.6,0.0014740626017252605
182,33,0.2857142857142857,0.3041642904281616,0.1428571428571429,-0.1608162522315979,0.1428571428571429,0.382651150226593,0.1428571428571429,-0.1608162522315979,0.2857142857142857,0.382651150226593,0.4285714285714286,0.056532065073649086
182,294,0.5714285714285714,0.3407763143380483,0.1428571428571429,-0.005886197090148926,0.5714285714285714,0.43249812722206116,0.1428571428571429,-0.005886197090148926,0.7142857142857143,0.08598258594671886,0.7142857142857143,-0.2595852812131246
182,694,0.7142857142857143,-0.04051118095715841,0.5714285714285714,-0.04051118095715841,0.7142857142857143,-0.07332681616147359,0.5714285714285714,-0.04051118095715841,0.1428571428571429,-0.06635699172814687,0.2857142857142857,-0.3129226652284463
182,794,1.0,0.055291892339785896,1.0,0.05864030929903189,0.8571428571428572,0.06351527447501819,0.7142857142857143,0.02442345457772414,0.2857142857142857,-0.7401409695545832,0.7142857142857143,0.0021661619345347085
182,342,0.4285714285714286,0.006192480213940144,0.1428571428571429,0.0071152135108908015,0.4285714285714286,0.006192480213940144,0.1428571428571429,0.007852291688323021,0.7142857142857143,-0.004838484028975169,0.8571428571428572,-0.006649209186434746
182,116,0.33333333333333337,0.0037750283372588456,0.33333333333333337,0.003152431338094175,0.0,0.0037750283372588456,0.33333333333333337,0.0037750283372588456,0.0,-0.025924812847127516,0.33333333333333337,0.0013020026187102
182,621,0.1428571428571429,0.004324802663177252,0.2857142857142857,0.002808183121184508,0.2857142857142857,0.0036764186806976795,0.2857142857142857,0.0036764186806976795,0.4285714285714286,-0.03983174481739601,0.0,9.582067529360453e-06
183,1,0.8333333333333334,0.17227151741584143,1.0,0.12663521617650986,1.0,0.12663521617650986,0.8333333333333334,0.17227151741584143,0.8333333333333334,0.17227151741584143,0.0,0.16572169462839761
183,659,0.0,-0.01572914918263753,0.0,-0.01572914918263753,0.0,-0.01572914918263753,0.0,-0.01572914918263753,1.0,0.1393838326136271,0.6,0.06592617432276408
183,114,0.8333333333333334,0.22861808041731516,0.8333333333333334,0.22861808041731516,0.8333333333333334,0.22861808041731516,1.0,0.45052313059568405,1.0,0.45052313059568405,0.16666666666666663,-0.023794114589691162
183,914,0.0,0.10750108821472774,0.0,0.14018443525613597,0.0,0.14018443525613597,0.0,0.14018443525613597,0.0,0.14018443525613597,0.6,-0.030376407007376354
183,803,0.5,0.19092336394047985,0.0,0.19092336394047985,0.0,0.19092336394047985,0.5,0.19092336394047985,0.0,0.2696628241877382,1.0,-0.028169065713882446
184,33,0.0,-0.1704023778438568,0.0,-0.1704023778438568,0.0,-0.1704023778438568,0.0,-0.1704023778438568,0.0,-0.1704023778438568,0.25,-0.1704023778438568
184,116,0.0,-0.004975335672497749,1.0,0.003299929201602936,0.0,-0.004975335672497749,1.0,0.003299929201602936,0.0,-0.004975335672497749,0.0,-0.004975335672497749
185,80,0.6666666666666667,0.362204631169637,0.0,0.39070382714271545,0.33333333333333337,0.39070382714271545,0.08333333333333337,0.39070382714271545,0.8333333333333334,0.6063224406292042,0.5,0.14637752374013266
185,807,0.13636363636363635,0.1556865175565084,0.7727272727272727,0.40067092080911,0.4545454545454545,0.2715395887692769,0.7272727272727273,0.5642669225732485,0.9090909090909091,0.5800786142547926,0.18181818181818182,0.15050248305002847
185,650,0.0,0.7841673089036097,0.5,0.7882602975757133,0.16666666666666663,0.7878359010962109,0.5,0.7878359010962109,0.6666666666666666,0.8468084980243779,0.6666666666666667,0.5199442853530248
185,893,0.0,0.4053866835612041,0.0,0.5849793015897452,0.0,0.5849793015897452,0.0,0.5849793015897452,0.6666666666666667,0.5855834561117139,0.75,0.028963988025983173
185,1,0.8636363636363636,0.5261602643877268,0.6363636363636364,0.4660176063577334,0.8181818181818181,0.5261602643877268,0.6363636363636364,0.4660176063577334,0.9090909090909091,0.5416078832931817,0.7727272727272727,0.4889535034696261
185,147,0.5,0.0959634367011309,0.0,0.09590345589458593,0.08333333333333337,0.09594295136351623,0.0,0.09590345580727444,0.0,-0.07821310063203175,0.41666666666666663,-0.03147520373264948
185,389,0.41666666666666663,0.03388909068128972,0.5,0.049444526558393896,0.41666666666666663,0.04935905912619395,0.5,0.049510305264902854,0.41666666666666663,-0.017214840569067746,0.41666666666666663,0.030725623157195514
185,114,0.75,0.5812223599144394,0.75,0.5792946344093556,0.5,0.5774802206045327,0.6666666666666667,0.5784217312272327,0.8333333333333333,0.5814491466265584,0.33333333333333337,-0.12984522183736166
185,728,0.5454545454545454,0.6064284074430665,0.0,0.7144734197451422,0.36363636363636365,0.6621581111103296,0.0,0.7484093441162258,1.0,0.8679406459462674,0.04545454545454547,-0.029428839683532715
185,116,0.5,0.009414571517601734,0.41666666666666663,0.009377009832237493,0.16666666666666663,0.00941457246667445,0.41666666666666663,0.009377009832237493,0.25,-0.044713485354805016,0.9166666666666666,0.009414555728984197
185,820,0.8636363636363636,0.009662890830218337,1.0,0.009652040024067084,1.0,0.009662929365326305,1.0,0.009652040024067084,0.7272727272727273,-0.06141654418267232,0.5454545454545454,0.00446117182582384
185,786,0.5833333333333333,0.02854015748360439,0.33333333333333337,0.028520829929422103,0.5,0.028544968248650566,0.33333333333333337,0.02852070306834283,0.5,-0.011261128485784866,0.6666666666666667,0.01680544876338293
185,190,0.2727272727272727,0.08296906666042798,0.0,0.08271611462744961,0.0,0.08296931626446262,0.0,0.08271611462744961,0.0,-0.4615127469102542,0.5909090909090908,0.07116279366406768
185,825,1.0,0.013116626831816506,0.9166666666666666,0.013108031340509215,1.0,0.013116985887510294,0.75,0.013108029851565728,0.75,-0.03277145265625828,0.41666666666666663,-0.07046493235975504
185,403,0.8333333333333334,0.006664404317949864,1.0,0.006654995650478668,0.9166666666666666,0.006663110922052813,1.0,0.0066572199800580085,0.6666666666666666,-0.02069303697195816,0.6666666666666667,0.0049615580986331525
185,904,0.09090909090909094,0.00032683173620640105,0.0,0.0003267162461438507,0.0,0.00032642656105963397,0.18181818181818177,0.0003271994927305973,0.18181818181818177,-0.05794367167982273,0.6363636363636364,-2.066645780966307e-05
185,69,0.9166666666666666,0.0001922606630625183,0.5,0.0001921056854827213,0.6666666666666666,0.00019237718197454514,0.5,0.0001921056854827213,0.33333333333333337,-0.006897305284648307,0.16666666666666663,-0.006675743901434513
185,429,0.09090909090909094,8.42379750050475e-05,0.0,8.427485830413312e-05,0.0,8.424791288993751e-05,0.0,8.427485830413312e-05,0.09090909090909094,-0.037379395364647884,0.40909090909090906,-0.014461207603744697
186,80,1.0,0.0037808616956075034,0.75,-0.0018578370412190754,0.85,0.016037742296854656,0.7,-0.00634998083114624,0.0,0.0033456881841023764,0.7000000000000001,0.004032274087270101
186,33,0.0,0.014892121156056723,0.0,-0.023112634817759197,0.16666666666666666,0.016779998938242596,0.0,-0.023112634817759197,0.888888888888889,-0.00126953919728597,0.05555555555555554,0.012655019760131836
186,294,0.0,0.011060277620951334,0.0,-0.07303311427434285,0.2222222222222222,0.1528827647368113,0.0,-0.07302953799565633,0.888888888888889,0.03924103577931722,0.3888888888888889,0.01998080809911092
186,887,0.5,-0.1388890544573466,0.375,-0.1388890544573466,0.25,-0.13845976193745932,0.375,-0.1388381322224935,0.0,-0.001405934492746989,0.75,-0.07017147541046143
186,794,0.375,0.14839633305867514,0.75,-0.1321003039677938,1.0,-0.08060624202092488,0.875,-0.13209847609202066,0.125,0.07019331057866414,0.25,-0.06662873427073161
186,591,0.375,-0.24067880709966025,0.375,-0.24067880709966025,0.0,-0.24045485258102417,0.375,-0.24061067899068198,0.125,-0.03525430957476298,0.75,0.2906064490477244
186,881,1.0,0.1282436785598596,1.0,0.1282436785598596,1.0,0.1282436785598596,1.0,0.1282436785598596,1.0,0.1190229964752992,1.0,0.11902298778295517
186,251,1.0,0.01940031722187996,1.0,0.01940031722187996,1.0,0.01662464067339897,1.0,0.01940031722187996,1.0,0.00909093643228213,0.0,-0.003904345134894053
186,927,0.875,-0.04832822581132253,0.625,-0.03751071294148763,0.625,-0.03751071294148763,0.625,-0.03751071294148763,0.5,-0.03371796508630117,0.375,0.011074259877204895
187,80,0.6666666666666667,-0.007346928119659424,0.6666666666666667,-0.007346928119659424,0.6666666666666667,-0.007346928119659424,0.6666666666666667,-0.007346928119659424,0.33333333333333337,0.12690500418345133,0.0,-0.07657361030578613
187,33,0.6666666666666666,0.016157666842142742,0.5714285714285714,0.0032719175020853677,0.8095238095238095,0.016157666842142742,0.6666666666666666,0.016157666842142742,0.9523809523809524,0.13816040754318237,0.4285714285714286,-0.1013299822807312
187,807,1.0,0.44558613499005634,1.0,0.5005985411504904,1.0,0.48465393483638763,1.0,0.48465393483638763,0.625,0.5804894864559174,0.875,0.40263905624548596
187,650,0.0,0.27520763377348584,0.5555555555555556,0.609548362592856,0.33333333333333337,0.580636608103911,0.5555555555555556,0.609548362592856,1.0,0.6091305464506149,0.6666666666666667,0.3058350384235382
187,893,0.0,0.5503281243145466,0.4444444444444444,0.698628043445448,0.33333333333333337,0.6990781479204694,0.33333333333333337,0.6997892871416601,0.6666666666666667,0.7002393916166815,0.8888888888888888,0.6355462297797203
187,1,0.8888888888888888,0.13618851037851223,0.7777777777777778,0.14491126119780043,0.5555555555555556,0.14604210605223975,0.7777777777777778,0.14491126119780043,1.0,0.14857883797958493,0.11111111111111116,-0.18398549656073251
187,695,0.33333333333333337,0.45742106065154076,0.33333333333333337,0.4594824643184741,0.11111111111111116,0.44593473865340155,0.5555555555555556,0.46049665721754235,0.5555555555555556,0.46206689563890296,1.0,0.2504376818736394
187,147,0.11111111111111116,0.4182867494722207,0.5555555555555556,0.4560767002403736,0.6666666666666667,0.4458774117132028,0.6666666666666667,0.4560767002403736,0.5555555555555556,0.46418315079063177,0.33333333333333337,0.13775906960169473
187,342,0.11111111111111116,0.3556730921069781,0.11111111111111116,0.3242856388290723,0.0,0.31599457561969757,0.11111111111111116,0.3242856388290723,0.4444444444444444,0.3979863594286144,1.0,0.04378626743952433
187,283,0.375,0.1022781050875589,0.125,0.11227567590140097,0.25,0.11210016929544508,0.125,0.11227567590140097,0.25,0.1144283540215838,0.3125,0.10381917872776587
187,1017,0.5555555555555556,0.4405484963208437,0.11111111111111116,0.4511972116112399,0.4444444444444444,0.34217603007952374,0.11111111111111116,0.4405484963208437,0.2222222222222222,0.45130859080200025,0.4444444444444444,0.4042261689901352
187,401,0.888888888888889,0.2673425246030092,0.6666666666666667,0.27593029104658245,0.888888888888889,0.26041217396656674,0.6666666666666667,0.276804884202041,0.6666666666666667,0.2782338670658646,0.11111111111111116,0.1780026542643706
187,1022,0.2222222222222222,0.17836226305613914,0.7777777777777778,0.1820039112935774,0.5555555555555556,0.10700761837263902,0.5555555555555556,0.18285946701265252,0.2222222222222222,0.18349733853635067,0.0,0.15785259505112967
187,118,1.0,0.11284754423832055,0.5555555555555556,0.12825075583411186,0.5555555555555556,0.12773892102995887,0.6666666666666667,0.1282363693062507,0.6666666666666667,0.12825821479661195,0.0,0.12785607979943356
187,823,0.6666666666666667,0.20363749623841917,0.2222222222222222,0.20259102735629617,0.2222222222222222,0.20269939952413552,0.2222222222222222,0.20265956982620992,0.7777777777777778,0.0418591631265978,0.33333333333333337,0.16308378676573435
187,585,0.6666666666666667,0.2564283455970629,0.888888888888889,0.26154886154229945,0.6666666666666667,0.24737186807518205,0.8888888888888888,0.26154886154229945,1.0,0.26166632369883774,0.4444444444444444,0.12453639383117358
188,80,0.75,0.12038177251815796,0.75,0.1732040842374166,0.9375,0.2590728799502055,0.75,0.1732040842374166,1.0,0.16927146911621094,0.75,0.016298154989878338
188,33,0.6666666666666666,-0.008079548676808676,0.6428571428571428,-0.024247924486796062,0.8333333333333333,0.06543632348378499,0.6428571428571428,0.04322540760040283,0.6190476190476191,-0.07013062636057536,0.4761904761904762,-0.09132840236028035
188,807,0.5,0.018781801064809162,0.826923076923077,0.02539956569671631,0.6538461538461537,0.009749372800191244,0.7692307692307692,0.017691731452941895,0.6346153846153846,0.03866861263910929,0.5384615384615385,0.0041903456052144366
188,650,0.09615384615384615,0.032112061977386475,0.28846153846153844,0.302608847618103,0.19230769230769232,0.015959501266479492,0.2692307692307692,0.27515270312627155,0.7115384615384616,0.06337364514668782,0.5,0.03454834222793579
188,893,0.0714285714285714,0.3645903319120407,0.5,0.359808882077535,0.35714285714285715,0.19227339824040732,0.3333333333333333,0.6012710928916931,0.7857142857142857,0.9073287943998972,0.7380952380952381,0.19415579239527384
188,1,0.9,0.31989408686058596,0.7333333333333334,0.30400069158834714,0.7333333333333334,0.3183562143628175,0.7,0.3045480356474097,1.0,0.3258213048926943,0.23333333333333334,0.16769494861364365
188,389,0.3125,0.35049154547353584,0.6875,0.3628200901051362,0.5,0.3311872099681447,0.6875,0.43707471108064055,0.3125,0.44562274461683654,0.75,0.1023579090833664
188,128,0.6875,0.4260484420616801,0.625,0.3928695097565651,0.75,0.419201844992737,0.5,0.4183024624362588,0.6875,0.4284242265081654,0.4375,0.26643802722295123
188,881,0.875,0.13640701710634554,0.5625,0.17660716098422805,0.5625,0.17733078760405382,0.375,0.17092654450486103,0.875,0.18245792099817967,0.9375,0.13184913278867802
188,725,0.125,0.14391143868366876,0.125,0.20752055756747723,0.125,0.1731858110676209,0.0625,0.20752055756747723,0.6875,0.20928323020537695,0.25,0.108800924072663
188,283,0.4,0.10053373782701176,0.0,0.09901010199488762,0.0,0.09996905307586228,0.0,0.09901010199488762,0.0,0.10036386585068158,0.3666666666666667,0.09506206831914217
188,1017,0.8125,0.45365647158663097,0.5,0.45562133507822483,0.8125,0.45525428039642674,0.5,0.45784575130286004,0.4375,0.4647157484631255,0.3125,0.4176989582677682
188,473,0.375,0.06773572147358209,0.625,0.06293130029613773,0.3125,0.06666663448171069,0.625,0.054808453656733036,0.4375,0.06844302142659824,0.3125,0.014617535130431255
188,979,0.0,0.06380391163596262,0.0,0.09020470746327192,0.0,0.06493148494822283,0.0,0.09068444918375462,0.375,0.08355585345998406,0.0625,0.01092152235408624
188,815,0.25,0.1576934425769044,0.25,0.1771528865210712,0.125,0.16438396531157196,0.3125,0.17644394530604282,0.75,0.17863857034535613,0.5,0.09411594046590228
188,713,0.375,0.46144267296585895,0.9375,0.4562362479045987,0.8125,0.4258776741917245,1.0,0.4614512329377855,1.0,0.4619455816315015,0.1875,0.45347779508665553
188,401,0.75,0.1279079395911443,0.4375,0.12653629295527935,0.5,0.1304890769533813,0.5,0.1357831044200187,0.875,0.13839272205950692,0.875,0.13565678285279623
189,80,0.9807692307692308,0.4162835975488027,0.5384615384615384,0.07612695296605428,0.8076923076923077,0.24394122759501138,0.5961538461538461,0.14686969916025797,0.8846153846153846,0.42558357616265613,0.4423076923076923,0.1149983008702596
189,807,0.5,0.0010967453320821126,0.75,0.009966055552164713,0.55,0.0012104709943135579,0.75,0.009890198707580566,0.7000000000000001,0.05694687366485596,0.6,0.003200670083363851
189,650,0.038461538461538436,0.0003427863121032715,0.1538461538461538,0.0126991868019104,0.11538461538461536,0.002694427967071533,0.1538461538461538,0.01585318644841512,0.8461538461538461,0.2398952841758728,0.826923076923077,0.02865364154179891
189,893,0.0,0.014011919498443604,0.07692307692307687,0.7039946493847916,0.0,0.24288870890935263,0.057692307692307654,0.878874210252737,0.75,0.9212245787493885,0.3653846153846154,0.029222925504048664
189,147,0.25,0.5401639118790627,0.0,0.8099621784252425,0.1875,0.713136705259482,0.0625,0.7503551306823889,0.0,0.8551291253728172,0.875,0.41604802509148914
189,389,0.25,0.250173956155777,0.75,0.4395368708355818,0.25,0.3462017668449941,0.6875,0.43978484360074316,0.125,0.4400264871524797,0.0,0.3675758244935423
189,128,0.5238095238095238,0.45228464404741925,0.35714285714285715,0.4093644420305888,0.3571428571428571,0.4971985158820947,0.45238095238095233,0.4480362186829249,0.47619047619047616,0.5639268027928969,0.4047619047619047,0.2576856017112732
189,713,0.375,0.4065357642248273,1.0,0.5075669957829329,0.875,0.4408697414328344,1.0,0.49864936335749616,0.9375,0.5081041900721033,0.3125,0.5000851044120888
189,416,0.9523809523809524,0.0363698292474813,0.5238095238095237,0.037995807299694206,0.8095238095238095,0.03678204909162256,0.5476190476190476,0.037869664793106494,0.40476190476190477,0.037415470062662326,0.11904761904761903,-0.07326797644297282
189,981,0.3125,8.268522150463771e-05,0.0,8.29272489113464e-05,0.25,8.174773186434929e-05,0.0,8.070333903731353e-05,0.6875,-0.013347409726217544,0.6875,7.20855229398391e-05
189,197,0.5952380952380952,0.11839074153704132,0.4285714285714286,0.12290593708500334,0.5476190476190476,0.1227890673968659,0.4523809523809524,0.12290593708500334,0.5,0.12317532351961367,0.5238095238095237,0.08276379714152426
190,1,1.0,0.3989443502699335,1.0,0.3989443502699335,1.0,0.3989443502699335,1.0,0.3989443577205141,0.7777777777777778,0.47190244899441797,0.4444444444444444,-0.0705338716506958
190,114,0.875,0.5063256273667017,0.875,0.5063256273667017,0.875,0.5063256273667017,0.875,0.5063256273667017,1.0,0.6969232323269049,0.8125,0.23895378907521567
190,904,0.0,0.5647002483407656,0.0,0.5647002483407656,0.0,0.5647002483407656,0.0,0.5647002284725507,0.28571428571428575,0.728857553874453,0.7619047619047619,0.13951035340627035
190,429,0.25,0.7144869797085297,0.25,0.7144869797085297,0.25,0.7144869797085297,0.25,0.7144869797085297,0.25,0.9455242729567696,0.625,0.13786343733469644
191,80,0.8,-0.018145382404327393,0.8,-0.01776246229807536,0.8,-0.01776246229807536,0.8,-0.01776246229807536,0.19999999999999996,0.09639078378677368,1.0,0.0385551651318868
191,33,0.5,0.5374984455605348,0.16666666666666663,0.5374984455605348,0.33333333333333337,0.5374984455605348,0.16666666666666663,0.5374984455605348,0.33333333333333337,0.5374984455605348,0.8333333333333334,0.007557193438212077
191,659,0.0,-0.0023574704925219216,0.16666666666666663,-0.021689079701900482,0.0,-0.14696484804153442,0.16666666666666663,-0.021689079701900482,0.0,-0.23886382083098093,0.6666666666666667,-0.004793924589951833
191,114,1.0,0.015159621542503979,1.0,0.015159621542503979,1.0,0.015159621542503979,1.0,0.015159621542503979,0.5,-0.10725262140234311,0.5,-0.025737037261327107
191,728,0.9,0.20532244443893433,0.2,-0.001466830571492513,0.7,0.20532244443893433,0.2,-0.0011993646621704102,1.0,0.4995811382929484,0.7,0.17358251412709555
191,251,0.33333333333333337,0.10124037663141887,0.0,0.01836154858271281,0.16666666666666663,0.28946735461552936,0.0,0.01836154858271281,1.0,0.3988737066586812,0.33333333333333337,-0.06253196795781453
191,85,0.0,0.08911376139925171,0.0,0.12879245080209026,0.0,-0.042462777346372604,0.0,0.12879245080209026,0.0,-0.0954386405646801,0.8333333333333334,-0.09122103949387868
191,392,0.5,0.06976367013642933,0.5,0.06976367013642933,0.5,0.03276605862326202,0.5,0.06976367013642933,0.6666666666666667,-0.029117040684165357,0.33333333333333337,0.06976409737277815
192,80,1.0,0.19626046220461527,0.5,-0.023992836475372314,1.0,0.19626046220461527,0.75,0.13487893342971802,1.0,0.19626046220461527,0.5,0.04226825634638468
192,694,1.0,0.01480214794476827,1.0,0.01480214794476827,1.0,0.01480214794476827,1.0,0.01480214794476827,0.0,-0.29616745809714,0.5,-0.07417417069276173
192,659,0.0,-0.0005480448404947916,0.0,-0.0005480448404947916,0.0,-0.0005480448404947916,0.0,-0.0005480448404947916,1.0,0.3389290012419224,0.625,0.2921972672144572
192,85,0.0,0.09311896562576294,0.0,0.09311896562576294,0.0,0.09311896562576294,0.0,0.09311896562576294,1.0,0.2525048324217399,0.75,0.11304119974374771
192,332,0.5,0.0020046071731485426,1.0,0.002245603759850686,0.5,0.0020046071731485426,1.0,0.0022456034882149347,0.5,-0.11870098781461517,0.25,-0.11870098781461517
193,80,1.0,0.15957869589328766,0.5,-0.24030514558156332,0.75,0.06367558240890503,0.5,-0.24030514558156332,0.5,-0.2448122501373291,0.375,-0.16717294851938883
193,807,0.19999999999999996,0.06336935361226399,0.0,0.19485896825790405,0.0,0.08990615606307983,0.0,0.20334873596827188,0.8,0.23572157820065817,0.0,0.06372453769048055
193,725,0.4,-0.08892972767353058,0.6,-0.10149618486563365,0.4,-0.10149618486563365,0.6,-0.08892972767353058,0.6,-0.056372118492921196,0.8,0.06471454724669456
193,222,0.4,0.021845363080501556,0.19999999999999996,0.027122569580872852,0.4,0.021845363080501556,0.4,0.027122569580872852,0.0,-0.1854030837615331,0.0,-0.0951128751039505
193,473,0.8,0.022097117577989895,0.4,-0.017985800902048748,0.8,0.022097117577989895,0.4,-0.017985800902048748,0.4,-0.08241881057620049,0.19999999999999996,-0.0009642988443374634
193,144,0.75,-0.023434068076312542,0.875,-0.023434068076312542,0.75,-0.023434068076312542,0.875,-0.023434068076312542,0.75,-0.025486578233540058,0.125,-0.009892545950909456
193,487,0.19999999999999996,-0.013445194810628891,0.19999999999999996,-0.013445194810628891,0.19999999999999996,-0.013445194810628891,0.19999999999999996,-0.013445194810628891,0.8,-0.017085638518134754,0.19999999999999996,0.0005733876799543699
194,80,0.9074074074074074,0.009313265482584635,0.4444444444444445,0.049954076608022056,0.6296296296296295,0.04649128516515096,0.6296296296296297,0.04250337680180868,0.20370370370370375,0.2727665702501933,0.6666666666666666,-0.003520528475443522
194,33,0.5,0.0690622329711914,0.7142857142857143,0.08959658940633138,0.7857142857142857,0.1526141365369161,0.7142857142857143,0.10335431496302287,1.0,0.18205414215723673,0.2142857142857143,0.057138264179229736
194,807,1.0,0.1414716641108195,1.0,0.273431529601415,1.0,0.273431529601415,1.0,0.273431529601415,0.2142857142857143,0.12969213724136353,0.7142857142857143,0.17384217182795206
194,650,0.11538461538461536,0.1399600108464559,0.5,0.5511614779631296,0.34615384615384615,0.5453889568646749,0.3846153846153846,0.5511614779631296,0.3846153846153846,0.25432200233141583,0.7307692307692308,0.013311545054117838
194,294,0.6428571428571428,0.024075984954833984,0.6428571428571428,0.16137043635050455,0.7857142857142857,0.25255922973155975,0.7142857142857143,0.16137043635050455,1.0,0.7387046781368554,0.0714285714285714,0.1242357889811198
194,887,1.0,0.2266486237446467,0.5,0.4128423612564802,0.4444444444444444,0.3891883622854948,0.5555555555555555,0.38425414574642974,0.16666666666666663,0.4576028132190307,0.49999999999999994,0.3825708609074354
194,794,0.7857142857142857,0.1531039426724116,0.7857142857142857,0.30686405549446744,1.0,0.27517472331722576,0.9285714285714286,0.3119910191744566,0.2142857142857143,0.5215328929189127,0.1428571428571429,0.3503591368595759
194,128,0.7857142857142857,0.10961343972788502,0.9285714285714286,0.09701498815168937,0.9285714285714286,0.10220917799354841,0.9285714285714286,0.09701498815168937,0.7857142857142857,0.07485145221774776,0.3571428571428571,0.04125483085711797
194,591,0.7142857142857143,0.09272737645854552,0.5,0.1533001286079525,0.6428571428571428,0.1533001286079525,0.5714285714285714,0.1533001286079525,0.2857142857142857,0.14032140860217623,0.0,0.14118650679787
194,881,1.0,0.16830165622135004,0.7857142857142857,0.16996814450249076,0.8571428571428572,0.1684397430314372,0.7857142857142857,0.16672778393452367,1.0,0.1774100601517906,0.8571428571428572,0.10920265689492226
194,725,0.2142857142857143,0.008581240971883139,0.4285714285714286,0.278841245919466,0.2142857142857143,0.21941156685352325,0.2857142857142857,0.278841245919466,0.7857142857142857,0.3208898451800148,0.4285714285714286,0.1470485726992289
194,473,0.3571428571428571,0.039286083386590086,0.5,0.03956861444748938,0.3571428571428571,0.03882965771481395,0.5,0.03882965771481395,0.6428571428571428,0.04042698450696965,0.7857142857142857,0.013214198872447014
194,979,0.0,0.1482255095227932,0.0714285714285714,0.1487817981057257,0.0,0.1478973483754089,0.3571428571428571,0.15630130600281214,0.4285714285714286,0.1565186954467208,0.0,0.14710852697802088
194,815,0.2857142857142857,0.1704493140374931,0.4285714285714286,0.16968420859727,0.4285714285714286,0.1693367318342401,0.4285714285714286,0.1693367318342401,0.7857142857142857,0.1741298933411599,0.5,0.16253193902472654
194,401,0.9285714285714286,0.07237632196483901,0.6428571428571428,0.0488537068789204,0.5,0.06943212053738534,0.6428571428571428,0.0488537068789204,0.7857142857142857,0.06258575639609869,0.9285714285714286,0.04871456821759542
194,420,0.9285714285714286,0.014265762467402965,0.7142857142857143,0.0015090808738023043,0.7857142857142857,0.015082525710264841,0.7857142857142857,0.011643156642094254,0.4285714285714286,-0.02462111630787452,0.6428571428571428,-0.048783084377646446
194,119,1.0,0.012907255402145287,0.2142857142857143,0.013566124493081588,0.2142857142857143,0.013664202537389277,0.3571428571428571,0.013566124493081588,0.3571428571428571,0.007354128688651447,0.1428571428571429,0.013827015972765366
194,927,0.7857142857142857,0.04550673055321871,0.4285714285714286,0.04389198565180171,0.5714285714285714,0.04389198565180171,0.4285714285714286,0.04389198565180171,0.5,0.04552117093741496,0.6428571428571428,0.042123554196829595
194,939,0.3571428571428571,0.0037683678480486074,0.8571428571428572,0.005659366802622874,0.5,0.0011879924374322097,0.8571428571428572,0.006219674745807424,0.7857142857142857,0.00787421135828481,0.8571428571428572,0.004832045873627067
194,715,0.1428571428571429,0.004909418523311615,0.2857142857142857,0.003793771378695965,0.2857142857142857,-0.005060501241435607,0.2857142857142857,0.003793771378695965,0.4285714285714286,0.006832448988764857,0.7142857142857143,0.005806686337261151
194,838,0.0714285714285714,-0.004895133276780446,0.6428571428571428,0.012324784108386666,0.0714285714285714,0.012324784108386666,0.2857142857142857,0.013082734728413925,0.7857142857142857,0.013185357833663147,0.7142857142857143,0.008150014172618588
194,753,0.0714285714285714,0.006724531762301922,0.3571428571428571,0.017587165503452223,0.2142857142857143,0.01037792737285296,0.3571428571428571,0.018010298411051433,0.4285714285714286,0.020942528603882238,0.5,0.01816430373582989
195,33,0.43333333333333335,0.40788041551907855,0.033333333333333326,0.36321407556533813,0.4,0.43711569408575696,0.033333333333333326,0.15201111634572348,0.4,0.19119536876678467,0.6000000000000001,-0.027108430862426758
195,650,0.0,0.4700591815635562,0.19999999999999996,0.418085644642512,0.0,0.4507836553578575,0.30000000000000004,0.39881011843681335,0.7,0.5526079861447215,0.5,0.09662326673666637
195,1,1.0,0.4090941504885753,0.9,0.4651246131397784,0.9,0.4645695887738839,0.8,0.4648475058299179,0.9,0.4651246131397784,0.6,0.30652155199398595
195,695,0.7999999999999999,0.4923582966439426,0.6,0.48516368167474866,0.7999999999999999,0.4923582966439426,0.6,0.48516368167474866,0.6,0.49612494302952354,0.09999999999999998,0.1944334258635839
195,659,0.09999999999999998,0.306900043040514,0.19999999999999996,0.306900043040514,0.19999999999999996,0.3028026719888051,0.19999999999999996,0.306900043040514,0.30000000000000004,0.3156154816970229,0.09999999999999998,0.3112771874293685
195,342,0.6,0.1399260117165492,0.6,0.1599209263610343,0.7,0.16329599712601825,0.6,0.1599209263610343,0.6,0.16329599712601825,0.8,0.08698198447624843
195,283,0.19999999999999996,0.3213629429131591,0.0,0.3118977979756892,0.0,0.31912958187361556,0.0,0.2989856565060715,0.09999999999999998,0.3226386271793065,0.4,0.04492445786794027
195,114,0.8,0.15238398018937946,0.5,0.1393714822285498,0.09999999999999998,0.09473910112865269,0.5,0.1393714822285498,0.9,-0.0061582827815982455,0.5,-0.24920407931009927
195,251,0.8,0.07388635812094435,0.8,0.07192630966892466,0.8,0.07388635812094435,0.8,0.07388635812094435,0.5,-0.2220267578959465,0.9,0.011428652331233025
195,192,1.0,0.48219228604768877,1.0,0.4821920387427478,1.0,0.4821723999578656,1.0,0.4821724919213466,1.0,0.4821929188788771,0.4,0.3523782011082706
195,392,0.5,0.15347616265808028,0.125,0.15057014405244948,0.375,0.15057014405244948,0.125,0.15144992301551005,0.125,0.03712519348828162,0.5416666666666666,-0.07657528420289357
195,486,0.0,0.27780842188057636,0.5,0.2778146429383644,0.09999999999999998,0.2778146429383644,0.5,0.277814136149118,0.7000000000000001,0.2778146429383644,0.7,0.15667428635060787
196,80,0.875,0.06257275740305583,0.75,-0.07656578222910564,0.875,0.06257275740305583,0.75,-0.07656578222910564,0.75,-0.07642046610514323,0.125,0.02412911256154378
196,33,0.2857142857142857,0.13301610946655273,0.2857142857142857,-0.13270572821299234,0.2857142857142857,-0.13270572821299234,0.2857142857142857,-0.13270572821299234,0.2857142857142857,-0.13257431983947754,1.0,0.028597573439280193
196,807,0.0,-0.04638906319936117,0.0,0.52443066239357,0.0,0.52443066239357,0.0,0.5244306524594625,0.8333333333333334,0.5395566672086716,0.3333333333333333,-0.04982213179270426
196,881,0.7142857142857143,0.06025347610314687,1.0,0.07890295361479123,0.4285714285714286,0.06025347610314687,1.0,0.07890295361479123,1.0,0.028609154125054676,0.2857142857142857,0.022235746184984844
196,222,0.0,0.3381616125504176,0.0,0.3381616125504176,0.0,0.3381616125504176,0.0,0.338161622484525,0.8333333333333334,0.36194682617982227,0.5,-0.023631771405537922
196,473,0.5,0.06690063575903575,0.5,0.06690063575903575,0.5,0.06690063575903575,0.5,0.06690065066019694,0.8333333333333334,0.07171873251597087,0.5,0.05613606174786886
196,927,1.0,0.04031790482501189,0.8333333333333334,0.033772654831409454,0.6666666666666667,0.0374461884299914,0.7500000000000001,0.033772654831409454,0.6666666666666667,-0.1001053253809611,0.5833333333333333,0.03889708655575911
196,139,0.2857142857142857,0.06317613894740741,0.0,0.09114426126082738,0.0,0.09114426126082738,0.0,0.09114426250259082,0.2857142857142857,0.09114426126082738,0.8571428571428572,0.000513086716334025
197,33,1.0,0.1287004550298055,0.2857142857142857,0.04546964168548584,0.8571428571428572,0.15150006612141928,0.0,0.04546964168548584,1.0,0.022563894589742024,0.0,0.05936215321222941
197,807,0.5833333333333333,0.3171084523200989,0.9166666666666667,0.3171084523200989,0.8333333333333334,0.3171084523200989,0.9166666666666667,0.3171084523200989,0.9166666666666667,0.3425350785255432,0.9166666666666667,0.21103676160176596
197,650,0.2857142857142857,0.6336925675471624,0.5714285714285714,0.6336925675471624,0.4285714285714286,0.6336925675471624,0.4285714285714286,0.6336925675471624,0.8571428571428572,0.625214214126269,1.0,0.4879393180211385
197,893,0.0,0.3449800504992406,0.5714285714285714,0.3449800504992406,0.2857142857142857,0.3449800504992406,0.4285714285714286,0.3449800504992406,0.1428571428571429,0.3449800504992406,0.4285714285714286,0.27613826251278323
197,694,0.75,0.09727243582407634,0.4375,0.09727243582407634,0.625,0.09727243582407634,0.5,0.09727243582407634,1.0,0.21006635824839273,0.1875,0.016150951385498047
197,389,0.1428571428571429,0.010611495623985926,0.2857142857142857,0.018555569714711357,0.1428571428571429,0.01856354356277734,0.2857142857142857,0.01856354356277734,0.4285714285714286,-0.0012804600410163403,1.0,-0.0032755378633737564
197,432,0.6666666666666667,0.06425814951459567,0.5,0.06425814951459567,0.5,0.06425814951459567,0.4166666666666667,0.06425814951459567,0.25,-0.23846047619978586,0.6666666666666667,0.06490423235421379
197,939,1.0,-0.0015831974645455678,1.0,-7.453312476476033e-05,1.0,-7.453312476476033e-05,1.0,-7.453312476476033e-05,0.0,-0.0013960772193968296,0.4285714285714286,0.0006331161906321844
197,844,0.2857142857142857,0.0013058593807121117,0.0,0.003976012162941818,0.2857142857142857,0.003976012162941818,0.0,0.003976012162941818,1.0,-0.012220085443307957,0.4285714285714286,-0.0016139547806233168
198,80,0.4375,-0.16184371709823608,0.125,-0.18281265099843344,0.25,-0.16184371709823608,0.3125,-0.18281265099843344,0.5,-0.17888855934143066,0.5,0.1062707503636678
198,33,0.7142857142857143,-0.15146275361378989,0.7142857142857143,-0.17301851511001587,0.8571428571428572,-0.10647279024124146,0.6190476190476191,-0.17301851511001587,0.5714285714285714,-0.16779563824335733,0.1904761904761905,0.03738045692443848
198,807,0.125,0.7766642843683561,0.9375,0.2555168867111206,0.8125,0.1892161170641581,0.875,0.4477719229956468,0.8125,0.8166779509435097,0.875,0.14964465300242105
198,650,0.0,0.483799676100413,0.5555555555555556,0.7821099702268839,0.0,0.45018728574117023,0.33333333333333337,0.7814732268452644,0.888888888888889,0.777893620232741,0.0,0.1405296524365743
198,893,0.0,0.6829314014563957,0.7777777777777778,0.6706894837940732,0.2222222222222222,0.6876918521047628,0.6666666666666667,0.6787099214270711,0.7777777777777778,0.6899952112022826,0.11111111111111116,0.6808906043879688
198,389,0.11111111111111116,0.10872545246578132,0.6666666666666667,0.10909521250876726,0.11111111111111116,0.10952650985526209,0.7777777777777778,0.10717997222673148,0.0,0.1095732585430748,1.0,-0.04017948359251022
198,128,0.5555555555555556,0.1630579763247321,0.7777777777777778,0.1923541195380191,0.6666666666666667,0.18884053042468926,0.6666666666666667,0.19242442903729776,0.6666666666666667,0.19242442903729776,0.33333333333333337,0.09523049990336101
198,540,0.888888888888889,0.3594681233322869,0.888888888888889,0.35845713953798014,1.0,0.3360444538993761,0.8888888888888888,0.35845713953798014,0.7777777777777778,0.36334781590267085,0.6666666666666667,0.0936208398391803
198,713,0.2222222222222222,0.11161673212579142,1.0,0.11143634159573897,0.6666666666666667,0.11161673212579142,1.0,0.11040451494894417,0.888888888888889,0.11204886632185662,0.7777777777777778,0.0322465798817575
198,667,0.6666666666666667,0.047439202501360946,0.4444444444444444,0.036783802012602486,0.6666666666666667,0.04492905565227071,0.4444444444444444,0.036783802012602486,0.4444444444444444,-0.0622640959918499,0.0,0.04927838919684291
198,263,0.2222222222222222,0.14844080856225142,1.0,0.14824550934971134,0.7777777777777778,0.1484789349458424,1.0,0.1469653834355995,0.8888888888888888,0.14852512162625922,1.0,0.1478284832361775
198,696,0.7777777777777778,0.08764705329667777,0.33333333333333337,0.08603207992079358,0.4444444444444444,0.07572091363059978,0.33333333333333337,0.08603207992079358,0.0,-0.07450392469763756,0.4444444444444444,-0.10998522986968358
199,80,0.875,0.04141026735305786,0.75,0.020908574263254803,1.0,0.06516220172246297,0.75,0.020908574263254803,1.0,0.06516220172246297,0.5,0.013518710931142172
199,1,1.0,0.26476046442985535,1.0,0.26476046442985535,1.0,0.26476046442985535,1.0,0.26476046442985535,1.0,0.26476046442985535,0.4,0.034338672955830894
199,728,0.0,0.003895421822865804,0.0,0.003895421822865804,0.0,0.003895421822865804,0.0,0.003895421822865804,1.0,0.020231823126475017,0.33333333333333337,0.002167681852976481
199,251,0.4,0.5009839733441671,0.0,0.2930011749267578,0.0,0.2930011749267578,0.0,0.5009839733441671,0.4,0.5009839733441671,1.0,0.178873340288798
199,739,0.8,0.008082889195672275,0.8,0.008082889195672275,0.8,0.008082889195672275,0.8,0.008082889195672275,0.19999999999999996,-0.10307458943376939,0.19999999999999996,-0.05899836774915457
199,190,0.25,0.4152235984802246,0.25,0.5197280546029409,0.25,0.4152235984802246,0.0,0.4152235984802246,0.0,0.5197280546029409,0.75,0.06453107794125874
200,80,0.8800000000000001,0.2706832488377889,0.5800000000000001,0.08760688702265422,0.76,0.1332222819328308,0.5800000000000001,0.11029366652170818,0.7799999999999999,0.11174805959065755,0.5,0.021503289540608723
200,807,0.8055555555555556,0.2354745070139567,0.7777777777777778,0.29389474789301556,0.8055555555555556,0.29389474789301556,0.7777777777777778,0.29389474789301556,0.6666666666666667,0.4836670358975728,0.4444444444444445,-0.005702376365661621
200,650,0.2692307692307692,0.559030589958032,0.5769230769230769,0.6195845340068141,0.34615384615384615,0.5896015415589014,0.5384615384615384,0.7193475387369593,0.7307692307692307,0.851723438128829,0.5,0.4010925491650899
200,893,0.07692307692307693,0.818282345703968,0.5769230769230769,0.8634072172770478,0.1923076923076923,0.8634072172770478,0.46153846153846156,0.8634072172770478,0.8461538461538461,0.8625974037374059,0.23076923076923073,0.1358450452486674
200,1,1.0,0.5028634996463855,0.7857142857142857,0.5011641601255784,0.9285714285714286,0.5018748600656787,0.7857142857142857,0.5011641601255784,1.0,0.5107918469778573,0.2142857142857143,0.2227145085732142
200,695,0.5,0.43794031608073664,0.11111111111111108,0.4185052544150191,0.19444444444444442,0.41818026181620854,0.16666666666666663,0.4284078349204113,0.5833333333333333,0.45878808916313574,0.5277777777777778,0.42126683704555035
200,147,0.4444444444444444,0.45631255364666384,0.38888888888888884,0.5146761594417816,0.4444444444444444,0.5146761594417816,0.3333333333333333,0.43989659279274446,0.4444444444444444,0.49893463775515556,0.19444444444444442,0.3193097611268361
200,13,1.0,0.14520120930683333,0.7692307692307692,0.14325484511694717,0.7692307692307692,0.14325484511694717,0.8846153846153846,0.1475918526557507,0.6153846153846154,0.07066121883690357,0.3846153846153846,0.08125046516458194
200,728,0.6923076923076923,0.5389243140816689,0.0,0.7311657842559119,0.8461538461538461,0.6349993495144494,0.0,0.7311657842559119,1.0,0.749627761823433,0.3846153846153846,0.5802110532919565
200,251,0.23076923076923073,0.4247358098315696,0.0,0.4287661624645504,0.15384615384615385,0.42493042910549167,0.0,0.4292839688908619,0.7692307692307692,0.4294747010814414,0.7692307692307692,0.11588170876105626
200,227,0.2857142857142857,0.059170899085984274,0.0,0.0572374088029998,0.0,0.057062758078018305,0.0,0.056475993090619646,0.0714285714285714,-0.0954198043521804,0.2142857142857143,0.052468617466123156
200,362,0.5,0.0039228755965095745,0.5,0.0038352756843475313,0.5,0.0038352756843475313,0.5,0.0038220459585621334,0.8571428571428572,-0.053881363980811635,0.2142857142857143,0.003443815056622649
201,80,1.0,0.08237635095914204,0.6,-0.25619129339853924,0.8,-0.12230796615282695,0.6,-0.25619129339853924,0.19999999999999996,-0.2721291780471802,1.0,0.07140446702639262
201,33,0.4,0.1894953524072965,0.0,0.16234314938386282,0.4,0.1894953524072965,0.0,0.16234314938386282,0.0,0.16234314938386282,1.0,0.10734634349743526
201,807,0.4,-0.023960272471110027,1.0,0.18182348211606345,1.0,0.18182348211606345,1.0,0.18182348211606345,1.0,0.15061174829800925,0.19999999999999996,-0.10152780016263326
201,650,0.0,0.1762728194395701,0.0,-0.00750046968460083,0.0,0.09289523959159851,0.0,0.07635285208622615,0.0,0.29074985285600025,1.0,0.009820431470870972
201,893,0.0,0.019022518070414662,0.0,0.02815007201085488,0.0,0.019022518070414662,0.0,0.02815007201085488,0.4,-0.09830994469424088,0.0,0.027619751791159313
201,294,0.4,0.02302258275449276,0.0,-0.004031402679781119,0.4,0.026020815285543602,0.0,-0.004031402679781119,0.0,-0.32157461531460285,0.4,-0.19256990837554136
201,659,0.19999999999999996,0.06969338655471802,0.4,0.20398235321044922,0.19999999999999996,0.08906487623850505,0.4,0.20398235321044922,0.8,0.44740598400433856,0.4,0.023516833782196045
201,116,0.6,0.01984662421940205,0.8,0.02460901560455871,0.4,0.01984662421940205,0.8,0.02460901560455871,0.19999999999999996,-0.06887219101190567,0.0,0.02457596469321288
201,268,0.19999999999999996,0.010243384400382638,0.19999999999999996,0.011710602945337692,0.19999999999999996,-0.028373667349418003,0.19999999999999996,0.011710602945337692,0.4,-0.03928662409695486,0.0,0.011710602945337692
201,144,0.8,-0.0047064175208409624,1.0,0.0014642744014660518,0.6,-0.030117026219765346,1.0,0.007535895478213206,0.0,-0.0220296917638431,0.4,-0.0220296917638431
201,913,0.6,0.00731459913852935,0.8,0.010003171783561507,0.4,0.00731459913852935,0.8,0.010003171783561507,0.0,-0.026621132157742977,0.0,-0.005267137351135413
202,80,1.0,0.06733810901641846,0.4761904761904762,0.033339738845825195,0.6666666666666667,0.052219271659851074,0.5714285714285714,0.052219271659851074,0.2380952380952381,0.19901978969573975,0.5238095238095238,0.22753085692723593
202,33,0.4444444444444444,0.13235199451446533,0.7777777777777778,0.11911340554555257,0.7777777777777778,0.11911340554555257,0.7777777777777778,0.11911340554555257,1.0,0.26398541529973346,0.7777777777777778,0.06272498766581218
202,807,0.7777777777777778,0.31166531642278034,0.8888888888888888,0.3598261773586273,0.8888888888888888,0.3800034821033478,1.0,0.34215179085731506,0.7777777777777778,0.38100099563598633,0.8888888888888888,-0.0034516056378682456
202,650,0.0,0.20179861783981323,0.5,0.5410188982884089,0.3125,0.5767904818058014,0.4375,0.5410188982884089,0.75,0.4323284700512886,0.875,0.09372828404108684
202,893,0.11111111111111116,0.8016199911556517,0.6666666666666667,0.8002617411936322,0.4444444444444444,0.8002617411936322,0.5555555555555556,0.8002617411936322,0.7777777777777778,0.8011822872407114,0.7777777777777778,0.35112884640693665
202,294,0.5555555555555556,0.14622411131858826,0.6666666666666667,0.17609915137290955,0.8888888888888888,0.3369011531273524,0.7777777777777778,0.20063176254431406,1.0,0.6199957672506571,0.4444444444444444,0.15983128547668457
202,147,0.6666666666666667,0.5306864529848099,0.7777777777777778,0.5298235003526012,0.7777777777777778,0.5298235003526012,0.6666666666666667,0.5329627385362983,0.5555555555555556,0.5353848586479822,0.8888888888888888,0.051947842041651406
202,887,1.0,0.3171841750542323,0.5555555555555556,0.49439934144417447,0.4444444444444444,0.3704754201074441,0.4444444444444444,0.5290519973884026,0.2222222222222222,0.5325890892806152,0.33333333333333337,0.22556361556053162
202,794,0.8888888888888888,0.25591496874888736,0.7777777777777778,0.55953432371219,0.7777777777777778,0.55953432371219,0.7777777777777778,0.55953432371219,0.33333333333333337,0.5845745250117034,0.7777777777777778,0.15303421020507812
202,591,0.7777777777777778,0.257076907902956,0.4444444444444444,0.388142661890015,0.6666666666666667,0.388142661890015,0.6666666666666667,0.388142661890015,0.33333333333333337,0.39004817822327215,0.2222222222222222,0.265246727814277
202,881,1.0,0.24543118670893213,0.8888888888888888,0.24681550838674107,0.8888888888888888,0.24926820172307393,0.8888888888888888,0.24681550838674107,1.0,0.2526480044859151,0.8888888888888888,0.16445616260170937
202,725,0.2222222222222222,0.039663185675938926,0.4444444444444444,0.2549129861096541,0.2222222222222222,0.26466144000490505,0.2222222222222222,0.2549129861096541,0.7777777777777778,0.28150599511961144,0.11111111111111116,0.04089019695917765
202,473,0.4444444444444444,0.06571848876774311,0.4444444444444444,0.0637930214094619,0.4444444444444444,0.0637930214094619,0.5555555555555556,0.0637930214094619,0.33333333333333337,0.05875591840595007,0.2222222222222222,0.011949860801299414
202,979,0.0,0.1940181495156139,0.11111111111111116,0.2628885027564441,0.0,0.2628885027564441,0.11111111111111116,0.2628885027564441,0.4444444444444444,0.2666992493129025,0.5555555555555556,0.2587400609627366
202,815,0.33333333333333337,0.17725307968794368,0.4444444444444444,0.2274337462343586,0.33333333333333337,0.2278784770266308,0.4444444444444444,0.2274337462343586,0.7777777777777778,0.22924756906771412,0.7777777777777778,0.07487494746843974
202,401,0.8888888888888888,0.16338964481838048,0.8888888888888888,0.19126858604916683,0.8888888888888888,0.19126858604916683,0.8888888888888888,0.19126858604916683,0.8888888888888888,0.19190454106622687,0.2222222222222222,-0.04194574554761251
202,927,0.7777777777777778,0.1769538011867553,0.4444444444444444,0.17629433342760117,0.6666666666666667,0.17629433342760117,0.4444444444444444,0.17629433342760117,0.7777777777777778,0.1769538011867553,0.2222222222222222,0.11710538032154243
202,140,0.33333333333333337,0.031239318661391735,0.33333333333333337,0.017666834096113842,0.33333333333333337,-0.01002988467613856,0.33333333333333337,0.019397844250003498,0.4444444444444444,0.0833608329994604,0.5555555555555556,0.055948924040421844
203,80,0.9,0.4522348294655482,0.9,0.4211069742838542,1.0,0.40237171947956085,0.7,0.20274454355239868,0.9,0.45368339121341705,0.55,0.17018409570058188
203,33,0.45,0.32339195410410565,0.55,0.07705239454905193,0.65,0.1824263334274292,0.3,0.051334102948506675,0.8,0.2662553588549296,0.39999999999999997,0.08759080370267232
203,807,0.55,0.017451763153076172,0.8500000000000001,0.05892854928970337,0.7,0.017451763153076172,0.8500000000000001,0.05892854928970337,0.7,0.14774523178736368,0.65,0.0987830360730489
203,650,0.0,0.027568121751149494,0.0,0.3328334341446559,0.0,0.09321035941441853,0.03703703703703705,0.13276775677998862,0.5555555555555556,0.28579363226890564,0.40740740740740744,0.004685699939727783
203,893,0.09999999999999998,0.20298186937967935,0.35000000000000003,0.6808328501574579,0.14999999999999997,0.08711600303649902,0.19999999999999996,0.7776844783123428,0.6,0.7778068935497989,0.45,0.14717872937520346
203,695,0.36363636363636365,0.5008119006330768,0.7272727272727273,0.4313381736477216,0.0,0.3010063370068868,0.7272727272727273,0.4313381736477216,0.6363636363636364,0.5245095170200026,0.7272727272727273,0.2807106127341588
203,147,0.2727272727272727,0.2803406740228335,0.09090909090909094,0.5996474859615167,0.09090909090909094,0.26550744473934174,0.36363636363636365,0.5996474859615167,0.7272727272727273,0.6926998073856035,0.9090909090909091,0.27258134881655377
203,881,0.8181818181818181,0.14318197472797087,0.6363636363636364,0.19958235490291068,0.4545454545454546,0.15259342330197492,0.5454545454545454,0.19958235490291068,0.9090909090909091,0.20082734177897996,1.0,0.18976074651194116
203,725,0.2727272727272727,0.05259983738263448,0.09090909090909094,0.2515742902954419,0.09090909090909094,0.1022349273165067,0.09090909090909094,0.3054427560418844,0.5454545454545454,0.31604663441733766,0.4545454545454546,0.09337944785753886
203,1017,0.8,0.466221706631283,0.55,0.5756310556074217,1.0,0.33909564341108006,0.65,0.5253482895592848,0.25,0.5763356495190237,0.09999999999999998,0.5630246593306462
203,979,0.0,0.09841844012165286,0.0,0.13893929196638055,0.0,0.039019436885913215,0.0,0.13906943188158039,0.0,0.032428449795891844,0.5454545454545454,0.03503668618698915
203,815,0.2727272727272727,0.08319043398902674,0.36363636363636365,0.11364662864555915,0.2727272727272727,0.033230943605303764,0.36363636363636365,0.11364662864555915,0.36363636363636365,-0.10628815169911832,0.2727272727272727,0.0019680336117744446
203,11,0.6363636363636364,0.13300113442043462,0.9090909090909091,0.16308844985906035,0.6363636363636364,0.030913349551459152,1.0,0.16594055632594973,1.0,0.16854385398619343,0.18181818181818177,0.1535639694581429
203,59,0.2727272727272727,0.032874240474484395,0.09090909090909094,0.03842274885149285,0.18181818181818177,0.01540533701578776,0.09090909090909094,0.03842274885149285,0.0,-0.04258301522349939,0.4545454545454546,-0.05324891209602356
203,696,0.7272727272727273,0.06139301758958027,0.6363636363636364,0.06869309535977663,0.4545454545454546,0.05501882708631456,0.5454545454545454,0.06869309535977663,0.6363636363636364,-0.04591275006532669,0.6363636363636364,0.0518744857981801
204,80,0.7142857142857143,-0.02250005801518758,0.5714285714285714,-0.06271737813949585,0.5714285714285714,-0.0627174178759257,0.5714285714285714,-0.0627174178759257,0.7142857142857143,0.26184938351313275,0.2142857142857143,-0.020434061686197918
204,33,0.2857142857142857,0.0812719315290451,0.2857142857142857,0.08127204080422719,0.2857142857142857,0.08127204080422719,0.2142857142857143,0.08127204080422719,0.0,0.28641560673713684,0.6428571428571428,0.14595748980840048
204,1,1.0,0.7226572884246707,1.0,0.7226572884246707,1.0,0.7226572884246707,1.0,0.7226572884246707,1.0,0.7241901721184453,0.4285714285714286,0.18906903266906738
204,695,0.5,0.132579280451561,0.5,0.132579280451561,0.5,0.132579280451561,0.5,0.1325792740099132,0.5,0.132579280451561,0.0,0.09453140447537105
204,659,0.0,0.07509543498357137,0.2857142857142857,0.07509543498357137,0.0,0.07509543498357137,0.0,0.07509543498357137,1.0,0.16108532374103865,0.4285714285714286,0.11357681453227997
204,283,0.2857142857142857,0.20428248869817858,0.0,0.20428248869817858,0.2857142857142857,0.20428248869817858,0.0,0.20428248559377002,0.0,0.20428248869817858,0.2142857142857143,0.06475112369904916
204,85,0.0,0.1360990145864586,0.0,0.1360990145864586,0.0,0.1360990145864586,0.0,0.1360990145864586,0.7142857142857143,0.15808982650438944,0.6428571428571428,0.11733471602201462
204,487,0.25,0.0015371732755937728,1.0,0.0010419264587107808,0.25,0.0015371732755937728,1.0,0.0010419264587107808,0.0,-0.002309385182646414,0.75,0.001499697833423852
204,798,0.7142857142857143,0.008550193135874906,0.5714285714285714,0.00853108447017803,0.7142857142857142,0.008550193135874906,0.5714285714285714,0.00853108447017803,0.2857142857142857,-0.11961542970190446,0.5714285714285714,0.0050955809419974685
205,80,0.75,0.12525542577107748,0.4375,-0.14964173237482706,0.625,0.11839745442072551,0.375,-0.14964173237482706,0.0625,-0.15353475014368692,0.4375,-0.005334337552388509
205,33,1.0,0.07648444175720215,0.375,-0.07726945479710896,0.625,0.007010916868845622,0.25,-0.07726945479710896,0.75,-0.07670462131500244,0.625,-0.0644645889600118
205,807,0.4375,-0.034629762172698975,0.9375,0.3506582748765747,0.6875,-0.07468079527219136,1.0,0.3669692963982622,1.0,0.3557035755366087,0.25,-0.0686030387878418
205,694,0.5625,0.125883420308431,0.625,0.1693379282951355,0.625,0.09957997004191081,0.75,0.21188475688298544,0.625,0.17993436257044473,0.75,0.05162763595581055
205,342,0.0,0.15948902070522308,0.0,0.44671294651925564,0.0,-0.00890040397644043,0.0,0.38684448848168057,0.25,0.44671294651925564,0.5,0.019250651200612385
205,1017,0.75,0.07193852464358012,0.625,0.4220658621828382,1.0,0.0145062655210495,0.75,0.4078984201575319,0.5,0.4220658621828382,0.4375,0.11196071902910869
205,540,1.0,0.17196061772604784,0.2222222222222222,0.21921909941981235,0.4444444444444444,0.041189866761366524,0.33333333333333337,0.21921909941981235,0.6666666666666667,0.23577133969714245,0.2222222222222222,0.15230855469902357
205,401,0.7777777777777778,0.29709735326468945,0.0,0.3039428824558854,0.0,0.32911524176597595,0.2222222222222222,0.3639806294813752,0.7777777777777778,0.39749628165736794,0.5555555555555556,0.34426303456226987
205,119,0.888888888888889,-0.003049862881501516,0.5555555555555556,0.0058941404179980355,0.8888888888888888,-0.007258418016135693,0.7777777777777778,0.00890425107597063,0.2222222222222222,-0.049670135912795864,0.0,0.0058941404179980355
205,621,0.0,0.04215669631958008,0.11111111111111116,0.3013159471253554,0.11111111111111116,0.018688629070917766,0.11111111111111116,0.3013159471253554,0.0,0.33024547683695954,0.0,0.06898556152979533
205,1022,0.11111111111111116,0.08741207824399073,0.0,0.14305409726997217,0.0,-0.011791735887527466,0.0,0.17216198767224947,0.11111111111111116,0.18282009781493494,0.4444444444444444,0.008666525284449259
205,959,0.2222222222222222,0.045711261530717216,0.6666666666666667,0.08478862512856722,0.33333333333333337,-0.08165253947178523,0.7777777777777778,0.08515232133989532,0.5555555555555556,0.09060623496770859,0.11111111111111116,-0.01988045374552409
206,807,1.0,0.18440751234690347,1.0,0.18440751234690347,1.0,0.16658864418665567,1.0,0.18440751234690347,0.75,0.21407968799273172,0.5,0.17481406529744467
206,659,0.75,0.003959787388642629,0.25,-0.1004460056622823,0.75,0.003959787388642629,0.5,-0.1004460056622823,1.0,0.27076295018196106,1.0,0.25049641231695813
206,342,0.75,0.043008980651696525,0.5,0.06035802016655604,0.75,0.043008980651696525,0.5,0.06035802016655604,0.5,-0.2218928188085556,0.75,0.018492522339026134
206,674,0.75,0.2528438890973727,0.75,0.2528438890973727,0.75,0.2528438890973727,0.75,0.2528438890973727,1.0,0.39972105870644253,0.0,0.03115748365720113
206,268,0.25,0.07453323900699615,0.25,0.08289358019828796,0.25,0.07453323900699615,0.25,0.08289358019828796,0.5,-0.036887126664320626,0.0,-0.036887126664320626
206,1022,0.75,0.010937125732501348,0.5,0.01719250964621703,0.75,0.010937125732501348,0.5,0.01719250964621703,0.75,-0.11529960048695405,0.5,0.01719250964621703
206,360,0.0,-0.0435242752234141,0.0,-0.0435242752234141,0.0,-0.0435242752234141,0.0,-0.0435242752234141,0.25,-0.4619385302066803,0.0,0.04062706232070923
206,803,0.25,-0.05687912926077843,0.5,0.014752750905851523,0.25,-0.05687912926077843,0.5,0.014752750905851523,0.5,-0.05687912926077843,1.0,0.021067724873622257
206,790,0.0,0.13992639382680258,0.0,0.2294653778274854,0.0,0.13992639382680258,0.0,0.2294653778274854,0.25,0.16270355383555093,1.0,0.20804423093795776
207,80,0.8666666666666667,0.1700992782910665,0.5333333333333333,-0.16080101331075033,0.6666666666666666,-0.09460838635762532,0.4666666666666667,-0.16080101331075033,0.8,-0.09460838635762532,0.6,0.03652850786844889
207,33,0.4285714285714286,0.1679250200589498,0.7142857142857143,-0.00173493226369222,0.8571428571428572,0.12744460503260294,0.5714285714285714,-0.00173493226369222,1.0,0.07915687561035156,0.0,0.17159406344095865
207,807,0.1428571428571429,0.002057333787282308,0.0,0.5955689946810404,0.0,0.4408273895581563,0.0,0.4408273895581563,0.5714285714285714,0.5955689946810404,0.0,0.0016764402389526367
207,650,0.0,-0.01883355776468913,0.1428571428571429,0.6090279171864191,0.2857142857142857,0.6090279171864191,0.1428571428571429,0.6090279171864191,0.7142857142857143,0.6422050433854262,0.0,0.35130293170611065
207,294,0.5714285714285714,0.10901981095472972,0.4285714285714286,-0.4561094144980113,0.5714285714285714,0.10901981095472972,0.4285714285714286,-0.08264268438021342,0.2857142857142857,-0.41729800899823505,0.4285714285714286,0.02708048125108083
207,881,0.7142857142857143,0.10017394771178563,1.0,0.16377493863304457,0.7142857142857143,0.10017394771178563,1.0,0.16377493863304457,1.0,0.1304636336863041,0.4285714285714286,0.06581667065620422
207,725,0.1428571428571429,0.017431579530239105,0.4285714285714286,0.10110906884074211,0.1428571428571429,0.017431579530239105,0.4285714285714286,0.10110906884074211,0.5714285714285714,0.07325501243273418,0.8571428571428572,0.03461685528357824
207,222,0.0,0.04937135179837545,0.0,0.006644780437151591,0.0,0.04937135179837545,0.1428571428571429,0.04937135179837545,0.0,-0.12555979192256927,0.7142857142857143,0.02328529953956604
207,473,0.4285714285714286,0.043363591035207115,0.2857142857142857,0.022002533078193665,0.4285714285714286,0.043363591035207115,0.2857142857142857,0.022002533078193665,0.5714285714285714,-0.05055695523818334,1.0,0.03967525313297907
207,979,0.0,0.04136013860503832,0.0,0.07948846587290366,0.0,0.04136013860503832,0.0,0.07948846587290366,0.0,-0.0012796856462955475,0.0,0.05749303630242745
207,815,0.2857142857142857,0.04010967413584391,0.4285714285714286,0.06196197456059357,0.2857142857142857,0.04010967413584391,0.4285714285714286,0.06196197456059357,0.5714285714285714,7.773563265800476e-05,0.8571428571428572,-0.05513425668080648
207,927,1.0,0.07881237970044215,0.8571428571428572,0.09304747420052688,1.0,0.06850070133805275,0.8571428571428572,0.09304747420052688,0.7142857142857143,0.07578229065984488,0.1428571428571429,0.000645237664381663
207,59,0.2857142857142857,0.02964497699091832,0.4285714285714286,0.03941136928430448,0.2857142857142857,0.024358342091242473,0.4285714285714286,0.03941136928430448,0.0,-0.01081188271443049,0.8571428571428572,0.03764043868674586
207,696,0.7142857142857143,0.029886694780240457,1.0,0.0373538343119435,0.5714285714285714,0.029886694780240457,1.0,0.0373538343119435,0.8571428571428572,-0.027443163717786472,0.7142857142857143,0.029886694780240457
208,80,0.9142857142857143,0.2638767759005229,0.3857142857142857,0.045226097106933594,0.4714285714285714,0.1185025970141093,0.4428571428571428,0.049678146839141846,0.6785714285714286,0.264562726020813,0.37857142857142856,0.032111803690592446
208,807,0.39285714285714285,0.00010629494984944661,0.8071428571428572,0.010615368684132894,0.7,0.008231619993845621,0.8285714285714285,0.03501556317011515,0.7607142857142857,0.07778157790501912,0.45714285714285713,0.005171159903208415
208,650,0.09090909090909091,0.00020778179168701172,0.30000000000000004,0.15732179085413614,0.1272727272727272,0.28953003883361816,0.24545454545454543,0.33599524945020676,0.7818181818181819,0.45208046957850456,0.5636363636363637,0.0070666273434956866
208,893,0.027272727272727275,0.3114038159449895,0.2909090909090909,0.8008302994336797,0.10909090909090909,0.4931468859334321,0.31818181818181823,0.5669533897889778,0.7545454545454546,0.9980523558879213,0.4818181818181818,0.08791559934616089
208,1,0.9199999999999999,0.40222257378142484,0.54,0.3975566008399862,0.6799999999999999,0.40391283051576465,0.56,0.4053998625992487,1.0,0.4081806747413263,0.74,0.3574035745114088
208,147,0.3846153846153846,0.6660810320172459,0.0,0.670561503386125,0.0,0.6746388301253319,0.038461538461538436,0.7640196432669958,0.038461538461538436,0.7846772126407208,0.6538461538461539,0.1506964067618052
208,887,0.9615384615384616,0.015999940887165092,0.7307692307692308,0.01604664699056002,0.8461538461538461,0.01605006440994809,0.8076923076923077,0.01604664699056002,0.5,0.010490618825618489,0.15384615384615385,0.0006922174652572721
208,659,0.0,0.004865919853424809,0.0,-0.003744201036170125,0.0,-0.00458761506403486,0.0,-0.003744201036170125,0.7692307692307692,0.005335630034058643,0.9615384615384616,0.0037537590748494645
208,389,0.24,0.17627025880695632,0.5,0.18566942964389455,0.52,0.1691707284965863,0.44,0.18601768301353636,0.36,0.18768607114961067,0.96,0.16356015280083133
208,128,0.41666666666666663,0.4554378123915133,0.29166666666666663,0.48401853364581865,0.2777777777777778,0.4827317458111793,0.2638888888888889,0.4753627117412786,0.5833333333333333,0.49582188310159836,0.6527777777777778,0.3463453749815623
208,283,0.6153846153846154,0.04195428996127504,0.2692307692307693,0.04192912920128341,0.5,0.041949360465234044,0.2692307692307693,0.04187862604036733,0.3076923076923077,0.04189927624217186,0.9230769230769231,0.035568552101418995
208,540,0.7307692307692308,0.16036158219188223,0.11538461538461542,0.15867341688651018,0.2692307692307693,0.16028658098760692,0.23076923076923073,0.16030069425232796,0.34615384615384615,0.16026897415650412,0.6923076923076923,0.1512182143493798
208,713,0.42307692307692313,0.222344096005448,1.0,0.221064411579088,0.8846153846153846,0.2112686742451236,1.0,0.2207720487667757,0.8846153846153846,0.22293677697597936,0.5,0.13758214687307677
208,116,0.3076923076923077,0.019662829268461007,0.3076923076923077,0.019669289735199175,0.15384615384615385,0.019607300130283445,0.34615384615384615,0.01966895661423133,0.5384615384615384,-0.04006429800500655,0.5384615384615384,-0.0048933293437585235
208,251,0.5769230769230769,0.000867032967851363,0.7692307692307692,0.0008665777698600626,0.6153846153846154,0.000861418188397541,0.7307692307692308,0.0008668078099844934,0.5384615384615384,-0.0172086044428094,0.9615384615384616,0.0006899313326963844
208,85,0.0,0.0028502494851636584,0.11538461538461542,0.002824433880353657,0.07692307692307687,0.0028930828824134855,0.038461538461538436,0.002824433880353657,0.9230769230769231,0.0029937398616937116,0.42307692307692313,0.0017003466055030003
208,820,0.6538461538461539,0.031114990461181453,0.9230769230769231,0.0311241089340637,0.7692307692307692,0.03102596013700894,0.9615384615384616,0.031126880900781195,0.8846153846153846,0.030758116314211745,0.0,0.030270106760629762
208,432,0.5384615384615384,0.048359285014545485,0.6538461538461539,0.04782587143805964,0.8461538461538461,0.048226620869930535,0.6538461538461539,0.04782587143805964,0.6153846153846154,-0.03200662178763499,1.0,0.042906639515422285
208,739,0.8846153846153846,0.02541222532143343,0.5,0.025416705478418084,0.6923076923076923,0.025374978603767657,0.5384615384615384,0.02537489502598415,0.15384615384615385,-0.27396024548458325,0.3076923076923077,0.025352954598046058
208,786,0.3076923076923077,0.011108982351894761,0.15384615384615385,0.011081725814449328,0.3846153846153846,0.009502558367207333,0.15384615384615385,0.011081725814449328,0.5,0.010668565384790244,0.0,0.010485002586809363
208,667,0.8076923076923077,0.002331871965572052,0.6923076923076923,0.0023089045031762603,0.7692307692307692,0.002326354276249276,0.6153846153846154,0.002318763374205446,0.3846153846153846,-0.0059863024022585405,0.15384615384615385,0.001783728428563336
208,825,0.9230769230769231,0.01093491663596069,0.6538461538461539,0.01082195515452137,0.8076923076923077,0.010501208503804094,0.6923076923076923,0.010898515223336366,0.9615384615384616,0.010947249394048076,0.23076923076923073,0.008849144336030198
208,403,0.6538461538461539,0.004772089450890841,0.8461538461538461,0.004769960538178945,0.7307692307692308,0.004669772044623303,0.9230769230769231,0.004775137760598902,0.8846153846153846,0.004651941738775444,0.2692307692307693,0.0004978061285025129
208,144,0.2692307692307693,0.010919961341035863,0.46153846153846156,0.012106573194614612,0.34615384615384615,0.00807165519654518,0.46153846153846156,0.012106946397580032,0.0,0.012452358350855765,0.6923076923076923,0.01236655668634512
208,416,0.8846153846153846,0.0034381601662047956,0.9615384615384616,0.003433489798743805,1.0,0.0034333643387448967,0.7692307692307692,0.003437246921972633,0.5769230769230769,-0.020329493976568358,0.34615384615384615,0.002224129028036259
208,69,0.5,0.0036168196221603535,0.038461538461538436,0.0036170784462165964,0.15384615384615385,0.003612997175801128,0.07692307692307687,0.003612991398213472,0.3076923076923077,0.003563902119840621,0.5384615384615384,0.003612260245398365
208,197,0.52,0.020027769014590763,0.58,0.020022288414800988,0.6,0.019921465366370506,0.5599999999999999,0.020040553441023734,0.54,0.020037292238400974,0.56,0.019811588480005565
209,807,0.2142857142857143,0.013206740220387777,0.6428571428571428,0.2503119905789693,0.2857142857142857,0.14835493763287863,0.7857142857142857,0.2772099773089091,1.0,0.37603960434595746,0.5,0.0631294051806132
209,650,0.0,0.7476617097078512,0.25,0.7450109009320537,0.25,0.7119709299877286,0.25,0.7476617097078512,0.5,0.7476617097078512,0.875,0.42538198331991833
209,1,0.875,0.08988320579131444,0.875,0.08988320579131444,0.875,0.086828018228213,0.875,0.086828018228213,0.75,-0.07226273914178212,0.625,-0.08514140049616496
209,694,0.75,0.11078024903933208,0.75,0.15405479073524475,0.75,0.15405479073524475,0.75,0.15405479073524475,0.0,0.027490099271138508,0.0,0.09893049796422322
209,659,0.19999999999999996,-0.1264238158861796,0.4,-0.07857658465703328,0.3,-0.1237185796101888,0.4,-0.10786978403727214,0.6,0.038061161835988365,0.55,0.10750423868497212
209,1004,0.0,0.03654919316371282,0.375,0.03654919316371282,0.125,0.004835312565167745,0.375,0.03654919316371282,1.0,0.003766516844431559,0.25,-0.01909362276395162
209,914,0.4285714285714286,0.12757952649068707,0.2857142857142857,0.1270438421634026,0.2857142857142857,0.12571652652695775,0.2857142857142857,0.1270438421634026,0.4285714285714286,0.12757952649068707,0.6428571428571428,0.0011825611193974812
209,268,0.1428571428571429,0.25718939548801245,0.1428571428571429,0.256462329038186,0.1428571428571429,0.16668499757846197,0.2857142857142857,0.25718939548801245,0.1428571428571429,0.26761253163545007,0.7857142857142857,0.03359108790755272
209,1005,0.75,0.06735713412808764,0.75,0.06735713412808764,0.25,0.020505125323931377,0.75,0.06735713412808764,0.875,0.07124711943955238,0.875,0.030843626086910565
210,807,0.3333333333333333,0.010565419991811117,0.75,0.12669179836908975,0.3333333333333333,0.010565419991811117,0.7777777777777779,0.12707720200220743,0.9444444444444444,0.15940078099568686,0.6111111111111113,0.0476184089978536
210,650,0.0,0.42611097171902657,0.09999999999999998,0.3919465458020568,0.09999999999999998,0.0705416997273763,0.2,0.37895291671156883,0.2,0.4257878512144089,0.35,0.25837718943754834
210,893,0.19999999999999996,0.7748759423964202,0.4,0.7780225646177618,0.25,0.7746407858212478,0.35000000000000003,0.7782578512140693,0.3,0.8374192394276937,0.35,0.3791482597589493
210,1,0.9090909090909091,0.10292944575970371,0.6363636363636364,0.10262269635374348,0.8181818181818181,0.10252669034525752,0.6363636363636364,0.10262269635374348,0.5454545454545454,-0.1171899785598119,1.0,0.10189560366173585
210,659,0.14814814814814814,-0.30051546295483905,0.2962962962962963,-0.28483689824740094,0.0,-0.2364351451396942,0.14814814814814814,-0.2746925850709279,0.6296296296296295,0.1377547283967336,0.4444444444444445,0.015565956632296244
210,389,0.5,0.36025058314226044,0.7999999999999999,0.346167450149854,0.65,0.3598923872535427,0.7,0.3600452459456089,0.09999999999999998,0.37727366037688626,0.09999999999999998,0.06377954656879108
210,914,0.19999999999999996,0.022681784039984148,0.0,0.018693738714015733,0.0,0.018693738714015733,0.0,0.020141313259955496,0.0,0.00569636778285106,0.75,-0.01738897276421388
210,268,0.2727272727272727,0.11863354797651482,0.18181818181818177,0.10826212322960298,0.36363636363636365,0.11618741182610393,0.0,0.11601513735195113,0.8181818181818181,0.1185748143325327,0.18181818181818177,0.10993402086993835
210,825,1.0,0.022853421396879032,1.0,0.02280527137948714,1.0,0.022853421396879032,1.0,0.022822717605095022,0.4545454545454546,-0.1470642282317082,0.4545454545454546,0.020703876585078735
210,844,0.6363636363636364,0.013929556267991453,1.0,0.013415344096965024,0.9090909090909091,0.013833059729449815,1.0,0.013354310622806528,0.36363636363636365,-0.022281176643446088,0.4545454545454546,0.004189612188686927
