endpoint,category,task,representation,split,model,method,n_explained,faith_mean,faith_lo,faith_hi,null_faith_mean,faith_vs_null,beats_null_p,beats_null,stab_mean,stab_lo,stab_hi,stab_worst,sanity_sim,sanity_passed,primary_perf,perf_metric
DILI,toxicity,classification,descriptors,scaffold,rf,shap,60,0.1769794820096543,0.15426588476943084,0.20391139827379087,0.020962449396400584,0.15601703261325373,0.0,True,0.4532326381403104,0.27136604146014387,0.7536379383865972,1.9887045940331267,0.6340399105470048,False,0.920104211897525,AUROC
DILI,toxicity,classification,descriptors,scaffold,rf,lime,60,0.10598539353216647,0.08606537492867998,0.12579293776775438,0.020962449396400584,0.08502294413576589,0.0,True,0.2383583660121017,0.06384482003370709,0.5631535225263627,2.0022887650678936,0.060876566436643395,True,0.920104211897525,AUROC
DILI,toxicity,classification,descriptors,scaffold,rf,random,60,0.02096244939640059,0.01395577776657431,0.02893749505652318,0.020962449396400584,6.938893903907228e-18,,False,1.493516226063704,1.4676354934759084,1.5252453582793266,1.5834648384140761,1.0,False,0.920104211897525,AUROC
DILI,toxicity,classification,descriptors,scaffold,hgb,shap,60,0.42041421214849406,0.2980118340818663,0.5286210919929071,0.025354042599124195,0.39506016954936984,0.0,True,0.4034076240056697,0.31012553426504885,0.5484311755933162,1.0517177084945477,0.733571672015922,False,0.8992618323925315,AUROC
DILI,toxicity,classification,descriptors,scaffold,hgb,lime,60,0.17409800918031343,0.10164422436769403,0.2571540048856391,0.025354042599124195,0.14874396658118924,0.0,True,0.5161886324821049,0.018287276648219865,1.0123606472808588,2.010180675281543,0.05084604803086602,True,0.8992618323925315,AUROC
DILI,toxicity,classification,descriptors,scaffold,hgb,random,60,0.025354042599124195,-0.002518041388390174,0.05074321215698951,0.025354042599124195,0.0,,False,1.4681829569504672,1.4379698097561537,1.4940924569749667,1.5375240514138955,1.0,False,0.8992618323925315,AUROC
DILI,toxicity,classification,descriptors,scaffold,mlp,ig,60,0.30185476425621244,0.22974736992269754,0.3758103738476831,0.016114220685429042,0.2857405435707834,0.0,True,0.2511233374329333,0.06438623072782378,0.5945015689215094,2.1492674647909538,0.551446677158203,False,0.8202344767694312,AUROC
DILI,toxicity,classification,descriptors,scaffold,mlp,lime,60,0.1589497129122416,0.09506881563199893,0.24053024425274797,0.016114220685429042,0.14283549222681258,0.0,True,0.17690941975850752,0.009268069875258246,0.5105949406913339,2.0056580700865214,0.049971031785177984,True,0.8202344767694312,AUROC
DILI,toxicity,classification,descriptors,scaffold,mlp,random,60,0.016114220685429042,-0.007847995555235281,0.04057747609499427,0.016114220685429042,0.0,,False,1.4781307768527772,1.45199979046151,1.5039154675293218,1.5882082955592134,1.0,False,0.8202344767694312,AUROC
DILI,toxicity,classification,descriptors,random,rf,shap,60,0.21460934348633795,0.1869771847314675,0.2406553538855636,0.026820014545801886,0.18778932894053607,0.0,True,0.27982824274776913,0.2017632346779445,0.376485868962653,0.6665565541810872,0.6684535157443736,False,0.9090505767524402,AUROC
DILI,toxicity,classification,descriptors,random,rf,lime,60,0.14677909595754388,0.12702654136600844,0.1678287217193246,0.026820014545801886,0.119959081411742,0.0,True,0.9999999999823843,0.9999999999755718,0.999999999986359,0.9999999999892117,0.06764211258144374,True,0.9090505767524402,AUROC
DILI,toxicity,classification,descriptors,random,rf,random,60,0.026820014545801886,0.019321374874443936,0.03359942835096882,0.026820014545801886,0.0,,False,1.504783846625428,1.4754202211221503,1.5326349627285438,1.636398477246985,1.0,False,0.9090505767524402,AUROC
DILI,toxicity,classification,descriptors,random,hgb,shap,60,0.4131947718369306,0.30212872656306383,0.5253783810557574,0.018213332227626906,0.3949814396093037,0.0,True,0.38288241810740464,0.28370586493171757,0.4879587483926148,0.782105512390678,0.8031006493043015,False,0.8850931677018634,AUROC
DILI,toxicity,classification,descriptors,random,hgb,lime,60,0.18154105966962739,0.10469141784995609,0.26180368574344687,0.018213332227626906,0.16332772744200047,0.0,True,0.9999999999976249,0.9999999999969027,0.9999999999980137,0.9999999999981148,0.05091379059268968,True,0.8850931677018634,AUROC
DILI,toxicity,classification,descriptors,random,hgb,random,60,0.018213332227626906,-0.0017540356771291723,0.043160999868667234,0.018213332227626906,0.0,,False,1.4988776088792657,1.472686020664267,1.5221228734424677,1.598376930856021,1.0,False,0.8850931677018634,AUROC
DILI,toxicity,classification,descriptors,random,mlp,ig,60,0.3039901150597466,0.23084011864331033,0.3834712627447314,0.01677463584476047,0.28721547921498614,0.0,True,0.2598780143157871,0.07475147135937577,0.6060343684182337,2.109416926219055,0.5624158680161239,False,0.8212067435669921,AUROC
DILI,toxicity,classification,descriptors,random,mlp,lime,60,0.1067189872264862,0.05267930110709535,0.17185593985435033,0.01677463584476047,0.08994435138172574,0.0,True,0.999999999997479,0.9999999999966204,0.999999999997943,0.9999999999980379,0.05122204763000858,True,0.8212067435669921,AUROC
DILI,toxicity,classification,descriptors,random,mlp,random,60,0.01677463584476047,-0.009142786686619117,0.04359516332132947,0.01677463584476047,0.0,,False,1.4803292459852762,1.4433121301567637,1.5139460804901275,1.613465978504499,1.0,False,0.8212067435669921,AUROC
hERG,toxicity,classification,descriptors,scaffold,rf,shap,60,0.04416504481345225,-0.02465178355651837,0.12071612574940895,0.005253658002615959,0.03891138681083629,0.16,False,0.6830172383788216,0.337040520311091,1.0706804535203231,2.0994674998131835,0.6444882170070261,False,0.8513409961685823,AUROC
hERG,toxicity,classification,descriptors,scaffold,rf,lime,60,0.03966506315853545,0.009596149428138386,0.07198166342771031,0.005253658002615959,0.03441140515591949,0.01,True,0.9166666666539202,0.7499999999884865,0.9999999999868435,0.9999999999882472,0.06831801149646664,True,0.8513409961685823,AUROC
hERG,toxicity,classification,descriptors,scaffold,rf,random,60,0.005253658002615999,-0.0027375306059577334,0.014646168982966841,0.005253658002615959,3.9898639947466563e-17,,False,1.4691713549033478,1.4398935616804593,1.4964177899523496,1.5393120196658843,1.0,False,0.8513409961685823,AUROC
hERG,toxicity,classification,descriptors,scaffold,hgb,shap,60,0.3090096977620221,0.21048769632636666,0.40807233716782687,0.01881806151784484,0.29019163624417726,0.0,True,0.5530743683400643,0.4424560183670739,0.6640247231605589,0.9201741590620997,0.7090404112496138,False,0.8301404853128992,AUROC
hERG,toxicity,classification,descriptors,scaffold,hgb,lime,60,0.11947444990074728,0.06156687182332675,0.17931705907720621,0.01881806151784484,0.10065638838290245,0.0,True,0.9999999999979967,0.9999999999979403,0.9999999999980643,0.9999999999983027,0.052552686919363455,True,0.8301404853128992,AUROC
hERG,toxicity,classification,descriptors,scaffold,hgb,random,60,0.01881806151784484,-0.00046586828459929187,0.04022586662719797,0.01881806151784484,0.0,,False,1.4782767816712876,1.4486587054667799,1.5044581065489546,1.5562937967453625,1.0,False,0.8301404853128992,AUROC
hERG,toxicity,classification,descriptors,scaffold,mlp,ig,60,0.13078174458609684,0.0794128716819816,0.1956017469614744,0.014099684192074668,0.11668206039402218,0.0,True,0.2640950304395716,0.09361417086909003,0.5952589521735333,2.0581341465723755,0.6091913184461077,False,0.8710089399744573,AUROC
hERG,toxicity,classification,descriptors,scaffold,mlp,lime,60,0.09829426010449728,0.0413447808722655,0.15194995501389102,0.014099684192074668,0.08419457591242262,0.0,True,0.9999999999979554,0.9999999999979217,0.9999999999979905,0.9999999999980369,0.05792775875270696,True,0.8710089399744573,AUROC
hERG,toxicity,classification,descriptors,scaffold,mlp,random,60,0.014099684192074668,-0.006167928783429997,0.0328677427685923,0.014099684192074668,0.0,,False,1.4894397248491078,1.4621053709329743,1.5185282093176387,1.6106577424658155,1.0,False,0.8710089399744573,AUROC
hERG,toxicity,classification,descriptors,random,rf,shap,60,0.09533835714205553,0.03617880127095689,0.16346546295056003,0.014181745594600672,0.08115661154745486,0.0025,True,0.39269096917471963,0.29027148369854466,0.5000232276185653,0.7903854844386086,0.6455178272420116,False,0.848062015503876,AUROC
hERG,toxicity,classification,descriptors,random,rf,lime,60,0.045965752111682835,0.023710440603049852,0.0705014136856785,0.014181745594600672,0.031784006517082165,0.0025,True,0.07090936005245459,0.04855322889781133,0.10245901706160583,0.2250045830549083,0.07859174546804024,True,0.848062015503876,AUROC
hERG,toxicity,classification,descriptors,random,rf,random,60,0.014181745594600639,0.004054226261734445,0.024889325725675093,0.014181745594600672,-3.2959746043559335e-17,,False,1.472306342546936,1.4370791717894869,1.5086122375846398,1.597035455495096,1.0,False,0.848062015503876,AUROC
hERG,toxicity,classification,descriptors,random,hgb,shap,60,0.23923986203122352,0.14803743349736223,0.3352645758255453,0.017746163253106965,0.22149369877811656,0.0,True,0.3490379104799149,0.2593836476712709,0.438101865954412,0.6534491186554167,0.7549036007715486,False,0.8266149870801034,AUROC
hERG,toxicity,classification,descriptors,random,hgb,lime,60,0.04771952591451359,0.01871601400218266,0.08908374582049211,0.017746163253106965,0.029973362661406624,0.05,False,0.020580792485996265,0.011985606119434234,0.03117510564223828,0.06714784690961847,0.04547211143837366,True,0.8266149870801034,AUROC
hERG,toxicity,classification,descriptors,random,hgb,random,60,0.017746163253106965,-0.00021127846951838933,0.039521674253906146,0.017746163253106965,0.0,,False,1.4671517293296938,1.4375494157890125,1.4952538819863355,1.5771356094314315,1.0,False,0.8266149870801034,AUROC
hERG,toxicity,classification,descriptors,random,mlp,ig,60,0.20426576203770105,0.14608119788269203,0.26801350727263423,0.009068474835819667,0.1951972872018814,0.0,True,0.10240365935273461,0.0794284818547502,0.12008947600931326,0.15061273118143526,0.5750478428811594,False,0.8498708010335917,AUROC
hERG,toxicity,classification,descriptors,random,mlp,lime,60,0.05305372857385211,0.023689615726470947,0.09348837049884927,0.009068474835819667,0.04398525373803244,0.005,True,0.013836241854597753,0.011350775807646549,0.01641952886829962,0.021059256029544365,0.05800078605642382,True,0.8498708010335917,AUROC
hERG,toxicity,classification,descriptors,random,mlp,random,60,0.009068474835819667,-0.0027850972778267332,0.022550139120883404,0.009068474835819667,0.0,,False,1.45839016910552,1.4278493569818065,1.4851429222867056,1.5224500552962303,1.0,False,0.8498708010335917,AUROC
AMES,toxicity,classification,descriptors,scaffold,rf,shap,60,0.20656715148123425,0.17248531844446607,0.2472602920905846,0.047034965932536525,0.15953218554869772,0.0,True,0.667132846894959,0.5086333663693505,0.8665751690069724,1.6664988268770384,0.6746325552665063,False,0.8596064411114988,AUROC
AMES,toxicity,classification,descriptors,scaffold,rf,lime,60,0.11306524455939977,0.08440072605686726,0.1417484338795608,0.047034965932536525,0.06603027862686325,0.0,True,0.42664790606202235,0.23748100165180008,0.7528865765193896,1.991470357785162,0.055372272877451924,True,0.8596064411114988,AUROC
AMES,toxicity,classification,descriptors,scaffold,rf,random,60,0.047034965932536525,0.033393903062923565,0.059791755921261736,0.047034965932536525,0.0,,False,1.50141139764631,1.4629267165586355,1.541866458568317,1.6679553971557284,1.0,False,0.8596064411114988,AUROC
AMES,toxicity,classification,descriptors,scaffold,hgb,shap,60,0.3866565094529547,0.32263562333627804,0.4500783471369072,0.06475766557576555,0.32189884387718914,0.0,True,0.4644661650219284,0.39148373277719184,0.5410989271935995,0.7288130056970133,0.6852959102126814,False,0.8607535945432702,AUROC
AMES,toxicity,classification,descriptors,scaffold,hgb,lime,60,0.11425325500282747,0.07945206262772839,0.14553837031373376,0.06475766557576555,0.04949558942706192,0.0075,True,0.7263959283989013,0.25037562709197336,1.202367260979689,2.008068002030038,0.05700919231919528,True,0.8607535945432702,AUROC
AMES,toxicity,classification,descriptors,scaffold,hgb,random,60,0.06475766557576555,0.03989726822153709,0.09224124118063909,0.06475766557576555,0.0,,False,1.4532643884779084,1.4238015016249526,1.4875700316974783,1.5853784013323065,1.0,False,0.8607535945432702,AUROC
AMES,toxicity,classification,descriptors,scaffold,mlp,ig,60,0.31664549542797943,0.2509689355724387,0.38513253043095264,0.0756542142894533,0.24099128113852614,0.0,True,0.15436681224453472,0.1287845575890292,0.18534699101041124,0.27953313092531396,0.5654513710487967,False,0.8372456691082433,AUROC
AMES,toxicity,classification,descriptors,scaffold,mlp,lime,60,0.1389232176873419,0.08491550875620711,0.19503623935083544,0.0756542142894533,0.06326900339788859,0.06,False,0.09401355849379721,0.07509735384440336,0.11431384142514735,0.17125021336688898,0.05623578012968366,True,0.8372456691082433,AUROC
AMES,toxicity,classification,descriptors,scaffold,mlp,random,60,0.0756542142894533,0.034708389010694285,0.12442241844203739,0.0756542142894533,0.0,,False,1.5037358412791948,1.4736149138660717,1.5316323809220738,1.576743124986268,1.0,False,0.8372456691082433,AUROC
AMES,toxicity,classification,descriptors,random,rf,shap,60,0.24456025111272472,0.2043459165241087,0.2793978566085268,0.0514009117298303,0.19315933938289442,0.0,True,0.6839877585258084,0.41791590568554277,1.0444203171543762,1.9780393134402372,0.6755352698404468,False,0.9076960863324812,AUROC
AMES,toxicity,classification,descriptors,random,rf,lime,60,0.13764197050528107,0.11134103559795804,0.16384553928430345,0.0514009117298303,0.08624105877545077,0.0,True,0.5309406340863538,0.22599854617520895,0.9526559604378103,1.987665854984606,0.0702077373318865,True,0.9076960863324812,AUROC
AMES,toxicity,classification,descriptors,random,rf,random,60,0.05140091172983029,0.039013783780284014,0.06284391622181136,0.0514009117298303,-1.3877787807814457e-17,,False,1.4695738579335755,1.4508011745639906,1.4896794053177167,1.5467521623946232,1.0,False,0.9076960863324812,AUROC
AMES,toxicity,classification,descriptors,random,hgb,shap,60,0.3666104739415772,0.3170262662157537,0.41510941753540254,0.046043400472348554,0.32056707346922864,0.0,True,0.6617048963251269,0.5467167855750822,0.7892943419678794,1.2193425533637348,0.6742421540745009,False,0.9139419128539302,AUROC
AMES,toxicity,classification,descriptors,random,hgb,lime,60,0.12873700467982427,0.08797855660634432,0.173393357503124,0.046043400472348554,0.08269360420747571,0.0,True,0.43349722367966925,0.11786281195185248,0.8955552254654846,1.9961438330064827,0.04809551603351545,True,0.9139419128539302,AUROC
AMES,toxicity,classification,descriptors,random,hgb,random,60,0.046043400472348554,0.02549806354800398,0.06611576261909753,0.046043400472348554,0.0,,False,1.4750032773833228,1.4365019501605902,1.5131634255620148,1.6223319888561587,1.0,False,0.9139419128539302,AUROC
AMES,toxicity,classification,descriptors,random,mlp,ig,60,0.30516517062981924,0.23344233482662174,0.3753776668467454,0.06607973509364656,0.23908543553617267,0.0,True,0.30151200622183927,0.10859947977374783,0.6447400988058873,2.133845381054728,0.5445457223414553,False,0.8937499520289821,AUROC
AMES,toxicity,classification,descriptors,random,mlp,lime,60,0.15413865049680073,0.09593256301350066,0.21772745128720997,0.06607973509364656,0.08805891540315416,0.01,True,0.24888913957235884,0.07958005568091361,0.5843688712217602,1.9880410986547028,0.05357164387572792,True,0.8937499520289821,AUROC
AMES,toxicity,classification,descriptors,random,mlp,random,60,0.06607973509364656,0.03738489845974578,0.0994553505298164,0.06607973509364656,0.0,,False,1.4702488831020524,1.4393014019259265,1.5023482729728141,1.546492143708964,1.0,False,0.8937499520289821,AUROC
LD50,toxicity,regression,descriptors,scaffold,rf,shap,60,0.6896684675634234,0.517393082538987,0.8888841564330913,0.1725215575684936,0.5171469099949297,0.0,True,0.2598452326021234,0.1804685242721243,0.35887628013792866,0.6632562797515125,0.6783224633093652,False,0.5282264338596466,Spearman
LD50,toxicity,regression,descriptors,scaffold,rf,lime,60,0.5663377142004038,0.39521194407732685,0.7526288598598299,0.1725215575684936,0.39381615663191016,0.0,True,0.06424253531154246,0.04754468578083865,0.08319430523395786,0.16091126896242083,0.05538509326982249,True,0.5282264338596466,Spearman
LD50,toxicity,regression,descriptors,scaffold,rf,random,60,0.17252155756849366,0.12100315446384136,0.2344428892423034,0.1725215575684936,5.551115123125783e-17,,False,1.485047020044652,1.4484621487763014,1.5352810742008034,1.642172378091815,1.0,False,0.5282264338596466,Spearman
LD50,toxicity,regression,descriptors,scaffold,hgb,shap,60,0.8846517118361559,0.6877933131944841,1.072420416640495,0.3115792805843875,0.5730724312517683,0.0,True,0.5114810914482896,0.3907108015922655,0.6597698703189316,0.9946094410474231,0.7272211953535807,False,0.5288543590857216,Spearman
LD50,toxicity,regression,descriptors,scaffold,hgb,lime,60,0.4146138136404438,0.32890167611630533,0.5222616434547891,0.3115792805843875,0.10303453305605631,0.0275,True,0.07530555054026548,0.05771902395964147,0.09633389266459519,0.1426539408358387,0.049724469216182746,True,0.5288543590857216,Spearman
LD50,toxicity,regression,descriptors,scaffold,hgb,random,60,0.3115792805843875,0.25026512866473094,0.37475807691149166,0.3115792805843875,0.0,,False,1.4765098718793912,1.429253809638422,1.5193241084000675,1.6398745879613499,1.0,False,0.5288543590857216,Spearman
LD50,toxicity,regression,descriptors,scaffold,mlp,ig,60,1.4957676919798055,1.297729320889339,1.6923090916654715,0.3603942895463357,1.1353734024334698,0.0,True,0.0858872753719457,0.07037001058216476,0.10191903991022404,0.13226864585095457,0.5450953392608912,False,0.4615033521608673,Spearman
LD50,toxicity,regression,descriptors,scaffold,mlp,lime,60,0.5312476700934996,0.4199883021706289,0.6509097970108269,0.3603942895463357,0.17085338054716392,0.0,True,0.03401803948696213,0.02377529783533154,0.04534249260364681,0.08514210243447919,0.05257294509662074,True,0.4615033521608673,Spearman
LD50,toxicity,regression,descriptors,scaffold,mlp,random,60,0.3603942895463357,0.3077921085399834,0.4204165333748743,0.3603942895463357,0.0,,False,1.4870233987504289,1.453211017348121,1.5234758533947255,1.6203643010139737,1.0,False,0.4615033521608673,Spearman
LD50,toxicity,regression,descriptors,random,rf,shap,60,0.7439835322830558,0.547082674613594,0.9264657126931961,0.23769077262592664,0.5062927596571292,0.0,True,0.32325225332767143,0.16443358913200634,0.5543840565331117,1.605040758461126,0.6745241684169794,False,0.7366228056583861,Spearman
LD50,toxicity,regression,descriptors,random,rf,lime,60,0.5953793443366564,0.43463005168080887,0.7630446473160034,0.23769077262592664,0.35768857171072976,0.0,True,0.07195104127492716,0.05243792703507124,0.09423422085147543,0.14932722652376695,0.046176450094029264,True,0.7366228056583861,Spearman
LD50,toxicity,regression,descriptors,random,rf,random,60,0.23769077262592636,0.1706327091406542,0.3150026727399012,0.23769077262592664,-2.7755575615628914e-16,,False,1.4842677407320608,1.4580621360775419,1.5142707736713181,1.6153570764250877,1.0,False,0.7366228056583861,Spearman
LD50,toxicity,regression,descriptors,random,hgb,shap,60,0.7993723381810476,0.6221756753605849,0.9835381910607184,0.1896438752216569,0.6097284629593906,0.0,True,0.5438242881746799,0.41976194365628,0.7021334433067103,1.1536743548840271,0.6879183416380664,False,0.7655161526557768,Spearman
LD50,toxicity,regression,descriptors,random,hgb,lime,60,0.3934251017624784,0.2973834166852677,0.5159932856152449,0.1896438752216569,0.2037812265408215,0.0,True,0.08780965816636456,0.06795403686140195,0.11366683131767272,0.18018975366379292,0.05489668525329964,True,0.7655161526557768,Spearman
LD50,toxicity,regression,descriptors,random,hgb,random,60,0.1896438752216569,0.14899497437193193,0.24010605037013666,0.1896438752216569,0.0,,False,1.4633160528437898,1.417915089317032,1.5071377151124834,1.5841236821029558,1.0,False,0.7655161526557768,Spearman
LD50,toxicity,regression,descriptors,random,mlp,ig,60,1.3186514689897497,1.1521470604655852,1.558322560916551,0.301142521114121,1.0175089478756287,0.0,True,0.11036883109579777,0.08429458695850311,0.13443183138593368,0.2034009845865382,0.520724276172055,False,0.646859135807384,Spearman
LD50,toxicity,regression,descriptors,random,mlp,lime,60,0.43578478895489947,0.30796907735885015,0.6940615002454593,0.301142521114121,0.13464226784077848,0.0175,True,0.0577104986612838,0.03567590728387861,0.08424499610561358,0.18444464709484235,0.04793529048856069,True,0.646859135807384,Spearman
LD50,toxicity,regression,descriptors,random,mlp,random,60,0.301142521114121,0.26089284610546504,0.34978072885345074,0.301142521114121,0.0,,False,1.4927967761493812,1.4601568518358021,1.528595600907547,1.6532978600855999,1.0,False,0.646859135807384,Spearman
Caco2,absorption,regression,descriptors,scaffold,rf,shap,60,0.7957885259280033,0.6448305107355367,0.973863385410823,0.21213338026725292,0.5836551456607504,0.0,True,0.21178184087170474,0.11693557553173103,0.3354483664884954,0.6257991603892079,0.6427797503904565,False,0.6948305687487116,Spearman
Caco2,absorption,regression,descriptors,scaffold,rf,lime,60,0.7062939577345438,0.5626299339781665,0.8742504479970945,0.21213338026725292,0.4941605774672909,0.0,True,0.07608656526747773,0.05584548876402713,0.09358697118162286,0.11167509549243163,0.05334639643236861,True,0.6948305687487116,Spearman
Caco2,absorption,regression,descriptors,scaffold,rf,random,60,0.21213338026725317,0.12847097912016356,0.30800085444249764,0.21213338026725292,2.498001805406602e-16,,False,1.4650540207399432,1.4422422483558759,1.4869080838004634,1.5277255564622467,1.0,False,0.6948305687487116,Spearman
Caco2,absorption,regression,descriptors,scaffold,hgb,shap,60,0.7607024870929442,0.5852958560568846,0.9401786735422698,0.20608947116811946,0.5546130159248247,0.0,True,0.38835055299341326,0.2885482490580605,0.5425089791169856,0.9460072561268514,0.7358077979315818,False,0.7377920483370112,Spearman
Caco2,absorption,regression,descriptors,scaffold,hgb,lime,60,0.6112521676941072,0.45948646477871224,0.7664207842702938,0.20608947116811946,0.4051626965259877,0.0,True,0.08422395135863402,0.05727555372809905,0.11236586308255274,0.15892186499728578,0.04835640612497671,True,0.7377920483370112,Spearman
Caco2,absorption,regression,descriptors,scaffold,hgb,random,60,0.20608947116811946,0.15453267667726794,0.2668566503669657,0.20608947116811946,0.0,,False,1.4717151205379126,1.459957551596898,1.4823704515104885,1.5045669740952834,1.0,False,0.7377920483370112,Spearman
Caco2,absorption,regression,descriptors,scaffold,mlp,ig,60,2.788423457969394,2.5444793630282705,3.0332098010446256,0.6245071912669423,2.1639162667024516,0.0,True,0.09793986773342526,0.07803371765426687,0.11458938866952627,0.14485688595009863,0.5586847657880644,False,0.5673196551861079,Spearman
Caco2,absorption,regression,descriptors,scaffold,mlp,lime,60,0.8193234990480253,0.7012380632502674,0.9641007861922519,0.6245071912669423,0.19481630778108294,0.0,True,0.08344395761130652,0.06741549611058924,0.09696009884304216,0.11618550586871904,0.05433783358465217,True,0.5673196551861079,Spearman
Caco2,absorption,regression,descriptors,scaffold,mlp,random,60,0.6245071912669423,0.5552842826089505,0.7067837468974013,0.6245071912669423,0.0,,False,1.4909066986430066,1.457670528953267,1.5281877747451755,1.6036942302290689,1.0,False,0.5673196551861079,Spearman
Caco2,absorption,regression,descriptors,random,rf,shap,60,0.7835244920779278,0.6180961478085844,0.9450853017404363,0.20726044060229382,0.5762640514756341,0.0,True,0.190412971970123,0.13888092712777184,0.2439272107489557,0.3355544663300854,0.6474080148805667,False,0.8418040494925264,Spearman
Caco2,absorption,regression,descriptors,random,rf,lime,60,0.64996533971679,0.49878337226628006,0.813923594411059,0.20726044060229382,0.44270489911449623,0.0,True,0.030252783027903244,0.020347296371711062,0.04482566871700027,0.09848193641588142,0.048130043013884384,True,0.8418040494925264,Spearman
Caco2,absorption,regression,descriptors,random,rf,random,60,0.207260440602294,0.123820171569713,0.30362893410647385,0.20726044060229382,1.942890293094024e-16,,False,1.4923431784474406,1.4746804117781862,1.5153661643284178,1.5616567400133858,1.0,False,0.8418040494925264,Spearman
Caco2,absorption,regression,descriptors,random,hgb,shap,60,0.8078537916061279,0.657185192074543,0.9607994029246695,0.18241138425116865,0.6254424073549593,0.0,True,0.31256023174061626,0.2782841641368463,0.3466653323194944,0.4048819593318531,0.7109071563803671,False,0.8500591966449195,Spearman
Caco2,absorption,regression,descriptors,random,hgb,lime,60,0.5487054818704206,0.4336995437795616,0.7053824939541675,0.18241138425116865,0.3662940976192519,0.0,True,0.03882850087479626,0.029949611838916316,0.04791655894689835,0.07699969329727227,0.05209224888863836,True,0.8500591966449195,Spearman
Caco2,absorption,regression,descriptors,random,hgb,random,60,0.18241138425116865,0.1445095389207545,0.2254370249654918,0.18241138425116865,0.0,,False,1.4843795621640552,1.457204291257889,1.50959794821507,1.5544827299574882,1.0,False,0.8500591966449195,Spearman
Caco2,absorption,regression,descriptors,random,mlp,ig,60,2.9776083643030793,2.7412032026569877,3.2122608142366835,0.6600493294251565,2.317559034877923,0.0,True,0.07895344158889724,0.06491210766507623,0.0947726860917313,0.14302095075965615,0.5494461604108924,False,0.6410071002740412,Spearman
Caco2,absorption,regression,descriptors,random,mlp,lime,60,0.7392774903103145,0.6332650901460842,0.842379351680348,0.6600493294251565,0.07922816088515805,0.065,False,0.011786869637369224,0.009359188572438282,0.01439869094444308,0.020293758102127885,0.04783632880333087,True,0.6410071002740412,Spearman
Caco2,absorption,regression,descriptors,random,mlp,random,60,0.6600493294251565,0.5878728587488878,0.7484049575248112,0.6600493294251565,0.0,,False,1.4760284659542984,1.4472929954389266,1.5081977337432229,1.597194092738605,1.0,False,0.6410071002740412,Spearman
HIA,absorption,classification,descriptors,scaffold,rf,shap,60,0.08221987714943473,0.025692049598052175,0.15190691233502351,0.010322413081922359,0.07189746406751236,0.005,True,0.30779105721905387,0.17218220073127377,0.4853934259942527,1.1570825626547088,0.6174536769698925,False,0.9834229390681004,AUROC
HIA,absorption,classification,descriptors,scaffold,rf,lime,60,0.036161188161947765,0.006117559645264412,0.0693574499971441,0.010322413081922359,0.025838775080025404,0.005,True,0.03453076196097158,0.0256083204489275,0.045517880646086646,0.06802279192589318,0.060361030078402086,True,0.9834229390681004,AUROC
HIA,absorption,classification,descriptors,scaffold,rf,random,60,0.010322413081922362,-0.0006171952670796428,0.022101083671148578,0.010322413081922359,3.469446951953614e-18,,False,1.4757003561234205,1.4484057871523464,1.508687086875325,1.5944600506467856,1.0,False,0.9834229390681004,AUROC
HIA,absorption,classification,descriptors,scaffold,hgb,shap,60,0.1682178561164249,0.0664174539117703,0.27273566233820334,0.03347401371334312,0.1347438424030818,0.0,True,0.33880065563865863,0.2518629057769903,0.4439461830144247,0.6144012079196863,0.7814139722981461,False,0.9816308243727598,AUROC
HIA,absorption,classification,descriptors,scaffold,hgb,lime,60,0.11250149118913215,0.04386679015830454,0.1899098643925481,0.03347401371334312,0.07902747747578903,0.0,True,0.17921354514259283,0.010203069480542148,0.5143954285362189,2.0216532071943383,0.05832693292370712,True,0.9816308243727598,AUROC
HIA,absorption,classification,descriptors,scaffold,hgb,random,60,0.03347401371334312,0.0012871908907542,0.0772500867575146,0.03347401371334312,0.0,,False,1.4612074514938367,1.4263150885550733,1.4980911990412393,1.563923582057823,1.0,False,0.9816308243727598,AUROC
HIA,absorption,classification,descriptors,scaffold,mlp,ig,60,0.12265316446622211,0.052270988830261766,0.19152903825872475,0.015041114058759476,0.10761205040746263,0.0,True,0.21350209746186258,0.05000132965307251,0.5227502056003799,1.8864032029177895,0.5928711407982185,False,0.9690860215053764,AUROC
HIA,absorption,classification,descriptors,scaffold,mlp,lime,60,0.07563113305303787,0.021286032696564993,0.13922510165307259,0.015041114058759476,0.06059001899427839,0.0075,True,0.18046118112593354,0.01184179960175459,0.513854293725145,2.0099936175572877,0.060072581036623655,True,0.9690860215053764,AUROC
HIA,absorption,classification,descriptors,scaffold,mlp,random,60,0.015041114058759476,-0.0007629485179980593,0.038450781996879305,0.015041114058759476,0.0,,False,1.4879242904913035,1.464456484706992,1.5117540757154235,1.5930574812228153,1.0,False,0.9690860215053764,AUROC
HIA,absorption,classification,descriptors,random,rf,shap,60,0.03811782025976193,-0.0117929481418173,0.10033447704366416,0.005348918874131475,0.032768901385630454,0.07,False,0.49875569993429564,0.30406876514594117,0.7408411055751665,1.770573613866145,0.581889666562591,False,0.9982683982683982,AUROC
HIA,absorption,classification,descriptors,random,rf,lime,60,0.023213458628516405,-0.0004897119565258439,0.05043479087789191,0.005348918874131475,0.017864539754384928,0.04,True,0.9999999999911114,0.999999999990588,0.9999999999916462,0.9999999999926952,0.06547859796971961,True,0.9982683982683982,AUROC
HIA,absorption,classification,descriptors,random,rf,random,60,0.00534891887413148,-0.00029582296936636544,0.012030585933798556,0.005348918874131475,5.204170427930421e-18,,False,1.5074431455791544,1.473966600207968,1.5404815741519622,1.594230691516501,1.0,False,0.9982683982683982,AUROC
HIA,absorption,classification,descriptors,random,hgb,shap,60,0.08303813025525884,0.03282806667174404,0.1662435605951917,0.013507801466411208,0.06953032878884763,0.0025,True,0.3082986048711955,0.25131858595404355,0.3566144582782875,0.46789418098091,0.7346899368487709,False,0.9991341991341992,AUROC
HIA,absorption,classification,descriptors,random,hgb,lime,60,0.03953689153128403,0.00608937585369799,0.08001568480027967,0.013507801466411208,0.02602909006487282,0.085,False,0.999999999993889,0.9999999999932639,0.9999999999944182,0.9999999999952898,0.0535777506885823,True,0.9991341991341992,AUROC
HIA,absorption,classification,descriptors,random,hgb,random,60,0.013507801466411208,0.000466147777433891,0.03327783296398083,0.013507801466411208,0.0,,False,1.4839146206679612,1.4526391510232548,1.5205603729964203,1.6161764502267102,1.0,False,0.9991341991341992,AUROC
HIA,absorption,classification,descriptors,random,mlp,ig,60,0.09835779269536335,0.05818043217890794,0.14865333635773922,0.0021586461199654475,0.09619914657539791,0.0,True,0.08988413703105408,0.07549953585408574,0.10575823514534012,0.1453278915278324,0.5861155195135648,False,0.9965367965367966,AUROC
HIA,absorption,classification,descriptors,random,mlp,lime,60,0.044028136796421466,0.009759103630979859,0.08202636996077162,0.0021586461199654475,0.04186949067645602,0.0,True,0.016661165023362675,0.014703263692895156,0.018906246391263704,0.023659979816764938,0.05840093888333013,True,0.9965367965367966,AUROC
HIA,absorption,classification,descriptors,random,mlp,random,60,0.0021586461199654475,0.0006495719982518091,0.004248966011736127,0.0021586461199654475,0.0,,False,1.4638474063737315,1.439896836734884,1.487384448766676,1.5239336104352337,1.0,False,0.9965367965367966,AUROC
BBB,distribution,classification,descriptors,scaffold,rf,shap,60,0.09615499295105473,0.045926874036766006,0.15187112894374027,0.015081315424635653,0.08107367752641907,0.0,True,0.40729496401944737,0.27225254357081163,0.5603986092597774,0.944021807859326,0.5626368312641153,False,0.91797632234838,AUROC
BBB,distribution,classification,descriptors,scaffold,rf,lime,60,0.0744443960452268,0.04754564344445031,0.09986716266621481,0.015081315424635653,0.059363080620591153,0.0,True,0.25266328722698467,0.2066135483880541,0.3007183243345313,0.35744149135953185,0.06737983279859575,True,0.91797632234838,AUROC
BBB,distribution,classification,descriptors,scaffold,rf,random,60,0.015081315424635599,0.008939505693739214,0.021329542518703157,0.015081315424635653,-5.377642775528102e-17,,False,1.4728366098599566,1.4422935310938862,1.502541792219979,1.5802605168687436,1.0,False,0.91797632234838,AUROC
BBB,distribution,classification,descriptors,scaffold,hgb,shap,60,0.19656779372354044,0.10541359431704594,0.2845240172353064,0.010996926930980871,0.18557086679255957,0.0,True,0.5136074677544862,0.39880084209882166,0.6424265057236078,0.9077990917235718,0.7145685445728321,False,0.9080240930490168,AUROC
BBB,distribution,classification,descriptors,scaffold,hgb,lime,60,0.045308196742845946,0.017256525950677597,0.08504337289302528,0.010996926930980871,0.034311269811865074,0.025,True,0.11101782751955537,0.09207588070795163,0.13051928239923158,0.1704285541026187,0.05444695371818782,True,0.9080240930490168,AUROC
BBB,distribution,classification,descriptors,scaffold,hgb,random,60,0.010996926930980871,-0.00970264682154064,0.03348846317566181,0.010996926930980871,0.0,,False,1.486613742151351,1.4576773473155367,1.5110286868152907,1.5476763768460844,1.0,False,0.9080240930490168,AUROC
BBB,distribution,classification,descriptors,scaffold,mlp,ig,60,0.16437652839554678,0.09863571105731858,0.23662859046624762,0.03552374243736267,0.1288527859581841,0.0,True,0.25353966459571364,0.08543727067505275,0.570130234566452,1.971741599781529,0.559275607498459,False,0.8464068125173083,AUROC
BBB,distribution,classification,descriptors,scaffold,mlp,lime,60,0.08481310026513206,0.03548856631335284,0.13413353608300288,0.03552374243736267,0.04928935782776939,0.0125,True,0.2451298119218395,0.0733198751517264,0.566847115551152,1.998296162991531,0.06831450790832265,True,0.8464068125173083,AUROC
BBB,distribution,classification,descriptors,scaffold,mlp,random,60,0.03552374243736267,0.005219020769000053,0.06882180861300886,0.03552374243736267,0.0,,False,1.5007056157200562,1.4758217951977193,1.5224036455654584,1.5649793363170297,1.0,False,0.8464068125173083,AUROC
BBB,distribution,classification,descriptors,random,rf,shap,60,0.10258655219393481,0.042039895749089395,0.15762360072521142,0.023735777105956302,0.07885077508797851,0.0,True,0.3154735196985329,0.23809826188871122,0.3979195021726019,0.6149340614253956,0.5789558263100055,False,0.8957310420076378,AUROC
BBB,distribution,classification,descriptors,random,rf,lime,60,0.0734814385826014,0.04654809394733316,0.10216445647042727,0.023735777105956302,0.049745661476645095,0.0,True,0.06962387777263564,0.05614289131450623,0.08374423506973594,0.112638178678231,0.06143353908595105,True,0.8957310420076378,AUROC
BBB,distribution,classification,descriptors,random,rf,random,60,0.023735777105956316,0.01573354713750932,0.032493172929720884,0.023735777105956302,1.3877787807814457e-17,,False,1.452822449619707,1.4295288135861943,1.4788684102672889,1.517330881530132,1.0,False,0.8957310420076378,AUROC
BBB,distribution,classification,descriptors,random,hgb,shap,60,0.20195687957098551,0.11946192573626584,0.30229415208293997,0.02048503568816974,0.1814718438828158,0.0,True,0.5192204318192827,0.4353220390865064,0.6084106980256598,0.7878984254878756,0.667170021989815,False,0.9008115111838516,AUROC
BBB,distribution,classification,descriptors,random,hgb,lime,60,0.08134098965524157,0.030745004320631344,0.13683152646012708,0.02048503568816974,0.06085595396707183,0.0,True,0.1823292704602528,0.017670682680467186,0.5078422562042324,1.952493586824185,0.04989821978576048,True,0.9008115111838516,AUROC
BBB,distribution,classification,descriptors,random,hgb,random,60,0.02048503568816974,0.0026955718229744294,0.047491632539532945,0.02048503568816974,0.0,,False,1.4712125661050546,1.436199305732826,1.5031066594085907,1.5626855129179162,1.0,False,0.9008115111838516,AUROC
BBB,distribution,classification,descriptors,random,mlp,ig,60,0.13513052347633575,0.07880193488051494,0.18762981619271965,0.034025575220584865,0.10110494825575089,0.0,True,0.105184378082488,0.08751457965939438,0.13078573946815952,0.20337044735574766,0.5466172748453055,False,0.8897810965630114,AUROC
BBB,distribution,classification,descriptors,random,mlp,lime,60,0.04166074825657738,0.02038699982066949,0.06849990549186868,0.034025575220584865,0.0076351730359925166,0.3675,False,0.01632153919986284,0.012037110576500122,0.020534359309284198,0.029817634916165042,0.05356449968761304,True,0.8897810965630114,AUROC
BBB,distribution,classification,descriptors,random,mlp,random,60,0.034025575220584865,0.007180227579341996,0.07192610441810553,0.034025575220584865,0.0,,False,1.4892148438458264,1.4484894182326584,1.538437307233702,1.6202647576685476,1.0,False,0.8897810965630114,AUROC
VDss,distribution,regression,descriptors,scaffold,rf,shap,60,0.39464133119245864,0.18937161178411402,0.6567517954118853,0.35190909864763636,0.04273223254482228,0.3975,False,0.18819291095950366,0.11196479177104038,0.26527113730791246,0.49014924760593725,0.5328719685773209,False,0.5545353636942172,Spearman
VDss,distribution,regression,descriptors,scaffold,rf,lime,60,0.1789066352383265,0.04948073724054759,0.4157538997322362,0.35190909864763636,-0.17300246340930986,0.82,False,0.01568084035651015,0.013700032826985252,0.01812227726031592,0.02449380800247539,0.05676662266629713,True,0.5545353636942172,Spearman
VDss,distribution,regression,descriptors,scaffold,rf,random,60,0.35190909864763636,0.07082846836841304,0.7334538260598715,0.35190909864763636,0.0,,False,1.4924884108897354,1.4711736973030873,1.5096837152326097,1.5373552173512113,1.0,False,0.5545353636942172,Spearman
VDss,distribution,regression,descriptors,scaffold,hgb,shap,60,0.6092400447167666,0.4091935911448005,0.8789264682686667,0.18081266370270646,0.4284273810140602,0.0,True,0.5362293621670248,0.33456698727011663,0.7418225753935962,1.2896129124662712,0.7465426680631423,False,0.4184502020413662,Spearman
VDss,distribution,regression,descriptors,scaffold,hgb,lime,60,0.29188938196761127,0.18009639321319168,0.4605214282957636,0.18081266370270646,0.11107671826490481,0.045,True,0.0335259938859749,0.020982185329903223,0.049346901022383476,0.10004864124752266,0.06829013937625955,True,0.4184502020413662,Spearman
VDss,distribution,regression,descriptors,scaffold,hgb,random,60,0.18081266370270646,0.11579107727150392,0.26570263736302907,0.18081266370270646,0.0,,False,1.4696640455264263,1.4437534388942102,1.5094412042629721,1.6192601421990735,1.0,False,0.4184502020413662,Spearman
VDss,distribution,regression,descriptors,scaffold,mlp,ig,60,0.42597095590158957,0.27166420021252835,0.5921746515884473,0.17241634389756658,0.25355461200402296,0.0,True,0.23871187226014776,0.15136106528959029,0.3235121748845645,0.5231747629341392,0.5672981455688453,False,0.3848496480149274,Spearman
VDss,distribution,regression,descriptors,scaffold,mlp,lime,60,0.39608278450113077,0.23838563665746834,0.6042714855477486,0.17241634389756658,0.2236664406035642,0.0,True,0.013854654146580159,0.011540881701538198,0.016322737255254637,0.023625775117572734,0.0663992978731067,True,0.3848496480149274,Spearman
VDss,distribution,regression,descriptors,scaffold,mlp,random,60,0.17241634389756658,0.113599019332303,0.23983062531011043,0.17241634389756658,0.0,,False,1.4879887837483803,1.4560939348063626,1.5188232381779687,1.5651468434094158,1.0,False,0.3848496480149274,Spearman
VDss,distribution,regression,descriptors,random,rf,shap,60,0.5496702602521534,0.3504185060528182,0.8014963685527589,0.8324851345790315,-0.28281487432687813,0.7175,False,1.3361413222980862,0.1059301796735811,3.6986109142939005,12.276127503302543,0.5513140546586917,False,0.5845922100459616,Spearman
VDss,distribution,regression,descriptors,random,rf,lime,60,0.14848336386376743,0.0969866049991947,0.21288237680366429,0.8324851345790315,-0.6840017707152641,0.97,False,0.028223359182414195,0.016679969691458213,0.048714767672873215,0.1368854961984166,0.05098891222004569,True,0.5845922100459616,Spearman
VDss,distribution,regression,descriptors,random,rf,random,60,0.8324851345790311,0.09499818635431632,1.9125713273543212,0.8324851345790315,-4.440892098500626e-16,,False,1.5204682374294878,1.4831617648635649,1.5608667392633302,1.6944405970390537,1.0,False,0.5845922100459616,Spearman
VDss,distribution,regression,descriptors,random,hgb,shap,60,0.6602464053333568,0.4624526194050827,0.8748454473084173,0.31738722214974613,0.34285918318361064,0.0,True,0.43731659364561976,0.3451722269409725,0.527165129531095,0.7239833968955,0.717468445310072,False,0.3559807225445212,Spearman
VDss,distribution,regression,descriptors,random,hgb,lime,60,0.42681245245434085,0.295161091465522,0.5888830734866474,0.31738722214974613,0.10942523030459472,0.0625,False,0.02283688556186968,0.017950174867174866,0.027236155994813264,0.04040617079409222,0.05393292449004198,True,0.3559807225445212,Spearman
VDss,distribution,regression,descriptors,random,hgb,random,60,0.31738722214974613,0.2223055890530681,0.42536430442250867,0.31738722214974613,0.0,,False,1.4693522149300753,1.4404964954186692,1.4997883707965476,1.5828738974435708,1.0,False,0.3559807225445212,Spearman
VDss,distribution,regression,descriptors,random,mlp,ig,60,0.4843564488402788,0.27916466990111083,0.743479176412188,0.18603612001055206,0.2983203288297267,0.0,True,0.4111751491367752,0.09920936831230986,0.8528163846964056,2.753614973348743,0.5569286869740332,False,0.4721550557797273,Spearman
VDss,distribution,regression,descriptors,random,mlp,lime,60,0.4125173316283811,0.2762132002946641,0.5749754585652247,0.18603612001055206,0.22648121161782905,0.0,True,0.014928178885896828,0.011682213925565748,0.017823727125129293,0.025392524453331712,0.05569538591142618,True,0.4721550557797273,Spearman
VDss,distribution,regression,descriptors,random,mlp,random,60,0.18603612001055206,0.10753406984399085,0.2805340833812765,0.18603612001055206,0.0,,False,1.4535053546790104,1.41260692309124,1.4881017781777117,1.582698725789613,1.0,False,0.4721550557797273,Spearman
CYP2C9-Sub,metabolism,classification,descriptors,scaffold,rf,shap,60,0.001993749058483385,-0.029777316688633565,0.040737588913374326,0.004173302928433407,-0.0021795538699500216,0.555,False,0.39615565458594465,0.34772987684019874,0.4385601781712719,0.5303985637115001,0.6480305979058364,False,0.5882352941176471,AUROC
CYP2C9-Sub,metabolism,classification,descriptors,scaffold,rf,lime,60,0.02357042429093351,0.0086969729438586,0.04058084230205693,0.004173302928433407,0.019397121362500103,0.0,True,1.0000000031162306,0.9999999999803747,1.0000000093863388,1.0000000376000713,0.0665392065214498,True,0.5882352941176471,AUROC
CYP2C9-Sub,metabolism,classification,descriptors,scaffold,rf,random,60,0.0041733029284334285,-0.004252253516131936,0.014105672865343819,0.004173302928433407,2.168404344971009e-17,,False,1.4964155289778296,1.469471082841545,1.5220384603204282,1.5624477446253455,1.0,False,0.5882352941176471,AUROC
CYP2C9-Sub,metabolism,classification,descriptors,scaffold,hgb,shap,60,0.09939938842058414,0.04330388909346679,0.16859862585194854,0.037669780345771696,0.061729608074812446,0.005,True,0.514174788804153,0.4013604585341732,0.642446236748617,0.8964127456955107,0.7784732075098953,False,0.60518444666002,AUROC
CYP2C9-Sub,metabolism,classification,descriptors,scaffold,hgb,lime,60,0.051726971404686226,0.017627958321505155,0.10022332777701981,0.037669780345771696,0.01405719105891453,0.26,False,1.0430893295230295,0.9999999999912009,1.1292679885854848,1.5170719543629083,0.05948566151658784,True,0.60518444666002,AUROC
CYP2C9-Sub,metabolism,classification,descriptors,scaffold,hgb,random,60,0.037669780345771696,0.006263743492274759,0.07013454696795499,0.037669780345771696,0.0,,False,1.4640063974283724,1.4355883191870722,1.4885598862284006,1.5155308802414265,1.0,False,0.60518444666002,AUROC
CYP2C9-Sub,metabolism,classification,descriptors,scaffold,mlp,ig,60,0.18079458657238218,0.10769951686677007,0.2752244279781976,0.04248995565705829,0.13830463091532388,0.0,True,0.2909217329081764,0.09534005101191664,0.6653336102592827,2.30972675790436,0.5408231411080028,False,0.6729810568295115,AUROC
CYP2C9-Sub,metabolism,classification,descriptors,scaffold,mlp,lime,60,0.09531156834628847,0.04485230766650704,0.15244741575171553,0.04248995565705829,0.05282161268923018,0.0625,False,1.0000013749429704,0.9999999999974549,1.000004124384794,1.0000164939537295,0.05932982035009262,True,0.6729810568295115,AUROC
CYP2C9-Sub,metabolism,classification,descriptors,scaffold,mlp,random,60,0.04248995565705829,0.007105731281141443,0.0866508131018943,0.04248995565705829,0.0,,False,1.4642197373642567,1.4362526692888,1.4929856375945276,1.5587336265866032,1.0,False,0.6729810568295115,AUROC
CYP2C9-Sub,metabolism,classification,descriptors,random,rf,shap,60,-0.043744888976396404,-0.07092195158677563,-0.008570031963971162,-0.002403917326436845,-0.041340971649959556,1.0,False,0.4998378830667585,0.41824118945353045,0.580039736022749,0.7659364477488507,0.6405361541570146,False,0.6638176638176638,AUROC
CYP2C9-Sub,metabolism,classification,descriptors,random,rf,lime,60,0.0030336494193880245,-0.009105635062511969,0.014279014870720377,-0.002403917326436845,0.00543756674582487,0.1,False,0.8856137398118622,0.7633913304824073,0.9754513574450772,1.0006332839826706,0.07137476492685134,True,0.6638176638176638,AUROC
CYP2C9-Sub,metabolism,classification,descriptors,random,rf,random,60,-0.002403917326436847,-0.009456005725186652,0.005385695522616251,-0.002403917326436845,-1.734723475976807e-18,,False,1.4706661460550203,1.4368450843042597,1.5053743972778664,1.5775286078900477,1.0,False,0.6638176638176638,AUROC
CYP2C9-Sub,metabolism,classification,descriptors,random,hgb,shap,60,0.048773127186575733,-0.0037130349266022893,0.1157380836438904,-0.004856971302514921,0.05363009848909066,0.0225,True,0.6682205149880254,0.4584851863567227,0.9465632526485822,1.6791940613492733,0.7890728574309914,False,0.6663105413105413,AUROC
CYP2C9-Sub,metabolism,classification,descriptors,random,hgb,lime,60,0.03434887597106155,0.004237504795456569,0.07361037208249373,-0.004856971302514921,0.03920584727357647,0.0075,True,1.2059441513489952,0.8328925528515222,1.7242273899118614,3.5366407761738565,0.06469661275447011,True,0.6663105413105413,AUROC
CYP2C9-Sub,metabolism,classification,descriptors,random,hgb,random,60,-0.004856971302514921,-0.017530550157418938,0.007645599156077242,-0.004856971302514921,0.0,,False,1.4883471503915813,1.4523801322110172,1.5291506823811596,1.6469472253471333,1.0,False,0.6663105413105413,AUROC
CYP2C9-Sub,metabolism,classification,descriptors,random,mlp,ig,60,0.20856965018643267,0.131487280867166,0.2844145812922053,0.0012979989250500993,0.20727165126138258,0.0,True,0.10255812420335055,0.07881881899058504,0.12094847627519825,0.15712727821073247,0.556468478618238,False,0.6378205128205129,AUROC
CYP2C9-Sub,metabolism,classification,descriptors,random,mlp,lime,60,0.05426684849792058,0.009027558494773177,0.11082365117967127,0.0012979989250500993,0.05296884957287048,0.0375,True,0.8648213672612064,0.7118130629855794,0.9684782701971532,0.9980953073118958,0.05189088064938909,True,0.6378205128205129,AUROC
CYP2C9-Sub,metabolism,classification,descriptors,random,mlp,random,60,0.0012979989250500993,-0.022569714975025915,0.029487299381030903,0.0012979989250500993,0.0,,False,1.494133015093418,1.455972190001157,1.5302489455129156,1.6045339846313302,1.0,False,0.6378205128205129,AUROC
CYP3A4-Sub,metabolism,classification,descriptors,scaffold,rf,shap,60,0.10175699275031483,0.07523308931997143,0.12937934314359148,0.018895194938921937,0.08286179781139288,0.0,True,0.47203484454975947,0.2939916474680872,0.7837259026507993,2.038544846894739,0.7078552373077378,False,0.6502548656163114,AUROC
CYP3A4-Sub,metabolism,classification,descriptors,scaffold,rf,lime,60,0.03630710878797174,0.024238269190133336,0.05054445533778496,0.018895194938921937,0.017411913849049804,0.005,True,1.0000002619857657,0.9999999999775352,1.000000684684429,1.0000025361655145,0.05115726060902149,True,0.6502548656163114,AUROC
CYP3A4-Sub,metabolism,classification,descriptors,scaffold,rf,random,60,0.018895194938921937,0.012132776544942627,0.025069531484198996,0.018895194938921937,0.0,,False,1.4789698354392569,1.4421941401570493,1.5116896339769574,1.6305339137009078,1.0,False,0.6502548656163114,AUROC
CYP3A4-Sub,metabolism,classification,descriptors,scaffold,hgb,shap,60,0.3552528585048159,0.28410929781348354,0.42358996595378634,0.06128446289255026,0.2939683956122657,0.0,True,0.5314425016620784,0.38561817583772695,0.6990054099436226,1.0218750156497234,0.780808862650678,False,0.6574374420759963,AUROC
CYP3A4-Sub,metabolism,classification,descriptors,scaffold,hgb,lime,60,0.09703961486320979,0.05463447227455264,0.1487060401669263,0.06128446289255026,0.03575515197065953,0.0875,False,0.9166666666644261,0.6666666666652148,0.9999999999977199,0.9999999999978985,0.05297133634289598,True,0.6574374420759963,AUROC
CYP3A4-Sub,metabolism,classification,descriptors,scaffold,hgb,random,60,0.06128446289255026,0.02141321729736166,0.10368184890037478,0.06128446289255026,0.0,,False,1.4750974981587144,1.4505163394385912,1.5032083206912488,1.56188141949576,1.0,False,0.6574374420759963,AUROC
CYP3A4-Sub,metabolism,classification,descriptors,scaffold,mlp,ig,60,0.23662917133834627,0.16441550932824617,0.3062231654549637,0.07283134460449218,0.16379782673385407,0.0,True,0.2812302348431568,0.08445674833986505,0.6406948023426111,2.1910001050290666,0.5695324318102808,False,0.6338044485634846,AUROC
CYP3A4-Sub,metabolism,classification,descriptors,scaffold,mlp,lime,60,0.11368337323268254,0.057451327720450036,0.1783884273635015,0.07283134460449218,0.04085202862819036,0.115,False,0.9166671686550204,0.749999999974972,1.000001506015607,1.0000060241625945,0.05996105340955889,True,0.6338044485634846,AUROC
CYP3A4-Sub,metabolism,classification,descriptors,scaffold,mlp,random,60,0.07283134460449218,0.01993837219145563,0.12601795837283133,0.07283134460449218,0.0,,False,1.4485192682900412,1.418352740207727,1.477083955986973,1.5264258648682691,1.0,False,0.6338044485634846,AUROC
CYP3A4-Sub,metabolism,classification,descriptors,random,rf,shap,60,0.12069249268528905,0.0864668460843087,0.15153188931931819,0.022401901379047476,0.09829059130624157,0.0,True,0.602200832439847,0.3157308118641266,1.0010961083070036,1.9514273681598397,0.7004092689700473,False,0.6909909909909909,AUROC
CYP3A4-Sub,metabolism,classification,descriptors,random,rf,lime,60,0.051995818433293914,0.03750686364323028,0.06580577788035123,0.022401901379047476,0.029593917054246438,0.0,True,1.0577797422253161,0.8658633494474988,1.2882949649664743,1.889170996476183,0.06204470969934125,True,0.6909909909909909,AUROC
CYP3A4-Sub,metabolism,classification,descriptors,random,rf,random,60,0.02240190137904746,0.015131488382996426,0.031222605117591454,0.022401901379047476,-1.734723475976807e-17,,False,1.4689408654823042,1.4429945830439224,1.4947059820249884,1.5349015602401943,1.0,False,0.6909909909909909,AUROC
CYP3A4-Sub,metabolism,classification,descriptors,random,hgb,shap,60,0.3517683055680401,0.26141730415519615,0.4330080944926888,0.046580241059272956,0.3051880645087672,0.0,True,0.4017224831206485,0.25128452142013874,0.5942438266616512,1.0283179247111174,0.7742446962572684,False,0.6727477477477477,AUROC
CYP3A4-Sub,metabolism,classification,descriptors,random,hgb,lime,60,0.1360964590751149,0.07559996603368321,0.20564846137630782,0.046580241059272956,0.08951621801584193,0.0,True,0.9856444194589692,0.7894602865012406,1.1975010611660155,1.8631325296593888,0.05645208265806076,True,0.6727477477477477,AUROC
CYP3A4-Sub,metabolism,classification,descriptors,random,hgb,random,60,0.046580241059272956,0.018355228081362127,0.08359331647598363,0.046580241059272956,0.0,,False,1.4649627637590596,1.4270641175268945,1.5030322405927645,1.558360504849313,1.0,False,0.6727477477477477,AUROC
CYP3A4-Sub,metabolism,classification,descriptors,random,mlp,ig,60,0.3797392745812734,0.2928336890455749,0.46949136562231514,0.05093577785624399,0.3288034967250294,0.0,True,0.42616424771758493,0.07719136472691376,0.927225237822171,2.139613067722209,0.5699704787801549,False,0.647072072072072,AUROC
CYP3A4-Sub,metabolism,classification,descriptors,random,mlp,lime,60,0.15085070845153595,0.0917320337643226,0.2172701656238899,0.05093577785624399,0.09991493059529197,0.0025,True,0.900363318282606,0.7752246289064744,0.9775105569858912,1.0037933100773682,0.057179537166219624,True,0.647072072072072,AUROC
CYP3A4-Sub,metabolism,classification,descriptors,random,mlp,random,60,0.05093577785624399,0.016537985474699077,0.09300015213588869,0.05093577785624399,0.0,,False,1.4982662394029067,1.4796440691984734,1.5169909737689968,1.560299931888553,1.0,False,0.647072072072072,AUROC
HalfLife,excretion,regression,descriptors,scaffold,rf,shap,60,0.2570569870837394,0.08064036824725346,0.546217719911443,0.034051667233015594,0.22300531985072383,0.0,True,0.1718877697858462,0.11490550956653096,0.240425393475441,0.3672791525424144,0.5419997998488487,False,0.4249076829803285,Spearman
HalfLife,excretion,regression,descriptors,scaffold,rf,lime,60,0.1611803379543736,0.03193721840823849,0.3750683422859791,0.034051667233015594,0.127128670721358,0.0225,True,0.016572618448618254,0.011316593024276024,0.023577428395169544,0.04579215943448512,0.06442752152651532,True,0.4249076829803285,Spearman
HalfLife,excretion,regression,descriptors,scaffold,rf,random,60,0.0340516672330156,0.020302961162173498,0.05168199697393916,0.034051667233015594,6.938893903907228e-18,,False,1.4851139879252815,1.4644662934264432,1.5080640481649799,1.5571642957106748,1.0,False,0.4249076829803285,Spearman
HalfLife,excretion,regression,descriptors,scaffold,hgb,shap,60,0.6012164723569773,0.41798188865729996,0.8439980727072081,0.1755518206035769,0.4256646517534004,0.0,True,0.41272575527346117,0.2933689262486697,0.5896683742461777,1.3192255317458474,0.7105859110637522,False,0.2413142551530948,Spearman
HalfLife,excretion,regression,descriptors,scaffold,hgb,lime,60,0.3156120262722017,0.18818701834020704,0.5018712308979054,0.1755518206035769,0.1400602056686248,0.01,True,0.05148405891345411,0.02533407781182713,0.08640696503577885,0.17803196948664485,0.04917469947434435,True,0.2413142551530948,Spearman
HalfLife,excretion,regression,descriptors,scaffold,hgb,random,60,0.1755518206035769,0.12427383364810224,0.2489351338765282,0.1755518206035769,0.0,,False,1.4624487728885054,1.4424148637596887,1.4828823844317098,1.537814283780162,1.0,False,0.2413142551530948,Spearman
HalfLife,excretion,regression,descriptors,scaffold,mlp,ig,60,0.7579725059324927,0.5392798196931673,1.016087675064078,0.21634915104304028,0.5416233548894523,0.0,True,0.11200885855471539,0.07214462107633453,0.1689533318093877,0.40055253801684215,0.5546896763934204,False,0.5126578777393634,Spearman
HalfLife,excretion,regression,descriptors,scaffold,mlp,lime,60,0.38850747056381413,0.2780982195975573,0.5158719586497075,0.21634915104304028,0.17215831952077384,0.0,True,0.013347443498804379,0.008679587544286166,0.019743968257129246,0.04586077687215829,0.05020643767684312,True,0.5126578777393634,Spearman
HalfLife,excretion,regression,descriptors,scaffold,mlp,random,60,0.21634915104304028,0.15255482712592414,0.2809152016155228,0.21634915104304028,0.0,,False,1.5092736656716745,1.4819217481822056,1.5421924579865895,1.620426164306326,1.0,False,0.5126578777393634,Spearman
HalfLife,excretion,regression,descriptors,random,rf,shap,60,0.5011344969345245,0.28579108027744976,0.7546739224756103,0.09522085302620233,0.4059136439083222,0.0,True,1.656309285566891,0.22268881307690588,4.386060312294306,16.607727953341925,0.47416434453127326,True,0.373251949798465,Spearman
HalfLife,excretion,regression,descriptors,random,rf,lime,60,0.24117368257337876,0.09210596510157244,0.415118831482315,0.09522085302620233,0.14595282954717642,0.0,True,0.14571850199057865,0.028547003394022576,0.35631317067740476,1.2783338672957374,0.05064199827443391,True,0.373251949798465,Spearman
HalfLife,excretion,regression,descriptors,random,rf,random,60,0.09522085302620234,0.042449458416922235,0.17491281606979978,0.09522085302620233,1.3877787807814457e-17,,False,1.471857409773854,1.4479440731816866,1.4945000146363454,1.5569036806361243,1.0,False,0.373251949798465,Spearman
HalfLife,excretion,regression,descriptors,random,hgb,shap,60,0.661279619549079,0.4471793879741496,0.9376571355994215,0.22687587701900205,0.43440374253007696,0.0,True,0.29289316492168516,0.15175698944638996,0.4856847356996197,1.243674930422554,0.6970451079593677,False,0.2559333352941522,Spearman
HalfLife,excretion,regression,descriptors,random,hgb,lime,60,0.27928257902604486,0.17491900584019607,0.4092282650283263,0.22687587701900205,0.05240670200704281,0.1825,False,0.03139212935738588,0.023418490150768623,0.04184345583171363,0.07155028635468101,0.04395848306768698,True,0.2559333352941522,Spearman
HalfLife,excretion,regression,descriptors,random,hgb,random,60,0.22687587701900205,0.14616579731995383,0.3298135985072572,0.22687587701900205,0.0,,False,1.4949044356975587,1.467333754322369,1.5219796700322636,1.5949881409250726,1.0,False,0.2559333352941522,Spearman
HalfLife,excretion,regression,descriptors,random,mlp,ig,60,0.7435313769836082,0.5818514590379911,0.9421945262235465,0.19044934490419918,0.553082032079409,0.0,True,0.16142994995381715,0.10869694773923765,0.21618827289301284,0.3791694790518095,0.5576530675999768,False,0.3843680632482583,Spearman
HalfLife,excretion,regression,descriptors,random,mlp,lime,60,0.4271018572839138,0.2974334881912099,0.5829102188355392,0.19044934490419918,0.23665251237971463,0.0,True,0.022650351002018235,0.011743584506053194,0.04007738112228236,0.10906662532503787,0.05308779639572774,True,0.3843680632482583,Spearman
HalfLife,excretion,regression,descriptors,random,mlp,random,60,0.19044934490419918,0.140026237674472,0.2490662551318079,0.19044934490419918,0.0,,False,1.4830116937774205,1.4441700256411436,1.5176355061915086,1.5615770104391342,1.0,False,0.3843680632482583,Spearman
CL-Hepa,excretion,regression,descriptors,scaffold,rf,shap,60,0.9447097743527626,0.7573277489101711,1.179885189692405,0.15180273694440985,0.7929070374083528,0.0,True,0.3538594015281089,0.26819444523384034,0.42251028239123295,0.601653273030983,0.6869923101368011,False,0.4084953885927966,Spearman
CL-Hepa,excretion,regression,descriptors,scaffold,rf,lime,60,0.39689254885483766,0.2876450532308729,0.5300412826985065,0.15180273694440985,0.2450898119104278,0.0,True,0.9999999999999482,0.999999999999947,0.9999999999999495,0.999999999999952,0.07151306857950833,True,0.4084953885927966,Spearman
CL-Hepa,excretion,regression,descriptors,scaffold,rf,random,60,0.15180273694440977,0.1137988229019138,0.19972939055592293,0.15180273694440985,-8.326672684688674e-17,,False,1.486261280491114,1.459918264913596,1.5141013837813675,1.607300534980235,1.0,False,0.4084953885927966,Spearman
CL-Hepa,excretion,regression,descriptors,scaffold,hgb,shap,60,0.9579345262645981,0.7479302850731466,1.15959283289128,0.21157859343617014,0.7463559328284279,0.0,True,0.4864272095830012,0.4176646912984775,0.5507955960025606,0.6837940842947604,0.7580231308325924,False,0.3859819806237052,Spearman
CL-Hepa,excretion,regression,descriptors,scaffold,hgb,lime,60,0.46439035372504234,0.3682418954461132,0.587587947571915,0.21157859343617014,0.2528117602888722,0.0,True,0.9999999999999584,0.9999999999999566,0.99999999999996,0.9999999999999621,0.059931517574311303,True,0.3859819806237052,Spearman
CL-Hepa,excretion,regression,descriptors,scaffold,hgb,random,60,0.21157859343617014,0.16682873883809576,0.26694555566991596,0.21157859343617014,0.0,,False,1.468112054713979,1.443966984548341,1.4969967547729903,1.556291348692056,1.0,False,0.3859819806237052,Spearman
CL-Hepa,excretion,regression,descriptors,scaffold,mlp,ig,60,0.7427950791569956,0.6190922015123255,0.9051805219820418,0.23568004081478444,0.5071150383422112,0.0,True,0.09147224576914169,0.07874822795286633,0.10531360769957276,0.14745326658320662,0.5642629263055517,False,0.4160093738952767,Spearman
CL-Hepa,excretion,regression,descriptors,scaffold,mlp,lime,60,0.3496777647019675,0.2622143469516757,0.4461973069973626,0.23568004081478444,0.11399772388718304,0.0,True,0.9999999999999454,0.9999999999999439,0.9999999999999464,0.9999999999999489,0.05984504353844397,True,0.4160093738952767,Spearman
CL-Hepa,excretion,regression,descriptors,scaffold,mlp,random,60,0.23568004081478444,0.19350635988092915,0.28333639813730976,0.23568004081478444,0.0,,False,1.4831816744908926,1.4525862160879908,1.5134097009439245,1.5869896484987986,1.0,False,0.4160093738952767,Spearman
CL-Hepa,excretion,regression,descriptors,random,rf,shap,60,0.7675464019461113,0.5903629951153949,1.0076041436104088,0.1666690523358777,0.6008773496102336,0.0,True,0.4687829963163799,0.34771245317058674,0.6179162832386013,0.9006550336863955,0.6516095752222681,False,0.42049974956294,Spearman
CL-Hepa,excretion,regression,descriptors,random,rf,lime,60,0.42465201497854904,0.26915568993376987,0.5985462770840531,0.1666690523358777,0.25798296264267134,0.0,True,0.9999999999999369,0.9999999999999335,0.99999999999994,0.9999999999999446,0.06806434388559277,True,0.42049974956294,Spearman
CL-Hepa,excretion,regression,descriptors,random,rf,random,60,0.16666905233587773,0.12045543898375113,0.22503093889576245,0.1666690523358777,2.7755575615628914e-17,,False,1.5030362496482257,1.4641498167277147,1.5388035576797832,1.6636590490558485,1.0,False,0.42049974956294,Spearman
CL-Hepa,excretion,regression,descriptors,random,hgb,shap,60,0.8463125152351307,0.6332514185366308,1.0735610487518263,0.21130689999456556,0.6350056152405652,0.0,True,0.6944337003595725,0.5949106920872028,0.7806125073513689,0.8971686324324174,0.7455089200816158,False,0.3883000082551239,Spearman
CL-Hepa,excretion,regression,descriptors,random,hgb,lime,60,0.4762025866228821,0.33297348881232736,0.6765772206387819,0.21130689999456556,0.26489568662831653,0.0,True,0.9999999999999597,0.9999999999999586,0.9999999999999609,0.9999999999999639,0.04726269943050056,True,0.3883000082551239,Spearman
CL-Hepa,excretion,regression,descriptors,random,hgb,random,60,0.21130689999456556,0.16388303171168503,0.2630940046972558,0.21130689999456556,0.0,,False,1.4800911062448021,1.4405644284993595,1.5177254467364694,1.6000875636097662,1.0,False,0.3883000082551239,Spearman
CL-Hepa,excretion,regression,descriptors,random,mlp,ig,60,0.7923185442833024,0.6397341233181456,0.9349161970377384,0.24295829056831683,0.5493602537149855,0.0,True,0.07585012307423245,0.06445090649207103,0.08703252024786422,0.11950470921062101,0.5630117712927671,False,0.4131726612893251,Spearman
CL-Hepa,excretion,regression,descriptors,random,mlp,lime,60,0.4068214436153843,0.32676375208274194,0.4896917607557771,0.24295829056831683,0.16386315304706747,0.0,True,0.9999999999999377,0.9999999999999343,0.9999999999999408,0.9999999999999466,0.0540823848200291,True,0.4131726612893251,Spearman
CL-Hepa,excretion,regression,descriptors,random,mlp,random,60,0.24295829056831683,0.19433449958887045,0.30777810246896875,0.24295829056831683,0.0,,False,1.4812542713353165,1.45645260164085,1.5112071380412306,1.6003794414274541,1.0,False,0.4131726612893251,Spearman
DILI,toxicity,classification,ecfp,scaffold,rf,shap,60,0.11371443427189293,0.07821479113661373,0.14503421827735638,0.01049867753044984,0.1032157567414431,0.0,True,0.0,0.0,0.0,0.0,0.5679937972369195,False,0.8766825879287885,AUROC
DILI,toxicity,classification,ecfp,scaffold,rf,lime,60,0.06232151312580309,0.04526485829327175,0.08063037134285271,0.01049867753044984,0.05182283559535325,0.0,True,0.003226740898259946,0.0023733991752874608,0.0041340766099374785,0.006777482815445577,0.0198604203381274,True,0.8766825879287885,AUROC
DILI,toxicity,classification,ecfp,scaffold,rf,random,60,0.010498677530449817,0.0052433458698340155,0.016127619212671633,0.01049867753044984,-2.2551405187698492e-17,,False,1.43865121602753,1.429552408243378,1.448486155240667,1.4765268542546846,1.0,False,0.8766825879287885,AUROC
DILI,toxicity,classification,ecfp,scaffold,hgb,shap,60,0.3431034425417261,0.25857370233148314,0.44581461726573307,0.015423500173991299,0.3276799423677348,0.0,True,0.0,0.0,0.0,0.0,0.9346006538100321,False,0.8115501519756838,AUROC
DILI,toxicity,classification,ecfp,scaffold,hgb,lime,60,0.24016323926532027,0.1703318510701391,0.3212838163666983,0.015423500173991299,0.22473973909132897,0.0,True,0.004464463041969783,0.003620929066192141,0.005539863905955778,0.008895795243533447,0.019832385426471633,True,0.8115501519756838,AUROC
DILI,toxicity,classification,ecfp,scaffold,hgb,random,60,0.015423500173991299,-0.009474391593562526,0.041514227734315214,0.015423500173991299,0.0,,False,1.4312611373664323,1.4207508565482578,1.4420347068569077,1.4668477798548154,1.0,False,0.8115501519756838,AUROC
DILI,toxicity,classification,ecfp,scaffold,mlp,ig,60,0.49935783445835114,0.3977652196503348,0.6129390833609633,0.026680908103783922,0.4726769263545672,0.0,True,0.07522145470084718,0.06570077150298019,0.08617596479411717,0.10057822724782729,0.48257592045662406,True,0.836734693877551,AUROC
DILI,toxicity,classification,ecfp,scaffold,mlp,lime,60,0.13870594054460525,0.08344124305165475,0.19847196323176222,0.026680908103783922,0.11202503244082132,0.0,True,0.006514694465560591,0.003898953507955514,0.009572453902511798,0.021757340438401555,0.01888485023241645,True,0.836734693877551,AUROC
DILI,toxicity,classification,ecfp,scaffold,mlp,random,60,0.026680908103783922,0.001773697088162103,0.06536398741934035,0.026680908103783922,0.0,,False,1.4218060194044704,1.4133934409933215,1.431187425222491,1.4524895028610587,1.0,False,0.836734693877551,AUROC
DILI,toxicity,classification,ecfp,random,rf,shap,60,0.14927173237635039,0.12288472904534876,0.18128267835434395,0.016094830370980067,0.13317690200537033,0.0,True,0.0,0.0,0.0,0.0,0.5593236227516235,False,0.8389529724933452,AUROC
DILI,toxicity,classification,ecfp,random,rf,lime,60,0.10369954843957427,0.08271153606922269,0.12605334114441408,0.016094830370980067,0.0876047180685942,0.0,True,0.007731020571222364,0.004447626474780813,0.011585062732089953,0.022061620970381134,0.02466501813777224,True,0.8389529724933452,AUROC
DILI,toxicity,classification,ecfp,random,rf,random,60,0.01609483037098008,0.010077262295287315,0.022897538496309953,0.016094830370980067,1.3877787807814457e-17,,False,1.438961327204819,1.4315956262521212,1.4470805456536031,1.463233001930987,1.0,False,0.8389529724933452,AUROC
DILI,toxicity,classification,ecfp,random,hgb,shap,60,0.3924835369107426,0.2841953518952401,0.4970577408271291,0.052032225260118366,0.34045131165062426,0.0,True,0.0,0.0,0.0,0.0,0.9319278518517492,False,0.7551020408163265,AUROC
DILI,toxicity,classification,ecfp,random,hgb,lime,60,0.24441170167927095,0.16087851666934755,0.3409176341906846,0.052032225260118366,0.1923794764191526,0.0,True,0.004242769277146833,0.0029884804389716723,0.005755039583361764,0.011406712241694626,0.018574372311159326,True,0.7551020408163265,AUROC
DILI,toxicity,classification,ecfp,random,hgb,random,60,0.052032225260118366,0.017891898540923823,0.0904138375139013,0.052032225260118366,0.0,,False,1.4271694555988808,1.4213472636343165,1.4329043199615548,1.4493400237305867,1.0,False,0.7551020408163265,AUROC
DILI,toxicity,classification,ecfp,random,mlp,ig,60,0.4910494031177627,0.4024645023917159,0.5815466700328721,0.02340180923541387,0.46764759388234883,0.0,True,0.09779607468412173,0.07684874660014678,0.11627475772047033,0.14781526217776314,0.48381263352135095,True,0.8127772848269744,AUROC
DILI,toxicity,classification,ecfp,random,mlp,lime,60,0.12472442769342,0.07562980323202081,0.18674018715404797,0.02340180923541387,0.10132261845800614,0.0,True,0.011469214777890839,0.007576948443111997,0.015459677446881792,0.02572947594534654,0.019882949851486052,True,0.8127772848269744,AUROC
DILI,toxicity,classification,ecfp,random,mlp,random,60,0.02340180923541387,0.0005884426790806983,0.04708727554728585,0.02340180923541387,0.0,,False,1.4430313209324144,1.4346265709174681,1.4507863903277347,1.4696066184028809,1.0,False,0.8127772848269744,AUROC
hERG,toxicity,classification,ecfp,scaffold,rf,shap,60,0.11362123878241645,0.08505459792329186,0.13965030806266915,0.00603502560466496,0.1075862131777515,0.0,True,0.0,0.0,0.0,0.0,0.4256368068481162,True,0.8421455938697319,AUROC
hERG,toxicity,classification,ecfp,scaffold,rf,lime,60,0.05330838850793051,0.035267646837618995,0.07297351645051055,0.00603502560466496,0.047273362903265545,0.0,True,0.003527999336837793,0.0029981319526624145,0.004196688147401839,0.0059506095857226006,0.015504627855666664,True,0.8421455938697319,AUROC
hERG,toxicity,classification,ecfp,scaffold,rf,random,60,0.006035025604664995,0.0007127612267311076,0.012059874616515634,0.00603502560466496,3.469446951953614e-17,,False,1.4285916092394577,1.4174212080560917,1.439538404325886,1.4608137754843,1.0,False,0.8421455938697319,AUROC
hERG,toxicity,classification,ecfp,scaffold,hgb,shap,60,0.43247550924102696,0.39818708166387096,0.4675960556050662,0.0545060099543322,0.37796949928669477,0.0,True,0.0,0.0,0.0,0.0,0.9045868915246653,False,0.7828863346104725,AUROC
hERG,toxicity,classification,ecfp,scaffold,hgb,lime,60,0.17102658140624172,0.10982300877065705,0.23438624358982404,0.0545060099543322,0.11652057145190953,0.0025,True,0.004163741462156894,0.003001544780060334,0.005438766964528229,0.007004233424678827,0.019539328899298054,True,0.7828863346104725,AUROC
hERG,toxicity,classification,ecfp,scaffold,hgb,random,60,0.0545060099543322,0.01620933408220725,0.09099252820191574,0.0545060099543322,0.0,,False,1.434474716002543,1.4259488332062213,1.4432313179773277,1.4649206925323353,1.0,False,0.7828863346104725,AUROC
hERG,toxicity,classification,ecfp,scaffold,mlp,ig,60,0.6361155587765904,0.5746773665605317,0.6960241489898825,0.014763343003061083,0.6213522157735294,0.0,True,0.08000242955068602,0.06976977065357481,0.09150209834337225,0.11870168587241645,0.47994463966255024,True,0.761558109833972,AUROC
hERG,toxicity,classification,ecfp,scaffold,mlp,lime,60,0.08612009303437337,0.04251022633992964,0.13670783972574602,0.014763343003061083,0.0713567500313123,0.0,True,0.004534324955858387,0.003122500389607463,0.006065545522756689,0.011492691401162146,0.022981942406275553,True,0.761558109833972,AUROC
hERG,toxicity,classification,ecfp,scaffold,mlp,random,60,0.014763343003061083,-0.008804048374295232,0.03803207469483215,0.014763343003061083,0.0,,False,1.4350263757735962,1.4279808568683137,1.4441031147436163,1.4601857190989203,1.0,False,0.761558109833972,AUROC
hERG,toxicity,classification,ecfp,random,rf,shap,60,0.13249325381400812,0.09897342631168504,0.17119975246996222,0.015370329835185518,0.1171229239788226,0.0,True,0.0,0.0,0.0,0.0,0.4574629493673504,True,0.8589147286821704,AUROC
hERG,toxicity,classification,ecfp,random,rf,lime,60,0.08474284713066739,0.05573646984221891,0.11693439486567234,0.015370329835185518,0.06937251729548187,0.0,True,0.008812904593528155,0.005582036097991937,0.012097789743739106,0.018617366944980215,0.018940588015867895,True,0.8589147286821704,AUROC
hERG,toxicity,classification,ecfp,random,rf,random,60,0.015370329835185558,0.008182404821463912,0.022808646124089386,0.015370329835185518,3.9898639947466563e-17,,False,1.4310674179010385,1.4234096782341705,1.441229435718898,1.475282578978866,1.0,False,0.8589147286821704,AUROC
hERG,toxicity,classification,ecfp,random,hgb,shap,60,0.373552952899838,0.3268339692611145,0.41858056343626576,0.03945473485854471,0.33409821804129325,0.0,True,0.0,0.0,0.0,0.0,0.9057204305844625,False,0.8555555555555555,AUROC
hERG,toxicity,classification,ecfp,random,hgb,lime,60,0.11569203579047294,0.05270335727035521,0.18141763313111314,0.03945473485854471,0.07623730093192822,0.005,True,0.00849046959489023,0.0035722896012314645,0.01904395415271775,0.05051142503548599,0.017127496339044593,True,0.8555555555555555,AUROC
hERG,toxicity,classification,ecfp,random,hgb,random,60,0.03945473485854471,0.014024428012128064,0.07022389000438431,0.03945473485854471,0.0,,False,1.4373137224028965,1.4302209197634894,1.4439053966560933,1.4575717881972448,1.0,False,0.8555555555555555,AUROC
hERG,toxicity,classification,ecfp,random,mlp,ig,60,0.6926719701952405,0.6330706451916034,0.7530169467917748,0.03570646395285924,0.6569655062423813,0.0,True,0.07528049660464482,0.058423462144520905,0.09657126989965457,0.13642668722357273,0.491647224668357,True,0.8031007751937984,AUROC
hERG,toxicity,classification,ecfp,random,mlp,lime,60,0.12304452442460591,0.07207393304341367,0.1770898904568619,0.03570646395285924,0.08733806047174666,0.0,True,0.004442121883202388,0.003246656388979405,0.005790381659931825,0.009593332639037692,0.01737617009626659,True,0.8031007751937984,AUROC
hERG,toxicity,classification,ecfp,random,mlp,random,60,0.03570646395285924,0.01233868233859539,0.06676423150218193,0.03570646395285924,0.0,,False,1.435779516580886,1.4249441486266352,1.4479951520543453,1.4723577679712074,1.0,False,0.8031007751937984,AUROC
AMES,toxicity,classification,ecfp,scaffold,rf,shap,60,0.1389307723477312,0.10606634286633619,0.17793130135035617,0.01775195771571435,0.12117881463201687,0.0,True,0.0,0.0,0.0,0.0,0.3168557741472658,True,0.8224615354803705,AUROC
AMES,toxicity,classification,ecfp,scaffold,rf,lime,60,0.09151334338492953,0.05524649535465985,0.12126045115043808,0.01775195771571435,0.07376138566921518,0.0,True,0.009663931338453969,0.003943410581767291,0.017652461612799455,0.052339879715534714,0.01942725891562019,True,0.8224615354803705,AUROC
AMES,toxicity,classification,ecfp,scaffold,rf,random,60,0.01775195771571433,0.011354485388273855,0.02479322682108527,0.01775195771571435,-2.0816681711721685e-17,,False,1.4310491851717675,1.4217689256964152,1.439346655958777,1.4582048531974396,1.0,False,0.8224615354803705,AUROC
AMES,toxicity,classification,ecfp,scaffold,hgb,shap,60,0.4386930414663203,0.3705963259842457,0.5076546908498583,0.03050672573389323,0.4081863157324271,0.0,True,0.0,0.0,0.0,0.0,0.6050961211492012,False,0.8390274386699221,AUROC
AMES,toxicity,classification,ecfp,scaffold,hgb,lime,60,0.11338832524926672,0.07839980472719442,0.1529658576103715,0.03050672573389323,0.0828815995153735,0.0,True,0.006203333292629169,0.0038598764591448254,0.00931369111576094,0.018479397962207388,0.019406987347815898,True,0.8390274386699221,AUROC
AMES,toxicity,classification,ecfp,scaffold,hgb,random,60,0.03050672573389323,0.013848763412670002,0.04811254611607887,0.03050672573389323,0.0,,False,1.4387272182870021,1.4308989979955897,1.4463417334830582,1.4689994431785134,1.0,False,0.8390274386699221,AUROC
AMES,toxicity,classification,ecfp,scaffold,mlp,ig,60,0.6872691848211817,0.6274701421211163,0.7412156656715604,0.06746304366323684,0.6198061411579449,0.0,True,0.0966458291894452,0.0740600577626873,0.1164544495744234,0.15917492862766006,0.2886196342862116,True,0.7812928729217533,AUROC
AMES,toxicity,classification,ecfp,scaffold,mlp,lime,60,0.1853770151734352,0.11025106434192922,0.26039168147163255,0.06746304366323684,0.11791397151019835,0.0,True,0.009260545792406238,0.0048442403156332605,0.014860212993137653,0.030114569310392025,0.016340576352726247,True,0.7812928729217533,AUROC
AMES,toxicity,classification,ecfp,scaffold,mlp,random,60,0.06746304366323684,0.027170505374670025,0.11867416048215491,0.06746304366323684,0.0,,False,1.43187811260497,1.4263319504601748,1.440708982843649,1.4627130723445667,1.0,False,0.7812928729217533,AUROC
AMES,toxicity,classification,ecfp,random,rf,shap,60,0.15784195644694107,0.1139528402236117,0.1917224557113893,0.0214104475067605,0.13643150894018058,0.0,True,0.0,0.0,0.0,0.0,0.30883556069601886,True,0.8618242802428485,AUROC
AMES,toxicity,classification,ecfp,random,rf,lime,60,0.12847362927810907,0.09471515972737876,0.16231573446531855,0.0214104475067605,0.10706318177134858,0.0,True,0.014797911860468062,0.0077576802730839976,0.022607047486775143,0.044332098524458866,0.018236089351995735,True,0.8618242802428485,AUROC
AMES,toxicity,classification,ecfp,random,rf,random,60,0.021410447506760525,0.014830749484722586,0.02923482130000629,0.0214104475067605,2.42861286636753e-17,,False,1.4371427535208,1.4275353875200716,1.4467761045780088,1.468318149719563,1.0,False,0.8618242802428485,AUROC
AMES,toxicity,classification,ecfp,random,hgb,shap,60,0.38546067660959066,0.30304366685420286,0.479203078635231,0.045859509598643516,0.3396011670109471,0.0,True,0.0,0.0,0.0,0.0,0.537873778823487,False,0.8958664333356359,AUROC
AMES,toxicity,classification,ecfp,random,hgb,lime,60,0.18960799540756337,0.12144037304323053,0.2565139261941485,0.045859509598643516,0.14374848580891986,0.0,True,0.015984462036325208,0.006820822102641796,0.02885455788225596,0.07789183279597306,0.01394083790374408,True,0.8958664333356359,AUROC
AMES,toxicity,classification,ecfp,random,hgb,random,60,0.045859509598643516,0.027065286770212273,0.06503757496416085,0.045859509598643516,0.0,,False,1.434580562959579,1.4243565079245117,1.4430501849324182,1.4695648180598626,1.0,False,0.8958664333356359,AUROC
AMES,toxicity,classification,ecfp,random,mlp,ig,60,0.5823388558295037,0.5154697424711453,0.6400865829984346,0.06307412203815248,0.5192647337913513,0.0,True,0.2544602782642333,0.06989923852342651,0.5918300989313602,2.1042841025303574,0.2732193579324832,True,0.8506259258406441,AUROC
AMES,toxicity,classification,ecfp,random,mlp,lime,60,0.2319713595840666,0.14519337381753655,0.31129068695836587,0.06307412203815248,0.16889723754591413,0.0,True,0.17149568796077283,0.003636063383774992,0.5041306582069754,1.9981807035373051,0.01575812004420788,True,0.8506259258406441,AUROC
AMES,toxicity,classification,ecfp,random,mlp,random,60,0.06307412203815248,0.02215033474895689,0.11316925995879701,0.06307412203815248,0.0,,False,1.44608888618104,1.4360215810520875,1.4556090324139046,1.4670672586759133,1.0,False,0.8506259258406441,AUROC
LD50,toxicity,regression,ecfp,scaffold,rf,shap,60,0.7640933897503341,0.5307579923441348,1.0472683218485663,0.18814748028930744,0.5759459094610266,0.0,True,0.0,0.0,0.0,0.0,0.22967826184251938,True,0.4754238151705982,Spearman
LD50,toxicity,regression,ecfp,scaffold,rf,lime,60,0.4955190244577587,0.2789489851688537,0.740726466373566,0.18814748028930744,0.30737154416845125,0.0,True,0.004544410304994846,0.0019461738425373277,0.008762117184481772,0.025651937603859046,0.018297186432480562,True,0.4754238151705982,Spearman
LD50,toxicity,regression,ecfp,scaffold,rf,random,60,0.188147480289308,0.08874584663659336,0.3146551994375293,0.18814748028930744,5.551115123125783e-16,,False,1.4280429342886665,1.4208398869146412,1.4348467785622006,1.459778922825065,1.0,False,0.4754238151705982,Spearman
LD50,toxicity,regression,ecfp,scaffold,hgb,shap,60,1.3045686031366386,1.0692158831135843,1.5421213698126732,0.23630931904499725,1.0682592840916414,0.0,True,0.0,0.0,0.0,0.0,0.6092429982181305,False,0.4839090864747012,Spearman
LD50,toxicity,regression,ecfp,scaffold,hgb,lime,60,0.6251448795749239,0.48504368420740057,0.7796559136581864,0.23630931904499725,0.3888355605299267,0.0,True,0.004983816781627866,0.003793434038500675,0.006382035445199926,0.00906679711621988,0.017627444479265987,True,0.4839090864747012,Spearman
LD50,toxicity,regression,ecfp,scaffold,hgb,random,60,0.23630931904499725,0.1671865464022678,0.31416917289575697,0.23630931904499725,0.0,,False,1.4305932981621041,1.4200760628841436,1.441043262036523,1.4571144525658473,1.0,False,0.4839090864747012,Spearman
LD50,toxicity,regression,ecfp,scaffold,mlp,ig,60,1.5464569042553193,1.3148626295438346,1.7723202603398946,0.3345068015827565,1.2119501026725628,0.0,True,0.12474108269059532,0.08509906429987758,0.18050302716974942,0.38772430607045383,0.2468904773111216,True,0.2902005913488413,Spearman
LD50,toxicity,regression,ecfp,scaffold,mlp,lime,60,0.4215255038864497,0.3587599626554746,0.49892382712413863,0.3345068015827565,0.08701870230369324,0.03,True,0.0035879690324459325,0.0028964121557855924,0.004213455799532867,0.005686562961349904,0.022460017702322956,True,0.2902005913488413,Spearman
LD50,toxicity,regression,ecfp,scaffold,mlp,random,60,0.3345068015827565,0.2704185252594632,0.40413491145463515,0.3345068015827565,0.0,,False,1.4501024818342663,1.4402203635168949,1.459885103772946,1.472158961328014,1.0,False,0.2902005913488413,Spearman
LD50,toxicity,regression,ecfp,random,rf,shap,60,0.7544357880424478,0.5373341928766358,0.9684527881452689,0.2103474197851396,0.5440883682573082,0.0,True,0.0,0.0,0.0,0.0,0.21380459953843667,True,0.6280434520435918,Spearman
LD50,toxicity,regression,ecfp,random,rf,lime,60,0.6414213522689719,0.42281372806191003,0.8473338047633007,0.2103474197851396,0.4310739324838323,0.0,True,0.010973199872575251,0.0040064979119463435,0.02234538039972106,0.07407565436083989,0.02081685713875613,True,0.6280434520435918,Spearman
LD50,toxicity,regression,ecfp,random,rf,random,60,0.21034741978513954,0.10196616173163368,0.33736592271813315,0.2103474197851396,-5.551115123125783e-17,,False,1.43705585458856,1.426336426413861,1.4482911036905646,1.4750136112136303,1.0,False,0.6280434520435918,Spearman
LD50,toxicity,regression,ecfp,random,hgb,shap,60,1.0945441333265142,0.8751053749654398,1.337596257799738,0.19628020787470515,0.8982639254518091,0.0,True,0.0,0.0,0.0,0.0,0.5164940781630432,False,0.7012501884767937,Spearman
LD50,toxicity,regression,ecfp,random,hgb,lime,60,0.8334830247134744,0.6238100646172366,1.085740231939336,0.19628020787470515,0.6372028168387692,0.0,True,0.012273718405386899,0.008454209741090993,0.016578013283552375,0.02592520794855671,0.020902879513927882,True,0.7012501884767937,Spearman
LD50,toxicity,regression,ecfp,random,hgb,random,60,0.19628020787470515,0.1380877079264791,0.26421565557799986,0.19628020787470515,0.0,,False,1.427567296613527,1.4209905226798087,1.4347268228712302,1.4444802246421642,1.0,False,0.7012501884767937,Spearman
LD50,toxicity,regression,ecfp,random,mlp,ig,60,1.499275160001384,1.2679186284945656,1.734648804060287,0.29812420053899075,1.2011509594623933,0.0,True,0.1152614502093182,0.09155901447783091,0.1405426529200179,0.20179177204177692,0.24650203725439143,True,0.6276355170170015,Spearman
LD50,toxicity,regression,ecfp,random,mlp,lime,60,0.41599266873155205,0.3267051877623372,0.5270524413310663,0.29812420053899075,0.1178684681925613,0.0075,True,0.010855493652191016,0.006295958968056775,0.01607210879404437,0.03757652155116663,0.022837976572589954,True,0.6276355170170015,Spearman
LD50,toxicity,regression,ecfp,random,mlp,random,60,0.29812420053899075,0.25158693181130937,0.3521649322904219,0.29812420053899075,0.0,,False,1.449281194796242,1.4394383708952645,1.4590444941906389,1.4783083648637114,1.0,False,0.6276355170170015,Spearman
Caco2,absorption,regression,ecfp,scaffold,rf,shap,60,1.055099886532901,0.8388277288843056,1.3005447083700747,0.15959422015670024,0.8955056663762009,0.0,True,0.0,0.0,0.0,0.0,0.49912813533562095,True,0.5777052195839217,Spearman
Caco2,absorption,regression,ecfp,scaffold,rf,lime,60,0.6312907743980459,0.4366708040210819,0.8542414916090914,0.15959422015670024,0.4716965542413457,0.0,True,0.005366667639106349,0.0031490055626384357,0.00864754418189634,0.01942100830316773,0.018391494902989542,True,0.5777052195839217,Spearman
Caco2,absorption,regression,ecfp,scaffold,rf,random,60,0.15959422015669938,0.10234254878376407,0.23753346916840448,0.15959422015670024,-8.604228440844963e-16,,False,1.433182559861122,1.4212424314659644,1.442662002516529,1.4608385985051704,1.0,False,0.5777052195839217,Spearman
Caco2,absorption,regression,ecfp,scaffold,hgb,shap,60,1.6749200570866327,1.461357536756557,1.9244685005232611,0.2260721813399132,1.4488478757467196,0.0,True,0.0,0.0,0.0,0.0,0.8903079678908938,False,0.6042631186015541,Spearman
Caco2,absorption,regression,ecfp,scaffold,hgb,lime,60,0.6746190463173765,0.5379930614362619,0.8145529706008882,0.2260721813399132,0.44854686497746327,0.0,True,0.006299755206769213,0.0032627690536705506,0.011771367350888675,0.029138191060368017,0.020437773416815328,True,0.6042631186015541,Spearman
Caco2,absorption,regression,ecfp,scaffold,hgb,random,60,0.2260721813399132,0.16992777445439577,0.28292115206264706,0.2260721813399132,0.0,,False,1.4242814692247645,1.416018561065008,1.4332941243164337,1.4524980852272473,1.0,False,0.6042631186015541,Spearman
Caco2,absorption,regression,ecfp,scaffold,mlp,ig,60,1.0072880751142899,0.8338860238630635,1.1744141498415,0.3106151808493046,0.6966728942649852,0.0,True,0.07884569864087425,0.06499475861705103,0.09464920301570215,0.13419244328172536,0.42997446823162216,True,0.3552152585374314,Spearman
Caco2,absorption,regression,ecfp,scaffold,mlp,lime,60,0.6297822526190431,0.4832333345614218,0.8109574243202545,0.3106151808493046,0.31916707176973846,0.0,True,0.012654582361700452,0.007996443722964253,0.019946086805198188,0.0444990658061054,0.018444882120834505,True,0.3552152585374314,Spearman
Caco2,absorption,regression,ecfp,scaffold,mlp,random,60,0.3106151808493046,0.26900069327494647,0.36073581698564033,0.3106151808493046,0.0,,False,1.4253191681246307,1.4200250264635972,1.4306186885993633,1.4399983398344804,1.0,False,0.3552152585374314,Spearman
Caco2,absorption,regression,ecfp,random,rf,shap,60,0.9223586661043608,0.6969468576861299,1.183308730012375,0.08609299783889537,0.8362656682654654,0.0,True,0.0,0.0,0.0,0.0,0.47870019447553563,True,0.7546012698060671,Spearman
Caco2,absorption,regression,ecfp,random,rf,lime,60,0.6658611004919819,0.45447404877642367,0.9019144520203732,0.08609299783889537,0.5797681026530865,0.0,True,0.008274349596349758,0.004532177987788799,0.012571241476646088,0.023123292250443624,0.019838670132401922,True,0.7546012698060671,Spearman
Caco2,absorption,regression,ecfp,random,rf,random,60,0.08609299783889554,0.05775537847059769,0.12081298604318098,0.08609299783889537,1.6653345369377348e-16,,False,1.4316270703497995,1.4244871294894788,1.4399006294372725,1.4673533575762572,1.0,False,0.7546012698060671,Spearman
Caco2,absorption,regression,ecfp,random,hgb,shap,60,1.5541940818223425,1.3181430364691367,1.7920988634773733,0.24236746031669204,1.3118266215056504,0.0,True,0.0,0.0,0.0,0.0,0.9062339024878103,False,0.7544350502897909,Spearman
Caco2,absorption,regression,ecfp,random,hgb,lime,60,0.6337850929011613,0.48234200808577427,0.7970473015648956,0.24236746031669204,0.3914176325844692,0.0,True,0.0053050728538496135,0.0036022183619485388,0.00774550425175821,0.013325675087091397,0.01790797527361817,True,0.7544350502897909,Spearman
Caco2,absorption,regression,ecfp,random,hgb,random,60,0.24236746031669204,0.19159491008923707,0.2944043069946558,0.24236746031669204,0.0,,False,1.4345774237985458,1.426800252235102,1.4428177757709562,1.4682903294455234,1.0,False,0.7544350502897909,Spearman
Caco2,absorption,regression,ecfp,random,mlp,ig,60,1.4268735922562577,1.2204768832074477,1.6280112410396232,0.37313911534535393,1.0537344769109036,0.0,True,0.07899853531491167,0.058410474863911016,0.10492734777651046,0.16768534039438399,0.39634666247665357,True,0.5274461131043102,Spearman
Caco2,absorption,regression,ecfp,random,mlp,lime,60,1.0516357910690002,0.8577043211908959,1.2123442334402998,0.37313911534535393,0.6784966757236462,0.0,True,0.01823341261169632,0.007642465320687813,0.03253788557920909,0.06590904623164706,0.01958890842717193,True,0.5274461131043102,Spearman
Caco2,absorption,regression,ecfp,random,mlp,random,60,0.37313911534535393,0.32585605013779273,0.4239752785805871,0.37313911534535393,0.0,,False,1.4361914169309111,1.4243477101792248,1.4487711982142057,1.4843873766516091,1.0,False,0.5274461131043102,Spearman
HIA,absorption,classification,ecfp,scaffold,rf,shap,60,-0.06412902145693312,-0.08951007515447323,-0.032436328685285974,-0.008447226127396436,-0.05568179532953669,1.0,False,0.0,0.0,0.0,0.0,0.21385918619316815,True,0.9059139784946236,AUROC
HIA,absorption,classification,ecfp,scaffold,rf,lime,60,-0.04539553387278183,-0.07769773067897216,-0.018124367556629693,-0.008447226127396436,-0.03694830774538539,0.9975,False,0.01301651415877765,0.006500375776163085,0.020289159870949352,0.03888956362857923,0.019814668127852535,True,0.9059139784946236,AUROC
HIA,absorption,classification,ecfp,scaffold,rf,random,60,-0.008447226127396134,-0.01629156373404208,-0.000885865389595532,-0.008447226127396436,3.0184188481996443e-16,,False,1.4374352126458019,1.4319104742016766,1.4435220593387992,1.4602678627947776,1.0,False,0.9059139784946236,AUROC
HIA,absorption,classification,ecfp,scaffold,hgb,shap,60,0.1733844329857451,0.08580843611102087,0.27134202971539484,0.06158213570438464,0.11180229728136046,0.0025,True,0.0,0.0,0.0,0.0,0.8789004751227947,False,0.9301075268817204,AUROC
HIA,absorption,classification,ecfp,scaffold,hgb,lime,60,0.11249478512389567,0.05563833654544772,0.1852523349478453,0.06158213570438464,0.050912649419511034,0.0825,False,0.005313653815167782,0.001903759979547332,0.010323237589851396,0.02343684882544983,0.018353030014201705,True,0.9301075268817204,AUROC
HIA,absorption,classification,ecfp,scaffold,hgb,random,60,0.06158213570438464,0.02272959037850033,0.11057336106739522,0.06158213570438464,0.0,,False,1.4290906357653288,1.4209098349018188,1.4396918704591073,1.4614877531160537,1.0,False,0.9301075268817204,AUROC
HIA,absorption,classification,ecfp,scaffold,mlp,ig,60,0.16038789848486582,0.09221409651140373,0.23810576425658328,0.009465446405940587,0.15092245207892524,0.0,True,0.08887009748292453,0.06726605279911263,0.11327405613743156,0.159205346881869,0.422208006894722,True,0.8678315412186379,AUROC
HIA,absorption,classification,ecfp,scaffold,mlp,lime,60,0.11848953995439741,0.04976496683226691,0.19101911625100507,0.009465446405940587,0.10902409354845682,0.0,True,0.005696914267587761,0.0024203655440875505,0.011736508138925874,0.037243026215684455,0.01952827016286288,True,0.8678315412186379,AUROC
HIA,absorption,classification,ecfp,scaffold,mlp,random,60,0.009465446405940587,-0.0023177408840921176,0.023150322619411662,0.009465446405940587,0.0,,False,1.4359602262608968,1.4226343897632787,1.4468711868688329,1.4663246582247678,1.0,False,0.8678315412186379,AUROC
HIA,absorption,classification,ecfp,random,rf,shap,60,-0.015304087415638162,-0.06177655739149243,0.03604138027211912,0.00047447479819840555,-0.015778562213836566,0.78,False,0.0,0.0,0.0,0.0,0.2293222044707777,True,1.0,AUROC
HIA,absorption,classification,ecfp,random,rf,lime,60,0.0077624919785972335,-0.03517034203126192,0.05654488893449984,0.00047447479819840555,0.007288017180398828,0.3575,False,0.010216588050756118,0.003952982273006118,0.020454411937698348,0.0629566857227439,0.016964444045813452,True,1.0,AUROC
HIA,absorption,classification,ecfp,random,rf,random,60,0.0004744747981984746,-0.007552609381767194,0.011383857078795953,0.00047447479819840555,6.906367838732663e-17,,False,1.4383130409704032,1.4325966144356055,1.4441929745737618,1.4576675133158652,1.0,False,1.0,AUROC
HIA,absorption,classification,ecfp,random,hgb,shap,60,0.7700623994869965,0.720156580165218,0.807955106142004,0.0489056015967857,0.7211567978902108,0.0,True,0.0,0.0,0.0,0.0,0.8962239657118201,False,0.9731601731601732,AUROC
HIA,absorption,classification,ecfp,random,hgb,lime,60,0.1262025637943436,0.07121522601870434,0.19389232971615492,0.0489056015967857,0.07729696219755791,0.01,True,0.002433846125285285,0.0019717142230319036,0.0029602987580441644,0.0048604289031799605,0.02164497705280234,True,0.9731601731601732,AUROC
HIA,absorption,classification,ecfp,random,hgb,random,60,0.0489056015967857,0.01632640230907912,0.08930029922476859,0.0489056015967857,0.0,,False,1.4335221545184866,1.4213536148413746,1.445131850570253,1.469471218256501,1.0,False,0.9731601731601732,AUROC
HIA,absorption,classification,ecfp,random,mlp,ig,60,0.14289167755179932,0.07000293468435605,0.22630128924217482,0.00020185493760638683,0.14268982261419294,0.0,True,0.08568500760878565,0.07268680601291895,0.09631603996806344,0.12302216606565881,0.42218383925303105,True,0.9593073593073592,AUROC
HIA,absorption,classification,ecfp,random,mlp,lime,60,0.0575501314467854,0.016824513810376328,0.10584333552254566,0.00020185493760638683,0.05734827650917901,0.0,True,0.004438333531277078,0.0032972000891397187,0.005762105302011541,0.010612320507189264,0.019409123266800825,True,0.9593073593073592,AUROC
HIA,absorption,classification,ecfp,random,mlp,random,60,0.00020185493760638683,-0.020941058546304698,0.021398881653116812,0.00020185493760638683,0.0,,False,1.4256352384421298,1.4172090198173577,1.4363065288993366,1.4652923436274383,1.0,False,0.9593073593073592,AUROC
BBB,distribution,classification,ecfp,scaffold,rf,shap,60,-0.00673176480271049,-0.050032732514097386,0.04953072682339336,-0.00027137104188960264,-0.006460393760820888,0.65,False,0.0,0.0,0.0,0.0,0.28184830355793544,True,0.8776135419551372,AUROC
BBB,distribution,classification,ecfp,scaffold,rf,lime,60,0.025051258642434123,-0.014595065392444203,0.07291405885314102,-0.00027137104188960264,0.025322629684323725,0.06,False,0.007197222136848071,0.003156817599826893,0.01224819552020954,0.03103121049819798,0.019430883437680232,True,0.8776135419551372,AUROC
BBB,distribution,classification,ecfp,scaffold,rf,random,60,-0.00027137104188937555,-0.006403739648797161,0.00832575604933971,-0.00027137104188960264,2.270861450270889e-16,,False,1.4406276895820938,1.433179895396713,1.448562835480762,1.4660552852229585,1.0,False,0.8776135419551372,AUROC
BBB,distribution,classification,ecfp,scaffold,hgb,shap,60,0.1645404237608717,0.0718485720518425,0.2496260977077995,0.020297468260104333,0.14424295550076735,0.0,True,0.0,0.0,0.0,0.0,0.8240761363085347,False,0.8625553863195791,AUROC
BBB,distribution,classification,ecfp,scaffold,hgb,lime,60,0.048243504533265334,0.012356577289914501,0.0883283947791964,0.020297468260104333,0.027946036273161,0.1,False,0.00385060807807191,0.002795256639264301,0.005109794368622438,0.008331221471463108,0.01842689736959127,True,0.8625553863195791,AUROC
BBB,distribution,classification,ecfp,scaffold,hgb,random,60,0.020297468260104333,0.004093154129688085,0.039482360657348704,0.020297468260104333,0.0,,False,1.43983642698809,1.429884907142086,1.4500882714286012,1.4609351839863038,1.0,False,0.8625553863195791,AUROC
BBB,distribution,classification,ecfp,scaffold,mlp,ig,60,0.29651083548863727,0.19794194731447431,0.4204288583083285,0.018822916348775233,0.277687919139862,0.0,True,0.08328090392323868,0.06419326173603468,0.1032636807448388,0.14346380472399614,0.3409189061563917,True,0.8576052340072002,AUROC
BBB,distribution,classification,ecfp,scaffold,mlp,lime,60,0.07658016565773222,0.031258816185096905,0.12011273857206103,0.018822916348775233,0.05775724930895699,0.005,True,0.0037291694611170847,0.002959836227831079,0.004588004160775804,0.006645942165908095,0.014850318992213963,True,0.8576052340072002,AUROC
BBB,distribution,classification,ecfp,scaffold,mlp,random,60,0.018822916348775233,-0.0033897552308109064,0.044071579376856455,0.018822916348775233,0.0,,False,1.4336063387984195,1.424244201594765,1.4440502630466086,1.4643203506785565,1.0,False,0.8576052340072002,AUROC
BBB,distribution,classification,ecfp,random,rf,shap,60,0.04221672194782784,-0.01083567677097139,0.0990682208536775,0.0063789046532990645,0.03583781729452878,0.0925,False,0.0,0.0,0.0,0.0,0.26253930065828074,True,0.8862349972722312,AUROC
BBB,distribution,classification,ecfp,random,rf,lime,60,0.06601139494403019,0.017223268269008704,0.11725088823244688,0.0063789046532990645,0.05963249029073112,0.0025,True,0.008698079769139515,0.005348142007098528,0.012670303126295671,0.02828941240517153,0.024854815227755064,True,0.8862349972722312,AUROC
BBB,distribution,classification,ecfp,random,rf,random,60,0.006378904653299007,-0.0002723445746244632,0.01605735530195085,0.0063789046532990645,-5.724587470723463e-17,,False,1.4376941348093384,1.429200081979347,1.4447668269206795,1.4641974941180773,1.0,False,0.8862349972722312,AUROC
BBB,distribution,classification,ecfp,random,hgb,shap,60,0.18950138727602947,0.10340446133950189,0.2811971655573202,0.011878280988855482,0.17762310628717398,0.0,True,0.0,0.0,0.0,0.0,0.8014083561776069,False,0.9000443262411347,AUROC
BBB,distribution,classification,ecfp,random,hgb,lime,60,0.0981779635042539,0.04254564663597946,0.15225778992939248,0.011878280988855482,0.08629968251539841,0.0,True,0.0055369443531084715,0.002452716678304812,0.008876437424429546,0.01867824666322176,0.018625782377273116,True,0.9000443262411347,AUROC
BBB,distribution,classification,ecfp,random,hgb,random,60,0.011878280988855482,-0.004552323955216718,0.028944216433411253,0.011878280988855482,0.0,,False,1.4356194299685663,1.4229901482475436,1.4488383475507636,1.4737561719215717,1.0,False,0.9000443262411347,AUROC
BBB,distribution,classification,ecfp,random,mlp,ig,60,0.28618621362580193,0.17984094949232204,0.3896854088703791,0.00733529097504086,0.27885092265076106,0.0,True,0.07260365980289245,0.06032252509586295,0.08690302925860881,0.11097185560640577,0.32967912151803075,True,0.8803532460447354,AUROC
BBB,distribution,classification,ecfp,random,mlp,lime,60,0.09010017249319288,0.04068752124491665,0.1457459105634027,0.00733529097504086,0.08276488151815202,0.0025,True,0.005394094961925849,0.0035083299086184337,0.007741884249938269,0.0140127578587348,0.02172830937192515,True,0.8803532460447354,AUROC
BBB,distribution,classification,ecfp,random,mlp,random,60,0.00733529097504086,-0.008680151907934081,0.02295043860872584,0.00733529097504086,0.0,,False,1.4339202372797342,1.4236587970446826,1.4455320661246356,1.4739139774241443,1.0,False,0.8803532460447354,AUROC
VDss,distribution,regression,ecfp,scaffold,rf,shap,60,0.548523719260683,0.34464461131024365,0.8221819578229204,0.14097306469957438,0.4075506545611086,0.0,True,0.0,0.0,0.0,0.0,0.2090194332248196,True,0.409803985913089,Spearman
VDss,distribution,regression,ecfp,scaffold,rf,lime,60,0.47126804836564706,0.2726094542201314,0.746414843414455,0.14097306469957438,0.3302949836660727,0.0,True,0.006098941421286832,0.0029663647639982683,0.010162911165212897,0.022938573077004268,0.018057773423185573,True,0.409803985913089,Spearman
VDss,distribution,regression,ecfp,scaffold,rf,random,60,0.1409730646995744,0.04081341323705897,0.3143016758256737,0.14097306469957438,2.7755575615628914e-17,,False,1.4425327771139445,1.431911391703034,1.4532131466991496,1.477837802265847,1.0,False,0.409803985913089,Spearman
VDss,distribution,regression,ecfp,scaffold,hgb,shap,60,0.6246622948709057,0.41015168963294785,0.8962176599203914,0.19931013350548968,0.4253521613654161,0.0,True,0.0,0.0,0.0,0.0,0.775252033134052,False,0.4386495372896836,Spearman
VDss,distribution,regression,ecfp,scaffold,hgb,lime,60,0.36574880610594607,0.24795782764557603,0.5472699039367632,0.19931013350548968,0.1664386726004564,0.0,True,0.0036180477444138497,0.0025308535018839047,0.0050144619391757775,0.009460112416757111,0.013618157535091348,True,0.4386495372896836,Spearman
VDss,distribution,regression,ecfp,scaffold,hgb,random,60,0.19931013350548968,0.1350408138287041,0.30362739133866157,0.19931013350548968,0.0,,False,1.429428835834445,1.4215234542475617,1.437424810304244,1.4596274705070076,1.0,False,0.4386495372896836,Spearman
VDss,distribution,regression,ecfp,scaffold,mlp,ig,60,0.7208891958778572,0.5243979090276727,0.9682853976486243,0.1563450599758451,0.564544135902012,0.0,True,0.2086263078956092,0.13837211423783877,0.2833071257536941,0.5568389842605722,0.2898638551971496,True,0.3340739165587668,Spearman
VDss,distribution,regression,ecfp,scaffold,mlp,lime,60,0.42776299463593603,0.27242904625202163,0.6322449252581485,0.1563450599758451,0.2714179346600909,0.0,True,0.0060747901483107145,0.004828764510768133,0.007588407742356321,0.013996453065799908,0.02031854682280495,True,0.3340739165587668,Spearman
VDss,distribution,regression,ecfp,scaffold,mlp,random,60,0.1563450599758451,0.11549356503507578,0.20240489089620894,0.1563450599758451,0.0,,False,1.4362552927403083,1.4294602870175177,1.442705240411452,1.4535757929662698,1.0,False,0.3340739165587668,Spearman
VDss,distribution,regression,ecfp,random,rf,shap,60,0.40912474145209576,0.23861626282481943,0.6526660177962871,0.07690468900907392,0.33222005244302183,0.0,True,0.0,0.0,0.0,0.0,0.21579167599618915,True,0.4733514000374416,Spearman
VDss,distribution,regression,ecfp,random,rf,lime,60,0.39616943488086415,0.2153169730248643,0.6772071943265586,0.07690468900907392,0.3192647458717902,0.0,True,0.004950712990559723,0.0029605566404677193,0.0069321546170366035,0.01173293835861303,0.01747362781152941,True,0.4733514000374416,Spearman
VDss,distribution,regression,ecfp,random,rf,random,60,0.07690468900907386,0.02812176392708238,0.1535507082489795,0.07690468900907392,-5.551115123125783e-17,,False,1.4338608913873963,1.4260727013129857,1.4412409154919015,1.4580967321877152,1.0,False,0.4733514000374416,Spearman
VDss,distribution,regression,ecfp,random,hgb,shap,60,0.760927236659308,0.5670860149565126,1.0074800865806204,0.2620956984982169,0.49883153816109105,0.0,True,0.0,0.0,0.0,0.0,0.7659657940211843,False,0.364745340351847,Spearman
VDss,distribution,regression,ecfp,random,hgb,lime,60,0.5515282463053546,0.33292786918959577,0.8135171307803772,0.2620956984982169,0.2894325478071377,0.0,True,0.003753706635071355,0.0027150022933537204,0.004893665419604268,0.007666926343674493,0.018522139491203904,True,0.364745340351847,Spearman
VDss,distribution,regression,ecfp,random,hgb,random,60,0.2620956984982169,0.17693192552947667,0.35530909764777474,0.2620956984982169,0.0,,False,1.4350374620820343,1.4266163517375847,1.444271595035673,1.4643347501207,1.0,False,0.364745340351847,Spearman
VDss,distribution,regression,ecfp,random,mlp,ig,60,0.5719428010954288,0.3773147946634385,0.8137362316812826,0.22112537547182,0.35081742562360885,0.0,True,0.1427360250502493,0.08478409975978084,0.21193439291690974,0.4265368373651725,0.28770461321450147,True,0.2619274321061796,Spearman
VDss,distribution,regression,ecfp,random,mlp,lime,60,0.3957892094341029,0.21493180970798378,0.6180018592447353,0.22112537547182,0.17466383396228288,0.005,True,0.008419191103901028,0.0051185319787046026,0.01196727435177016,0.02012703906232446,0.020259985804144637,True,0.2619274321061796,Spearman
VDss,distribution,regression,ecfp,random,mlp,random,60,0.22112537547182,0.15037509639933083,0.30079198324647927,0.22112537547182,0.0,,False,1.4423121515229929,1.435916542004703,1.449170882963456,1.470546950961862,1.0,False,0.2619274321061796,Spearman
CYP2C9-Sub,metabolism,classification,ecfp,scaffold,hgb,shap,60,0.5100324693533306,0.4488679388769239,0.5728623832368651,0.03827755728232742,0.4717549120710032,0.0,True,0.0,0.0,0.0,0.0,0.9113450992757597,False,0.6859421734795612,AUROC
CYP2C9-Sub,metabolism,classification,ecfp,scaffold,hgb,lime,60,0.14515956131709312,0.09755223835526512,0.20324715681487843,0.03827755728232742,0.10688200403476569,0.0,True,0.003442438794307798,0.002674534843836275,0.0042229186194017885,0.006067394178720711,0.017104755136014258,True,0.6859421734795612,AUROC
CYP2C9-Sub,metabolism,classification,ecfp,scaffold,hgb,random,60,0.03827755728232742,0.013285571730107094,0.0663417752381409,0.03827755728232742,0.0,,False,1.4348345988679043,1.4278869187436576,1.4418808633986129,1.4609338449890086,1.0,False,0.6859421734795612,AUROC
CYP2C9-Sub,metabolism,classification,ecfp,scaffold,mlp,ig,60,0.3829606735044056,0.3162659017493328,0.43582795677085717,0.024509494668907596,0.358451178835498,0.0,True,0.09025597478054863,0.08038475564244534,0.09954428570931394,0.13043300242539416,0.3982029905766683,True,0.6909272183449652,AUROC
CYP2C9-Sub,metabolism,classification,ecfp,scaffold,mlp,lime,60,0.07533636175923879,0.02249162610206339,0.13107943206611603,0.024509494668907596,0.05082686709033119,0.02,True,0.005053331562589043,0.0025361887479026426,0.007950781046741792,0.016733104150704087,0.021916040089452884,True,0.6909272183449652,AUROC
CYP2C9-Sub,metabolism,classification,ecfp,scaffold,mlp,random,60,0.024509494668907596,-0.009305905029177667,0.06340035311049885,0.024509494668907596,0.0,,False,1.4331029028651256,1.4267024181716466,1.439564077128813,1.455480792347677,1.0,False,0.6909272183449652,AUROC
CYP2C9-Sub,metabolism,classification,ecfp,random,rf,shap,60,-0.04900314260136558,-0.06273892031269807,-0.036224175725848504,-0.003889232183785505,-0.045113910417580075,1.0,False,0.0,0.0,0.0,0.0,0.3423476495677702,True,0.6467236467236468,AUROC
CYP2C9-Sub,metabolism,classification,ecfp,random,rf,lime,60,-0.03621952857395762,-0.050797510888153374,-0.02170865617181484,-0.003889232183785505,-0.03233029639017211,1.0,False,0.015159386654464249,0.007714131532496269,0.022996696833949906,0.0483448482966075,0.028611450851458515,True,0.6467236467236468,AUROC
CYP2C9-Sub,metabolism,classification,ecfp,random,rf,random,60,-0.0038892321837858362,-0.006953423843937367,-0.0012365958912070887,-0.003889232183785505,-3.3133218391157016e-16,,False,1.4351311097282657,1.4280630766557905,1.4436531638597538,1.4612371703242455,1.0,False,0.6467236467236468,AUROC
CYP2C9-Sub,metabolism,classification,ecfp,random,hgb,shap,60,0.4626335445684371,0.425130656019785,0.4982716207743347,0.052684468639232165,0.40994907592920493,0.0,True,0.0,0.0,0.0,0.0,0.9060228859102006,False,0.67752849002849,AUROC
CYP2C9-Sub,metabolism,classification,ecfp,random,hgb,lime,60,0.07306612902607128,0.0174720084716869,0.12542948327632272,0.052684468639232165,0.020381660386839112,0.2625,False,0.005388559821580493,0.002964901212616571,0.00863738370036189,0.0188532350501646,0.017426200593921682,True,0.67752849002849,AUROC
CYP2C9-Sub,metabolism,classification,ecfp,random,hgb,random,60,0.052684468639232165,0.01495046989578335,0.10573889141176895,0.052684468639232165,0.0,,False,1.4426430770673042,1.4368044153563062,1.4501651187879059,1.4625037613352538,1.0,False,0.67752849002849,AUROC
CYP2C9-Sub,metabolism,classification,ecfp,random,mlp,ig,60,0.40008875081936524,0.33173224280691804,0.47985665361086527,0.026370896564589612,0.3737178542547756,0.0,True,0.09562076054653874,0.07566764262905631,0.12188574637595287,0.1727190083976701,0.40745675490348554,True,0.6570512820512822,AUROC
CYP2C9-Sub,metabolism,classification,ecfp,random,mlp,lime,60,0.1397357611192597,0.07159801697979372,0.21713951874524354,0.026370896564589612,0.11336486455467008,0.0,True,0.005595214571766253,0.0025258159004186804,0.00895259936343352,0.01939430994044786,0.0177180107317965,True,0.6570512820512822,AUROC
CYP2C9-Sub,metabolism,classification,ecfp,random,mlp,random,60,0.026370896564589612,0.005375121177898514,0.05031041854785545,0.026370896564589612,0.0,,False,1.4398538778940928,1.4239199604021469,1.4539299485401453,1.4828409774594784,1.0,False,0.6570512820512822,AUROC
CYP3A4-Sub,metabolism,classification,ecfp,scaffold,rf,shap,60,0.10149179285550182,0.07656912906666764,0.1283099605789072,0.00877931824911559,0.09271247460638624,0.0,True,0.0,0.0,0.0,0.0,0.5455688282319564,False,0.6857043558850788,AUROC
CYP3A4-Sub,metabolism,classification,ecfp,scaffold,rf,lime,60,0.043356766358195326,0.030858174980038386,0.05533181973415932,0.00877931824911559,0.034577448109079735,0.0,True,0.006219893364067552,0.00429755480449413,0.008162553039996516,0.012952938210065008,0.01931718261465314,True,0.6857043558850788,AUROC
CYP3A4-Sub,metabolism,classification,ecfp,scaffold,rf,random,60,0.008779318249115643,0.00451451661069257,0.013166524512582448,0.00877931824911559,5.204170427930421e-17,,False,1.4221535780104553,1.4145497776259859,1.4302592975183905,1.4469569240826181,1.0,False,0.6857043558850788,AUROC
CYP3A4-Sub,metabolism,classification,ecfp,scaffold,hgb,shap,60,0.47159708805001704,0.36911541198357456,0.5710529465902745,0.07883750637965971,0.39275958167035735,0.0,True,0.0,0.0,0.0,0.0,0.9260651428380382,False,0.6629981464318815,AUROC
CYP3A4-Sub,metabolism,classification,ecfp,scaffold,hgb,lime,60,0.18187916669671647,0.13301155620620203,0.23816117744667095,0.07883750637965971,0.10304166031705676,0.0,True,0.0039950075992968145,0.0032746543952660006,0.004858758770518568,0.007123849608885047,0.016428142209168904,True,0.6629981464318815,AUROC
CYP3A4-Sub,metabolism,classification,ecfp,scaffold,hgb,random,60,0.07883750637965971,0.045754222604220136,0.11539114241773472,0.07883750637965971,0.0,,False,1.430701439394018,1.4189129635992945,1.4407730890342485,1.4595796209022927,1.0,False,0.6629981464318815,AUROC
CYP3A4-Sub,metabolism,classification,ecfp,scaffold,mlp,ig,60,0.6024111845427088,0.5438057694004641,0.6629973193340831,0.03245708048343658,0.5699541040592723,0.0,True,0.06754030668280657,0.056173041962133526,0.07804514558649366,0.11583374295018287,0.4105657275692983,True,0.6731927710843374,AUROC
CYP3A4-Sub,metabolism,classification,ecfp,scaffold,mlp,lime,60,0.14419051590893003,0.09289221929179298,0.20556417324890688,0.03245708048343658,0.11173343542549345,0.0,True,0.004110926138499828,0.00305315680159851,0.0050730890147693665,0.007133327452109895,0.019648718792080893,True,0.6731927710843374,AUROC
CYP3A4-Sub,metabolism,classification,ecfp,scaffold,mlp,random,60,0.03245708048343658,-0.0026776566232244174,0.06589508769412834,0.03245708048343658,0.0,,False,1.4211970882298681,1.4129767646683111,1.4284133802631829,1.4396002360813704,1.0,False,0.6731927710843374,AUROC
CYP3A4-Sub,metabolism,classification,ecfp,random,rf,shap,60,0.11691947240240384,0.09271852452931696,0.1436919806089311,0.011460758043419781,0.10545871435898406,0.0,True,0.0,0.0,0.0,0.0,0.5330387235953165,False,0.6430180180180181,AUROC
CYP3A4-Sub,metabolism,classification,ecfp,random,rf,lime,60,0.06615857189037923,0.04803945144395773,0.08429339158854184,0.011460758043419781,0.054697813846959445,0.0,True,0.006029843580174332,0.004256443943368504,0.007833396707482891,0.01541614699881129,0.0185055121429368,True,0.6430180180180181,AUROC
CYP3A4-Sub,metabolism,classification,ecfp,random,rf,random,60,0.011460758043419752,0.007163361434531093,0.01633559126525885,0.011460758043419781,-2.949029909160572e-17,,False,1.4341415728534976,1.4231651943188373,1.4446805856919036,1.4604468613009927,1.0,False,0.6430180180180181,AUROC
CYP3A4-Sub,metabolism,classification,ecfp,random,hgb,shap,60,0.47365115861409124,0.3693191776224272,0.5948800970467656,0.0320162468182634,0.4416349117958278,0.0,True,0.0,0.0,0.0,0.0,0.9212467918191518,False,0.6297297297297296,AUROC
CYP3A4-Sub,metabolism,classification,ecfp,random,hgb,lime,60,0.23461499646422587,0.16930293280055736,0.30447326968747995,0.0320162468182634,0.20259874964596247,0.0,True,0.004457338829156805,0.003518300397101192,0.005464931173397639,0.007155371704170566,0.018625041253874604,True,0.6297297297297296,AUROC
CYP3A4-Sub,metabolism,classification,ecfp,random,hgb,random,60,0.0320162468182634,0.011064158511948525,0.05432715996293901,0.0320162468182634,0.0,,False,1.4404258095866103,1.4333714538122186,1.4483099425994717,1.465185938899768,1.0,False,0.6297297297297296,AUROC
CYP3A4-Sub,metabolism,classification,ecfp,random,mlp,ig,60,0.6013288923435741,0.5384411477297545,0.6674948689921035,0.052089382045798834,0.5492395102977753,0.0,True,0.08144025920781395,0.0664812759617691,0.09763186790456883,0.1352105912185612,0.4115888137987017,True,0.6509009009009009,AUROC
CYP3A4-Sub,metabolism,classification,ecfp,random,mlp,lime,60,0.16056222832865188,0.1066074561037951,0.22012828795860206,0.052089382045798834,0.10847284628285306,0.0,True,0.007064926023384152,0.004715859286398529,0.009995480320125217,0.01944739245734815,0.017074244139722083,True,0.6509009009009009,AUROC
CYP3A4-Sub,metabolism,classification,ecfp,random,mlp,random,60,0.052089382045798834,0.005444170696039994,0.10536096308380363,0.052089382045798834,0.0,,False,1.4411149925051137,1.4344612109869204,1.4477236240415399,1.4650352875330845,1.0,False,0.6509009009009009,AUROC
HalfLife,excretion,regression,ecfp,scaffold,rf,shap,60,0.4900827537916889,0.28225636922747116,0.7358899339761815,0.027124068600119535,0.4629586851915694,0.0,True,0.0,0.0,0.0,0.0,0.24858563249061785,True,0.1701782556535717,Spearman
HalfLife,excretion,regression,ecfp,scaffold,rf,lime,60,0.45965759559659713,0.23054293233507606,0.752461048658686,0.027124068600119535,0.4325335269964776,0.0,True,0.016791214243381748,0.007891427908507284,0.027410767242931348,0.057575028317426065,0.020952848520995326,True,0.1701782556535717,Spearman
HalfLife,excretion,regression,ecfp,scaffold,rf,random,60,0.02712406860011953,0.011049553399972304,0.04615078754015729,0.027124068600119535,-3.469446951953614e-18,,False,1.4331059815439484,1.4255844529599015,1.439959591905847,1.447738372497155,1.0,False,0.1701782556535717,Spearman
HalfLife,excretion,regression,ecfp,scaffold,mlp,ig,60,1.7446109933778644,1.5641637530415835,1.9120263307862397,0.23002179200160147,1.514589201376263,0.0,True,0.15867399727957018,0.10527993353793529,0.2266534500791503,0.4256302276007373,0.3946571040275695,True,0.1625670929856597,Spearman
HalfLife,excretion,regression,ecfp,scaffold,mlp,lime,60,0.3726927783045135,0.2643532341876694,0.49942759772972234,0.23002179200160147,0.142670986302912,0.0,True,0.006315670307311116,0.004305127703728398,0.008422865869810824,0.012756692255785825,0.019227662563586254,True,0.1625670929856597,Spearman
HalfLife,excretion,regression,ecfp,scaffold,mlp,random,60,0.23002179200160147,0.16868833726898955,0.2960314469937041,0.23002179200160147,0.0,,False,1.435679995313088,1.4256367830335892,1.446992548581383,1.4646534167027407,1.0,False,0.1625670929856597,Spearman
HalfLife,excretion,regression,ecfp,random,rf,shap,60,0.4558226298259408,0.23871721168494187,0.7324652952573206,0.022293654589363218,0.4335289752365776,0.0,True,0.0,0.0,0.0,0.0,0.2351226115811091,True,0.2757990038441382,Spearman
HalfLife,excretion,regression,ecfp,random,rf,lime,60,0.4261073430802062,0.20543517816208573,0.6927681255093927,0.022293654589363218,0.403813688490843,0.0,True,0.016842871084841185,0.0057945861012086534,0.0301345956379762,0.0676287880898754,0.02911669966194324,True,0.2757990038441382,Spearman
HalfLife,excretion,regression,ecfp,random,rf,random,60,0.02229365458936322,0.00829239735095599,0.03992045919394538,0.022293654589363218,3.469446951953614e-18,,False,1.4344744464037287,1.4281436122078146,1.4420277234051349,1.4681930888125752,1.0,False,0.2757990038441382,Spearman
HalfLife,excretion,regression,ecfp,random,hgb,shap,60,0.6021197439311908,0.4195200794100711,0.8448279506041474,0.23302948267176843,0.3690902612594224,0.0,True,0.0,0.0,0.0,0.0,0.8253512940665015,False,0.112321863237459,Spearman
HalfLife,excretion,regression,ecfp,random,hgb,lime,60,0.42780156047431145,0.24855797795256424,0.6950875640690964,0.23302948267176843,0.19477207780254302,0.0,True,0.004545194242360341,0.0032065494754684068,0.00607429813040721,0.009693061472596921,0.016795801440929223,True,0.112321863237459,Spearman
HalfLife,excretion,regression,ecfp,random,hgb,random,60,0.23302948267176843,0.16108382189561307,0.3239645022503487,0.23302948267176843,0.0,,False,1.4296515486564543,1.419063786575122,1.4390147984822088,1.4517552688931672,1.0,False,0.112321863237459,Spearman
HalfLife,excretion,regression,ecfp,random,mlp,ig,60,1.7281275581465,1.5487154647040493,1.8834230947784252,0.2815229948477483,1.4466045632987519,0.0,True,0.10172162481064324,0.07541221872071371,0.13719007429767607,0.2695430983827922,0.3801325543918234,True,0.1402267868064225,Spearman
HalfLife,excretion,regression,ecfp,random,mlp,lime,60,0.39571978429441207,0.2869521350080413,0.51586084632974,0.2815229948477483,0.11419678944666378,0.0225,True,0.009666758691602858,0.006156459407072298,0.01365877926477054,0.025443897587557152,0.018641268599000543,True,0.1402267868064225,Spearman
HalfLife,excretion,regression,ecfp,random,mlp,random,60,0.2815229948477483,0.2179510950336084,0.3487211910558956,0.2815229948477483,0.0,,False,1.441568885588967,1.433127577705579,1.4514787677625547,1.4731325270708622,1.0,False,0.1402267868064225,Spearman
CL-Hepa,excretion,regression,ecfp,scaffold,rf,shap,60,0.7280635102573765,0.5253361991963507,0.9785785065316981,0.1318271119267245,0.596236398330652,0.0,True,0.0,0.0,0.0,0.0,0.33418874903288537,True,0.4176157546029362,Spearman
CL-Hepa,excretion,regression,ecfp,scaffold,rf,lime,60,0.5372474253035318,0.33954879474902405,0.7186857769208991,0.1318271119267245,0.4054203133768073,0.0,True,0.010500532894255461,0.006497451333935895,0.014775332058984599,0.025806383860905828,0.0181365216318048,True,0.4176157546029362,Spearman
CL-Hepa,excretion,regression,ecfp,scaffold,rf,random,60,0.13182711192672447,0.06870928730897555,0.21514188332210923,0.1318271119267245,-2.7755575615628914e-17,,False,1.425336855975886,1.4191168103857184,1.4317045854396278,1.4431930300263096,1.0,False,0.4176157546029362,Spearman
CL-Hepa,excretion,regression,ecfp,scaffold,hgb,shap,60,0.8423996263494923,0.7036024292150989,0.9810693349693272,0.2986739714900608,0.5437256548594315,0.0,True,0.0,0.0,0.0,0.0,0.890019801007717,False,0.3733256903266577,Spearman
CL-Hepa,excretion,regression,ecfp,scaffold,hgb,lime,60,0.5662527372764463,0.4672152678833337,0.6668384402823038,0.2986739714900608,0.2675787657863855,0.0,True,0.00458033545428817,0.0034179803931703515,0.006032179646706265,0.010692150906853352,0.021898004208588118,True,0.3733256903266577,Spearman
CL-Hepa,excretion,regression,ecfp,scaffold,hgb,random,60,0.2986739714900608,0.23642344222499254,0.373243156116754,0.2986739714900608,0.0,,False,1.437720254572408,1.4279038727145175,1.4463053555773013,1.471650766191808,1.0,False,0.3733256903266577,Spearman
CL-Hepa,excretion,regression,ecfp,scaffold,mlp,ig,60,0.8756154313631771,0.7415041227259724,1.023699601523371,0.1850761214232383,0.6905393099399388,0.0,True,0.11520799558748719,0.09436539770888311,0.1403852950005613,0.20392177039470366,0.38803186018844843,True,0.3190854017462561,Spearman
CL-Hepa,excretion,regression,ecfp,scaffold,mlp,lime,60,0.35676440143320687,0.2589224088536098,0.5007927620508861,0.1850761214232383,0.17168828000996858,0.0,True,0.00778228596402799,0.004605121572313176,0.012305683133075689,0.031627900337839174,0.020962564522788416,True,0.3190854017462561,Spearman
CL-Hepa,excretion,regression,ecfp,scaffold,mlp,random,60,0.1850761214232383,0.13591964919472557,0.24990641079817164,0.1850761214232383,0.0,,False,1.425124764200586,1.4171286093927056,1.4329759355583496,1.440656697053527,1.0,False,0.3190854017462561,Spearman
CL-Hepa,excretion,regression,ecfp,random,rf,shap,60,0.6722240634046123,0.469665233489412,0.9118514952186569,0.12962152342614827,0.542602539978464,0.0,True,0.0,0.0,0.0,0.0,0.34429280044920335,True,0.3468490836144419,Spearman
CL-Hepa,excretion,regression,ecfp,random,rf,lime,60,0.6236950616737807,0.424218165840074,0.8480549431245104,0.12962152342614827,0.49407353824763245,0.0,True,0.008863262298611292,0.0036589378831040523,0.015877550816036357,0.04102320833848948,0.021552580960524013,True,0.3468490836144419,Spearman
CL-Hepa,excretion,regression,ecfp,random,rf,random,60,0.12962152342614816,0.0758655620189175,0.20381405645199063,0.12962152342614827,-1.1102230246251565e-16,,False,1.4328266049031695,1.4229472505100567,1.4415530633436695,1.4581073322171114,1.0,False,0.3468490836144419,Spearman
CL-Hepa,excretion,regression,ecfp,random,hgb,shap,60,1.0675120138387963,0.9071062221010926,1.2282419854251092,0.22126445688947946,0.8462475569493169,0.0,True,0.0,0.0,0.0,0.0,0.8946504748674668,False,0.3521307979908289,Spearman
CL-Hepa,excretion,regression,ecfp,random,hgb,lime,60,0.6563754070805593,0.510715942103117,0.8200331370807538,0.22126445688947946,0.4351109501910798,0.0,True,0.00597358890356015,0.004255678895611879,0.007608496451721554,0.010198271708700546,0.017593969338625812,True,0.3521307979908289,Spearman
CL-Hepa,excretion,regression,ecfp,random,hgb,random,60,0.22126445688947946,0.1852062832489318,0.26362833783346556,0.22126445688947946,0.0,,False,1.438812804730239,1.4298250176153278,1.4475598206913944,1.460137098667055,1.0,False,0.3521307979908289,Spearman
CL-Hepa,excretion,regression,ecfp,random,mlp,ig,60,0.9005362125993189,0.7608227919851843,1.0279851104378597,0.17991136135759817,0.7206248512417208,0.0,True,0.10508786512287732,0.0796673764852708,0.13565948002649736,0.23312504674984907,0.3779991773946859,True,0.2591523139084316,Spearman
CL-Hepa,excretion,regression,ecfp,random,mlp,lime,60,0.37165856883317855,0.2660339093072495,0.5108765676984978,0.17991136135759817,0.19174720747558038,0.0,True,0.008378333016502865,0.005188367350644705,0.011338741451952974,0.02093838277954038,0.016837209612434414,True,0.2591523139084316,Spearman
CL-Hepa,excretion,regression,ecfp,random,mlp,random,60,0.17991136135759817,0.13915477235014903,0.22040485675737323,0.17991136135759817,0.0,,False,1.4357621571550856,1.4277175601702767,1.443202663548017,1.4566072288005851,1.0,False,0.2591523139084316,Spearman
